WMS_47_IRR_000,WMS_47_IRR_000,WMS_47_IRR_000,WMS_47_IRR_001,WMS_47_IRR_001,WMS_47_IRR_001,WMS_47_IRR_002,WMS_47_IRR_002,WMS_47_IRR_002,WMS_47_IRR_003,WMS_47_IRR_003,WMS_47_IRR_003,WMS_47_PANEL_000,WMS_47_PANEL_000,WMS_47_PANEL_000,WMS_47_PANEL_001,WMS_47_PANEL_001,WMS_47_PANEL_001,WMS_47_PANEL_002,WMS_47_PANEL_002,WMS_47_PANEL_002,WMS_47_PANEL_003,WMS_47_PANEL_003,WMS_47_PANEL_003,WMS_47_WATER_000,WMS_47_WATER_000,WMS_47_WATER_000,WMS_47_WATER_001,WMS_47_WATER_001,WMS_47_WATER_001,WMS_47_WATER_002,WMS_47_WATER_002,WMS_47_WATER_002,WMS_47_WATER_003,WMS_47_WATER_003,WMS_47_WATER_003
286.9,206.27,174.54,286.9,206.27,158.67,286.9,206.27,108.43,286.9,206.27,116.36,286.9,66.67,18.44,286.9,66.67,5.79,286.9,66.67,1.12,286.9,66.67,12.06,286.9,1064,5,286.9,1064,3,286.9,1064,5,286.9,1064,248
288.76,2534.02,2237.06,288.76,2534.02,2078.69,288.76,2534.02,2098.48,288.76,2534.02,2227.16,288.76,924.52,470.42,288.76,924.52,237.93,288.76,924.52,76.14,288.76,924.52,524.8,288.76,1304,27,288.76,1304,27,288.76,1304,24,288.76,1304,864
290.62,2709.9,2494.83,290.62,2709.9,2236.74,290.62,2709.9,2301.26,290.62,2709.9,2376.54,290.62,960.73,480.36,290.62,960.73,252.9,290.62,960.73,82.65,290.62,960.73,534.05,290.62,1288,27,290.62,1288,26,290.62,1288,27,290.62,1288,860
292.47,2827.12,2520.3,292.47,2827.12,2388.81,292.47,2827.12,2377.85,292.47,2827.12,2498.39,292.47,1017.93,508.97,292.47,1017.93,264.9,292.47,1017.93,84.08,292.47,1017.93,574.45,292.47,1328,28,292.47,1328,30,292.47,1328,26,292.47,1328,876
294.32,2988.38,2731.57,294.32,2988.38,2498.1,294.32,2988.38,2533.12,294.32,2988.38,2661.53,294.32,1077.72,548.42,294.32,1077.72,288.56,294.32,1077.72,90.87,294.32,1077.72,618.57,294.32,1336,27,294.32,1336,26,294.32,1336,28,294.32,1336,892
296.16,3051.91,2763.54,296.16,3051.91,2547.26,296.16,3051.91,2619.35,296.16,3051.91,2751.52,296.16,1167.92,583.96,296.16,1167.92,303.66,296.16,1167.92,93.43,296.16,1167.92,644.02,296.16,1344,28,296.16,1344,29,296.16,1344,24,296.16,1344,892
298,3334.66,3024.46,298,3334.66,2791.81,298,3334.66,2882.29,298,3334.66,2972.76,298,1236.94,614.91,298,1236.94,330.56,298,1236.94,103.08,298,1236.94,700.22,298,1352,29,298,1352,25,298,1352,32,298,1352,884
299.84,3608.47,3303.14,299.84,3608.47,3081.08,299.84,3608.47,3025.57,299.84,3608.47,3219.87,299.84,1285.5,631.8,299.84,1285.5,334.16,299.84,1285.5,105.91,299.84,1285.5,719.44,299.84,1336,26,299.84,1336,30,299.84,1336,28,299.84,1336,896
301.68,3755.14,3382.49,301.68,3755.14,3067.17,301.68,3755.14,3210.5,301.68,3755.14,3339.49,301.68,1359.66,675.97,301.68,1359.66,357.3,301.68,1359.66,114.91,301.68,1359.66,764.81,301.68,1368,27,301.68,1368,27,301.68,1368,27,301.68,1368,900
303.51,3754.39,3579.76,303.51,3754.39,3201.41,303.51,3754.39,3303.28,303.51,3754.39,3434.24,303.51,1441.51,720.75,303.51,1441.51,374.55,303.51,1441.51,118.44,303.51,1441.51,813.88,303.51,1376,29,303.51,1376,29,303.51,1376,29,303.51,1376,916
305.33,4200.94,3882.69,305.33,4200.94,3564.44,305.33,4200.94,3612.17,305.33,4200.94,3771.3,305.33,1466.83,733.42,305.33,1466.83,391.29,305.33,1466.83,120.87,305.33,1466.83,823.56,305.33,1360,30,305.33,1360,29,305.33,1360,29,305.33,1360,920
307.16,4438.87,3981.93,307.16,4438.87,3786.09,307.16,4438.87,3737.13,307.16,4438.87,3981.93,307.16,1618.93,800.52,307.16,1618.93,420.39,307.16,1618.93,135.28,307.16,1618.93,921.27,307.16,1392,32,307.16,1392,29,307.16,1392,29,307.16,1392,932
308.98,4824.99,4234.88,308.98,4824.99,4026.61,308.98,4824.99,4009.25,308.98,4824.99,4252.24,308.98,1684.13,832.76,308.98,1684.13,446.62,308.98,1684.13,137.24,308.98,1684.13,967.68,308.98,1416,31,308.98,1416,29,308.98,1416,30,308.98,1416,936
310.8,5000.83,4565.98,310.8,5000.83,4239.83,310.8,5000.83,4330.43,310.8,5000.83,4493.5,310.8,1795.2,878.4,310.8,1795.2,458.4,310.8,1795.2,146.4,310.8,1795.2,1012.8,310.8,1416,30,310.8,1416,28,310.8,1416,29,310.8,1416,964
312.61,5408.36,4867.53,312.61,5408.36,4442.58,312.61,5408.36,4693.69,312.61,5408.36,4848.21,312.61,1868.46,924.08,312.61,1868.46,479.81,312.61,1868.46,153.59,312.61,1868.46,1086.55,312.61,1440,29,312.61,1440,35,312.61,1440,33,312.61,1440,972
314.42,5652.78,5254.69,314.42,5652.78,4816.8,314.42,5652.78,4777,314.42,5652.78,5075.56,314.42,2028.83,987.29,314.42,2028.83,518.06,314.42,2028.83,166.81,314.42,2028.83,1182.58,314.42,1456,31,314.42,1456,28,314.42,1456,32,314.42,1456,984
316.23,6391.95,5744.12,316.23,6391.95,5312.23,316.23,6391.95,5355.42,316.23,6391.95,5549.77,316.23,2182.41,1068.23,316.23,2182.41,559.96,316.23,2182.41,175.17,316.23,2182.41,1274.98,316.23,1448,31,316.23,1448,30,316.23,1448,34,316.23,1448,1004
318.04,6647.34,6067.38,318.04,6647.34,5576.63,318.04,6647.34,5688.16,318.04,6647.34,5955.84,318.04,2251.95,1067.64,318.04,2251.95,580.49,318.04,2251.95,182.31,318.04,2251.95,1336,318.04,1488,32,318.04,1488,34,318.04,1488,31,318.04,1488,1040
319.84,6688.07,6200.86,319.84,6688.07,5669.35,319.84,6688.07,5824.38,319.84,6688.07,6045.84,319.84,2354.28,1128.6,319.84,2354.28,603.74,319.84,2354.28,189.62,319.84,2354.28,1419.85,319.84,1528,33,319.84,1528,30,319.84,1528,31,319.84,1528,1064
321.64,7183.44,6856.92,321.64,7183.44,6110.59,321.64,7183.44,6343.82,321.64,7183.44,6460.43,321.64,2550.01,1216.76,321.64,2550.01,637.5,321.64,2550.01,208.73,321.64,2550.01,1611.56,321.64,1512,35,321.64,1512,33,321.64,1512,32,321.64,1512,1096
323.43,8372.72,7597.47,323.43,8372.72,6977.27,323.43,8372.72,7132.32,323.43,8372.72,7468.26,323.43,2815.76,1317.72,323.43,2815.76,700.47,323.43,2815.76,225.4,323.43,2815.76,1754.65,323.43,1576,36,323.43,1576,35,323.43,1576,31,323.43,1576,1140
325.23,8622.11,8096.37,325.23,8622.11,7255.19,325.23,8622.11,7518.06,325.23,8622.11,7833.5,325.23,2934.55,1332.6,325.23,2934.55,712.37,325.23,2934.55,235.69,325.23,2934.55,1857.13,325.23,1584,36,325.23,1584,37,325.23,1584,38,325.23,1584,1176
327.02,9429.09,8399.47,327.02,9429.09,7965.95,327.02,9429.09,7993.05,327.02,9429.09,8453.66,327.02,3184.99,1397.19,327.02,3184.99,754.93,327.02,3184.99,261.03,327.02,3184.99,2088.27,327.02,1640,35,327.02,1640,36,327.02,1640,37,327.02,1640,1228
328.81,10033.34,9292.24,328.81,10033.34,8608.15,328.81,10033.34,8807.67,328.81,10033.34,9064.21,328.81,3313.02,1458.95,328.81,3313.02,775.06,328.81,3313.02,258.35,328.81,3313.02,2211.21,328.81,1696,36,328.81,1696,35,328.81,1696,38,328.81,1696,1300
330.59,10638.16,9833.11,330.59,10638.16,9258.08,330.59,10638.16,9171.82,330.59,10638.16,9631.85,330.59,3520.35,1552.15,330.59,3520.35,820.08,330.59,3520.35,272.03,330.59,3520.35,2488.24,330.59,1720,41,330.59,1720,39,330.59,1720,33,330.59,1720,1356
332.37,11433.75,10604.36,332.37,11433.75,9834.21,332.37,11433.75,10071.18,332.37,11433.75,10397.01,332.37,3914.94,1652.41,332.37,3914.94,889.76,332.37,3914.94,296.59,332.37,3914.94,2770.96,332.37,1784,45,332.37,1784,39,332.37,1784,44,332.37,1784,1436
334.15,12898.24,12008.71,334.15,12898.24,11055.64,334.15,12898.24,11214.48,334.15,12898.24,11722.79,334.15,4343.02,1748.02,334.15,4343.02,955.1,334.15,4343.02,322.12,334.15,4343.02,3153.65,334.15,1816,40,334.15,1816,37,334.15,1816,44,334.15,1816,1528
335.93,13876.81,12720.41,335.93,13876.81,11756.74,335.93,13876.81,11981.6,335.93,13876.81,12495.55,335.93,4381.65,1747.34,335.93,4381.65,935.76,335.93,4381.65,321.53,335.93,4381.65,3299.54,335.93,1912,45,335.93,1912,44,335.93,1912,49,335.93,1912,1620
337.71,14976.01,14102.97,337.71,14976.01,13028.46,337.71,14976.01,13263.51,337.71,14976.01,13867.92,337.71,4951.97,1883.28,337.71,4951.97,1022.9,337.71,4951.97,365.66,337.71,4951.97,3852.59,337.71,2016,46,337.71,2016,44,337.71,2016,42,337.71,2016,1744
339.48,17272.39,15893.5,339.48,17272.39,15022.62,339.48,17272.39,15240.34,339.48,17272.39,15820.93,339.48,5164.68,1914.99,339.48,5164.68,1049.38,339.48,5164.68,379.61,339.48,5164.68,4158.83,339.48,2064,48,339.48,2064,49,339.48,2064,48,339.48,2064,1876
341.25,18296.12,17344.73,341.25,18296.12,15881.04,341.25,18296.12,16283.55,341.25,18296.12,16905.62,341.25,5447.55,1988.94,341.25,5447.55,1097.35,341.25,5447.55,384.56,341.25,5447.55,4546.16,341.25,2200,50,341.25,2200,49,341.25,2200,52,341.25,2200,2004
343.02,19664.93,18412.85,343.02,19664.93,17013.47,343.02,19664.93,17381.73,343.02,19664.93,18155.07,343.02,5974.88,2039.21,343.02,5974.88,1147.06,343.02,5974.88,418.04,343.02,5974.88,5118.42,343.02,2288,53,343.02,2288,52,343.02,2288,50,343.02,2288,2144
344.78,21909.3,20520.69,344.78,21909.3,19286.36,344.78,21909.3,19247.79,344.78,21909.3,19980.67,344.78,6334.63,2080.49,344.78,6334.63,1174.81,344.78,6334.63,442.49,344.78,6334.63,5589.38,344.78,2400,58,344.78,2400,54,344.78,2400,56,344.78,2400,2328
346.54,22559.14,21419.79,346.54,22559.14,19824.7,346.54,22559.14,20204.49,346.54,22559.14,21002.03,346.54,6828.02,2182.04,346.54,6828.02,1205.87,346.54,6828.02,475.04,346.54,6828.02,6065.87,346.54,2560,60,346.54,2560,58,346.54,2560,59,346.54,2560,2516
348.3,24193.53,22811.04,348.3,24193.53,21351.75,348.3,24193.53,21697.37,348.3,24193.53,22427.02,348.3,7099.92,2175.78,348.3,7099.92,1238.84,348.3,7099.92,484.09,348.3,7099.92,6568.99,348.3,2672,63,348.3,2672,58,348.3,2672,61,348.3,2672,2684
350.06,27317.97,25691.9,350.06,27317.97,24228.44,350.06,27317.97,24350.39,350.06,27317.97,25244.73,350.06,7794.08,2299.36,350.06,7794.08,1327.8,350.06,7794.08,518.17,350.06,7794.08,7351.48,350.06,2856,67,350.06,2856,63,350.06,2856,68,350.06,2856,2904
351.82,28703.09,26995.55,351.82,28703.09,25450.62,351.82,28703.09,25816.52,351.82,28703.09,26426.36,351.82,8550.98,2439.94,351.82,8550.98,1382.26,351.82,8550.98,568.01,351.82,8550.98,8170.44,351.82,3008,69,351.82,3008,67,351.82,3008,70,351.82,3008,3116
353.57,31717.99,29767.42,353.57,31717.99,28240.89,353.57,31717.99,28368.1,353.57,31717.99,29428.19,353.57,9545.8,2562.79,353.57,9545.8,1487.12,353.57,9545.8,620.12,353.57,9545.8,9240.15,353.57,3176,74,353.57,3176,69,353.57,3176,72,353.57,3176,3340
355.32,35059.82,32840.84,355.32,35059.82,30976.9,355.32,35059.82,31509.45,355.32,35059.82,32530.18,355.32,10159.97,2634.94,355.32,10159.97,1554.85,355.32,10159.97,655.77,355.32,10159.97,10053.15,355.32,3368,77,355.32,3368,74,355.32,3368,75,355.32,3368,3600
357.07,38632.4,36252.21,357.07,38632.4,33963.56,357.07,38632.4,34421.29,357.07,38632.4,35657.16,357.07,11507.54,2889.61,357.07,11507.54,1731.22,357.07,11507.54,744.68,357.07,11507.54,11545.72,357.07,3584,83,357.07,3584,76,357.07,3584,79,357.07,3584,3848
358.82,42088.93,39813.85,358.82,42088.93,37538.78,358.82,42088.93,37965.35,358.82,42088.93,39292.48,358.82,12292.95,2927.5,358.82,12292.95,1767.9,358.82,12292.95,792.07,358.82,12292.95,12356.32,358.82,3800,87,358.82,3800,84,358.82,3800,85,358.82,3800,4148
360.57,45781.21,43082.53,360.57,45781.21,40769.38,360.57,45781.21,41058.52,360.57,45781.21,42359.67,360.57,13307.58,3080.94,360.57,13307.58,1896.46,360.57,13307.58,860.85,360.57,13307.58,13657.1,360.57,4064,94,360.57,4064,90,360.57,4064,89,360.57,4064,4500
362.31,50280.24,47187.61,362.31,50280.24,44494.02,362.31,50280.24,45142.48,362.31,50280.24,46439.39,362.31,14641.05,3246.14,362.31,14641.05,1997.11,362.31,14641.05,935.1,362.31,14641.05,15202.11,362.31,4312,99,362.31,4312,95,362.31,4312,94,362.31,4312,4820
364.05,51967.42,49403.56,364.05,51967.42,46839.71,364.05,51967.42,46938.32,364.05,51967.42,48417.46,364.05,15673.18,3347.02,364.05,15673.18,2137.25,364.05,15673.18,1011.5,364.05,15673.18,16318.39,364.05,4576,104,364.05,4576,95,364.05,4576,100,364.05,4576,5160
365.79,55968.45,52324.93,365.79,55968.45,49491.09,365.79,55968.45,50047.74,365.79,55968.45,51667.08,365.79,17058.39,3570.04,365.79,17058.39,2257.32,365.79,17058.39,1097.4,365.79,17058.39,17933.53,365.79,4856,110,365.79,4856,106,365.79,4856,107,365.79,4856,5468
367.53,59017.91,55576.93,367.53,59017.91,52761.59,367.53,59017.91,53074.41,367.53,59017.91,54794.89,367.53,17679.53,3662.58,367.53,17679.53,2340.75,367.53,17679.53,1135.95,367.53,17679.53,18684.67,367.53,5056,112,367.53,5056,107,367.53,5056,110,367.53,5056,5748
369.27,60037.57,56433.26,369.27,60037.57,53137.89,369.27,60037.57,54013.22,369.27,60037.57,55815.38,369.27,18719.29,3794.07,369.27,18719.29,2475.91,369.27,18719.29,1213.55,369.27,18719.29,19723.6,369.27,5264,116,369.27,5264,115,369.27,5264,114,369.27,5264,5992
371,63509.15,59828.99,371,63509.15,56569.41,371,63509.15,57147.72,371,63509.15,58882.66,371,19818.24,4040.2,371,19818.24,2650.94,371,19818.24,1314.84,371,19818.24,20824.75,371,5504,122,371,5504,117,371,5504,115,371,5504,6236
372.73,70034.74,65726.61,372.73,70034.74,62081.27,372.73,70034.74,62744.06,372.73,70034.74,64898.13,372.73,21188.69,4287.15,372.73,21188.69,2841.14,372.73,21188.69,1413.31,372.73,21188.69,22264.11,372.73,5760,124,372.73,5760,122,372.73,5760,119,372.73,5760,6512
374.46,74076.37,69881.29,374.46,74076.37,65796.6,374.46,74076.37,66624.57,374.46,74076.37,68777.32,374.46,22636.19,4556.64,374.46,22636.19,3079.4,374.46,22636.19,1536.03,374.46,22636.19,23738.6,374.46,6056,132,374.46,6056,124,374.46,6056,127,374.46,6056,6864
376.19,78337.91,73593.5,376.19,78337.91,69069.77,376.19,78337.91,70283.45,376.19,78337.91,72490.15,376.19,23882.76,4817.68,376.19,23882.76,3275.43,376.19,23882.76,1648.73,376.19,23882.76,25131.25,376.19,6440,138,376.19,6440,131,376.19,6440,136,376.19,6440,7284
377.92,83554.96,78193.14,377.92,83554.96,74060.08,377.92,83554.96,74842.01,377.92,83554.96,77243.65,377.92,25483.95,5170.44,377.92,25483.95,3572.17,377.92,25483.95,1793.45,377.92,25483.95,26809.71,377.92,6840,149,377.92,6840,139,377.92,6840,140,377.92,6840,7740
379.64,87917.51,82812.63,379.64,87917.51,78388.39,379.64,87917.51,78785.44,379.64,87917.51,81564.76,379.64,26447.86,5483.45,379.64,26447.86,3819.6,379.64,26447.86,1902.57,379.64,26447.86,27750,379.64,7208,154,379.64,7208,146,379.64,7208,151,379.64,7208,8176
381.37,88445.33,83378.72,381.37,88445.33,78752.69,381.37,88445.33,79413.55,381.37,88445.33,81891.78,381.37,28250.15,6032.58,381.37,28250.15,4222.81,381.37,28250.15,2067.26,381.37,28250.15,29486.1,381.37,7568,159,381.37,7568,150,381.37,7568,152,381.37,7568,8524
383.09,94795.68,89245.58,383.09,94795.68,83917.48,383.09,94795.68,84861,383.09,94795.68,87802.55,383.09,29069.29,6482.25,383.09,29069.29,4537.58,383.09,29069.29,2167.95,383.09,29069.29,30120.86,383.09,7944,165,383.09,7944,161,383.09,7944,162,383.09,7944,8940
384.81,101930.59,96090.24,384.81,101930.59,90360.09,384.81,101930.59,91627.34,384.81,101930.59,94547.51,384.81,31117.77,7327.73,384.81,31117.77,5083.53,384.81,31117.77,2380.44,384.81,31117.77,32178.93,384.81,8568,176,384.81,8568,171,384.81,8568,172,384.81,8568,9592
386.53,111210.05,104266.31,386.53,111210.05,98204.32,386.53,111210.05,99361.61,386.53,111210.05,102723.26,386.53,33382.88,8246.87,386.53,33382.88,5712.09,386.53,33382.88,2601.86,386.53,33382.88,34286.65,386.53,9296,190,386.53,9296,186,386.53,9296,183,386.53,9296,10400
388.25,120460.13,112794.49,388.25,120460.13,106223.93,388.25,120460.13,107592.8,388.25,120460.13,111151.85,388.25,35814.33,9413.1,388.25,35814.33,6426.25,388.25,35814.33,2861.53,388.25,35814.33,36691.59,388.25,10160,209,388.25,10160,195,388.25,10160,197,388.25,10160,11300
389.96,129539.36,121619.45,389.96,129539.36,114675.97,389.96,129539.36,115869.38,389.96,129539.36,120046.32,389.96,39280.37,10912.76,389.96,39280.37,7398.13,389.96,39280.37,3201.45,389.96,39280.37,40185.13,389.96,11152,228,389.96,11152,215,389.96,11152,216,389.96,11152,12388
391.68,139846.89,131106.45,391.68,139846.89,123895.6,391.68,139846.89,125315.92,391.68,139846.89,129413,391.68,42768.86,12655.81,391.68,42768.86,8444.14,391.68,42768.86,3552.51,391.68,42768.86,43545.97,391.68,12184,244,391.68,12184,232,391.68,12184,236,391.68,12184,13476
393.39,150293.41,140813.53,393.39,150293.41,132718.35,393.39,150293.41,134262.83,393.39,150293.41,138736.48,393.39,45677.84,14299.74,393.39,45677.84,9359.21,393.39,45677.84,3842.63,393.39,45677.84,46070.92,393.39,13248,267,393.39,13248,251,393.39,13248,252,393.39,13248,14632
395.1,167317.29,157344.04,395.1,167317.29,147689.08,395.1,167317.29,149704.95,395.1,167317.29,154638.53,395.1,50001.32,16486.13,395.1,50001.32,10653.09,395.1,50001.32,4250.64,395.1,50001.32,50292.64,395.1,14888,295,395.1,14888,279,395.1,14888,283,395.1,14888,16364
396.81,181131.08,170116.36,396.81,181131.08,160427.47,396.81,181131.08,161957.3,396.81,181131.08,167311.68,396.81,54528.79,18969.91,396.81,54528.79,11982.36,396.81,54528.79,4687.48,396.81,54528.79,54722.89,396.81,16632,326,396.81,16632,312,396.81,16632,312,396.81,16632,18244
398.52,202238.06,189635.99,398.52,202238.06,178546.17,398.52,202238.06,180864.95,398.52,202238.06,186762.72,398.52,60407.61,21862.16,398.52,60407.61,13608.72,398.52,60407.61,5232.43,398.52,60407.61,60395.01,398.52,18920,369,398.52,18920,351,398.52,18920,355,398.52,18920,20684
400.23,211028.84,197395.23,400.23,211028.84,186001.42,400.23,211028.84,188582.07,400.23,211028.84,194765.89,400.23,66025.42,24920.15,400.23,66025.42,15141.12,400.23,66025.42,5729.66,400.23,66025.42,65654.77,400.23,21024,409,400.23,21024,389,400.23,21024,394,400.23,21024,22896
401.93,220933.65,207283.74,401.93,220933.65,195096.31,401.93,220933.65,197387.55,401.93,220933.65,204115.01,401.93,68888.86,27309.68,401.93,68888.86,16233.96,401.93,68888.86,6013.92,401.93,68888.86,68226,401.93,22512,434,401.93,22512,416,401.93,22512,417,401.93,22512,24384
403.64,224449.45,210235.28,403.64,224449.45,197749.86,403.64,224449.45,200150.9,403.64,224449.45,206969.86,403.64,71859.61,29889.36,403.64,71859.61,17315.13,403.64,71859.61,6299.15,403.64,71859.61,70560.08,403.64,23520,454,403.64,23520,430,403.64,23520,437,403.64,23520,25280
405.34,227243.68,212970.06,405.34,227243.68,200208.87,405.34,227243.68,202477.53,405.34,227243.68,209519.81,405.34,73263.15,31908.75,405.34,73263.15,18030.99,405.34,73263.15,6446.42,405.34,73263.15,71150.93,405.34,24336,466,405.34,24336,447,405.34,24336,447,405.34,24336,25900
407.04,235341.42,220109.57,407.04,235341.42,207134.29,407.04,235341.42,209531.9,407.04,235341.42,216912.76,407.04,75293.63,34039.58,407.04,75293.63,18858.66,407.04,75293.63,6635.78,407.04,75293.63,72320.89,407.04,25216,485,407.04,25216,457,407.04,25216,459,407.04,25216,26608
408.74,241985.67,226525.99,408.74,241985.67,212547.48,408.74,241985.67,215185.8,408.74,241985.67,222684.21,408.74,77186.42,36086.26,408.74,77186.42,19601.35,408.74,77186.42,6813.61,408.74,77186.42,73380,408.74,26424,504,408.74,26424,482,408.74,26424,484,408.74,26424,27648
410.44,249190.18,232794.9,410.44,249190.18,218845.32,410.44,249190.18,221381.61,410.44,249190.18,228990.47,410.44,79438.7,38141.4,410.44,79438.7,20417.6,410.44,79438.7,7021.89,410.44,79438.7,74704.84,410.44,27680,526,410.44,27680,502,410.44,27680,502,410.44,27680,28756
412.14,256053.23,239307.88,412.14,256053.23,224688.93,412.14,256053.23,227524.12,412.14,256053.23,235719.59,412.14,82234.77,40423.65,412.14,82234.77,21329.51,412.14,82234.77,7267.67,412.14,82234.77,76640.87,412.14,29320,555,412.14,29320,528,412.14,29320,534,412.14,29320,30240
413.84,261322.5,244292.88,413.84,261322.5,229078.6,413.84,261322.5,231931.28,413.84,261322.5,240316.42,413.84,84463.47,42350.18,413.84,84463.47,22084.98,413.84,84463.47,7475.62,413.84,84463.47,78045.79,413.84,30800,584,413.84,30800,556,413.84,30800,558,413.84,30800,31524
415.53,265258.19,247417.22,415.53,265258.19,231932.61,415.53,265258.19,234962.21,415.53,265258.19,243672.3,415.53,85702.85,43559.37,415.53,85702.85,22513.66,415.53,85702.85,7579.16,415.53,85702.85,78404.79,415.53,32336,609,415.53,32336,578,415.53,32336,583,415.53,32336,32800
417.23,266870.39,248789.96,417.23,266870.39,233245.7,417.23,266870.39,236272.74,417.23,266870.39,244862.99,417.23,86760.75,44623.86,417.23,86760.75,22903.34,417.23,86760.75,7652.98,417.23,86760.75,78642.73,417.23,33672,637,417.23,33672,603,417.23,33672,606,417.23,33672,33880
418.92,267316.05,248913.29,418.92,267316.05,233366.12,418.92,267316.05,236380.37,418.92,267316.05,245105.82,418.92,86671.62,44992.83,418.92,86671.62,22959.4,418.92,86671.62,7636.89,418.92,86671.62,77811.47,418.92,34848,653,418.92,34848,622,418.92,34848,630,418.92,34848,34832
420.61,266342.84,248442.62,420.61,266342.84,232702.78,420.61,266342.84,235673.29,420.61,266342.84,244430.51,420.61,87517.99,45634.24,420.61,87517.99,23188.36,420.61,87517.99,7686.62,420.61,87517.99,77780.02,420.61,36008,675,420.61,36008,639,420.61,36008,647,420.61,36008,35660
422.3,264657.89,246544.13,422.3,264657.89,230628.28,422.3,264657.89,233659.87,422.3,264657.89,242413.59,422.3,87331.18,45770.29,422.3,87331.18,23198.51,422.3,87331.18,7656.44,422.3,87331.18,76938.62,422.3,36560,686,422.3,36560,650,422.3,36560,655,422.3,36560,35916
423.99,263694.22,245449.35,423.99,263694.22,229289.61,423.99,263694.22,232603.47,423.99,263694.22,241465.26,423.99,86835.75,45652.69,423.99,86835.75,23102.25,423.99,86835.75,7610.31,423.99,86835.75,75744.47,423.99,36984,692,423.99,36984,656,423.99,36984,662,423.99,36984,36000
425.68,262970.2,244819.06,425.68,262970.2,228733.9,425.68,262970.2,231759.09,425.68,262970.2,240797.77,425.68,86814.12,45704.6,425.68,86814.12,23112.14,425.68,86814.12,7576.41,425.68,86814.12,74907.04,425.68,37240,695,425.68,37240,665,425.68,37240,667,425.68,37240,35940
427.37,259767.12,241842.09,427.37,259767.12,225811.58,427.37,259767.12,229017.69,427.37,259767.12,237834.47,427.37,86770.95,45767.5,427.37,86770.95,23142.86,427.37,86770.95,7568.82,427.37,86770.95,74024.42,427.37,37280,696,427.37,37280,663,427.37,37280,669,427.37,37280,35672
429.06,260331.69,241939.09,429.06,260331.69,225654.73,429.06,260331.69,229107.88,429.06,260331.69,237977.05,429.06,86476.43,45762.48,429.06,86476.43,23116.48,429.06,86476.43,7543.39,429.06,86476.43,73004.64,429.06,37368,700,429.06,37368,666,429.06,37368,670,429.06,37368,35420
430.74,276103.35,256071.75,430.74,276103.35,238788.17,430.74,276103.35,242223.19,430.74,276103.35,251732.78,430.74,87951.24,46617.39,430.74,87951.24,23582.76,430.74,87951.24,7664.73,430.74,87951.24,73349.61,430.74,38240,714,430.74,38240,679,430.74,38240,691,430.74,38240,35944
432.43,290791.39,269709.19,432.43,290791.39,251628.53,432.43,290791.39,254987.39,432.43,290791.39,265171.16,432.43,94526.97,50148.24,432.43,94526.97,25373.31,432.43,94526.97,8227.79,432.43,94526.97,78040.12,432.43,41360,773,432.43,41360,739,432.43,41360,739,432.43,41360,38512
434.11,301842.68,280025.28,434.11,301842.68,260890.92,434.11,301842.68,264633.07,434.11,301842.68,275188.74,434.11,98216.94,52177.75,434.11,98216.94,26424.02,434.11,98216.94,8544.15,434.11,98216.94,80515.66,434.11,43512,813,434.11,43512,778,434.11,43512,783,434.11,43512,40268
435.79,310138.33,287738.68,435.79,310138.33,268035.29,435.79,310138.33,271906.83,435.79,310138.33,282795.55,435.79,101771.44,54134.11,435.79,101771.44,27403.99,435.79,101771.44,8846.69,435.79,101771.44,82626.66,435.79,45992,860,435.79,45992,821,435.79,45992,826,435.79,45992,42236
437.47,312845.51,289867.01,437.47,312845.51,269929.78,437.47,312845.51,273951.02,437.47,312845.51,284899.6,437.47,103387.78,55029.25,437.47,103387.78,27907.27,437.47,103387.78,8990.7,437.47,103387.78,83274.28,437.47,47768,895,437.47,47768,858,437.47,47768,865,437.47,47768,43584
439.15,322347.8,298204.6,439.15,322347.8,277811.17,439.15,322347.8,281824.07,439.15,322347.8,293139.14,439.15,105134.24,55986.12,439.15,105134.24,28408.11,439.15,105134.24,9128.98,439.15,105134.24,83872.34,439.15,49904,938,439.15,49904,896,439.15,49904,901,439.15,49904,45172
440.83,334927.77,309880.44,440.83,334927.77,287980.08,440.83,334927.77,292475.76,440.83,334927.77,304421.41,440.83,109639.95,58254.77,440.83,109639.95,29626.11,440.83,109639.95,9514.06,440.83,109639.95,86569.71,440.83,53152,1005,440.83,53152,959,440.83,53152,962,440.83,53152,47700
442.51,341811.52,316286.44,442.51,341811.52,294006.59,442.51,341811.52,298406.39,442.51,341811.52,310607.26,442.51,113338.05,60168.18,442.51,113338.05,30609.75,442.51,113338.05,9826.66,442.51,113338.05,88726.29,442.51,56328,1067,442.51,56328,1018,442.51,56328,1020,442.51,56328,50160
444.19,345223.5,319399.94,444.19,345223.5,296789.16,444.19,345223.5,301214.33,444.19,345223.5,313641.16,444.19,115095.34,60967.32,444.19,115095.34,31092.95,444.19,115095.34,9967.64,444.19,115095.34,89307.04,444.19,58896,1118,444.19,58896,1066,444.19,58896,1075,444.19,58896,52052
445.86,351993.55,325199.83,445.86,351993.55,302140.64,445.86,351993.55,306734.7,445.86,351993.55,319509.13,445.86,116543.12,61621.69,445.86,116543.12,31463.08,445.86,116543.12,10072.63,445.86,116543.12,89556.76,445.86,61240,1165,445.86,61240,1115,445.86,61240,1120,445.86,61240,53700
447.54,357230.77,330179.24,447.54,357230.77,306661.21,447.54,357230.77,311295.31,447.54,357230.77,324270.77,447.54,119794.1,63180.18,447.54,119794.1,32307.13,447.54,119794.1,10331.66,447.54,119794.1,91177.75,447.54,64096,1223,447.54,64096,1167,447.54,64096,1177,447.54,64096,55700
449.21,359924.38,332570.35,449.21,359924.38,308799.08,449.21,359924.38,313519.21,449.21,359924.38,326655.97,449.21,121803.75,64070.64,449.21,121803.75,32823.92,449.21,121803.75,10477.7,449.21,121803.75,91829.56,449.21,66088,1264,449.21,66088,1209,449.21,66088,1215,449.21,66088,56992
450.89,357864,330427.19,450.89,357864,306998.65,450.89,357864,311430.31,450.89,357864,324612.4,450.89,122893.19,64513.23,450.89,122893.19,33081.97,450.89,122893.19,10544.68,450.89,122893.19,91785.67,450.89,67128,1290,450.89,67128,1232,450.89,67128,1240,450.89,67128,57428
452.56,355406.46,328184.56,452.56,355406.46,304287.9,452.56,355406.46,309078.5,452.56,355406.46,322294.93,452.56,121605.96,63816.12,452.56,121605.96,32725.31,452.56,121605.96,10403.88,452.56,121605.96,89967.94,452.56,66496,1281,452.56,66496,1226,452.56,66496,1236,452.56,66496,56436
454.23,358436.63,330486.18,454.23,358436.63,306392.89,454.23,358436.63,311228.32,454.23,358436.63,324504.78,454.23,122448.77,64126.28,454.23,122448.77,32952.2,454.23,122448.77,10448.26,454.23,122448.77,89560.58,454.23,66888,1293,454.23,66888,1232,454.23,66888,1244,454.23,66888,56228
455.9,365303.04,336832.04,455.9,365303.04,312060.04,455.9,365303.04,317160.15,455.9,365303.04,330807.18,455.9,124556.8,65137.69,455.9,124556.8,33500.6,455.9,124556.8,10603.19,455.9,124556.8,90145.78,455.9,68048,1317,455.9,68048,1263,455.9,68048,1269,455.9,68048,56636
457.57,366132.74,337253.88,457.57,366132.74,312270.05,457.57,366132.74,317417.05,457.57,366132.74,331133.12,457.57,125658.44,65707,457.57,125658.44,33817.49,457.57,125658.44,10678.27,457.57,125658.44,90076.01,457.57,68864,1342,457.57,68864,1283,457.57,68864,1291,457.57,68864,56872
459.24,368228.45,339088.46,459.24,368228.45,313570.4,459.24,368228.45,318811.2,459.24,368228.45,332750.11,459.24,126138.23,65913.23,459.24,126138.23,33939.76,459.24,126138.23,10695.27,459.24,126138.23,89452.66,459.24,69712,1361,459.24,69712,1303,459.24,69712,1312,459.24,69712,57116
460.91,372028.17,342516.71,460.91,372028.17,316896.87,460.91,372028.17,321896.52,460.91,372028.17,335895.54,460.91,127270.81,66526.04,460.91,127270.81,34279.58,460.91,127270.81,10779.36,460.91,127270.81,89353.73,460.91,71448,1403,460.91,71448,1345,460.91,71448,1353,460.91,71448,58020
462.58,371416.79,341935.05,462.58,371416.79,315906.13,462.58,371416.79,321297.84,462.58,371416.79,335534.06,462.58,127872.34,66870.21,462.58,127872.34,34435.81,462.58,127872.34,10820.54,462.58,127872.34,88974.21,462.58,72928,1441,462.58,72928,1380,462.58,72928,1389,462.58,72928,58732
464.24,369182.97,339656.62,464.24,369182.97,313808.12,464.24,369182.97,318988.18,464.24,369182.97,333207.44,464.24,126980.99,66412.12,464.24,126980.99,34217.65,464.24,126980.99,10734.82,464.24,126980.99,87422.55,464.24,74048,1471,464.24,74048,1410,464.24,74048,1419,464.24,74048,59148
465.91,369724.91,340072.41,465.91,369724.91,314044.66,465.91,369724.91,319230.07,465.91,369724.91,333502.54,465.91,126832.14,66343.66,465.91,126832.14,34195.19,465.91,126832.14,10719.4,465.91,126832.14,86428.77,465.91,75944,1517,465.91,75944,1454,465.91,75944,1467,465.91,75944,60164
467.57,371842.54,341660.2,467.57,371842.54,315378.65,467.57,371842.54,320620.33,467.57,371842.54,334955.72,467.57,127391.17,66628.23,467.57,127391.17,34347.14,467.57,127391.17,10768.21,467.57,127391.17,85888.25,467.57,78672,1578,467.57,78672,1521,467.57,78672,1530,467.57,78672,61744
469.24,372604.87,342342.54,469.24,372604.87,316004.86,469.24,372604.87,321206.2,469.24,372604.87,335699.02,469.24,128031.47,66955.64,469.24,128031.47,34528.65,469.24,128031.47,10833.29,469.24,128031.47,85415.06,469.24,81712,1652,469.24,81712,1587,469.24,81712,1602,469.24,81712,63552
470.9,375028.58,344150.34,470.9,375028.58,317578.56,470.9,375028.58,322824.2,470.9,375028.58,337438.68,470.9,129102.87,67520.2,470.9,129102.87,34831.33,470.9,129102.87,10945.47,470.9,129102.87,85185.23,470.9,84808,1730,470.9,84808,1657,470.9,84808,1669,470.9,84808,65264
472.56,375813.84,345018.23,472.56,375813.84,318072.08,472.56,375813.84,323398.64,472.56,375813.84,338102.65,472.56,130352.03,68131.25,472.56,130352.03,35155.15,472.56,130352.03,11082.11,472.56,130352.03,85074.94,472.56,87864,1804,472.56,87864,1731,472.56,87864,1741,472.56,87864,66944
474.22,374863.76,343888.36,474.22,374863.76,316773.92,474.22,374863.76,322324.04,474.22,374863.76,337065.88,474.22,130698.02,68286.36,474.22,130698.02,35256.67,474.22,130698.02,11146.15,474.22,130698.02,84405.15,474.22,89800,1853,474.22,89800,1781,474.22,89800,1798,474.22,89800,67752
475.88,372445.92,341959.33,475.88,372445.92,315056.86,475.88,372445.92,320303.49,475.88,372445.92,335071.78,475.88,130794.34,68247.3,475.88,130794.34,35253.68,475.88,130794.34,11193.17,475.88,130794.34,83639.13,475.88,90976,1892,475.88,90976,1820,475.88,90976,1831,475.88,90976,68024
477.54,373654.51,342670.84,477.54,373654.51,315517.09,477.54,373654.51,320917.72,477.54,373654.51,335850.13,477.54,131964.33,68788.74,477.54,131964.33,35545.28,477.54,131964.33,11334.44,477.54,131964.33,83681.31,477.54,92048,1929,477.54,92048,1853,477.54,92048,1871,477.54,92048,68364
479.2,370167.47,339244.5,479.2,370167.47,312257.17,479.2,370167.47,317749.79,479.2,370167.47,332562.54,479.2,132611.13,69048.74,479.2,132611.13,35714.38,479.2,132611.13,11428.04,479.2,132611.13,83658.54,479.2,91816,1936,479.2,91816,1862,479.2,91816,1876,479.2,91816,67884
480.86,362095.81,331987,480.86,362095.81,305389.42,480.86,362095.81,310875.72,480.86,362095.81,325425.38,480.86,131584.4,68461.29,480.86,131584.4,35437.69,480.86,131584.4,11377.63,480.86,131584.4,82566.1,480.86,89744,1906,480.86,89744,1833,480.86,89744,1849,480.86,89744,66092
482.52,351079.48,321796.86,482.52,351079.48,296124.42,482.52,351079.48,301294.57,482.52,351079.48,315401.03,482.52,128644.2,66869.57,482.52,128644.2,34624.76,482.52,128644.2,11145.89,482.52,128644.2,80178.79,482.52,86024,1840,482.52,86024,1774,482.52,86024,1787,482.52,86024,63004
484.17,341907.14,313191.48,484.17,341907.14,288110.72,484.17,341907.14,293131.41,484.17,341907.14,307103.03,484.17,124478.35,64661.09,484.17,124478.35,33500.26,484.17,124478.35,10802.87,484.17,124478.35,77047.64,484.17,81576,1758,484.17,81576,1693,484.17,81576,1709,484.17,81576,59384
485.83,342342.25,312990.72,485.83,342342.25,287792.71,485.83,342342.25,292938.45,485.83,342342.25,306829.67,485.83,120994.58,62811.2,485.83,120994.58,32598.52,485.83,120994.58,10507,485.83,120994.58,74320.79,485.83,77968,1696,485.83,77968,1633,485.83,77968,1646,485.83,77968,56440
487.49,357195.24,326766.81,487.49,357195.24,300124.4,487.49,357195.24,305499.62,487.49,357195.24,320012.72,487.49,124977.22,64831.86,487.49,124977.22,33672.76,487.49,124977.22,10855.01,487.49,124977.22,75994.23,487.49,79336,1733,487.49,79336,1673,487.49,79336,1685,487.49,79336,56948
489.14,365925.95,334505.94,489.14,365925.95,307306.52,489.14,365925.95,312652.61,489.14,365925.95,327612.29,489.14,128957.64,66856.71,489.14,128957.64,34770.51,489.14,128957.64,11195.39,489.14,128957.64,77802.36,489.14,81312,1781,489.14,81312,1725,489.14,81312,1735,489.14,81312,57956
490.79,368270.22,336473.75,490.79,368270.22,309059.79,490.79,368270.22,314444.68,490.79,368270.22,329550.33,490.79,130350.94,67540.71,490.79,130350.94,35139.38,490.79,130350.94,11309.75,490.79,130350.94,78040.66,490.79,82368,1820,490.79,82368,1758,490.79,82368,1771,490.79,82368,58344
492.45,374377.65,341863.01,492.45,374377.65,313573.43,492.45,374377.65,319359.94,492.45,374377.65,334698.76,492.45,131085.99,67887.48,492.45,131085.99,35357.06,492.45,131085.99,11366.81,492.45,131085.99,77789.74,492.45,84016,1867,492.45,84016,1804,492.45,84016,1820,492.45,84016,59104
494.1,376730.82,343930.65,494.1,376730.82,315348.29,494.1,376730.82,321158.99,494.1,376730.82,336751.41,494.1,133099.49,68907.32,494.1,133099.49,35901.29,494.1,133099.49,11532.32,494.1,133099.49,78278.52,494.1,86952,1945,494.1,86952,1882,494.1,86952,1892,494.1,86952,60740
495.75,374331.19,341513.47,495.75,374331.19,313271.93,495.75,374331.19,318959.46,495.75,374331.19,334496.67,495.75,132998.24,68857.69,495.75,132998.24,35915.15,495.75,132998.24,11513.11,495.75,132998.24,77563.18,495.75,89456,2014,495.75,89456,1946,495.75,89456,1967,495.75,89456,62064
497.4,367427.42,335138.59,497.4,367427.42,307227.92,497.4,367427.42,312847.94,497.4,367427.42,328066.21,497.4,131104.03,67837.1,497.4,131104.03,35404.97,497.4,131104.03,11332.53,497.4,131104.03,75829.36,497.4,91176,2068,497.4,91176,2004,497.4,91176,2013,497.4,91176,62848
499.05,362749.35,330738.48,499.05,362749.35,303028.18,499.05,362749.35,308708.18,499.05,362749.35,323841.33,499.05,129133.17,66831.8,499.05,129133.17,34909.97,499.05,129133.17,11153.36,499.05,129133.17,74013,499.05,93032,2130,499.05,93032,2060,499.05,93032,2077,499.05,93032,63604
500.7,361218.9,329383.46,500.7,361218.9,301537.22,500.7,361218.9,307169.04,500.7,361218.9,322324.12,500.7,127492.63,65998.67,500.7,127492.63,34473.42,500.7,127492.63,11005.36,500.7,127492.63,72374.34,500.7,95408,2203,500.7,95408,2134,500.7,95408,2151,500.7,95408,64672
502.35,363993.63,331559.68,502.35,363993.63,303661.94,502.35,363993.63,309313.31,502.35,363993.63,324509.64,502.35,128508.76,66522.83,502.35,128508.76,34777.03,502.35,128508.76,11078,502.35,128508.76,72161.54,502.35,99416,2314,502.35,99416,2240,502.35,99416,2259,502.35,99416,66704
503.99,364796.73,332418.54,503.99,364796.73,304156.53,503.99,364796.73,309797.91,503.99,364796.73,325251.97,503.99,129627.96,67103.87,503.99,129627.96,35084.17,503.99,129627.96,11158.96,503.99,129627.96,72119.35,503.99,103288,2421,503.99,103288,2343,503.99,103288,2359,503.99,103288,68728
505.64,363802.74,331310.73,505.64,363802.74,303091.16,505.64,363802.74,308817.65,505.64,363802.74,324201.99,505.64,130702.18,67601.97,505.64,130702.18,35382.74,505.64,130702.18,11236.65,505.64,130702.18,72136.82,505.64,106528,2517,505.64,106528,2439,505.64,106528,2459,505.64,106528,70404
507.29,360671.15,328416,507.29,360671.15,300223.67,507.29,360671.15,305982.25,507.29,360671.15,321173.61,507.29,129965.01,67208.03,507.29,129965.01,35196.33,507.29,129965.01,11162.54,507.29,129965.01,71235.39,507.29,107576,2562,507.29,107576,2477,507.29,107576,2500,507.29,107576,70632
508.93,358191.68,326003.7,508.93,358191.68,298149.4,508.93,358191.68,303793.65,508.93,358191.68,319013.92,508.93,130225.3,67307.98,508.93,130225.3,35277.42,508.93,130225.3,11168.03,508.93,130225.3,70826.96,508.93,108776,2603,508.93,108776,2527,508.93,108776,2544,508.93,108776,70964
510.58,353319.8,321796.46,510.58,353319.8,294182.98,510.58,353319.8,299628.88,510.58,353319.8,314709.81,510.58,129680.29,67003.94,510.58,129680.29,35138.63,510.58,129680.29,11110.16,510.58,129680.29,69987.21,510.58,108448,2616,510.58,108448,2538,510.58,108448,2557,510.58,108448,70288
512.22,343149.03,312349.55,512.22,343149.03,285448.3,512.22,343149.03,291032.24,512.22,343149.03,305676.92,512.22,127929.64,66071.15,512.22,127929.64,34673.32,512.22,127929.64,10948.07,512.22,127929.64,68576.49,512.22,106152,2578,512.22,106152,2504,512.22,106152,2522,512.22,106152,68356
513.86,331784.39,301809.43,513.86,331784.39,275741.17,513.86,331784.39,281192.77,513.86,331784.39,295469.94,513.86,124486.87,64274.49,513.86,124486.87,33749.87,513.86,124486.87,10638.37,513.86,124486.87,66197.42,513.86,101856,2494,513.86,101856,2423,513.86,101856,2441,513.86,101856,65152
515.51,322334.64,293290.93,515.51,322334.64,267751.25,515.51,322334.64,273043.41,515.51,322334.64,287041.47,515.51,120497.29,62179.78,515.51,120497.29,32659.24,515.51,120497.29,10281.04,515.51,120497.29,63612.56,515.51,96736,2393,515.51,96736,2324,515.51,96736,2343,515.51,96736,61456
517.15,326512.45,296568.33,517.15,326512.45,270786.18,517.15,326512.45,276089.94,517.15,326512.45,290325.37,517.15,117853.32,60811.26,517.15,117853.32,31974.49,517.15,117853.32,10038.53,517.15,117853.32,61751.11,517.15,92624,2314,517.15,92624,2250,517.15,92624,2270,517.15,92624,58516
518.79,339833.06,308755.11,518.79,339833.06,281688.43,518.79,339833.06,287292.96,518.79,339833.06,301969.7,518.79,122248.46,63078.77,518.79,122248.46,33182.3,518.79,122248.46,10405.93,518.79,122248.46,63467.68,518.79,94376,2378,518.79,94376,2314,518.79,94376,2334,518.79,94376,59164
520.43,348595.04,316520.64,520.43,348595.04,288859.8,520.43,348595.04,294471.87,520.43,348595.04,309538.85,520.43,126539.66,65256.99,520.43,126539.66,34367.26,520.43,126539.66,10758.3,520.43,126539.66,65191.09,520.43,96024,2441,520.43,96024,2374,520.43,96024,2392,520.43,96024,59808
522.07,351488.02,319363.59,522.07,351488.02,291153.97,522.07,351488.02,296930.23,522.07,351488.02,312320.78,522.07,128452.26,66229.99,522.07,128452.26,34898.49,522.07,128452.26,10908.5,522.07,128452.26,65722.62,522.07,96416,2478,522.07,96416,2409,522.07,96416,2427,522.07,96416,59704
523.71,350362.77,317965.95,523.71,350362.77,289916.92,523.71,350362.77,295630.61,523.71,350362.77,310982.55,523.71,129076.12,66520.12,523.71,129076.12,35079.96,523.71,129076.12,10947.69,523.71,129076.12,65552.26,523.71,96432,2503,523.71,96432,2432,523.71,96432,2452,523.71,96432,59356
525.34,349426.69,317194.3,525.34,349426.69,289057.94,525.34,349426.69,294857.48,525.34,349426.69,310169.78,525.34,127239.91,65573.06,525.34,127239.91,34606.01,525.34,127239.91,10779.36,525.34,127239.91,64190.47,525.34,95168,2493,525.34,95168,2426,525.34,95168,2448,525.34,95168,58240
526.98,360446.77,326894.84,526.98,360446.77,297655.12,526.98,360446.77,303650.58,526.98,360446.77,319480.89,526.98,127644.57,65790.04,526.98,127644.57,34745.82,526.98,127644.57,10804.84,526.98,127644.57,63923.98,526.98,96560,2554,526.98,96560,2490,526.98,96560,2510,526.98,96560,58796
528.62,367810.73,333750.07,528.62,367810.73,303914.55,528.62,367810.73,309844.59,528.62,367810.73,326096.61,528.62,132689.29,68362.35,528.62,132689.29,36151.44,528.62,132689.29,11219.76,528.62,132689.29,65885.17,528.62,102160,2729,528.62,102160,2661,528.62,102160,2681,528.62,102160,61788
530.25,364285.55,330171.01,530.25,364285.55,300641.17,530.25,364285.55,306742.08,530.25,364285.55,322788.55,530.25,133162.85,68568.79,530.25,133162.85,36286.37,530.25,133162.85,11250.75,530.25,133162.85,65704.65,530.25,105064,2837,530.25,105064,2765,530.25,105064,2780,530.25,105064,63212
531.89,363046.64,328951.83,531.89,363046.64,299381.94,531.89,363046.64,305467.8,531.89,363046.64,321497.97,531.89,131302.23,67597.21,531.89,131302.23,35799.15,531.89,131302.23,11084.69,531.89,131302.23,64410.54,531.89,106528,2904,531.89,106528,2831,531.89,106528,2848,531.89,106528,63800
533.52,365661.64,331259.64,533.52,365661.64,301451.38,533.52,365661.64,307423.24,533.52,365661.64,323637.44,533.52,132042.76,68004.46,533.52,132042.76,36024.42,533.52,132042.76,11143.9,533.52,132042.76,64374.18,533.52,110296,3034,533.52,110296,2962,533.52,110296,2983,533.52,110296,65740
535.16,363719.67,329522.95,535.16,363719.67,299947.42,535.16,363719.67,305756.9,535.16,363719.67,321964.03,535.16,133106.05,68519.54,535.16,133106.05,36333.55,535.16,133106.05,11223.64,535.16,133106.05,64474.78,535.16,114384,3180,535.16,114384,3099,535.16,114384,3126,535.16,114384,67864
536.79,356506.83,322867.45,536.79,356506.83,293661.9,536.79,356506.83,299509.44,536.79,356506.83,315461.64,536.79,131726.94,67810.73,536.79,131726.94,35996.06,536.79,131726.94,11103.3,536.79,131726.94,63485.9,536.79,116384,3265,536.79,116384,3191,536.79,116384,3214,536.79,116384,68724
538.42,349021.15,316049.69,538.42,349021.15,287309.35,538.42,349021.15,293279.94,538.42,349021.15,308841.1,538.42,129484.33,66636.87,538.42,129484.33,35395.41,538.42,129484.33,10911.52,538.42,129484.33,61999.71,538.42,117256,3326,538.42,117256,3248,538.42,117256,3273,538.42,117256,68828
540.05,347335.1,314236.55,540.05,347335.1,285624.89,540.05,347335.1,291556.2,540.05,347335.1,307060.58,540.05,127290.34,65526.86,540.05,127290.34,34840.35,540.05,127290.34,10724.18,540.05,127290.34,60525.63,540.05,117680,3376,540.05,117680,3295,540.05,117680,3323,540.05,117680,68608
541.68,349925.04,316575.75,541.68,349925.04,287834.72,541.68,349925.04,293549.57,541.68,349925.04,309223.74,541.68,128303.16,66045.26,541.68,128303.16,35123.31,541.68,128303.16,10804.65,541.68,128303.16,60528.17,541.68,120176,3481,541.68,120176,3399,541.68,120176,3423,541.68,120176,69572
543.31,350245.62,316974.69,543.31,350245.62,287967.72,543.31,350245.62,293823.16,543.31,350245.62,309602.83,543.31,129458.63,66617.47,543.31,129458.63,35464.89,543.31,129458.63,10899.55,543.31,129458.63,60632.21,543.31,122376,3579,543.31,122376,3494,543.31,122376,3521,543.31,122376,70380
544.94,347494.49,314482.37,544.94,347494.49,285686.46,544.94,347494.49,291577.21,544.94,347494.49,307156.3,544.94,129640.52,66709.13,544.94,129640.52,35534.65,544.94,129640.52,10909.55,544.94,129640.52,60306.38,544.94,122976,3629,544.94,122976,3544,544.94,122976,3573,544.94,122976,70280
546.57,345496.23,312611.75,546.57,345496.23,283703.31,546.57,345496.23,289682.31,546.57,345496.23,305272.54,546.57,128811.56,66267.92,546.57,128811.56,35328.05,546.57,128811.56,10827.74,546.57,128811.56,59503.49,546.57,122104,3631,546.57,122104,3552,546.57,122104,3577,546.57,122104,69308
548.2,345231.94,312156.73,548.2,345231.94,283437.47,548.2,345231.94,289325.52,548.2,345231.94,304961.89,548.2,128751.6,66228.13,548.2,128751.6,35322.62,548.2,128751.6,10815.81,548.2,128751.6,59058.98,548.2,121312,3642,548.2,121312,3562,548.2,121312,3589,548.2,121312,68468
549.83,343493.63,310612.39,549.83,343493.63,281826.15,549.83,343493.63,287756.29,549.83,343493.63,303438.58,549.83,129003.22,66358.87,549.83,129003.22,35415.56,549.83,129003.22,10825.42,549.83,129003.22,58756.88,549.83,120112,3636,549.83,120112,3557,549.83,120112,3585,549.83,120112,67376
551.45,342528.54,309636.93,551.45,342528.54,281056.95,551.45,342528.54,286939.25,551.45,342528.54,302538.13,551.45,128685.43,66176.65,551.45,128685.43,35330.5,551.45,128685.43,10787.99,551.45,128685.43,58208.66,551.45,117848,3604,551.45,117848,3525,551.45,117848,3553,551.45,117848,65688
553.08,342863.53,309773.32,553.08,342863.53,281078.4,553.08,342863.53,287074.82,553.08,342863.53,302646.68,553.08,128919.55,66284.75,553.08,128919.55,35416.12,553.08,128919.55,10798.14,553.08,128919.55,57920.62,553.08,115656,3574,553.08,115656,3495,553.08,115656,3518,553.08,115656,64060
554.7,339254.19,306610.85,554.7,339254.19,278155.82,554.7,339254.19,283910.77,554.7,339254.19,299449.13,554.7,128902.4,66286.31,554.7,128902.4,35438.14,554.7,128902.4,10787.27,554.7,128902.4,57537.93,554.7,113344,3538,554.7,113344,3462,554.7,113344,3489,554.7,113344,62436
556.33,332920.58,300892.7,556.33,332920.58,272774.62,556.33,332920.58,278671.93,556.33,332920.58,293952.78,556.33,126961.39,65270.64,556.33,126961.39,34923.96,556.33,126961.39,10620.56,556.33,126961.39,56303.11,556.33,109240,3449,556.33,109240,3375,556.33,109240,3399,556.33,109240,59856
557.95,331231.38,299114.78,557.95,331231.38,271136.92,557.95,331231.38,276947.7,557.95,331231.38,292161.7,557.95,124911.68,64203.08,557.95,124911.68,34370.68,557.95,124911.68,10438.05,557.95,124911.68,55008.52,557.95,105432,3364,557.95,105432,3294,557.95,105432,3319,557.95,105432,57444
559.58,335968.16,303450.77,559.58,335968.16,274901.38,559.58,335968.16,280702.05,559.58,335968.16,296305.02,559.58,125028.87,64265.03,559.58,125028.87,34433.62,559.58,125028.87,10441.34,559.58,125028.87,54687.46,559.58,104000,3349,559.58,104000,3280,559.58,104000,3306,559.58,104000,56332
561.2,338858.34,305771.74,561.2,338858.34,276918.32,561.2,338858.34,282946.38,561.2,338858.34,298524.52,561.2,126532.07,65043.59,561.2,126532.07,34862.39,561.2,126532.07,10560.63,561.2,126532.07,54945.96,561.2,104184,3387,561.2,104184,3323,561.2,104184,3347,561.2,104184,56100
562.82,338903.48,305954.06,562.82,338903.48,277046.88,562.82,338903.48,283042.32,562.82,338903.48,298718.77,562.82,126970.07,65261.23,562.82,126970.07,35009.79,562.82,126970.07,10589.41,562.82,126970.07,54758.3,562.82,104064,3419,562.82,104064,3349,562.82,104064,3372,562.82,104064,55716
564.44,337568.9,304326.04,564.44,337568.9,275682.39,564.44,337568.9,281701.95,564.44,337568.9,297359.58,564.44,126336.74,64955.32,564.44,126336.74,34857.15,564.44,126336.74,10532.73,564.44,126336.74,54116.99,564.44,103736,3434,564.44,103736,3367,564.44,103736,3395,564.44,103736,55204
566.06,337917.9,304718.48,566.06,337917.9,275836.32,566.06,337917.9,281709.8,566.06,337917.9,297523.04,566.06,125821.35,64696.23,566.06,125821.35,34730.39,566.06,125821.35,10478.56,566.06,125821.35,53450.94,566.06,104208,3477,566.06,104208,3410,566.06,104208,3436,566.06,104208,55052
567.68,334911.43,301915.72,567.68,334911.43,273312.83,567.68,334911.43,279175.43,567.68,334911.43,294798.02,567.68,125383.3,64482.45,567.68,125383.3,34623.63,567.68,125383.3,10436.43,567.68,125383.3,52728.05,567.68,105112,3532,567.68,105112,3462,567.68,105112,3491,567.68,105112,55020
569.3,332367.27,299567.65,569.3,332367.27,271074.4,569.3,332367.27,276999.7,569.3,332367.27,292509.1,569.3,123614.95,63598.02,569.3,123614.95,34172.94,569.3,123614.95,10285.54,569.3,123614.95,51530.91,569.3,105536,3567,569.3,105536,3503,569.3,105536,3526,569.3,105536,54732
570.92,337332.55,303908.89,570.92,337332.55,275002.79,570.92,337332.55,280910.38,570.92,337332.55,296674.47,570.92,123539.5,63589.22,570.92,123539.5,34164.3,570.92,123539.5,10270.11,570.92,123539.5,51037.1,570.92,108000,3667,570.92,108000,3598,570.92,108000,3624,570.92,108000,55604
572.53,338609.73,305199.16,572.53,338609.73,275922.5,572.53,338609.73,281861.13,572.53,338609.73,297718.03,572.53,125531.58,64606.3,572.53,125531.58,34730.06,572.53,125531.58,10434.21,572.53,125531.58,51384.57,572.53,112360,3832,572.53,112360,3761,572.53,112360,3787,572.53,112360,57336
574.15,334417.09,301371.21,574.15,334417.09,272403.59,574.15,334417.09,278401.03,574.15,334417.09,294144.3,574.15,124853.06,64268.61,574.15,124853.06,34547.35,574.15,124853.06,10365.87,574.15,124853.06,50682.22,574.15,114744,3925,574.15,114744,3852,574.15,114744,3875,574.15,114744,58108
575.77,332452.47,299422.95,575.77,332452.47,270591.36,575.77,332452.47,276553,575.77,332452.47,292236.92,575.77,123683.11,63649.69,575.77,123683.11,34228.94,575.77,123683.11,10266.05,575.77,123683.11,49833.25,575.77,116824,4001,575.77,116824,3923,575.77,116824,3954,575.77,116824,58796
577.38,331165.09,298088.26,577.38,331165.09,269404.67,577.38,331165.09,275300.11,577.38,331165.09,290917.36,577.38,123195.91,63403.86,577.38,123195.91,34109.15,577.38,123195.91,10214.41,577.38,123195.91,49346.97,577.38,119672,4091,577.38,119672,4016,577.38,119672,4044,577.38,119672,59924
578.99,335134.85,301524.54,578.99,335134.85,272312.62,578.99,335134.85,278329.28,578.99,335134.85,294152.41,578.99,123639.61,63613.91,578.99,123639.61,34247.87,578.99,123639.61,10250.68,578.99,123639.61,49361.13,578.99,122984,4191,578.99,122984,4110,578.99,122984,4145,578.99,122984,61476
580.61,338922.02,304913.39,580.61,338922.02,275399.53,580.61,338922.02,281383.53,580.61,338922.02,297413.08,580.61,125701.44,64637.41,580.61,125701.44,34817.81,580.61,125701.44,10413.87,580.61,125701.44,50121.51,580.61,127688,4327,580.61,127688,4246,580.61,127688,4282,580.61,127688,63856
582.22,339244.98,305235.19,582.22,339244.98,275516.6,582.22,339244.98,281620.24,582.22,339244.98,297678.94,582.22,127357.89,65426.57,582.22,127357.89,35273.51,582.22,127357.89,10542.35,582.22,127357.89,50666.36,582.22,131312,4419,582.22,131312,4333,582.22,131312,4369,582.22,131312,65640
583.83,333292.13,299870.74,583.83,333292.13,270715.91,583.83,333292.13,276760.2,583.83,333292.13,292562.28,583.83,127098.46,65287.79,583.83,127098.46,35191.22,583.83,127098.46,10512.99,583.83,127098.46,50392.64,583.83,132536,4425,583.83,132536,4337,583.83,132536,4367,583.83,132536,66068
585.44,326519.19,293882.98,585.44,326519.19,265306.66,585.44,326519.19,271186.94,585.44,326519.19,286679.97,585.44,124924.75,64176.87,585.44,124924.75,34598.17,585.44,124924.75,10322.54,585.44,124924.75,49260.75,585.44,130976,4327,585.44,130976,4242,585.44,130976,4274,585.44,130976,64964
587.05,309056.16,278440.75,587.05,309056.16,251381.02,587.05,309056.16,257028.27,587.05,309056.16,271773.86,587.05,122154.12,62790.05,587.05,122154.12,33833.29,587.05,122154.12,10085.66,587.05,122154.12,47697.55,587.05,128136,4195,587.05,128136,4111,587.05,128136,4146,587.05,128136,62852
588.66,297227.7,267523.33,588.66,297227.7,241367.71,588.66,297227.7,246914.28,588.66,297227.7,261188.15,588.66,114233.81,58816.64,588.66,114233.81,31661.2,588.66,114233.81,9418.13,588.66,114233.81,43973.28,588.66,119248,3867,588.66,119248,3791,588.66,119248,3818,588.66,119248,57544
590.27,306121.06,275479.72,590.27,306121.06,248585.5,590.27,306121.06,254046.73,590.27,306121.06,268676.44,590.27,114310.91,58845.11,590.27,114310.91,31682.83,590.27,114310.91,9409.81,590.27,114310.91,43497.43,590.27,118032,3780,590.27,118032,3701,590.27,118032,3734,590.27,118032,56356
591.88,308558.86,277527.73,591.88,308558.86,250432.78,591.88,308558.86,256040.49,591.88,308558.86,270855.09,591.88,117417.37,60443.27,591.88,117417.37,32552.6,591.88,117417.37,9664.38,591.88,117417.37,44512.19,591.88,119416,3771,591.88,119416,3693,591.88,119416,3720,591.88,119416,56796
593.49,307021.32,276258.76,593.49,307021.32,249204.19,593.49,307021.32,254834.84,593.49,307021.32,269584.38,593.49,117899.7,60680.51,593.49,117899.7,32681.06,593.49,117899.7,9699.94,593.49,117899.7,44555.83,593.49,117480,3649,593.49,117480,3574,593.49,117480,3603,593.49,117480,55740
595.1,309622.38,278338.06,595.1,309622.38,250946.77,595.1,309622.38,256730.31,595.1,309622.38,271602.26,595.1,117936.06,60665.49,595.1,117936.06,32677.04,595.1,117936.06,9689.82,595.1,117936.06,44322.07,595.1,115000,3500,595.1,115000,3427,595.1,115000,3449,595.1,115000,54352
596.7,310624.46,279338.95,596.7,310624.46,251656.71,596.7,310624.46,257490.58,596.7,310624.46,272461.29,596.7,119371.92,61386.35,596.7,119371.92,33083.34,596.7,119371.92,9800.28,596.7,119371.92,44795.55,596.7,113752,3373,596.7,113752,3299,596.7,113752,3320,596.7,113752,53772
598.31,311300.4,279679.85,598.31,311300.4,252059.31,598.31,311300.4,257898.75,598.31,311300.4,272906.1,598.31,119570.41,61433.26,598.31,119570.41,33129.28,598.31,119570.41,9813.54,598.31,119570.41,44821.48,598.31,111424,3202,598.31,111424,3127,598.31,111424,3148,598.31,111424,52700
599.91,311368.4,279718.48,599.91,311368.4,252065.81,599.91,311368.4,257852.89,599.91,311368.4,272857.51,599.91,119938.54,61578.85,599.91,119938.54,33233.13,599.91,119938.54,9831.41,599.91,119938.54,44883.69,599.91,109280,3038,599.91,109280,2966,599.91,109280,2989,599.91,109280,51688
601.52,313896.82,281689.81,601.52,313896.82,253827.71,601.52,313896.82,259661.43,601.52,313896.82,274838.23,601.52,119829.08,61535.01,601.52,119829.08,33202.48,601.52,119829.08,9816.87,601.52,119829.08,44765.95,601.52,107040,2894,601.52,107040,2823,601.52,107040,2843,601.52,107040,50616
603.12,319073.5,286435.03,603.12,319073.5,258115.44,603.12,319073.5,263961.37,603.12,319073.5,279355.13,603.12,121541.26,62400.39,603.12,121541.26,33673.09,603.12,121541.26,9942.65,603.12,121541.26,45233.55,603.12,106808,2832,603.12,106808,2759,603.12,106808,2783,603.12,106808,50372
604.72,319389.73,286573.36,604.72,319389.73,258065.9,604.72,319389.73,264076.51,604.72,319389.73,279563.59,604.72,122754.32,63020.76,604.72,122754.32,34004.42,604.72,122754.32,10037.85,604.72,122754.32,45518.42,604.72,106376,2788,604.72,106376,2716,604.72,106376,2738,604.72,106376,50040
606.32,318781.93,285780.56,606.32,318781.93,257480.14,606.32,318781.93,263458.88,606.32,318781.93,278823.77,606.32,122472.77,62897.2,606.32,122472.77,33944.27,606.32,122472.77,10011.64,606.32,122472.77,45242.71,606.32,105064,2730,606.32,105064,2662,606.32,105064,2682,606.32,105064,49296
607.93,316733.32,284130.75,607.93,316733.32,255809.64,607.93,316733.32,261803.7,607.93,316733.32,277185.26,607.93,121940.78,62585.02,607.93,121940.78,33783.98,607.93,121940.78,9958.03,607.93,121940.78,44877.87,607.93,103784,2683,607.93,103784,2616,607.93,103784,2634,607.93,103784,48572
609.53,316395.88,283749.59,609.53,316395.88,255327,609.53,316395.88,261471.99,609.53,316395.88,276810.67,609.53,121221.91,62221.01,609.53,121221.91,33581.81,609.53,121221.91,9891.95,609.53,121221.91,44429.44,609.53,102896,2651,609.53,102896,2578,609.53,102896,2598,609.53,102896,48000
611.13,316139.89,283563.49,611.13,316139.89,254976.04,611.13,316139.89,261101.92,611.13,316139.89,276487.86,611.13,121040.91,62141.94,611.13,121040.91,33525.66,611.13,121040.91,9872.64,611.13,121040.91,44157.39,611.13,102872,2635,611.13,102872,2566,611.13,102872,2588,611.13,102872,47844
612.72,314362.28,281819.28,612.72,314362.28,253395.24,612.72,314362.28,259479.37,612.72,314362.28,274776.15,612.72,120493.04,61828.19,612.72,120493.04,33371.5,612.72,120493.04,9816.2,612.72,120493.04,43777.47,612.72,102936,2622,612.72,102936,2558,612.72,102936,2572,612.72,102936,47692
614.32,312838.86,280408.54,614.32,312838.86,252152.73,614.32,312838.86,258134.11,614.32,312838.86,273445.83,614.32,119644.6,61389.7,614.32,119644.6,33136.71,614.32,119644.6,9740.88,614.32,119644.6,43258.37,614.32,103136,2613,614.32,103136,2547,614.32,103136,2565,614.32,103136,47600
615.92,312271.32,279735.37,615.92,312271.32,251685.03,615.92,312271.32,257599.26,615.92,312271.32,272853.36,615.92,118768.1,60919.05,615.92,118768.1,32880.11,615.92,118768.1,9656.09,615.92,118768.1,42757.04,615.92,103640,2612,615.92,103640,2545,615.92,103640,2562,615.92,103640,47656
617.52,317982.4,284798.21,617.52,317982.4,256173.46,617.52,317982.4,262091.66,617.52,317982.4,277657.12,617.52,119404.91,61279.79,617.52,119404.91,33053.18,617.52,119404.91,9704.71,617.52,119404.91,42682.68,617.52,106056,2663,617.52,106056,2589,617.52,106056,2611,617.52,106056,48504
619.11,320477.39,286981,619.11,320477.39,258155.77,619.11,320477.39,264142.55,619.11,320477.39,279855.99,619.11,121136.73,62157.39,619.11,121136.73,33544.42,619.11,121136.73,9837.62,619.11,121136.73,43063.81,619.11,109720,2738,619.11,109720,2664,619.11,109720,2683,619.11,109720,49920
620.71,318538.68,285378.05,620.71,318538.68,256467.29,620.71,318538.68,262567.46,620.71,318538.68,278121.45,620.71,121444.39,62339.03,620.71,121444.39,33615.4,620.71,121444.39,9849.52,620.71,121444.39,42908.1,620.71,112376,2793,620.71,112376,2717,620.71,112376,2734,620.71,112376,50860
622.3,314063.71,281232.98,622.3,314063.71,252774.04,622.3,314063.71,258753.52,622.3,314063.71,274195.81,622.3,120195.88,61680.84,622.3,120195.88,33263.11,622.3,120195.88,9729.01,622.3,120195.88,42194.62,622.3,113872,2816,622.3,113872,2740,622.3,113872,2761,622.3,113872,51260
623.9,309350.57,277099.66,623.9,309350.57,248941.91,623.9,309350.57,254889.38,623.9,309350.57,270094.56,623.9,118372.02,60747.46,623.9,118372.02,32741.41,623.9,118372.02,9567.8,623.9,118372.02,41248.95,623.9,115112,2834,623.9,115112,2758,623.9,115112,2780,623.9,115112,51456
625.49,305751.71,273889.75,625.49,305751.71,246067.39,625.49,305751.71,251859.26,625.49,305751.71,266907.41,625.49,116999.51,60059.85,625.49,116999.51,32360.51,625.49,116999.51,9444.7,625.49,116999.51,40401.88,625.49,116744,2868,625.49,116744,2787,625.49,116744,2807,625.49,116744,51756
627.08,299587.47,268426.19,627.08,299587.47,241212.35,627.08,299587.47,246937.45,627.08,299587.47,261707.69,627.08,115422.48,59284.54,627.08,115422.48,31921.87,627.08,115422.48,9299.65,627.08,115422.48,39332.44,627.08,117880,2886,627.08,117880,2806,627.08,117880,2826,627.08,117880,51496
628.67,297369.12,266187.12,628.67,297369.12,239155.9,628.67,297369.12,244869.61,628.67,297369.12,259563.83,628.67,113588.27,58377.15,628.67,113588.27,31414.68,628.67,113588.27,9138.03,628.67,113588.27,38230.42,628.67,118288,2885,628.67,118288,2805,628.67,118288,2829,628.67,118288,51056
630.26,297601.93,266436.12,630.26,297601.93,239207.05,630.26,297601.93,244910.26,630.26,297601.93,259635.16,630.26,113585.41,58348.72,630.26,113585.41,31392.85,630.26,113585.41,9130.3,630.26,113585.41,38109.71,630.26,120056,2914,630.26,120056,2828,630.26,120056,2853,630.26,120056,51704
631.85,299249.58,267710.22,631.85,299249.58,240412.71,631.85,299249.58,246151.68,631.85,299249.58,260960.7,631.85,114187.06,58615.17,631.85,114187.06,31554.32,631.85,114187.06,9166.43,631.85,114187.06,38262.38,631.85,121976,2944,631.85,121976,2859,631.85,121976,2879,631.85,121976,52548
633.44,300464.76,268868.17,633.44,300464.76,241382.11,633.44,300464.76,247126.94,633.44,300464.76,262033.8,633.44,115255.17,59174.06,633.44,115255.17,31848.22,633.44,115255.17,9245.17,633.44,115255.17,38608.74,633.44,123976,2981,633.44,123976,2894,633.44,123976,2914,633.44,123976,53436
635.03,301295.45,269482.72,635.03,301295.45,242038.37,635.03,301295.45,247677.79,635.03,301295.45,262609.29,635.03,116027.09,59523.38,635.03,116027.09,32033.5,635.03,116027.09,9294.12,635.03,116027.09,38788.85,635.03,125128,2993,635.03,125128,2906,635.03,125128,2928,635.03,125128,53928
636.62,302661.92,270806.67,636.62,302661.92,243053.8,636.62,302661.92,248787.26,636.62,302661.92,263788.14,636.62,116776.05,59922.6,636.62,116776.05,32243.66,636.62,116776.05,9348.29,636.62,116776.05,38963.15,636.62,125648,2996,636.62,125648,2909,636.62,125648,2931,636.62,125648,54088
638.2,301395.22,269716.45,638.2,301395.22,241960.28,638.2,301395.22,247732.47,638.2,301395.22,262740.17,638.2,117452.15,60238.53,638.2,117452.15,32423.54,638.2,117452.15,9395.92,638.2,117452.15,39078.36,638.2,125856,2989,638.2,125856,2903,638.2,125856,2929,638.2,125856,54056
639.79,297998.97,266510.87,639.79,297998.97,239074.46,639.79,297998.97,244951.9,639.79,297998.97,259708.04,639.79,116662.76,59828.34,639.79,116662.76,32202.7,639.79,116662.76,9323.72,639.79,116662.76,38720.06,639.79,123880,2934,639.79,123880,2851,639.79,123880,2875,639.79,123880,53104
641.38,297566.21,266079.73,641.38,297566.21,238740.87,641.38,297566.21,244532.36,641.38,297566.21,259301.92,641.38,116057.14,59488.64,641.38,116057.14,32016.14,641.38,116057.14,9268.88,641.38,116057.14,38397.57,641.38,121792,2878,641.38,121792,2794,641.38,121792,2815,641.38,121792,52056
642.96,296912,265554.2,642.96,296912,238170.61,642.96,296912,243978.08,642.96,296912,258669.84,642.96,116284.36,59615.81,642.96,116284.36,32077.3,642.96,116284.36,9278.36,642.96,116284.36,38284.98,642.96,120272,2835,642.96,120272,2754,642.96,120272,2774,642.96,120272,51228
644.54,292814.29,261978.03,644.54,292814.29,234970.25,644.54,292814.29,240673.92,644.54,292814.29,255284.68,644.54,115774.36,59343.81,644.54,115774.36,31916.77,644.54,115774.36,9227.54,644.54,115774.36,37898.71,644.54,117792,2766,644.54,117792,2686,644.54,117792,2706,644.54,117792,49884
646.13,286597.9,256452,646.13,286597.9,230041.24,646.13,286597.9,235670.41,646.13,286597.9,250041.37,646.13,113703.56,58323.99,646.13,113703.56,31347.43,646.13,113703.56,9050.67,646.13,113703.56,36919.71,646.13,113576,2659,646.13,113576,2579,646.13,113576,2601,646.13,113576,47620
647.71,282866.49,253184.64,647.71,282866.49,227004.27,647.71,282866.49,232566.25,647.71,282866.49,246774.22,647.71,111546.62,57244.19,647.71,111546.62,30748.86,647.71,111546.62,8870.91,647.71,111546.62,35848.45,647.71,109520,2556,647.71,109520,2480,647.71,109520,2496,647.71,109520,45420
649.29,284703.89,254534.23,649.29,284703.89,228317.64,649.29,284703.89,233876.66,649.29,284703.89,248137.93,649.29,110855.05,56895.93,649.29,110855.05,30555.59,649.29,110855.05,8814.42,649.29,110855.05,35503.06,649.29,106776,2475,649.29,106776,2400,649.29,106776,2419,649.29,106776,44156
650.87,287252.83,256842.1,650.87,287252.83,230204.76,650.87,287252.83,235920.75,650.87,287252.83,250301.56,650.87,112076.03,57506.23,650.87,112076.03,30874.76,650.87,112076.03,8900.01,650.87,112076.03,35789.63,650.87,105912,2428,650.87,105912,2354,650.87,105912,2376,650.87,105912,43744
652.45,287844.1,257261.73,652.45,287844.1,230690.63,652.45,287844.1,236238.13,652.45,287844.1,250661.63,652.45,112869.95,57898.36,652.45,112869.95,31084.66,652.45,112869.95,8961.19,652.45,112869.95,35931.1,652.45,104648,2368,652.45,104648,2292,652.45,104648,2309,652.45,104648,43128
654.03,276184.85,247161.35,654.03,276184.85,221571.05,654.03,276184.85,227067.05,654.03,276184.85,240886.39,654.03,111826.45,57328.27,654.03,111826.45,30786.71,654.03,111826.45,8863.88,654.03,111826.45,35559.89,654.03,102056,2268,654.03,102056,2198,654.03,102056,2215,654.03,102056,42028
655.61,266537.78,238029.19,655.61,266537.78,213376.27,655.61,266537.78,218780.05,655.61,266537.78,232216.47,655.61,105804.85,54264.43,655.61,105804.85,29132.92,655.61,105804.85,8378.23,655.61,105804.85,33648.26,655.61,95280,2071,655.61,95280,2004,655.61,95280,2023,655.61,95280,39232
657.19,279482.02,249507.99,657.19,279482.02,223491.12,657.19,279482.02,229087.26,657.19,279482.02,243099.75,657.19,106026.85,54361.77,657.19,106026.85,29177.71,657.19,106026.85,8391.83,657.19,106026.85,33524.52,657.19,94424,1997,657.19,94424,1929,657.19,94424,1944,657.19,94424,38776
658.77,289707.9,258551.7,658.77,289707.9,231599.36,658.77,289707.9,237383.38,658.77,289707.9,251917.97,658.77,111202.4,56992.96,658.77,111202.4,30597.08,658.77,111202.4,8797.9,658.77,111202.4,35018.73,658.77,98040,2015,658.77,98040,1947,658.77,98040,1961,658.77,98040,40128
660.34,295581.77,263908,660.34,295581.77,236351.22,660.34,295581.77,242241.22,660.34,295581.77,257101.45,660.34,114418.44,58634.98,660.34,114418.44,31475.75,660.34,114418.44,9047.26,660.34,114418.44,35979.76,660.34,100016,2003,660.34,100016,1933,660.34,100016,1949,660.34,100016,40924
661.92,297045.68,265240.91,661.92,297045.68,237479.64,661.92,297045.68,243409.08,661.92,297045.68,258330.77,661.92,116100.82,59460.83,661.92,116100.82,31929.26,661.92,116100.82,9172.08,661.92,116100.82,36425.5,661.92,101000,1982,661.92,101000,1910,661.92,101000,1926,661.92,101000,41288
663.49,297445.26,265436.88,663.49,297445.26,237660.01,663.49,297445.26,243599.24,663.49,297445.26,258590.89,663.49,116250.33,59521.54,663.49,116250.33,31958.52,663.49,116250.33,9171.94,663.49,116250.33,36384.76,663.49,100864,1939,663.49,100864,1868,663.49,100864,1884,663.49,100864,41180
665.07,297913.56,265818.48,665.07,297913.56,237799.45,665.07,297913.56,243868.23,665.07,297913.56,258889.2,665.07,116536.81,59655.85,665.07,116536.81,32029.84,665.07,116536.81,9186.35,665.07,116536.81,36354.64,665.07,101064,1913,665.07,101064,1842,665.07,101064,1858,665.07,101064,41148
666.64,298010.92,265948.93,666.64,298010.92,238041.45,666.64,298010.92,244017.32,666.64,298010.92,259054.85,666.64,116535.66,59653.17,666.64,116535.66,32016.4,666.64,116535.66,9173.53,666.64,116535.66,36198.74,666.64,101240,1888,666.64,101240,1817,666.64,101240,1832,666.64,101240,41092
668.21,298236.71,265982.74,668.21,298236.71,238019.3,668.21,298236.71,244005.03,668.21,298236.71,259006.88,668.21,116718.11,59749.8,668.21,116718.11,32068.18,668.21,116718.11,9179.83,668.21,116718.11,36124.53,668.21,101664,1874,668.21,101664,1804,668.21,101664,1815,668.21,101664,41132
669.79,296891.65,264750.04,669.79,296891.65,236730.69,669.79,296891.65,242899.13,669.79,296891.65,257939.37,669.79,116523.22,59650.45,669.79,116523.22,31991.21,669.79,116523.22,9156.98,669.79,116523.22,35926.98,669.79,101928,1862,669.79,101928,1790,669.79,101928,1804,669.79,101928,41116
671.36,296137.92,264009.05,671.36,296137.92,236156.11,671.36,296137.92,242169.13,671.36,296137.92,257149.74,671.36,115946.68,59345.62,671.36,115946.68,31839.45,671.36,115946.68,9103.79,671.36,115946.68,35609.97,671.36,102000,1857,671.36,102000,1783,671.36,102000,1796,671.36,102000,41024
672.93,295909.36,263799.04,672.93,295909.36,235985.8,672.93,295909.36,241931.06,672.93,295909.36,256941.39,672.93,115937.61,59343.29,672.93,115937.61,31825.72,672.93,115937.61,9099.5,672.93,115937.61,35453.06,672.93,102824,1865,672.93,102824,1799,672.93,102824,1809,672.93,102824,41208
674.5,295716.05,263783.85,674.5,295716.05,235883.36,674.5,295716.05,241872.47,674.5,295716.05,256874.46,674.5,115893.61,59319.59,674.5,115893.61,31814.89,674.5,115893.61,9090.43,674.5,115893.61,35295.88,674.5,103536,1882,674.5,103536,1811,674.5,103536,1824,674.5,103536,41340
676.07,295774.8,263561.13,676.07,295774.8,235663.86,676.07,295774.8,241747.38,676.07,295774.8,256738.9,676.07,115940.9,59328.14,676.07,115940.9,31791.54,676.07,115940.9,9084.05,676.07,115940.9,35177.31,676.07,104400,1904,676.07,104400,1831,676.07,104400,1850,676.07,104400,41532
677.64,295182.91,263069.76,677.64,295182.91,235114.12,677.64,295182.91,241235.69,677.64,295182.91,256174.04,677.64,115921.01,59305.11,677.64,115921.01,31786.75,677.64,115921.01,9075.05,677.64,115921.01,35018.42,677.64,105416,1931,677.64,105416,1859,677.64,105416,1871,677.64,105416,41780
679.21,294103.25,262088.74,679.21,294103.25,234376.79,679.21,294103.25,240321.13,679.21,294103.25,255337.67,679.21,115755.12,59231.06,679.21,115755.12,31728.56,679.21,115755.12,9053.33,679.21,115755.12,34826.7,679.21,106504,1961,679.21,106504,1893,679.21,106504,1904,679.21,106504,42068
680.77,293042.15,261262.11,680.77,293042.15,233566.48,680.77,293042.15,239427.33,680.77,293042.15,254394.16,680.77,115516.11,59088.7,680.77,115516.11,31640.62,680.77,115516.11,9025.85,680.77,115516.11,34592.6,680.77,107456,1988,680.77,107456,1915,680.77,107456,1933,680.77,107456,42276
682.34,290446.81,258900.57,682.34,290446.81,231394.46,682.34,290446.81,237316.3,682.34,290446.81,252093.22,682.34,115091.11,58883.07,682.34,115091.11,31518.74,682.34,115091.11,8980.6,682.34,115091.11,34325.49,682.34,108112,2011,682.34,108112,1940,682.34,108112,1954,682.34,108112,42392
683.9,282033.41,251529.21,683.9,282033.41,224951.3,683.9,282033.41,230579.88,683.9,282033.41,244980.83,683.9,113707.26,58182.44,683.9,113707.26,31118.55,683.9,113707.26,8869.08,683.9,113707.26,33786.2,683.9,107872,2015,683.9,107872,1943,683.9,107872,1957,683.9,107872,42152
685.47,253089.97,226291.57,685.47,253089.97,202346.95,685.47,253089.97,207619.66,685.47,253089.97,220624.76,685.47,107863.34,55219.54,685.47,107863.34,29513.76,685.47,107863.34,8401.98,685.47,107863.34,31771.51,685.47,103256,1952,685.47,103256,1883,685.47,103256,1896,685.47,103256,39876
687.03,235624.81,210382.18,687.03,235624.81,188321.86,687.03,235624.81,193149.24,687.03,235624.81,205190.73,687.03,95408.65,48927.21,687.03,95408.65,26102.66,687.03,95408.65,7412.26,687.03,95408.65,27396.55,687.03,92112,1767,687.03,92112,1706,687.03,92112,1718,687.03,92112,34496
688.6,238838.7,213135.29,688.6,238838.7,190638.12,688.6,238838.7,195474.21,688.6,238838.7,207631.23,688.6,93351.59,47897,688.6,93351.59,25520.02,688.6,93351.59,7246,688.6,93351.59,26267.61,688.6,90928,1747,688.6,90928,1686,688.6,90928,1699,688.6,90928,33380
690.16,246794.74,220059.75,690.16,246794.74,196852.29,690.16,246794.74,201759.01,690.16,246794.74,214383.87,690.16,95404.22,48943.2,690.16,95404.22,26084.23,690.16,95404.22,7404.7,690.16,95404.22,26700.89,690.16,93512,1788,690.16,93512,1722,690.16,93512,1740,690.16,93512,34184
691.72,251663.71,224584.63,691.72,251663.71,200860.72,691.72,251663.71,205959.51,691.72,251663.71,218772.54,691.72,98686.25,50641.02,691.72,98686.25,26967.09,691.72,98686.25,7656.59,691.72,98686.25,27732.26,691.72,97144,1839,691.72,97144,1770,691.72,97144,1781,691.72,97144,35696
693.28,252934.37,225734.58,693.28,252934.37,201931.47,693.28,252934.37,207052.82,693.28,252934.37,220007.61,693.28,99698.97,51147.29,693.28,99698.97,27217.14,693.28,99698.97,7728.87,693.28,99698.97,28068.82,693.28,98448,1838,693.28,98448,1771,693.28,98448,1787,693.28,98448,36236
694.85,259333.07,231311.3,694.85,259333.07,206818.59,694.85,259333.07,212085.84,694.85,259333.07,225267.13,694.85,101220.07,51876.54,694.85,101220.07,27614.07,694.85,101220.07,7829.75,694.85,101220.07,28604.5,694.85,99960,1840,694.85,99960,1770,694.85,99960,1784,694.85,99960,37004
696.41,263025.3,234586.57,696.41,263025.3,209765.39,696.41,263025.3,215046.49,696.41,263025.3,228500.1,696.41,104306.82,53395.62,696.41,104306.82,28435.35,696.41,104306.82,8068.55,696.41,104306.82,29673.69,696.41,102728,1846,696.41,102728,1776,696.41,102728,1790,696.41,102728,38404
697.97,258960.28,231109.39,697.97,258960.28,206839.32,697.97,258960.28,212064.68,697.97,258960.28,225247.44,697.97,104596.11,53534.54,697.97,104596.11,28499.52,697.97,104596.11,8081.9,697.97,104596.11,29819.61,697.97,102448,1806,697.97,102448,1733,697.97,102448,1745,697.97,102448,38380
699.52,255162.75,227717.3,699.52,255162.75,203735.83,699.52,255162.75,208838.56,699.52,255162.75,221935.1,699.52,102964.32,52683.7,699.52,102964.32,28036.53,699.52,102964.32,7945.02,699.52,102964.32,29259.59,699.52,100176,1728,699.52,100176,1656,699.52,100176,1672,699.52,100176,37388
701.08,254446.72,227074.46,701.08,254446.72,203133.79,701.08,254446.72,208281.17,701.08,254446.72,221310.47,701.08,102126.02,52242.63,701.08,102126.02,27790.14,701.08,102126.02,7872.69,701.08,102126.02,29001.33,701.08,98600,1659,701.08,98600,1591,701.08,98600,1602,701.08,98600,36768
702.64,257655.44,229865.89,702.64,257655.44,205539.88,702.64,257655.44,210789.32,702.64,257655.44,223872.33,702.64,102824.79,52583.03,702.64,102824.79,27967.83,702.64,102824.79,7918.71,702.64,102824.79,29214.12,702.64,98392,1605,702.64,98392,1538,702.64,98392,1552,702.64,98392,36744
704.2,259433.99,231323.39,704.2,259433.99,206884.15,704.2,259433.99,212213.11,704.2,259433.99,225487.56,704.2,104542.18,53395.46,704.2,104542.18,28400.46,704.2,104542.18,8046.53,704.2,104542.18,29710.88,704.2,98448,1562,704.2,98448,1493,704.2,98448,1501,704.2,98448,36828
705.75,261863.02,233601.39,705.75,261863.02,208854.88,705.75,261863.02,214226,705.75,261863.02,227541.31,705.75,105515.61,53880.93,705.75,105515.61,28654.39,705.75,105515.61,8115.54,705.75,105515.61,30040.55,705.75,96272,1483,705.75,96272,1414,705.75,96272,1424,705.75,96272,36196
707.31,264282.94,235769.51,707.31,264282.94,210706.94,707.31,264282.94,216175.67,707.31,264282.94,229672.03,707.31,106402.05,54302.31,707.31,106402.05,28879.25,707.31,106402.05,8171.46,707.31,106402.05,30391.88,707.31,93104,1391,707.31,93104,1325,707.31,93104,1330,707.31,93104,35308
708.86,265878.18,236966.5,708.86,265878.18,211938.03,708.86,265878.18,217383.62,708.86,265878.18,230990.01,708.86,106649.4,54399.11,708.86,106649.4,28959.51,708.86,106649.4,8185.04,708.86,106649.4,30546.4,708.86,90344,1305,708.86,90344,1242,708.86,90344,1249,708.86,90344,34492
710.42,265677.85,236923.75,710.42,265677.85,211771.75,710.42,265677.85,217253.19,710.42,265677.85,230831.52,710.42,106892.25,54502.5,710.42,106892.25,29001.88,710.42,106892.25,8197.29,710.42,106892.25,30736.37,710.42,88176,1234,710.42,88176,1169,710.42,88176,1174,710.42,88176,33760
711.97,263898.62,235232.83,711.97,263898.62,210419.1,711.97,263898.62,215779.89,711.97,263898.62,229246.07,711.97,106632.45,54361.09,711.97,106632.45,28924.33,711.97,106632.45,8170.64,711.97,106632.45,30729.31,711.97,86216,1169,711.97,86216,1106,711.97,86216,1107,711.97,86216,33020
713.52,257424.89,229704.73,713.52,257424.89,205514.96,713.52,257424.89,210679.8,713.52,257424.89,223918.8,713.52,105727.5,53879.35,713.52,105727.5,28640.32,713.52,105727.5,8085.26,713.52,105727.5,30434.38,713.52,83944,1097,713.52,83944,1033,713.52,83944,1044,713.52,83944,32000
715.08,239193.4,214016.89,715.08,239193.4,191520.14,715.08,239193.4,196300.7,715.08,239193.4,208607.74,715.08,102133.58,52082.87,715.08,102133.58,27631.2,715.08,102133.58,7809.03,715.08,102133.58,29184.5,715.08,79904,1012,715.08,79904,955,715.08,79904,960,715.08,79904,30092
716.63,214519.8,192105.79,716.63,214519.8,172163.67,716.63,214519.8,176572.98,716.63,214519.8,187445.95,716.63,93197.69,47603.72,716.63,93197.69,25183.57,716.63,93197.69,7110.51,716.63,93197.69,26161.36,716.63,71912,896,716.63,71912,841,716.63,71912,846,716.63,71912,26424
718.18,202763.8,181528.63,718.18,202763.8,162622.91,718.18,202763.8,166691.02,718.18,202763.8,177055.4,718.18,84322.11,43133.54,718.18,84322.11,22788.61,718.18,84322.11,6419.66,718.18,84322.11,23190.08,718.18,64384,790,718.18,64384,740,718.18,64384,740,718.18,64384,23072
719.73,209256.34,187066.61,719.73,209256.34,167357.5,719.73,209256.34,171673.11,719.73,209256.34,182360.21,719.73,82517.87,42191.03,719.73,82517.87,22294.64,719.73,82517.87,6271.47,719.73,82517.87,22370.21,719.73,62432,741,719.73,62432,685,719.73,62432,693,719.73,62432,22076
721.28,213682.37,191184.1,721.28,213682.37,171178.05,721.28,213682.37,175343.13,721.28,213682.37,186267.94,721.28,86964.38,44414.5,721.28,86964.38,23473.25,721.28,86964.38,6607.66,721.28,86964.38,23572.6,721.28,65064,739,721.28,65064,686,721.28,65064,691,721.28,65064,23092
722.83,207183.51,185398.34,722.83,207183.51,166029.91,722.83,207183.51,170293.73,722.83,207183.51,180875.59,722.83,85715.72,43836.11,722.83,85715.72,23143.45,722.83,85715.72,6510.54,722.83,85715.72,23117.71,722.83,63448,701,722.83,63448,651,722.83,63448,655,722.83,63448,22364
724.38,207792.36,185715.96,724.38,207792.36,166381.53,724.38,207792.36,170599.95,724.38,207792.36,181181.16,724.38,83482.05,42672.65,724.38,83482.05,22520.38,724.38,83482.05,6323.61,724.38,83482.05,22249.74,724.38,61152,664,724.38,61152,611,724.38,61152,613,724.38,61152,21356
725.92,207695,185847.4,725.92,207695,166498.71,725.92,207695,170657.6,725.92,207695,181224.42,725.92,84003.04,42925.9,725.92,84003.04,22652.56,725.92,84003.04,6364.3,725.92,84003.04,22290.16,725.92,60952,643,725.92,60952,590,725.92,60952,592,725.92,60952,21208
727.47,207075.21,185262.61,727.47,207075.21,165941.85,727.47,207075.21,170022.69,727.47,207075.21,180585.9,727.47,83950.89,42886.34,727.47,83950.89,22621.51,727.47,83950.89,6355.1,727.47,83950.89,22226.97,727.47,60392,620,727.47,60392,567,727.47,60392,571,727.47,60392,20956
729.02,210822.04,188341.62,729.02,210822.04,168693.95,729.02,210822.04,173052.03,729.02,210822.04,183820.11,729.02,84171.49,43012.35,729.02,84171.49,22693.71,729.02,84171.49,6363.72,729.02,84171.49,22201.12,729.02,60232,602,729.02,60232,545,729.02,60232,548,729.02,60232,20888
730.56,220873.46,197156.48,730.56,220873.46,176422.31,730.56,220873.46,180987.47,730.56,220873.46,192136.63,730.56,86500.12,44205.83,730.56,86500.12,23288.29,730.56,86500.12,6531.56,730.56,86500.12,22869.14,730.56,61720,595,730.56,61720,541,730.56,61720,543,730.56,61720,21588
732.11,231692.54,206823.02,732.11,231692.54,185035,732.11,231692.54,189729.76,732.11,231692.54,201584.47,732.11,91092.03,46482.47,732.11,91092.03,24515.57,732.11,91092.03,6883.78,732.11,91092.03,24433.1,732.11,65240,607,732.11,65240,546,732.11,65240,550,732.11,65240,23296
733.65,235637.42,210233.86,733.65,235637.42,188085.36,733.65,235637.42,192879.49,733.65,235637.42,204926.71,733.65,94510.27,48160.09,733.65,94510.27,25414.07,733.65,94510.27,7133,733.65,94510.27,25770.33,733.65,69192,623,733.65,69192,563,733.65,69192,569,733.65,69192,25120
735.2,237615.79,211922.01,735.2,237615.79,189569.11,735.2,237615.79,194459.88,735.2,237615.79,206566.27,735.2,96028.22,48885.52,735.2,96028.22,25805.93,735.2,96028.22,7236.26,735.2,96028.22,26397.06,735.2,71672,636,735.2,71672,573,735.2,71672,578,735.2,71672,26272
736.74,240792.8,214814.15,736.74,240792.8,192104.34,736.74,240792.8,197076.41,736.74,240792.8,209325.95,736.74,98194.12,49953.64,736.74,98194.12,26369.41,736.74,98194.12,7400.21,736.74,98194.12,27205.48,736.74,72864,632,736.74,72864,573,736.74,72864,575,736.74,72864,26912
738.29,242500.27,216315.12,738.29,242500.27,193442.34,738.29,242500.27,198498.06,738.29,242500.27,210788.7,738.29,99177.88,50418.45,738.29,99177.88,26627.16,738.29,99177.88,7462.97,738.29,99177.88,27648.49,738.29,72784,624,738.29,72784,565,738.29,72784,567,738.29,72784,27096
739.83,244870.12,218094.57,739.83,244870.12,194928.81,739.83,244870.12,200168.27,739.83,244870.12,212609.79,739.83,100119.25,50851.91,739.83,100119.25,26854.14,739.83,100119.25,7535.79,739.83,100119.25,28016.5,739.83,73048,622,739.83,73048,558,739.83,73048,561,739.83,73048,27392
741.37,247731.35,220759.75,741.37,247731.35,197335.2,741.37,247731.35,202515.29,741.37,247731.35,215175.79,741.37,101216.13,51376.28,741.37,101216.13,27125.28,741.37,101216.13,7603.75,741.37,101216.13,28444.83,741.37,73624,619,741.37,73624,556,741.37,73624,556,741.37,73624,27764
742.91,250003.76,222627.25,742.91,250003.76,198971.13,742.91,250003.76,204200.74,742.91,250003.76,216906.26,742.91,102525.88,52026.58,742.91,102525.88,27480.41,742.91,102525.88,7701.73,742.91,102525.88,28887.38,742.91,74544,621,742.91,74544,560,742.91,74544,563,742.91,74544,28220
744.45,251413,223926.21,744.45,251413,200050.56,744.45,251413,205327.04,744.45,251413,218106.3,744.45,103370.6,52407.08,744.45,103370.6,27665.39,744.45,103370.6,7752.53,744.45,103370.6,29184.78,744.45,75080,624,744.45,75080,561,744.45,75080,564,744.45,75080,28524
745.99,251597.57,224218.77,745.99,251597.57,200380.62,745.99,251597.57,205656.57,745.99,251597.57,218434.51,745.99,103897.74,52645.36,745.99,103897.74,27804.69,745.99,103897.74,7784.48,745.99,103897.74,29346.92,745.99,75424,621,745.99,75424,560,745.99,75424,562,745.99,75424,28664
747.53,250800.21,223291.29,747.53,250800.21,199632.21,747.53,250800.21,204934.5,747.53,250800.21,217639.01,747.53,103936.13,52658.18,747.53,103936.13,27811.28,747.53,103936.13,7787.37,747.53,103936.13,29356.21,747.53,75544,619,747.53,75544,560,747.53,75544,561,747.53,75544,28748
749.07,249524.51,222296.66,749.07,249524.51,198738.81,749.07,249524.51,203876.8,749.07,249524.51,216581.96,749.07,103570.69,52480.55,749.07,103570.69,27690.81,749.07,103570.69,7750.55,749.07,103570.69,29230.21,749.07,75296,621,749.07,75296,554,749.07,75296,560,749.07,75296,28644
750.61,249186.04,222033.83,750.61,249186.04,198232.03,750.61,249186.04,203519.38,750.61,249186.04,216188.08,750.61,103317.74,52322.23,750.61,103317.74,27610.59,750.61,103317.74,7725.33,750.61,103317.74,29109.69,750.61,75144,613,750.61,75144,554,750.61,75144,552,750.61,75144,28540
752.15,248982.13,221688.79,752.15,248982.13,198085.62,752.15,248982.13,203220.53,752.15,248982.13,215892.43,752.15,103272.82,52297.81,752.15,103272.82,27565.46,752.15,103272.82,7712.91,752.15,103272.82,29034.09,752.15,75288,615,752.15,75288,552,752.15,75288,554,752.15,75288,28568
753.69,247857.25,220710.98,753.69,247857.25,197174.96,753.69,247857.25,202434.11,753.69,247857.25,215000.55,753.69,103147.23,52222.76,753.69,103147.23,27534.32,753.69,103147.23,7700.21,753.69,103147.23,28926.09,753.69,75464,611,753.69,75464,548,753.69,75464,550,753.69,75464,28544
755.22,244334.66,217671.16,755.22,244334.66,194435.82,755.22,244334.66,199630.01,755.22,244334.66,212061.43,755.22,102618.92,51941.57,755.22,102618.92,27374.89,755.22,102618.92,7657.82,755.22,102618.92,28667.6,755.22,75224,609,755.22,75224,547,755.22,75224,543,755.22,75224,28380
756.76,217679.79,194717.06,756.76,217679.79,173998.8,756.76,217679.79,178556.82,756.76,217679.79,189779.21,756.76,99662.11,50440.45,756.76,99662.11,26570.71,756.76,99662.11,7428.95,756.76,99662.11,27732.69,756.76,73208,595,756.76,73208,534,756.76,73208,533,756.76,73208,27500
758.29,151518.45,136156.02,758.29,151518.45,121967.34,758.29,151518.45,125298.75,758.29,151518.45,133169.84,758.29,81481.02,41257.19,758.29,81481.02,21680.05,758.29,81481.02,6060.7,758.29,81481.02,22584.24,758.29,59624,492,758.29,59624,444,758.29,59624,444,758.29,59624,22092
759.83,119338.52,106924,759.83,119338.52,95823.54,759.83,119338.52,98209.62,759.83,119338.52,104399.59,759.83,54820.4,27835.17,759.83,54820.4,14604.26,759.83,54820.4,4065.67,759.83,54820.4,14837.48,759.83,40072,349,759.83,40072,312,759.83,40072,313,759.83,40072,14400
761.37,115550.16,103590.74,761.37,115550.16,92910.21,761.37,115550.16,95295.18,761.37,115550.16,101119.35,761.37,48426.02,24664.38,761.37,48426.02,12923.64,761.37,48426.02,3586.3,761.37,48426.02,12160.98,761.37,35528,320,761.37,35528,284,761.37,35528,287,761.37,35528,11768
762.9,123945.02,110729.28,762.9,123945.02,99273.34,762.9,123945.02,101740.51,762.9,123945.02,107986.07,762.9,47509.08,24242.29,762.9,47509.08,12665.98,762.9,47509.08,3510.25,762.9,47509.08,11176.78,762.9,34920,317,762.9,34920,282,762.9,34920,283,762.9,34920,10760
764.43,152162.63,135642.7,764.43,152162.63,121157.59,764.43,152162.63,124365.01,764.43,152162.63,132107.65,764.43,54802.3,27936.19,764.43,54802.3,14617.41,764.43,54802.3,4058.23,764.43,54802.3,12700.63,764.43,40312,351,764.43,40312,317,764.43,40312,319,764.43,40312,12360
765.97,183790.01,163714.44,765.97,183790.01,146368.58,765.97,183790.01,150134.91,765.97,183790.01,159498.91,765.97,68176.31,34629.9,765.97,68176.31,18151,765.97,68176.31,5048.89,765.97,68176.31,16450.24,765.97,49928,419,765.97,49928,378,765.97,49928,376,765.97,49928,16120
767.5,204926.98,182403.72,767.5,204926.98,163103.02,767.5,204926.98,167278.49,767.5,204926.98,177777.79,767.5,80374.72,40756.99,767.5,80374.72,21379.26,767.5,80374.72,5954.94,767.5,80374.72,20234.78,767.5,58600,480,767.5,58600,431,767.5,58600,431,767.5,58600,19828
769.03,218453.75,194456.27,769.03,218453.75,173632.88,769.03,218453.75,178219.61,769.03,218453.75,189346.35,769.03,88229.43,44629.94,769.03,88229.43,23421.65,769.03,88229.43,6525.73,769.03,88229.43,22848.59,769.03,63816,519,769.03,63816,461,769.03,63816,464,769.03,63816,22308
770.56,226352.59,201674.92,770.56,226352.59,179879.82,770.56,226352.59,184783.72,770.56,226352.59,196314.03,770.56,93135.05,47075.54,770.56,93135.05,24717.83,770.56,93135.05,6884.59,770.56,93135.05,24601.41,770.56,66832,537,770.56,66832,477,770.56,66832,479,770.56,66832,23904
772.1,230224.74,204892.23,772.1,230224.74,183067.29,772.1,230224.74,187903.5,772.1,230224.74,199648.57,772.1,96145.3,48595.3,772.1,96145.3,25502.93,772.1,96145.3,7106.37,772.1,96145.3,25710.92,772.1,68432,545,772.1,68432,487,772.1,68432,489,772.1,68432,24792
773.63,231532.17,206064.71,773.63,231532.17,184066.82,773.63,231532.17,188913.51,773.63,231532.17,200735.14,773.63,97517.32,49254.38,773.63,97517.32,25869.19,773.63,97517.32,7202.8,773.63,97517.32,26235.6,773.63,68704,545,773.63,68704,491,773.63,68704,489,773.63,68704,25052
775.16,231982.36,206503.7,775.16,231982.36,184349.9,775.16,231982.36,189319.15,775.16,231982.36,201173.05,775.16,98289.2,49607.92,775.16,98289.2,26052.2,775.16,98289.2,7249.59,775.16,98289.2,26523.69,775.16,68400,543,775.16,68400,487,775.16,68400,488,775.16,68400,25024
776.69,231112.39,205656.42,776.69,231112.39,183706.59,776.69,231112.39,188637.09,776.69,231112.39,200470.27,776.69,98358.85,49665.26,776.69,98358.85,26069.29,776.69,98358.85,7251.59,776.69,98358.85,26549.6,776.69,67608,537,776.69,67608,484,776.69,67608,481,776.69,67608,24724
778.22,230819.84,205370.47,778.22,230819.84,183509.17,778.22,230819.84,188317.92,778.22,230819.84,200173.32,778.22,98242.81,49574.47,778.22,98242.81,26023.38,778.22,98242.81,7242.08,778.22,98242.81,26468.06,778.22,66632,529,778.22,66632,472,778.22,66632,471,778.22,66632,24360
779.75,230540.44,205246.39,779.75,230540.44,183184.56,779.75,230540.44,188051.69,779.75,230540.44,199871.87,779.75,98189.98,49527.04,779.75,98189.98,25997.15,779.75,98189.98,7228.38,779.75,98189.98,26395.09,779.75,65472,521,779.75,65472,466,779.75,65472,464,779.75,65472,23908
781.28,229255.14,204138.61,781.28,229255.14,182075.76,781.28,229255.14,187095.25,781.28,229255.14,198813.75,781.28,98069.92,49456.58,781.28,98069.92,25941.17,781.28,98069.92,7216.63,781.28,98069.92,26273.27,781.28,64376,512,781.28,64376,457,781.28,64376,459,781.28,64376,23448
782.81,228070.74,203026.77,782.81,228070.74,181122.98,782.81,228070.74,186085.26,782.81,228070.74,197773.74,782.81,97556.02,49188.94,782.81,97556.02,25800.86,782.81,97556.02,7167.88,782.81,97556.02,26082.64,782.81,62992,503,782.81,62992,451,782.81,62992,453,782.81,62992,22880
784.33,225953.05,201249.27,784.33,225953.05,179653.13,784.33,225953.05,184452.28,784.33,225953.05,196037.09,784.33,97099.23,48985.44,784.33,97099.23,25677.8,784.33,97099.23,7137.37,784.33,97099.23,25868.85,784.33,61688,495,784.33,61688,442,784.33,61688,441,784.33,61688,22316
785.86,222730.01,198297.68,785.86,222730.01,177064.36,785.86,222730.01,181942.82,785.86,222730.01,193319.25,785.86,96096.23,48461.27,785.86,96096.23,25403.28,785.86,96096.23,7054.1,785.86,96096.23,25457.97,785.86,59944,480,785.86,59944,430,785.86,59944,429,785.86,59944,21552
787.39,218911.48,195076.08,787.39,218911.48,174169.26,787.39,218911.48,178806.18,787.39,218911.48,190113.76,787.39,94503.01,47690.97,787.39,94503.01,24956.52,787.39,94503.01,6929.27,787.39,94503.01,24857.49,787.39,57872,468,787.39,57872,416,787.39,57872,419,787.39,57872,20660
788.91,216488.73,192641.43,788.91,216488.73,172023.46,788.91,216488.73,176743.23,788.91,216488.73,187818.15,788.91,92901.72,46904.84,788.91,92901.72,24540.08,788.91,92901.72,6806.53,788.91,92901.72,24294.17,788.91,55880,449,788.91,55880,404,788.91,55880,405,788.91,55880,19808
790.44,214701.14,191154.36,790.44,214701.14,170682.56,790.44,214701.14,175210.79,790.44,214701.14,186204.9,790.44,92051.41,46456.15,790.44,92051.41,24304.19,790.44,92051.41,6742.6,790.44,92051.41,24008.66,790.44,54328,442,790.44,54328,395,790.44,54328,394,790.44,54328,19224
791.97,213885.34,190277.4,791.97,213885.34,169925.73,791.97,213885.34,174531.64,791.97,213885.34,185521.54,791.97,91525.64,46174.86,791.97,91525.64,24160.05,791.97,91525.64,6697.32,791.97,91525.64,23859.19,791.97,53048,433,791.97,53048,387,791.97,53048,385,791.97,53048,18776
793.49,212707.85,189393.22,793.49,212707.85,169085.53,793.49,212707.85,173574.14,793.49,212707.85,184577.77,793.49,91336.99,46094.62,793.49,91336.99,24119.28,793.49,91336.99,6684.82,793.49,91336.99,23822.99,793.49,51992,427,793.49,51992,380,793.49,51992,379,793.49,51992,18396
795.02,212008.42,188806.83,795.02,212008.42,168621.89,795.02,212008.42,173146.87,795.02,212008.42,184037.86,795.02,90680.49,45754.22,795.02,90680.49,23925.61,795.02,90680.49,6628.66,795.02,90680.49,23460.74,795.02,50616,415,795.02,50616,373,795.02,50616,371,795.02,50616,17772
796.54,212780.65,189334.12,796.54,212780.65,169095.11,796.54,212780.65,173635.33,796.54,212780.65,184522.83,796.54,90930,45866.12,796.54,90930,23963.53,796.54,90930,6640.97,796.54,90930,23458.67,796.54,49848,410,796.54,49848,364,796.54,49848,367,796.54,49848,17444
798.07,210629.5,187588.31,798.07,210629.5,167484.65,798.07,210629.5,171890.93,798.07,210629.5,182883.69,798.07,90696.64,45763.2,798.07,90696.64,23904.73,798.07,90696.64,6625.75,798.07,90696.64,23380.86,798.07,48880,401,798.07,48880,362,798.07,48880,359,798.07,48880,17108
799.59,209106.61,186375.6,799.59,209106.61,166398.45,799.59,209106.61,170762.62,799.59,209106.61,181544.68,799.59,89745.83,45273.76,799.59,89745.83,23649.72,799.59,89745.83,6547.7,799.59,89745.83,23034.14,799.59,47504,394,799.59,47504,353,799.59,47504,354,799.59,47504,16564
801.12,208178.48,185490.54,801.12,208178.48,165508.07,801.12,208178.48,169922.25,801.12,208178.48,180601.72,801.12,89264.64,45025.81,801.12,89264.64,23503.93,801.12,89264.64,6509.03,801.12,89264.64,22844.46,801.12,46408,384,801.12,46408,347,801.12,46408,346,801.12,46408,16108
802.64,208602.23,185874.58,802.64,208602.23,165656.13,802.64,208602.23,170288.52,802.64,208602.23,181145.68,802.64,88991.97,44881.75,802.64,88991.97,23446.08,802.64,88991.97,6489.31,802.64,88991.97,22730.19,802.64,45472,380,802.64,45472,339,802.64,45472,339,802.64,45472,15768
804.16,210320.08,187206.91,804.16,210320.08,166738.04,804.16,210320.08,171512.48,804.16,210320.08,182285.57,804.16,89545.61,45104.29,804.16,89545.61,23576.73,804.16,89545.61,6522.3,804.16,89545.61,22894.93,804.16,45048,376,804.16,45048,338,804.16,45048,335,804.16,45048,15660
805.68,209280.29,186325.05,805.68,209280.29,166201.94,805.68,209280.29,170698.58,805.68,209280.29,181530.28,805.68,89969.85,45352.15,805.68,89969.85,23666.81,805.68,89969.85,6548.83,805.68,89969.85,23028,805.68,44560,371,805.68,44560,333,805.68,44560,331,805.68,44560,15508
807.21,206205.17,183562.44,807.21,206205.17,164046.32,807.21,206205.17,168332.81,807.21,206205.17,178973.38,807.21,89098.65,44922.84,807.21,89098.65,23453.57,807.21,89098.65,6482.02,807.21,89098.65,22776.57,807.21,43400,363,807.21,43400,327,807.21,43400,321,807.21,43400,15092
808.73,203261.87,181040.48,808.73,203261.87,161628.69,808.73,203261.87,165919.72,808.73,203261.87,176442.95,808.73,87737.33,44263.17,808.73,87737.33,23094.17,808.73,87737.33,6369.24,808.73,87737.33,22289.38,808.73,42152,352,808.73,42152,318,808.73,42152,318,808.73,42152,14564
810.25,196413.66,175048.64,810.25,196413.66,156263.94,810.25,196413.66,160469.85,810.25,196413.66,170662.1,810.25,85812.4,43297.35,810.25,85812.4,22558.68,810.25,85812.4,6234.37,810.25,85812.4,21640.69,810.25,40752,343,810.25,40752,308,810.25,40752,306,810.25,40752,13944
811.77,184848.78,164905.94,811.77,184848.78,147358.32,811.77,184848.78,151237.54,811.77,184848.78,160714.29,811.77,81714.52,41227.08,811.77,81714.52,21493.88,811.77,81714.52,5929.21,811.77,81714.52,20356.27,811.77,38496,325,811.77,38496,297,811.77,38496,294,811.77,38496,12996
813.29,173351.96,154771.05,813.29,173351.96,138336.12,813.29,173351.96,141895.27,813.29,173351.96,150845.51,813.29,76274.18,38493.28,813.29,76274.18,20035.94,813.29,76274.18,5525.06,813.29,76274.18,18740.68,813.29,35664,305,813.29,35664,272,813.29,35664,273,813.29,35664,11840
814.81,166428.84,148450.74,814.81,166428.84,132838.18,814.81,166428.84,136255.07,814.81,166428.84,144876.15,814.81,71692.82,36286.04,814.81,71692.82,18847.25,814.81,71692.82,5188.08,814.81,71692.82,17398.09,814.81,33376,286,814.81,33376,261,814.81,33376,258,814.81,33376,10920
816.33,164968.08,147464.28,816.33,164968.08,131805.75,816.33,164968.08,135206.34,816.33,164968.08,143641.91,816.33,69651.88,35210.44,816.33,69651.88,18284.23,816.33,69651.88,5031.23,816.33,69651.88,16697.15,816.33,32272,283,816.33,32272,248,816.33,32272,247,816.33,32272,10428
817.85,169755.73,151428.03,817.85,169755.73,135054.58,817.85,169755.73,138831.03,817.85,169755.73,147519.53,817.85,69972.84,35347.36,817.85,69972.84,18358.64,817.85,69972.84,5053.14,817.85,69972.84,16693.4,817.85,32328,279,817.85,32328,250,817.85,32328,249,817.85,32328,10424
819.37,170380.39,152082.03,819.37,170380.39,135682.06,819.37,170380.39,139320.64,819.37,170380.39,148232.52,819.37,72392.16,36565.34,819.37,72392.16,19000.68,819.37,72392.16,5229.19,819.37,72392.16,17339,819.37,33448,281,819.37,33448,258,819.37,33448,254,819.37,33448,10836
820.89,161301.23,143823.42,820.89,161301.23,128556.66,820.89,161301.23,131952.2,820.89,161301.23,140348.92,820.89,70015.86,35401.74,820.89,70015.86,18361.32,820.89,70015.86,5047.72,820.89,70015.86,16704.04,820.89,32336,276,820.89,32336,248,820.89,32336,247,820.89,32336,10412
822.41,170569.89,152003.38,822.41,170569.89,135645.92,822.41,170569.89,139169.88,822.41,170569.89,147979.76,822.41,68452.51,34611.56,822.41,68452.51,17949.31,822.41,68452.51,4924.89,822.41,68452.51,16174.47,822.41,31664,268,822.41,31664,242,822.41,31664,243,822.41,31664,10160
823.93,176290.74,157443.7,823.93,176290.74,140539.11,823.93,176290.74,144135.27,823.93,176290.74,153375.05,823.93,73203.11,36970.11,823.93,73203.11,19164.83,823.93,73203.11,5266.23,823.93,73203.11,17485.86,823.93,33912,283,823.93,33912,255,823.93,33912,249,823.93,33912,10992
825.45,174063.3,155200.33,825.45,174063.3,138590.43,825.45,174063.3,142389.23,825.45,174063.3,151401.53,825.45,74141.89,37422.76,825.45,74141.89,19419.09,825.45,74141.89,5322.15,825.45,74141.89,17778.67,825.45,34336,284,825.45,34336,256,825.45,34336,255,825.45,34336,11164
826.97,173092.93,154284.16,826.97,173092.93,137878.73,826.97,173092.93,141405.37,826.97,173092.93,150339.54,826.97,72816.91,36759.87,826.97,72816.91,19058.25,826.97,72816.91,5220.18,826.97,72816.91,17440.1,826.97,33752,278,826.97,33752,249,826.97,33752,248,826.97,33752,10984
828.49,174907.52,155751.73,828.49,174907.52,139101.33,828.49,174907.52,142755.02,828.49,174907.52,151889.25,828.49,73167.42,36927.06,828.49,73167.42,19150.24,828.49,73167.42,5246.39,828.49,73167.42,17560.18,828.49,33944,276,828.49,33944,246,828.49,33944,245,828.49,33944,11056
830.01,176191.47,157048.14,830.01,176191.47,140193.69,830.01,176191.47,143809.07,830.01,176191.47,153016.6,830.01,73964.6,37316.8,830.01,73964.6,19335.55,830.01,73964.6,5305.04,830.01,73964.6,17752.81,830.01,34368,274,830.01,34368,249,830.01,34368,243,830.01,34368,11228
831.52,178849,159150.14,831.52,178849,142154.03,831.52,178849,145948.27,831.52,178849,155122.01,831.52,74576.01,37573.27,831.52,74576.01,19491.64,831.52,74576.01,5346.65,831.52,74576.01,17955.29,831.52,34640,278,831.52,34640,248,831.52,34640,247,831.52,34640,11376
833.04,182884.43,162817.44,833.04,182884.43,145083.82,833.04,182884.43,149309.82,833.04,182884.43,158643.3,833.04,76181.33,38384.24,833.04,76181.33,19917.89,833.04,76181.33,5459.58,833.04,76181.33,18454.12,833.04,35392,279,833.04,35392,248,833.04,35392,247,833.04,35392,11700
834.56,186049.35,165555.46,834.56,186049.35,147649.18,834.56,186049.35,151608.23,834.56,186049.35,161311.78,834.56,78055.76,39305.19,834.56,78055.76,20370.35,834.56,78055.76,5587.06,834.56,78055.76,18971.55,834.56,36224,287,834.56,36224,250,834.56,36224,249,834.56,36224,12044
836.08,188879.34,168122.8,836.08,188879.34,149695.54,836.08,188879.34,153862.38,836.08,188879.34,163723.03,836.08,79275.26,39923.21,836.08,79275.26,20712.25,836.08,79275.26,5680.88,836.08,79275.26,19378.22,836.08,36784,286,836.08,36784,258,836.08,36784,253,836.08,36784,12300
837.59,191454.31,170204.65,837.59,191454.31,151753.72,837.59,191454.31,155848.16,837.59,191454.31,165721.49,837.59,80497.46,40493.8,837.59,80497.46,21010.7,837.59,80497.46,5767.32,837.59,80497.46,19728.17,837.59,37312,292,837.59,37312,259,837.59,37312,252,837.59,37312,12532
839.11,192665.84,171362.19,839.11,192665.84,152805.73,839.11,192665.84,157004.26,839.11,192665.84,166904.49,839.11,81537.65,41014.27,839.11,81537.65,21272.11,839.11,81537.65,5821.2,839.11,81537.65,20077.6,839.11,37696,292,839.11,37696,258,839.11,37696,256,839.11,37696,12748
840.62,193590.16,172057.09,840.62,193590.16,153429.67,840.62,193590.16,157528.74,840.62,193590.16,167620.75,840.62,82166.49,41304.79,840.62,82166.49,21435.99,840.62,82166.49,5883.1,840.62,82166.49,20332.39,840.62,37896,292,840.62,37896,261,840.62,37896,258,840.62,37896,12892
842.14,194259.6,172657.89,842.14,194259.6,153860.25,842.14,194259.6,157988.46,842.14,194259.6,168114.26,842.14,82419.76,41439.92,842.14,82419.76,21496.34,842.14,82419.76,5892.7,842.14,82419.76,20489.92,842.14,37984,290,842.14,37984,261,842.14,37984,259,842.14,37984,12968
843.66,195935.64,173962.52,843.66,195935.64,155061.47,843.66,195935.64,159279.06,843.66,195935.64,169380.45,843.66,83083.92,41715.02,843.66,83083.92,21648.63,843.66,83083.92,5935.45,843.66,83083.92,20692.69,843.66,38088,290,843.66,38088,261,843.66,38088,257,843.66,38088,13076
845.17,195105.57,173369.11,845.17,195105.57,154454.22,845.17,195105.57,158843.31,845.17,195105.57,169032.27,845.17,83609.42,41995.3,845.17,83609.42,21793.14,845.17,83609.42,5970.33,845.17,83609.42,20889.93,845.17,38128,294,845.17,38128,260,845.17,38128,256,845.17,38128,13132
846.69,192252.45,170680.61,846.69,192252.45,152107.78,846.69,192252.45,156343.23,846.69,192252.45,166287.32,846.69,83290.28,41786.88,846.69,83290.28,21685.49,846.69,83290.28,5954.96,846.69,83290.28,20843.41,846.69,37760,287,846.69,37760,255,846.69,37760,253,846.69,37760,13016
848.2,188919.89,167816.86,848.2,188919.89,149471,848.2,188919.89,153659.8,848.2,188919.89,163495.51,848.2,81530.08,40916.36,848.2,81530.08,21235.82,848.2,81530.08,5836.49,848.2,81530.08,20445.57,848.2,36624,281,848.2,36624,249,848.2,36624,245,848.2,36624,12668
849.72,189696.71,168364.5,849.72,189696.71,149965.46,849.72,189696.71,154125.24,849.72,189696.71,163991.39,849.72,81038.1,40697.06,849.72,81038.1,21098.73,849.72,81038.1,5798.12,849.72,81038.1,20310.39,849.72,36144,279,849.72,36144,248,849.72,36144,244,849.72,36144,12484
851.23,182791.42,162487.22,851.23,182791.42,144968.81,851.23,182791.42,148906.44,851.23,182791.42,158442.45,851.23,80665.99,40477.89,851.23,80665.99,20989.01,851.23,80665.99,5757.59,851.23,80665.99,20175.02,851.23,35744,272,851.23,35744,243,851.23,35744,241,851.23,35744,12352
852.75,179767.43,159464.16,852.75,179767.43,142122.9,852.75,179767.43,145919.67,852.75,179767.43,155371.19,852.75,77044.65,38668.11,852.75,77044.65,20045.85,852.75,77044.65,5501.35,852.75,77044.65,19338.34,852.75,33920,262,852.75,33920,230,852.75,33920,228,852.75,33920,11756
854.26,186416.26,165462.71,854.26,186416.26,147703.62,854.26,186416.26,151710.24,854.26,186416.26,161347.8,854.26,77974.76,39099.56,854.26,77974.76,20304.85,854.26,77974.76,5565.93,854.26,77974.76,19502.32,854.26,34128,259,854.26,34128,231,854.26,34128,232,854.26,34128,11792
855.77,188769.28,167462.76,855.77,188769.28,149363.08,855.77,188769.28,153412.41,855.77,188769.28,163223.19,855.77,80368.22,40296.81,855.77,80368.22,20902.67,855.77,80368.22,5730.68,855.77,80368.22,20027.03,855.77,35016,267,855.77,35016,238,855.77,35016,235,855.77,35016,12040
857.29,188762.1,167727.98,857.29,188762.1,149200.53,857.29,188762.1,153450.94,857.29,188762.1,163259.6,857.29,80712.4,40451.77,857.29,80712.4,20994.78,857.29,80712.4,5760.21,857.29,80712.4,20034.75,857.29,35104,268,857.29,35104,236,857.29,35104,234,857.29,35104,12056
858.8,188492.02,167560.61,858.8,188492.02,149252.45,858.8,188492.02,153378.62,858.8,188492.02,163106.54,858.8,80601.81,40423.05,858.8,80601.81,20966.24,858.8,80601.81,5738.89,858.8,80601.81,20015.21,858.8,34920,266,858.8,34920,234,858.8,34920,234,858.8,34920,11984
860.31,188754.18,167629.08,860.31,188754.18,149357.23,860.31,188754.18,153445.08,860.31,188754.18,163294.31,860.31,80775.01,40466.47,860.31,80775.01,20979.04,860.31,80775.01,5747.08,860.31,80775.01,20040.2,860.31,34760,265,860.31,34760,238,860.31,34760,232,860.31,34760,11932
861.83,187992.31,167159.53,861.83,187992.31,148702.91,861.83,187992.31,152847.36,861.83,187992.31,162628.27,861.83,80904.01,40496.18,861.83,80904.01,20999,861.83,80904.01,5748.88,861.83,80904.01,20053.73,861.83,34576,263,861.83,34576,234,861.83,34576,229,861.83,34576,11852
863.34,181085.66,160624.32,863.34,181085.66,143396.65,863.34,181085.66,147271.48,863.34,181085.66,156610.1,863.34,79852.14,39979.64,863.34,79852.14,20726.38,863.34,79852.14,5669.29,863.34,79852.14,19855.9,863.34,33768,257,863.34,33768,230,863.34,33768,229,863.34,33768,11608
864.85,177298.54,157304.58,864.85,177298.54,140351.96,864.85,177298.54,144238.11,864.85,177298.54,153531.08,864.85,76597.3,38343.82,864.85,76597.3,19876.46,864.85,76597.3,5435.43,864.85,76597.3,19077.06,864.85,31976,247,864.85,31976,218,864.85,31976,210,864.85,31976,11048
866.37,181277.74,160868.99,866.37,181277.74,143032.77,866.37,181277.74,147291.74,866.37,181277.74,156581.44,866.37,77097.48,38622.06,866.37,77097.48,20007.58,866.37,77097.48,5467.03,866.37,77097.48,19173.55,866.37,31792,242,866.37,31792,213,866.37,31792,216,866.37,31792,10924
867.88,182238.04,161924.88,867.88,182238.04,144165.38,867.88,182238.04,148082.92,867.88,182238.04,157659.12,867.88,78408.31,39250.77,867.88,78408.31,20338.61,867.88,78408.31,5558.97,867.88,78408.31,19429.6,867.88,31760,242,867.88,31760,216,867.88,31760,212,867.88,31760,10876
869.39,181796.81,161498.82,869.39,181796.81,143738.08,869.39,181796.81,147691.47,869.39,181796.81,157161.9,869.39,78695.58,39414.3,869.39,78695.58,20400.8,869.39,78695.58,5570.55,869.39,78695.58,19469.6,869.39,31256,240,869.39,31256,211,869.39,31256,210,869.39,31256,10704
870.9,180673.03,160457.86,870.9,180673.03,142950.09,870.9,180673.03,146920.92,870.9,180673.03,156306.54,870.9,78525.59,39311.24,870.9,78525.59,20348.44,870.9,78525.59,5571.6,870.9,78525.59,19408.53,870.9,30592,233,870.9,30592,210,870.9,30592,201,870.9,30592,10472
872.41,179547.34,159406.6,872.41,179547.34,141906.26,872.41,179547.34,145805.46,872.41,179547.34,155138.98,872.41,78111.4,39115.18,872.41,78111.4,20261.38,872.41,78111.4,5528.76,872.41,78111.4,19299.86,872.41,29760,226,872.41,29760,202,872.41,29760,195,872.41,29760,10164
873.93,178869.13,158695.45,873.93,178869.13,141403.72,873.93,178869.13,145350.74,873.93,178869.13,154654.44,873.93,77693.97,38917.87,873.93,77693.97,20122.25,873.93,77693.97,5498.93,873.93,77693.97,19190.57,873.93,28960,222,873.93,28960,198,873.93,28960,196,873.93,28960,9892
875.44,178997.1,159044.37,875.44,178997.1,141529.6,875.44,178997.1,145699.79,875.44,178997.1,154938.35,875.44,77747.47,38904.85,875.44,77747.47,20116.22,875.44,77747.47,5502.27,875.44,77747.47,19125.71,875.44,28248,216,875.44,28248,191,875.44,28248,188,875.44,28248,9628
876.95,178352.81,158185.48,876.95,178352.81,141171.34,876.95,178352.81,144850.07,876.95,178352.81,154276.82,876.95,77773.04,38960.98,876.95,77773.04,20139.94,876.95,77773.04,5501.66,876.95,77773.04,19156.08,876.95,27568,215,876.95,27568,189,876.95,27568,183,876.95,27568,9404
878.46,176282.76,156553.64,878.46,176282.76,139517.91,878.46,176282.76,143254.99,878.46,176282.76,152446.21,878.46,77179.88,38611.78,878.46,77179.88,19966.34,878.46,77179.88,5458.27,878.46,77179.88,19027.52,878.46,26656,206,878.46,26656,184,878.46,26656,178,878.46,26656,9088
879.97,176679.71,156556.89,879.97,176679.71,139615,879.97,176679.71,143660.31,879.97,176679.71,152753.61,879.97,76592,38374.45,879.97,76592,19848.47,879.97,76592,5432.83,879.97,76592,18817.38,879.97,25800,197,879.97,25800,178,879.97,25800,172,879.97,25800,8760
881.48,176797.31,156713.13,881.48,176797.31,139669.87,881.48,176797.31,143453.33,881.48,176797.31,152752.87,881.48,76850.76,38459.89,881.48,76850.76,19868.45,881.48,76850.76,5441.68,881.48,76850.76,18856.05,881.48,25200,193,881.48,25200,174,881.48,25200,170,881.48,25200,8552
882.99,175279.11,155618.25,882.99,175279.11,138641.72,882.99,175279.11,142414.28,882.99,175279.11,151628.04,882.99,76794.06,38432.47,882.99,76794.06,19860.13,882.99,76794.06,5411.03,882.99,76794.06,18796.82,882.99,24496,187,882.99,24496,170,882.99,24496,165,882.99,24496,8296
884.5,173466.4,154134.3,884.5,173466.4,137190.73,884.5,173466.4,140960.11,884.5,173466.4,150140.99,884.5,75819.05,37909.52,884.5,75819.05,19622.18,884.5,75819.05,5363.64,884.5,75819.05,18566.44,884.5,23552,179,884.5,23552,162,884.5,23552,160,884.5,23552,7972
886.01,173435.81,153986.5,886.01,173435.81,137293.78,886.01,173435.81,140854.38,886.01,173435.81,149928.18,886.01,75397.32,37761.12,886.01,75397.32,19511.37,886.01,75397.32,5340.02,886.01,75397.32,18374.66,886.01,22784,178,886.01,22784,155,886.01,22784,152,886.01,22784,7688
887.52,173223.7,153801.88,887.52,173223.7,136896.26,887.52,173223.7,140985.06,887.52,173223.7,149831.03,887.52,75536.15,37780.9,887.52,75536.15,19538.31,887.52,75536.15,5349.62,887.52,75536.15,18447.86,887.52,22200,172,887.52,22200,154,887.52,22200,150,887.52,22200,7492
889.03,171800.28,152380.08,889.03,171800.28,135780.24,889.03,171800.28,139607.87,889.03,171800.28,148512.16,889.03,75180.81,37643.05,889.03,75180.81,19446.72,889.03,75180.81,5320.7,889.03,75180.81,18281.89,889.03,21520,168,889.03,21520,151,889.03,21520,147,889.03,21520,7236
890.54,167150.68,148596.71,890.54,167150.68,132351.68,890.54,167150.68,135980.01,890.54,167150.68,144638.53,890.54,74257.32,37061.03,890.54,74257.32,19159.47,890.54,74257.32,5227.77,890.54,74257.32,17975.95,890.54,20672,160,890.54,20672,142,890.54,20672,142,890.54,20672,6932
892.05,160865.77,143236.65,892.05,160865.77,127556.89,892.05,160865.77,131031.87,892.05,160865.77,139465.03,892.05,71820.02,35937.78,892.05,71820.02,18566,892.05,71820.02,5068.5,892.05,71820.02,17246.8,892.05,19440,156,892.05,19440,134,892.05,19440,134,892.05,19440,6468
893.56,150790.81,134239.54,893.56,150790.81,119778.95,893.56,150790.81,123002.09,893.56,150790.81,130885.73,893.56,68190.9,34152.68,893.56,68190.9,17612.88,893.56,68190.9,4818.15,893.56,68190.9,16267.95,893.56,17952,141,893.56,17952,128,893.56,17952,123,893.56,17952,5896
895.07,141468.98,125829.65,895.07,141468.98,112245.76,895.07,141468.98,115418.32,895.07,141468.98,122925.2,895.07,63321.73,31851.86,895.07,63321.73,16410.76,895.07,63321.73,4492.02,895.07,63321.73,14926.89,895.07,16264,130,895.07,16264,116,895.07,16264,116,895.07,16264,5268
896.58,133566.99,119308.81,896.58,133566.99,106154.48,896.58,133566.99,108960.12,896.58,133566.99,115997.23,896.58,59565.73,29888.43,896.58,59565.73,15381.53,896.58,59565.73,4203.53,896.58,59565.73,13933.86,896.58,14872,123,896.58,14872,108,896.58,14872,106,896.58,14872,4772
898.09,128711.51,114190.21,898.09,128711.51,101837.68,898.09,128711.51,104760.8,898.09,128711.51,111549.98,898.09,56122.38,28247.65,898.09,56122.38,14558.88,898.09,56122.38,3962.13,898.09,56122.38,12942.95,898.09,13616,111,898.09,13616,101,898.09,13616,100,898.09,13616,4316
899.59,126514.98,112963.26,899.59,126514.98,100863.51,899.59,126514.98,103477.06,899.59,126514.98,110204.52,899.59,54729.49,27476.37,899.59,54729.49,14136.86,899.59,54729.49,3847.17,899.59,54729.49,12502.31,899.59,12904,111,899.59,12904,95,899.59,12904,93,899.59,12904,4036
901.1,133328.04,118855.25,901.1,133328.04,105770.27,901.1,133328.04,108744.13,901.1,133328.04,115683.14,901.1,54808.93,27633.24,901.1,54808.93,14216.99,901.1,54808.93,3872.9,901.1,54808.93,12468.46,901.1,12712,103,901.1,12712,92,901.1,12712,91,901.1,12712,3900
902.61,138503.42,123237.71,902.61,138503.42,110196.15,902.61,138503.42,112976.33,902.61,138503.42,120356.44,902.61,58644.76,29439.6,902.61,58644.76,15171.95,902.61,58644.76,4144.65,902.61,58644.76,13262.89,902.61,13224,108,902.61,13224,97,902.61,13224,96,902.61,13224,4080
904.12,133239.8,118538.91,904.12,133239.8,105805.03,904.12,133239.8,108444.98,904.12,133239.8,115588.37,904.12,59111.83,29692.75,904.12,59111.83,15282.53,904.12,59111.83,4169.13,904.12,59111.83,13341.21,904.12,13024,105,904.12,13024,95,904.12,13024,93,904.12,13024,4016
905.63,123578.38,110436.26,905.63,123578.38,98671.93,905.63,123578.38,101215.57,905.63,123578.38,107627.66,905.63,55364.19,27857.74,905.63,55364.19,14306.51,905.63,55364.19,3916.95,905.63,55364.19,12400.73,905.63,11904,104,905.63,11904,88,905.63,11904,87,905.63,11904,3628
907.13,120232.74,107667.87,907.13,120232.74,95536.28,907.13,120232.74,98298.38,907.13,120232.74,104634.97,907.13,52175.62,26195.54,907.13,52175.62,13501.74,907.13,52175.62,3685.15,907.13,52175.62,11598.57,907.13,10952,89,907.13,10952,81,907.13,10952,78,907.13,10952,3308
908.64,121458.77,108295.2,908.64,121458.77,96901.53,908.64,121458.77,99335.13,908.64,121458.77,105585.06,908.64,51310.5,25820.53,908.64,51310.5,13268.37,908.64,51310.5,3617.81,908.64,51310.5,11312.55,908.64,10560,90,908.64,10560,79,908.64,10560,78,908.64,10560,3160
910.15,121126.82,108181.11,910.15,121126.82,96248.54,910.15,121126.82,99006.54,910.15,121126.82,105310.54,910.15,51947.25,26198.34,910.15,51947.25,13426.89,910.15,51947.25,3665.71,910.15,51947.25,11404.43,910.15,10464,89,910.15,10464,80,910.15,10464,81,910.15,10464,3148
911.65,117905,105161.62,911.65,117905,93681.09,911.65,117905,96264.21,911.65,117905,102406.29,911.65,50778.92,25485.05,911.65,50778.92,13105.78,911.65,50778.92,3570.39,911.65,50778.92,11165.24,911.65,9992,88,911.65,9992,76,911.65,9992,71,911.65,9992,2976
913.16,116436.31,103680.98,913.16,116436.31,92915.01,913.16,116436.31,95372.46,913.16,116436.31,101633.1,913.16,49775.34,25082.87,913.16,49775.34,12902.55,913.16,49775.34,3503.79,913.16,49775.34,10833.46,913.16,9592,82,913.16,9592,74,913.16,9592,72,913.16,9592,2852
914.66,115940.06,103322.36,914.66,115940.06,92252.1,914.66,115940.06,94632.8,914.66,115940.06,100822.62,914.66,49243.58,24800.5,914.66,49243.58,12727.88,914.66,49243.58,3464.92,914.66,49243.58,10762.11,914.66,9384,81,914.66,9384,72,914.66,9384,69,914.66,9384,2768
916.17,117341.19,104626.2,916.17,117341.19,93364.36,916.17,117341.19,95786.26,916.17,117341.19,101901.56,916.17,49024.18,24734.56,916.17,49024.18,12680.76,916.17,49024.18,3468.5,916.17,49024.18,10577.41,916.17,9168,77,916.17,9168,73,916.17,9168,65,916.17,9168,2676
917.68,123879.02,110114.69,917.68,123879.02,98808.27,917.68,123879.02,101327.63,917.68,123879.02,107779.67,917.68,51237.48,25701.05,917.68,51237.48,13179.76,917.68,51237.48,3580.45,917.68,51237.48,11050.01,917.68,9392,77,917.68,9392,70,917.68,9392,70,917.68,9392,2756
919.18,126494.37,112758.55,919.18,126494.37,100521.19,919.18,126494.37,103143.48,919.18,126494.37,109886.52,919.18,53351.62,26863.52,919.18,53351.62,13859.32,919.18,53351.62,3764.65,919.18,53351.62,11700.65,919.18,9672,79,919.18,9672,75,919.18,9672,69,919.18,9672,2892
920.68,125405.15,111358.76,920.68,125405.15,99716.7,920.68,125405.15,102184.31,920.68,125405.15,108954.42,920.68,53890.97,27094.12,920.68,53890.97,13886.8,920.68,53890.97,3795.51,920.68,53890.97,11912.07,920.68,9568,84,920.68,9568,68,920.68,9568,69,920.68,9568,2884
922.19,123390.22,110422.05,922.19,123390.22,98352.66,922.19,123390.22,100663.82,922.19,123390.22,107468.9,922.19,53188.38,26701.77,922.19,53188.38,13727.42,922.19,53188.38,3738.46,922.19,53188.38,11683.37,922.19,9320,79,922.19,9320,74,922.19,9320,70,922.19,9320,2800
923.69,124055.95,110648.01,923.69,124055.95,98671.99,923.69,124055.95,101340.56,923.69,124055.95,107914.36,923.69,52667.91,26508.93,923.69,52667.91,13571.61,923.69,52667.91,3696.38,923.69,52667.91,11526.57,923.69,9056,75,923.69,9056,67,923.69,9056,68,923.69,9056,2704
925.2,120877.74,108105.26,925.2,120877.74,96386.17,925.2,120877.74,99085.51,925.2,120877.74,105603.43,925.2,52732.27,26498.85,925.2,52732.27,13603.33,925.2,52732.27,3716.03,925.2,52732.27,11479.89,925.2,8992,79,925.2,8992,69,925.2,8992,65,925.2,8992,2700
926.7,110238.3,98093.4,926.7,110238.3,87683.49,926.7,110238.3,89952.31,926.7,110238.3,96158.22,926.7,49472.01,24937.84,926.7,49472.01,12782.89,926.7,49472.01,3476.05,926.7,49472.01,10809.39,926.7,8304,74,926.7,8304,65,926.7,8304,65,926.7,8304,2460
928.2,98183.88,88068.78,928.2,98183.88,78493.15,928.2,98183.88,80313.87,928.2,98183.88,85371.42,928.2,44611.78,22511.16,928.2,44611.78,11529.27,928.2,44611.78,3118.95,928.2,44611.78,9670.45,928.2,7360,68,928.2,7360,58,928.2,7360,57,928.2,7360,2164
929.71,84777.21,75860.51,929.71,84777.21,68178.44,929.71,84777.21,70030.36,929.71,84777.21,74557.3,929.71,39089.64,19683.43,929.71,39089.64,10095.85,929.71,39089.64,2737.66,929.71,39089.64,8409.35,929.71,6384,57,929.71,6384,52,929.71,6384,51,929.71,6384,1856
931.21,71414.52,64454.04,931.21,71414.52,58189.61,931.21,71414.52,59164.08,931.21,71414.52,62783.53,931.21,33018.76,16791.99,931.21,33018.76,8572.63,931.21,33018.76,2343.34,931.21,33018.76,7230.21,931.21,5304,49,931.21,5304,46,931.21,5304,44,931.21,5304,1552
932.71,64816.9,57725.34,932.71,64816.9,51910.25,932.71,64816.9,53612.23,932.71,64816.9,56661.6,932.71,28239.46,14359.45,932.71,28239.46,7311.58,932.71,28239.46,1983.71,932.71,28239.46,6136.93,932.71,4480,45,932.71,4480,42,932.71,4480,38,932.71,4480,1296
934.21,60529.65,54347.29,934.21,60529.65,49171.36,934.21,60529.65,49962.12,934.21,60529.65,53125.19,934.21,26215.14,13254.02,934.21,26215.14,6785.67,934.21,26215.14,1824.56,934.21,26215.14,5614.04,934.21,4072,42,934.21,4072,36,934.21,4072,33,934.21,4072,1156
935.71,57504.54,51550.78,935.71,57504.54,46032.67,935.71,57504.54,47121.77,935.71,57504.54,50026.04,935.71,23984.38,12189.59,935.71,23984.38,6267.52,935.71,23984.38,1690.26,935.71,23984.38,5009.08,935.71,3688,39,935.71,3688,34,935.71,3688,33,935.71,3688,1012
937.21,63908.07,57590.72,937.21,63908.07,52007.94,937.21,63908.07,53477.09,937.21,63908.07,56121.57,937.21,24542.4,12346.02,937.21,24542.4,6297.72,937.21,24542.4,1708.49,937.21,24542.4,4938.41,937.21,3704,37,937.21,3704,34,937.21,3704,32,937.21,3704,980
938.71,64410.32,57351.66,938.71,64410.32,51469.44,938.71,64410.32,53013.52,938.71,64410.32,56248.74,938.71,27344.01,13847.29,938.71,27344.01,7036.32,938.71,27344.01,1909.32,938.71,27344.01,5208.38,938.71,4112,40,938.71,4112,34,938.71,4112,32,938.71,4112,1036
940.21,59867.96,54236.82,940.21,59867.96,48605.67,940.21,59867.96,49642.99,940.21,59867.96,52829.03,940.21,25744.73,13124.27,940.21,25744.73,6662.9,940.21,25744.73,1826.31,940.21,25744.73,4912.15,940.21,3864,40,940.21,3864,34,940.21,3864,34,940.21,3864,952
941.71,55501.12,49501,941.71,55501.12,44400.89,941.71,55501.12,45825.92,941.71,55501.12,48450.98,941.71,24105.87,12206.48,941.71,24105.87,6243.98,941.71,24105.87,1688.95,941.71,24105.87,4427.09,941.71,3592,34,941.71,3592,33,941.71,3592,32,941.71,3592,876
943.21,54167.18,48369,943.21,54167.18,43486.33,943.21,54167.18,44783.29,943.21,54167.18,47377.21,943.21,22454.53,11383.2,943.21,22454.53,5769.57,943.21,22454.53,1565.84,943.21,22454.53,4288.19,943.21,3288,32,943.21,3288,30,943.21,3288,29,943.21,3288,808
944.71,54138.59,48755.49,944.71,54138.59,43987.61,944.71,54138.59,44679.72,944.71,54138.59,47525.07,944.71,22092.15,11255.98,944.71,22092.15,5719.82,944.71,22092.15,1528.35,944.71,22092.15,4014.37,944.71,3200,29,944.71,3200,32,944.71,3200,30,944.71,3200,768
946.21,57023.85,50808.71,946.21,57023.85,45991.99,946.21,57023.85,47157.32,946.21,57023.85,49798.75,946.21,22576.2,11447.09,946.21,22576.2,5842.79,946.21,22576.2,1570,946.21,22576.2,4160.17,946.21,3240,35,946.21,3240,29,946.21,3240,29,946.21,3240,788
947.71,57187.92,51234.11,947.71,57187.92,45907.01,947.71,57187.92,47473.81,947.71,57187.92,50059.01,947.71,23516.47,11892.15,947.71,23516.47,6013.04,947.71,23516.47,1633.83,947.71,23516.47,4285.46,947.71,3336,37,947.71,3336,28,947.71,3336,30,947.71,3336,796
949.2,60287.24,54116.1,949.2,60287.24,48894.37,949.2,60287.24,49685.55,949.2,60287.24,52612.88,949.2,23773.05,12130.21,949.2,23773.05,6159.87,949.2,23773.05,1671.97,949.2,23773.05,4494.68,949.2,3336,35,949.2,3336,29,949.2,3336,30,949.2,3336,812
950.7,58205.34,51826.67,950.7,58205.34,47202.14,950.7,58205.34,48079.2,950.7,58205.34,51109.07,950.7,24324.74,12271.7,950.7,24324.74,6245.17,950.7,24324.74,1701.37,950.7,24324.74,4536.97,950.7,3344,35,950.7,3344,29,950.7,3344,27,950.7,3344,816
952.2,60937.18,54972.43,952.2,60937.18,49168.89,952.2,60937.18,50539.17,952.2,60937.18,53360.33,952.2,24375.17,12381.04,952.2,24375.17,6370.15,952.2,24375.17,1720.36,952.2,24375.17,4532.34,952.2,3392,33,952.2,3392,31,952.2,3392,29,952.2,3392,820
953.69,60233.43,54193.76,953.69,60233.43,48154.1,953.69,60233.43,49541.59,953.69,60233.43,52643.04,953.69,25102.49,12719.34,953.69,25102.49,6443.72,953.69,25102.49,1765.02,953.69,25102.49,4650.68,953.69,3384,34,953.69,3384,30,953.69,3384,31,953.69,3384,816
955.19,63608.58,57479.63,955.19,63608.58,51185.03,955.19,63608.58,52510.21,955.19,63608.58,55823.15,955.19,25224.66,12811.18,955.19,25224.66,6505.01,955.19,25224.66,1761.18,955.19,25224.66,4772.23,955.19,3392,31,955.19,3392,33,955.19,3392,30,955.19,3392,832
956.68,64711.77,57502.95,956.68,64711.77,51970.59,956.68,64711.77,53479.42,956.68,64711.77,56832.36,956.68,26829.97,13761.92,956.68,26829.97,7011.06,956.68,26829.97,1908.17,956.68,26829.97,5117.35,956.68,3544,36,956.68,3544,28,956.68,3544,27,956.68,3544,884
958.17,65417.3,58960.53,958.17,65417.3,52503.76,958.17,65417.3,53948.04,958.17,65417.3,57346.34,958.17,26610.15,13480.53,958.17,26610.15,6813.37,958.17,26610.15,1849.55,958.17,26610.15,4971.13,958.17,3424,36,958.17,3424,32,958.17,3424,28,958.17,3424,844
959.67,70597.42,63175.2,959.67,70597.42,56270.81,959.67,70597.42,57651.69,959.67,70597.42,61276.49,959.67,28157.12,14286.03,959.67,28157.12,7276.39,959.67,28157.12,1956.18,959.67,28157.12,5335.03,959.67,3600,34,959.67,3600,31,959.67,3600,31,959.67,3600,896
961.16,72398.86,65228.92,961.16,72398.86,58933.37,961.16,72398.86,59895.19,961.16,72398.86,64004.79,961.16,29654.71,15038.31,961.16,29654.71,7609.57,961.16,29654.71,2079.45,961.16,29654.71,5575.33,961.16,3720,38,961.16,3720,34,961.16,3720,34,961.16,3720,956
962.65,75805.36,67816.5,962.65,75805.36,60537.77,962.65,75805.36,62313.07,962.65,75805.36,65863.67,962.65,31271.55,15697.09,962.65,31271.55,8063.16,962.65,31271.55,2169.08,962.65,31271.55,6009.04,962.65,3832,39,962.65,3832,30,962.65,3832,31,962.65,3832,980
964.14,77959.92,69839.09,964.14,77959.92,62801.04,964.14,77959.92,64064.28,964.14,77959.92,68214.93,964.14,32474.91,16362.36,964.14,32474.91,8337.31,964.14,32474.91,2248.26,964.14,32474.91,6276.4,964.14,3888,38,964.14,3888,34,964.14,3888,31,964.14,3888,1012
965.63,87010.05,77301.56,965.63,87010.05,69058.5,965.63,87010.05,70890.29,965.63,87010.05,75286.59,965.63,34094.1,17110.66,965.63,34094.1,8777.96,965.63,34094.1,2385.32,965.63,34094.1,6647.08,965.63,4056,39,965.63,4056,33,965.63,4056,32,965.63,4056,1056
967.12,95492.75,85421.25,967.12,95492.75,75909.28,967.12,95492.75,77774.37,967.12,95492.75,82903.38,967.12,38487.8,19470.3,967.12,38487.8,9896.86,967.12,38487.8,2716.79,967.12,38487.8,7729.9,967.12,4520,40,967.12,4520,38,967.12,4520,36,967.12,4520,1208
968.61,99991.06,89176.09,968.61,99991.06,79689.27,968.61,99991.06,81586.63,968.61,99991.06,87183.86,968.61,41598.85,21030.9,968.61,41598.85,10713.85,968.61,41598.85,2918.2,968.61,41598.85,8465.27,968.61,4752,44,968.61,4752,39,968.61,4752,39,968.61,4752,1320
970.1,102997.05,91725.67,970.1,102997.05,81620.3,970.1,102997.05,84049.48,970.1,102997.05,89296.5,970.1,43460.85,21898.88,970.1,43460.85,11202.12,970.1,43460.85,3049,970.1,43460.85,9062.77,970.1,4848,42,970.1,4848,42,970.1,4848,38,970.1,4848,1368
971.58,100413.92,89477.75,971.58,100413.92,79734.61,971.58,100413.92,82120.69,971.58,100413.92,87489.35,971.58,43805.12,21971.76,971.58,43805.12,11210.79,971.58,43805.12,3079.51,971.58,43805.12,9203.92,971.58,4744,45,971.58,4744,36,971.58,4744,36,971.58,4744,1360
973.07,99650.38,89075.24,973.07,99650.38,79110.2,973.07,99650.38,81550.62,973.07,99650.38,86533.14,973.07,42666.02,21544.93,973.07,42666.02,10984.38,973.07,42666.02,2975.67,973.07,42666.02,8971.17,973.07,4544,42,973.07,4544,39,973.07,4544,37,973.07,4544,1300
974.55,101251.65,90440.39,974.55,101251.65,80460.76,974.55,101251.65,82435.89,974.55,101251.65,88257.34,974.55,42917.49,21495.06,974.55,42917.49,11019.85,974.55,42917.49,2986.43,974.55,42917.49,9040.99,974.55,4464,40,974.55,4464,40,974.55,4464,36,974.55,4464,1268
976.04,104943.38,93661.43,976.04,104943.38,83230.95,976.04,104943.38,85678.92,976.04,104943.38,91107.03,976.04,44219.61,22406.09,976.04,44219.61,11406.73,976.04,44219.61,3092.41,976.04,44219.61,9184.64,976.04,4528,43,976.04,4528,35,976.04,4528,34,976.04,4528,1308
977.52,106092.24,94328.42,977.52,106092.24,84525.24,977.52,106092.24,86485.87,977.52,106092.24,92041.01,977.52,45327.69,22815.95,977.52,45327.69,11617.12,977.52,45327.69,3156.21,977.52,45327.69,9658.75,977.52,4472,42,977.52,4472,36,977.52,4472,36,977.52,4472,1308
979,111221.91,99088.61,979,111221.91,87854.08,979,111221.91,90550.37,979,111221.91,96279.98,979,46280,23335.44,979,46280,11843.62,979,46280,3254.06,979,46280,9889.22,979,4432,42,979,4432,38,979,4432,33,979,4432,1304
980.49,114348.33,101233.93,980.49,114348.33,90650.38,980.49,114348.33,92951.15,980.49,114348.33,98933.16,980.49,48562.16,24361.75,980.49,48562.16,12523.71,980.49,48562.16,3388.06,980.49,48562.16,10527.18,980.49,4520,38,980.49,4520,37,980.49,4520,34,980.49,4520,1340
981.97,116930.76,104647.12,981.97,116930.76,92127.26,981.97,116930.76,94843.84,981.97,116930.76,101221.88,981.97,49858.76,24929.38,981.97,49858.76,12795.43,981.97,49858.76,3483.09,981.97,49858.76,10831.67,981.97,4544,41,981.97,4544,39,981.97,4544,33,981.97,4544,1360
983.45,119299.41,106474.11,983.45,119299.41,93648.82,983.45,119299.41,96552.66,983.45,119299.41,102723.32,983.45,51326.17,25620.39,983.45,51326.17,13130.45,983.45,51326.17,3576.18,983.45,51326.17,11401.07,983.45,4520,41,983.45,4520,36,983.45,4520,35,983.45,4520,1356
984.92,121601.25,107811.41,984.92,121601.25,95275.2,984.92,121601.25,99412.15,984.92,121601.25,105554.9,984.92,52381.58,26322.4,984.92,52381.58,13446.36,984.92,52381.58,3696.1,984.92,52381.58,11581.86,984.92,4480,43,984.92,4480,39,984.92,4480,37,984.92,4480,1364
986.4,123090.2,109671.56,986.4,123090.2,97543.18,986.4,123090.2,99865.63,986.4,123090.2,106316.9,986.4,53486.64,26788.73,986.4,53486.64,13734.9,986.4,53486.64,3745.88,986.4,53486.64,11986.82,986.4,4432,38,986.4,4432,36,986.4,4432,34,986.4,4432,1364
987.88,124803.64,110906.87,987.88,124803.64,97811.84,987.88,124803.64,101686.9,987.88,124803.64,108100.79,987.88,54335.81,27261.75,987.88,54335.81,13959.33,987.88,54335.81,3800.69,987.88,54335.81,12152.83,987.88,4360,43,987.88,4360,36,987.88,4360,30,987.88,4360,1336
989.35,126236.4,111691.77,989.35,126236.4,99891.41,989.35,126236.4,101812.4,989.35,126236.4,109084.71,989.35,55308.68,27509.05,989.35,55308.68,14069.33,989.35,55308.68,3801.87,989.35,55308.68,12398.44,989.35,4248,39,989.35,4248,32,989.35,4248,35,989.35,4248,1336
990.83,127498.73,113237.13,990.83,127498.73,100972.15,990.83,127498.73,103681.86,990.83,127498.73,110384.81,990.83,55580.62,27840.47,990.83,55580.62,14271.38,990.83,55580.62,3875.09,990.83,55580.62,12691.24,990.83,4184,42,990.83,4184,37,990.83,4184,36,990.83,4184,1312
992.3,128754.53,114317.53,992.3,128754.53,102237.58,992.3,128754.53,104300.01,992.3,128754.53,111518.51,992.3,56365.26,28026.64,992.3,56365.26,14455.3,992.3,56365.26,3886.81,992.3,56365.26,12895.37,992.3,4064,36,992.3,4064,36,992.3,4064,32,992.3,4064,1284
993.77,130283.19,115603.39,993.77,130283.19,102146.91,993.77,130283.19,105663.95,993.77,130283.19,113156.76,993.77,56905.19,28560.37,993.77,56905.19,14630.45,993.77,56905.19,3987.67,993.77,56905.19,13202.43,993.77,3944,37,993.77,3944,35,993.77,3944,31,993.77,3944,1260
995.24,131158.73,116340.31,995.24,131158.73,103413.61,995.24,131158.73,105620.61,995.24,131158.73,112556.89,995.24,57517.98,28814.94,995.24,57517.98,14771.15,995.24,57517.98,4028.5,995.24,57517.98,13372.37,995.24,3856,36,995.24,3856,31,995.24,3856,32,995.24,3856,1252
996.71,130403.98,115696.76,996.71,130403.98,102950.51,996.71,130403.98,105728.54,996.71,130403.98,113572.39,996.71,57706,28910.82,996.71,57706,14831.25,996.71,57706,4047.51,996.71,57706,13414.62,996.71,3728,33,996.71,3728,31,996.71,3728,27,996.71,3728,1220
998.18,130813.98,116580.34,998.18,130813.98,102346.69,998.18,130813.98,106244,998.18,130813.98,113360.82,998.18,58057.82,28968.81,998.18,58057.82,14845.01,998.18,58057.82,4056.83,998.18,58057.82,13582.88,998.18,3624,32,998.18,3624,30,998.18,3624,28,998.18,3624,1184
999.64,131968.3,116442.61,999.64,131968.3,104092.64,999.64,131968.3,107268.35,999.64,131968.3,113972.62,999.64,58013.24,29006.62,999.64,58013.24,14939.97,999.64,58013.24,4054.69,999.64,58013.24,13661.18,999.64,3472,33,999.64,3472,29,999.64,3472,28,999.64,3472,1124
1001.11,130318.31,115716.82,1001.11,130318.31,102940.51,1001.11,130318.31,106225.85,1001.11,130318.31,112796.52,1001.11,57714.89,28728.04,1001.11,57714.89,14752.24,1001.11,57714.89,4043.92,1001.11,57714.89,13458.18,1001.11,3360,32,1001.11,3360,28,1001.11,3360,31,1001.11,3360,1104
1002.57,129150.26,114758.15,1002.57,129150.26,100366.04,1002.57,129150.26,104153.43,1002.57,129150.26,111349.49,1002.57,57429.04,28916.26,1002.57,57429.04,14861.61,1002.57,57429.04,4085.26,1002.57,57429.04,13449.42,1002.57,3176,31,1002.57,3176,27,1002.57,3176,24,1002.57,3176,1044
1004.03,129863.73,114516.19,1004.03,129863.73,101136.3,1004.03,129863.73,104087.74,1004.03,129863.73,111564.75,1004.03,57122.14,28561.07,1004.03,57122.14,14735.55,1004.03,57122.14,3955.15,1004.03,57122.14,13440.5,1004.03,3080,27,1004.03,3080,26,1004.03,3080,26,1004.03,3080,1016
1005.49,129493.17,114378.83,1005.49,129493.17,102532.45,1005.49,129493.17,104779.18,1005.49,129493.17,111110.86,1005.49,57690.55,28772.43,1005.49,57690.55,14750.43,1005.49,57690.55,3988.08,1005.49,57690.55,13621.38,1005.49,2960,27,1005.49,2960,27,1005.49,2960,24,1005.49,2960,968
1006.95,130544.07,115235.97,1006.95,130544.07,102053.99,1006.95,130544.07,105668.41,1006.95,130544.07,112046.78,1006.95,57787.46,28893.73,1006.95,57787.46,14789.03,1006.95,57787.46,4048.92,1006.95,57787.46,13686.5,1006.95,2864,25,1006.95,2864,23,1006.95,2864,24,1006.95,2864,944
1008.41,128502.53,114420.06,1008.41,128502.53,102097.9,1008.41,128502.53,103638.17,1008.41,128502.53,111559.56,1008.41,57432.64,29031.02,1008.41,57432.64,14672.86,1008.41,57432.64,4012.42,1008.41,57432.64,13768.1,1008.41,2728,26,1008.41,2728,27,1008.41,2728,21,1008.41,2728,888
1009.86,130519.85,116780.92,1009.86,130519.85,101668.09,1009.86,130519.85,105331.81,1009.86,130519.85,112659.24,1009.86,57936.51,28640.93,1009.86,57936.51,14852.37,1009.86,57936.51,3948.36,1009.86,57936.51,13420.32,1009.86,2640,26,1009.86,2640,18,1009.86,2640,24,1009.86,2640,872
1011.32,130029.51,114843.58,1011.32,130029.51,101555.9,1011.32,130029.51,104640.54,1011.32,130029.51,111047.1,1011.32,57609.45,28634.79,1011.32,57609.45,14954.67,1011.32,57609.45,4078.55,1011.32,57609.45,13765.09,1011.32,2576,25,1011.32,2576,24,1011.32,2576,18,1011.32,2576,832
1012.77,129312.99,114449.43,1012.77,129312.99,102558.58,1012.77,129312.99,105035.84,1012.77,129312.99,111972.17,1012.77,58218.81,28668.35,1012.77,58218.81,14642.91,1012.77,58218.81,3991.52,1012.77,58218.81,13849.02,1012.77,2448,23,1012.77,2448,22,1012.77,2448,19,1012.77,2448,804
1014.22,128438.41,115134.03,1014.22,128438.41,102341.36,1014.22,128438.41,104132.34,1014.22,128438.41,111552.08,1014.22,57279.4,28731.49,1014.22,57279.4,15008.3,1014.22,57279.4,4084.83,1014.22,57279.4,13677.29,1014.22,2336,23,1014.22,2336,21,1014.22,2336,17,1014.22,2336,776
1015.67,128992.13,113534.4,1015.67,128992.13,100208.76,1015.67,128992.13,105005.99,1015.67,128992.13,111935.32,1015.67,57281.68,28926.3,1015.67,57281.68,14701.03,1015.67,57281.68,4067.76,1015.67,57281.68,13701.93,1015.67,2272,25,1015.67,2272,17,1015.67,2272,20,1015.67,2272,760
1017.11,131484.48,114840.88,1017.11,131484.48,100416.42,1017.11,131484.48,104854.71,1017.11,131484.48,111789.55,1017.11,57706.79,28952.55,1017.11,57706.79,14674.58,1017.11,57706.79,4015.68,1017.11,57706.79,13881.36,1017.11,2168,21,1017.11,2168,20,1017.11,2168,19,1017.11,2168,720
1018.56,129558.92,114653.92,1018.56,129558.92,100322.18,1018.56,129558.92,104335.06,1018.56,129558.92,110927.66,1018.56,57615.17,28498.93,1018.56,57615.17,14763.89,1018.56,57615.17,3909.6,1018.56,57615.17,13786.49,1018.56,2088,18,1018.56,2088,18,1018.56,2088,20,1018.56,2088,700
1020,128573.32,114882.64,1020,128573.32,102382.46,1020,128573.32,104168.2,1020,128573.32,110120.67,1020,57545.7,28558.13,1020,57545.7,14815.87,1020,57545.7,3972.37,1020,57545.7,13849.62,1020,2040,23,1020,2040,18,1020,2040,17,1020,2040,676
1021.44,128506.52,112986.41,1021.44,128506.52,101191.13,1021.44,128506.52,103984.75,1021.44,128506.52,111434.4,1021.44,57445.68,28611.08,1021.44,57445.68,14920.23,1021.44,57445.68,3995.49,1021.44,57445.68,13970.25,1021.44,1928,21,1021.44,1928,19,1021.44,1928,15,1021.44,1928,644
1022.88,128955.56,114125.67,1022.88,128955.56,101874.89,1022.88,128955.56,104131.61,1022.88,128955.56,112191.34,1022.88,57543.37,28655.67,1022.88,57543.37,14675.88,1022.88,57543.37,4031.52,1022.88,57543.37,13689.75,1022.88,1880,17,1022.88,1880,13,1022.88,1880,17,1022.88,1880,616
1024.32,128106.05,113427.23,1024.32,128106.05,103418.95,1024.32,128106.05,104086.17,1024.32,128106.05,110424.75,1024.32,57045.02,28641.85,1024.32,57045.02,14798.29,1024.32,57045.02,3938.25,1024.32,57045.02,13485.54,1024.32,1800,20,1024.32,1800,15,1024.32,1800,15,1024.32,1800,600
1025.75,131490.05,112804.63,1025.75,131490.05,102423.83,1025.75,131490.05,104499.99,1025.75,131490.05,111074.49,1025.75,57097.98,29172.33,1025.75,57097.98,14897.84,1025.75,57097.98,3958.21,1025.75,57097.98,13962.82,1025.75,1752,17,1025.75,1752,13,1025.75,1752,15,1025.75,1752,588
1027.18,125937.42,115142.79,1027.18,125937.42,100030.3,1027.18,125937.42,104348.15,1027.18,125937.42,111184.75,1027.18,57241.45,28620.73,1027.18,57241.45,14828.39,1027.18,57241.45,4079.42,1027.18,57241.45,14245.61,1027.18,1640,15,1027.18,1640,15,1027.18,1640,15,1027.18,1640,560
1028.61,131767.62,114547.98,1028.61,131767.62,101820.43,1028.61,131767.62,104066.47,1028.61,131767.62,111927.61,1028.61,57633.33,28280.54,1028.61,57633.33,14743.41,1028.61,57633.33,3953.91,1028.61,57633.33,13671.16,1028.61,1616,14,1028.61,1616,14,1028.61,1616,14,1028.61,1616,536
1030.04,129659.78,114131.66,1030.04,129659.78,102485.57,1030.04,129659.78,104814.79,1030.04,129659.78,110637.83,1030.04,57693.75,28706.84,1030.04,57693.75,14703.5,1030.04,57693.75,4165.99,1030.04,57693.75,13863.3,1030.04,1520,16,1030.04,1520,15,1030.04,1520,17,1030.04,1520,516
1031.47,129954.33,111389.43,1031.47,129954.33,102510.56,1031.47,129954.33,104124.9,1031.47,129954.33,111389.43,1031.47,57548.68,28483.69,1031.47,57548.68,14677.82,1031.47,57548.68,4105.43,1031.47,57548.68,13515.22,1031.47,1488,17,1031.47,1488,16,1031.47,1488,12,1031.47,1488,500
1032.89,127592.15,116679.66,1032.89,127592.15,99891.22,1032.89,127592.15,106606.6,1032.89,127592.15,112062.84,1032.89,57999.84,29150.96,1032.89,57999.84,14726.52,1032.89,57999.84,4040.35,1032.89,57999.84,14197.88,1032.89,1432,14,1032.89,1432,12,1032.89,1432,15,1032.89,1432,484
1034.31,128011.69,111577.76,1034.31,128011.69,101198.43,1034.31,128011.69,102063.38,1034.31,128011.69,108982.93,1034.31,57730.67,28553.28,1034.31,57730.67,14588.7,1034.31,57730.67,3939.73,1034.31,57730.67,14354.65,1034.31,1376,15,1034.31,1376,15,1034.31,1376,13,1034.31,1376,468
1035.73,129012.55,115479.76,1035.73,129012.55,101044.79,1035.73,129012.55,102849.17,1035.73,129012.55,111419.93,1035.73,57720.73,28860.36,1035.73,57720.73,14754.46,1035.73,57720.73,4134.49,1035.73,57720.73,14268.04,1035.73,1328,14,1035.73,1328,11,1035.73,1328,13,1035.73,1328,452
1037.14,129887.55,113187.72,1037.14,129887.55,98343.43,1037.14,129887.55,103910.04,1037.14,129887.55,109940.53,1037.14,57663.39,29001.29,1037.14,57663.39,14924.64,1037.14,57663.39,4070.36,1037.14,57663.39,14415.85,1037.14,1296,12,1037.14,1296,15,1037.14,1296,12,1037.14,1296,440
1038.55,128531.52,115102.85,1038.55,128531.52,101674.19,1038.55,128531.52,104551.76,1038.55,128531.52,109347.71,1038.55,57213.36,28781.11,1038.55,57213.36,14739.42,1038.55,57213.36,4055.52,1038.55,57213.36,14477.77,1038.55,1240,13,1038.55,1240,10,1038.55,1240,12,1038.55,1240,420
1039.96,131467.61,113540.21,1039.96,131467.61,100592.64,1039.96,131467.61,104078.52,1039.96,131467.61,110552.31,1039.96,57457.46,28728.73,1039.96,57457.46,14903.03,1039.96,57457.46,3995.09,1039.96,57457.46,14543.92,1039.96,1200,17,1039.96,1200,10,1039.96,1200,10,1039.96,1200,408
1041.37,129262.43,114785.04,1041.37,129262.43,100307.65,1041.37,129262.43,102375.85,1041.37,129262.43,111165.69,1041.37,56178.95,28461.52,1041.37,56178.95,14788.83,1041.37,56178.95,3906.48,1041.37,56178.95,13765.7,1041.37,1136,12,1041.37,1136,11,1041.37,1136,9,1041.37,1136,400
1042.78,127532.88,111457.3,1042.78,127532.88,101811.96,1042.78,127532.88,103419.52,1042.78,127532.88,110385.6,1042.78,57729.31,28864.65,1042.78,57729.31,14722.91,1042.78,57729.31,3971.31,1042.78,57729.31,14141.74,1042.78,1104,12,1042.78,1104,12,1042.78,1104,11,1042.78,1104,380
1044.18,125460.18,113247.24,1044.18,125460.18,102144.57,1044.18,125460.18,104365.1,1044.18,125460.18,109361.3,1044.18,57105.95,28957.98,1044.18,57105.95,14681.49,1044.18,57105.95,4050.07,1044.18,57105.95,14580.24,1044.18,1088,7,1044.18,1088,14,1044.18,1088,7,1044.18,1088,364
1045.58,129212.94,115491.21,1045.58,129212.94,101769.48,1045.58,129212.94,104056.44,1045.58,129212.94,110917.3,1045.58,57643.12,28614.21,1045.58,57643.12,14514.45,1045.58,57643.12,4095.15,1045.58,57643.12,14307.1,1045.58,1016,13,1045.58,1016,13,1045.58,1016,10,1045.58,1016,360
1046.97,129690.95,114223.22,1046.97,129690.95,98755.49,1046.97,129690.95,105299.53,1046.97,129690.95,110653.75,1046.97,58273.55,28922.53,1046.97,58273.55,14675.51,1046.97,58273.55,3802.78,1046.97,58273.55,14139.91,1046.97,1016,8,1046.97,1016,11,1046.97,1016,13,1046.97,1016,360
1048.36,126505.43,110692.25,1048.36,126505.43,96095.47,1048.36,126505.43,100961.06,1048.36,126505.43,110084.05,1048.36,58068.4,28809.13,1048.36,58068.4,14967.24,1048.36,58068.4,3938.75,1048.36,58068.4,14179.49,1048.36,952,13,1048.36,952,10,1048.36,952,9,1048.36,952,332
1049.75,129213.45,115140.7,1049.75,129213.45,106185.31,1049.75,129213.45,104266.3,1049.75,129213.45,109383.67,1049.75,57449.34,28040.75,1049.75,57449.34,14818.28,1049.75,57449.34,4046.53,1049.75,57449.34,14590.31,1049.75,928,9,1049.75,928,10,1049.75,928,9,1049.75,928,328
1051.14,126018.68,112753.55,1051.14,126018.68,100814.94,1051.14,126018.68,105457.74,1051.14,126018.68,110100.53,1051.14,59730.62,28420.21,1051.14,59730.62,15053.08,1051.14,59730.62,4094.44,1051.14,59730.62,14932.66,1051.14,936,10,1051.14,936,9,1051.14,936,7,1051.14,936,312
1052.52,131600.15,116676.42,1052.52,131600.15,101752.69,1052.52,131600.15,103109.4,1052.52,131600.15,110571.26,1052.52,57271.73,28635.87,1052.52,57271.73,14807.44,1052.52,57271.73,3916.02,1052.52,57271.73,14929.81,1052.52,872,8,1052.52,872,8,1052.52,872,8,1052.52,872,300
1053.9,126057.2,110650.21,1053.9,126057.2,100845.76,1053.9,126057.2,104347.35,1053.9,126057.2,109949.89,1053.9,56994.97,29006.37,1053.9,56994.97,14503.18,1053.9,56994.97,4071.07,1053.9,56994.97,14248.74,1053.9,872,9,1053.9,872,8,1053.9,872,9,1053.9,872,292
1055.28,126518.89,111976.49,1055.28,126518.89,95979.85,1055.28,126518.89,103251.05,1055.28,126518.89,109068.01,1055.28,59878.42,29674.26,1055.28,59878.42,15102.08,1055.28,59878.42,4040.47,1055.28,59878.42,14572.18,1055.28,840,8,1055.28,840,6,1055.28,840,7,1055.28,840,280
1056.65,126120.74,111106.37,1056.65,126120.74,102097.74,1056.65,126120.74,101347.03,1056.65,126120.74,108854.21,1056.65,56862.38,27337.68,1056.65,56862.38,14488.97,1056.65,56862.38,4100.65,1056.65,56862.38,14488.97,1056.65,816,9,1056.65,816,8,1056.65,816,12,1056.65,816,268
1058.02,128199.27,109438.4,1058.02,128199.27,98494.56,1058.02,128199.27,103184.78,1058.02,128199.27,108656.7,1058.02,56720.7,28921.94,1058.02,56720.7,15162.96,1058.02,56720.7,4071.54,1058.02,56720.7,14320.57,1058.02,768,9,1058.02,768,10,1058.02,768,3,1058.02,768,264
1059.39,126549.81,115192.78,1059.39,126549.81,103835.74,1059.39,126549.81,106269.4,1059.39,126549.81,110325.48,1059.39,57150.84,28864.06,1059.39,57150.84,14720.67,1059.39,57150.84,4040.97,1059.39,57150.84,14432.03,1059.39,752,9,1059.39,752,5,1059.39,752,10,1059.39,752,256
1060.75,129436.55,112842.12,1060.75,129436.55,97907.13,1060.75,129436.55,103715.18,1060.75,129436.55,112012.4,1060.75,57263.18,28631.59,1060.75,57263.18,14767.87,1060.75,57263.18,3767.31,1060.75,57263.18,14165.1,1060.75,744,9,1060.75,744,8,1060.75,744,8,1060.75,744,236
1062.11,135747.41,111382.49,1062.11,135747.41,109642.14,1062.11,135747.41,107901.79,1062.11,135747.41,113993.02,1062.11,58873.4,28823.44,1062.11,58873.4,14565.03,1062.11,58873.4,3986.22,1062.11,58873.4,13491.82,1062.11,688,7,1062.11,688,6,1062.11,688,7,1062.11,688,240
1063.46,129382.91,118892.41,1063.46,129382.91,101408.23,1063.46,129382.91,103156.65,1063.46,129382.91,111024.53,1063.46,57948.52,28049.55,1063.46,57948.52,14795.37,1063.46,57948.52,4238.26,1063.46,57948.52,14178.89,1063.46,696,8,1063.46,696,9,1063.46,696,4,1063.46,696,232
1064.81,135008.1,113691.03,1064.81,135008.1,99479.66,1064.81,135008.1,104808.92,1064.81,135008.1,112802.82,1064.81,57741.44,29191.5,1064.81,57741.44,15237.32,1064.81,57741.44,4009.82,1064.81,57741.44,14756.14,1064.81,680,7,1064.81,680,6,1064.81,680,9,1064.81,680,220
1066.16,125655.35,111497,1066.16,125655.35,99108.44,1066.16,125655.35,102648.03,1066.16,125655.35,109727.21,1066.16,58705.77,29352.89,1066.16,58705.77,14676.44,1066.16,58705.77,4031.99,1066.16,58705.77,14515.16,1066.16,672,10,1066.16,672,9,1066.16,672,7,1066.16,672,224
1067.5,132148.24,115629.71,1067.5,132148.24,99111.18,1067.5,132148.24,105535.06,1067.5,132148.24,112876.62,1067.5,58029.01,28025.37,1067.5,58029.01,15001.82,1067.5,58029.01,4286.23,1067.5,58029.01,14177.54,1067.5,664,5,1067.5,664,5,1067.5,664,6,1067.5,664,212
1068.84,132518.88,117587.18,1068.84,132518.88,102655.47,1068.84,132518.88,106388.4,1068.84,132518.88,112921.02,1068.84,57785.37,29549.34,1068.84,57785.37,14446.34,1068.84,57785.37,3857.83,1068.84,57785.37,15102.99,1068.84,688,9,1068.84,688,6,1068.84,688,8,1068.84,688,224
1070.17,125313.49,110350.68,1070.17,125313.49,97258.23,1070.17,125313.49,101934.1,1070.17,125313.49,111285.86,1070.17,57838.36,28254.37,1070.17,57838.36,14459.59,1070.17,57838.36,3739.55,1070.17,57838.36,13296.18,1070.17,632,8,1070.17,632,4,1070.17,632,6,1070.17,632,224
1071.5,121045.38,111588.71,1071.5,121045.38,98349.37,1071.5,121045.38,101186.37,1071.5,121045.38,109697.38,1071.5,57033.03,29203.66,1071.5,57033.03,14773.62,1071.5,57033.03,4294.66,1071.5,57033.03,15117.19,1071.5,640,6,1071.5,640,4,1071.5,640,6,1071.5,640,208
1072.83,130641.52,118765.01,1072.83,130641.52,98970.85,1072.83,130641.52,105898.8,1072.83,130641.52,112826.76,1072.83,57690.18,28845.09,1072.83,57690.18,14422.55,1072.83,57690.18,3957.41,1072.83,57690.18,14774.31,1072.83,600,5,1072.83,600,6,1072.83,600,4,1072.83,600,212
1074.15,125397.28,109216.99,1074.15,125397.28,97081.77,1074.15,125397.28,104160.65,1074.15,125397.28,111239.53,1074.15,57453.34,27649.42,1074.15,57453.34,14901.96,1074.15,57453.34,3860.15,1074.15,57453.34,15081.5,1074.15,584,6,1074.15,584,5,1074.15,584,4,1074.15,584,212
1075.47,133954.08,107163.26,1075.47,133954.08,100980.76,1075.47,133954.08,100980.76,1075.47,133954.08,109224.09,1075.47,55008.18,27504.09,1075.47,55008.18,14668.85,1075.47,55008.18,3758.89,1075.47,55008.18,14302.13,1075.47,576,4,1075.47,576,8,1075.47,576,5,1075.47,576,204
1076.78,126041.27,107135.08,1076.78,126041.27,100833.01,1076.78,126041.27,101883.36,1076.78,126041.27,111336.45,1076.78,59350.2,28153.3,1076.78,59350.2,14647.33,1076.78,59350.2,3804.5,1076.78,59350.2,14076.65,1076.78,560,8,1076.78,560,7,1076.78,560,4,1076.78,560,192
1078.08,129962.72,116746.17,1078.08,129962.72,101326.86,1078.08,129962.72,99124.11,1078.08,129962.72,110137.89,1078.08,57253.98,28234.84,1078.08,57253.98,14901.72,1078.08,57253.98,3725.43,1078.08,57253.98,14901.72,1078.08,576,5,1078.08,576,6,1078.08,576,5,1078.08,576,192
1079.39,125017.03,109389.9,1079.39,125017.03,98227.67,1079.39,125017.03,101576.34,1079.39,125017.03,107157.45,1079.39,57454.99,29536.72,1079.39,57454.99,14566.05,1079.39,57454.99,3843.82,1079.39,57454.99,15779.89,1079.39,544,6,1079.39,544,4,1079.39,544,3,1079.39,544,192
1080.68,128589.06,119404.13,1080.68,128589.06,101034.26,1080.68,128589.06,99886.14,1080.68,128589.06,109071.08,1080.68,56711.02,27533.61,1080.68,56711.02,14999.65,1080.68,56711.02,3801.28,1080.68,56711.02,14794.18,1080.68,528,7,1080.68,528,6,1080.68,528,5,1080.68,528,180
1081.98,119548.57,119548.57,1081.98,119548.57,105202.75,1081.98,119548.57,102811.77,1081.98,119548.57,111180.17,1081.98,59279.96,29222.51,1081.98,59279.96,14193.79,1081.98,59279.96,3965.91,1081.98,59279.96,14611.26,1081.98,504,6,1081.98,504,9,1081.98,504,4,1081.98,504,180
1083.26,130098.38,110460.89,1083.26,130098.38,98187.46,1083.26,130098.38,103096.83,1083.26,130098.38,109233.55,1083.26,57620.25,29253.36,1083.26,57620.25,15291.53,1083.26,57620.25,4099.9,1083.26,57620.25,15513.15,1083.26,496,5,1083.26,496,4,1083.26,496,6,1083.26,496,160
1084.55,123578.38,113490.35,1084.55,123578.38,100880.31,1084.55,123578.38,103402.32,1084.55,123578.38,108446.34,1084.55,58977.09,29935.34,1084.55,58977.09,14967.67,1084.55,58977.09,4021.17,1084.55,58977.09,15191.07,1084.55,488,7,1084.55,488,8,1084.55,488,6,1084.55,488,180
1085.82,127606.25,117189.41,1085.82,127606.25,101564.16,1085.82,127606.25,105470.47,1085.82,127606.25,113283.1,1085.82,56236.6,29040.21,1085.82,56236.6,15211.54,1085.82,56236.6,4494.32,1085.82,56236.6,15672.49,1085.82,464,4,1085.82,464,4,1085.82,464,4,1085.82,464,168
1087.09,127558.39,111613.59,1087.09,127558.39,98326.26,1087.09,127558.39,102312.46,1087.09,127558.39,106298.66,1087.09,58468.14,28762.55,1087.09,58468.14,14617.03,1087.09,58468.14,3890.02,1087.09,58468.14,14145.52,1087.09,480,5,1087.09,480,6,1087.09,480,7,1087.09,480,164
1088.36,120431.03,109482.75,1088.36,120431.03,98534.48,1088.36,120431.03,102640.08,1088.36,120431.03,104008.62,1088.36,55016,28473.19,1088.36,55016,14477.89,1088.36,55016,3740.12,1088.36,55016,14477.89,1088.36,432,5,1088.36,432,5,1088.36,432,4,1088.36,432,148
1089.62,125343.03,116598.17,1089.62,125343.03,104938.35,1089.62,125343.03,103480.87,1089.62,125343.03,112225.73,1089.62,60132.94,27008.86,1089.62,60132.94,14523.63,1089.62,60132.94,4076.81,1089.62,60132.94,15797.64,1089.62,432,4,1089.62,432,7,1089.62,432,4,1089.62,432,152
