"WMS_52_IRR_000","WMS_52_IRR_000","WMS_52_IRR_000","WMS_52_IRR_001","WMS_52_IRR_001","WMS_52_IRR_001","WMS_52_IRR_002","WMS_52_IRR_002","WMS_52_IRR_002","WMS_52_IRR_003","WMS_52_IRR_003","WMS_52_IRR_003","WMS_52_PANEL_000","WMS_52_PANEL_000","WMS_52_PANEL_000","WMS_52_PANEL_001","WMS_52_PANEL_001","WMS_52_PANEL_001","WMS_52_PANEL_002","WMS_52_PANEL_002","WMS_52_PANEL_002","WMS_52_PANEL_003","WMS_52_PANEL_003","WMS_52_PANEL_003","WMS_52_WATER_000","WMS_52_WATER_000","WMS_52_WATER_000","WMS_52_WATER_001","WMS_52_WATER_001","WMS_52_WATER_001","WMS_52_WATER_002","WMS_52_WATER_002","WMS_52_WATER_002","WMS_52_WATER_003","WMS_52_WATER_003","WMS_52_WATER_003"
286.9,1026.08,761.62,286.9,1026.08,867.4,286.9,1026.08,846.25,286.9,1026.08,973.19,286.9,266.66,65.25,286.9,266.66,16.55,286.9,266.66,2.19,286.9,266.66,3.55,286.9,4224,8,286.9,4224,8,286.9,4224,8,286.9,4224,352
288.76,7166.52,5503.57,288.76,7166.52,6216.26,288.76,7166.52,6335.05,288.76,7166.52,6651.8,288.76,2044.82,897.33,288.76,2044.82,429.63,288.76,2044.82,135.96,288.76,2044.82,274.64,288.76,2544,52,288.76,2544,48,288.76,2544,51,288.76,2544,1156
290.62,8000.66,5892.96,290.62,8000.66,6882.28,290.62,8000.66,7054.34,290.62,8000.66,7183.38,290.62,2147.51,960.73,290.62,2147.51,443.63,290.62,2147.51,144.82,290.62,2147.51,286.81,290.62,2608,56,290.62,2608,55,290.62,2608,51,290.62,2608,1164
292.47,8196.46,6136.39,292.47,8196.46,6925.35,292.47,8196.46,6925.35,292.47,8196.46,7363.67,292.47,2321.61,1006.03,292.47,2321.61,467.3,292.47,2321.61,151.05,292.47,2321.61,303.59,292.47,2608,53,292.47,2608,52,292.47,2608,52,292.47,2608,1172
294.32,8871.76,6630.47,294.32,8871.76,7424.26,294.32,8871.76,7751.11,294.32,8871.76,8031.28,294.32,2461.53,1090.47,294.32,2461.53,510.16,294.32,2461.53,161.02,294.32,2461.53,323.63,294.32,2608,53,294.32,2608,54,294.32,2608,56,294.32,2608,1180
296.16,9227.81,6776.68,296.16,9227.81,7737.91,296.16,9227.81,7641.78,296.16,9227.81,8122.4,296.16,2602.79,1114.53,296.16,2602.79,533.91,296.16,2602.79,171.85,296.16,2602.79,345.37,296.16,2688,54,296.16,2688,53,296.16,2688,56,296.16,2688,1184
298,9823.04,7496.53,298,9823.04,8375.44,298,9823.04,8375.44,298,9823.04,9099.24,298,2744.01,1215.61,298,2744.01,575.82,298,2744.01,183.05,298,2744.01,367.88,298,2704,58,298,2704,52,298,2704,54,298,2704,1192
299.84,10714.39,7938.64,299.84,10714.39,8993.43,299.84,10714.39,9159.97,299.84,10714.39,9493.06,299.84,2936.21,1263.59,299.84,2936.21,587.97,299.84,2936.21,191.73,299.84,2936.21,381.63,299.84,2704,58,299.84,2704,52,299.84,2704,53,299.84,2704,1212
301.68,11007.43,8198.24,301.68,11007.43,9516.84,301.68,11007.43,9516.84,301.68,11007.43,10032.81,301.68,3043.78,1321.03,301.68,3043.78,633.48,301.68,3043.78,201.82,301.68,3043.78,403.65,301.68,2736,58,301.68,2736,56,301.68,2736,54,301.68,2736,1204
303.51,11525.09,8498.3,303.51,11525.09,9604.24,303.51,11525.09,9662.45,303.51,11525.09,10360.94,303.51,3206.94,1425.31,303.51,3206.94,672.16,303.51,3206.94,214.61,303.51,3206.94,427.19,303.51,2720,57,303.51,2720,55,303.51,2720,55,303.51,2720,1216
305.33,12602.83,9420.3,305.33,12602.83,10756.96,305.33,12602.83,10629.66,305.33,12602.83,11329.81,305.33,3228.67,1442.25,305.33,3228.67,676.05,305.33,3228.67,216.13,305.33,3228.67,442.51,305.33,2688,58,305.33,2688,56,305.33,2688,56,305.33,2688,1228
307.16,12924.94,9661.06,307.16,12924.94,11162.45,307.16,12924.94,11097.17,307.16,12924.94,11619.39,307.16,3667.19,1583.15,307.16,3667.19,742.38,307.16,3667.19,239.26,307.16,3667.19,489.7,307.16,2800,60,307.16,2800,58,307.16,2800,55,307.16,2800,1240
308.98,13954.28,10413.64,308.98,13954.28,11802.13,308.98,13954.28,11871.55,308.98,13954.28,12496.37,308.98,3759.06,1628.31,308.98,3759.06,772.28,308.98,3759.06,250.06,308.98,3759.06,521.06,308.98,2800,57,308.98,2800,59,308.98,2800,56,308.98,2800,1260
310.8,14640.11,11016.32,310.8,14640.11,12538.32,310.8,14640.11,12393.36,310.8,14640.11,13335.55,310.8,3974.4,1718.4,310.8,3974.4,820.8,310.8,3974.4,254.4,310.8,3974.4,552,310.8,2832,61,310.8,2832,59,310.8,2832,58,310.8,2832,1284
312.61,15838.77,11898.4,312.61,15838.77,13598.17,312.61,15838.77,13675.43,312.61,15838.77,14216.27,312.61,4224.35,1838,312.61,4224.35,858.07,312.61,4224.35,272.91,312.61,4224.35,596.59,312.61,2800,59,312.61,2800,59,312.61,2800,59,312.61,2800,1292
314.42,16719.48,12340.57,314.42,16719.48,14012.52,314.42,16719.48,13932.9,314.42,16719.48,15127.15,314.42,4600.12,1952.88,314.42,4600.12,895.07,314.42,4600.12,297,314.42,4600.12,650.96,314.42,2864,61,314.42,2864,60,314.42,2864,56,314.42,2864,1316
316.23,18398.45,13993.19,316.23,18398.45,15375.23,316.23,18398.45,15634.37,316.23,18398.45,16152.63,316.23,4893.18,2079.03,316.23,4893.18,993.57,316.23,4893.18,318.75,316.23,4893.18,712.15,316.23,2944,58,316.23,2944,60,316.23,2944,60,316.23,2944,1348
318.04,19451.29,14722.31,318.04,19451.29,16417.6,318.04,19451.29,16328.38,318.04,19451.29,17220.64,318.04,5017.31,2135.27,318.04,5017.31,997.63,318.04,5017.31,328.17,318.04,5017.31,758.43,318.04,2928,63,318.04,2928,62,318.04,2928,64,318.04,2928,1368
319.84,19576.99,14793.47,319.84,19576.99,16653.73,319.84,19576.99,16653.73,319.84,19576.99,17450.98,319.84,5291.05,2184.38,319.84,5291.05,1037.58,319.84,5291.05,339.79,319.84,5291.05,825.21,319.84,3008,66,319.84,3008,63,319.84,3008,60,319.84,3008,1440
321.64,20990.57,15766.25,321.64,20990.57,17632.08,321.64,20990.57,17725.37,321.64,20990.57,18751.58,321.64,5824.9,2420.57,321.64,5824.9,1132.62,321.64,5824.9,368.91,321.64,5824.9,922.28,321.64,2944,68,321.64,2944,65,321.64,2944,64,321.64,2944,1468
323.43,23671.03,17779.11,323.43,23671.03,19846.45,323.43,23671.03,20466.65,323.43,23671.03,21190.22,323.43,6214.1,2579.96,323.43,6214.1,1213.69,323.43,6214.1,398.78,323.43,6214.1,1047.24,323.43,3104,66,323.43,3104,64,323.43,3104,64,323.43,3104,1520
325.23,24499.41,18611.14,325.23,24499.41,20714.09,325.23,24499.41,21450.13,325.23,24499.41,22501.61,325.23,6521.23,2608.49,325.23,6521.23,1254.63,325.23,6521.23,411.12,325.23,6521.23,1148.3,325.23,3104,68,325.23,3104,63,325.23,3104,66,325.23,3104,1584
327.02,26336.41,19616.83,327.02,26336.41,22217.96,327.02,26336.41,22651.48,327.02,26336.41,23518.52,327.02,7091.11,2794.38,327.02,7091.11,1344.61,327.02,7091.11,441.32,327.02,7091.11,1280.76,327.02,3248,72,327.02,3248,68,327.02,3248,68,327.02,3248,1652
328.81,28845.84,21548.87,328.81,28845.84,24171.22,328.81,28845.84,24171.22,328.81,28845.84,25653.42,328.81,7446.7,2857.1,328.81,7446.7,1382.96,328.81,7446.7,457.82,328.81,7446.7,1382.96,328.81,3264,72,328.81,3264,72,328.81,3264,69,328.81,3264,1724
330.59,29671.85,22081.37,330.59,29671.85,25301.57,330.59,29671.85,25646.6,330.59,29671.85,26566.65,330.59,7936.78,3008.3,330.59,7936.78,1448.14,330.59,7936.78,490.05,330.59,7936.78,1576.15,330.59,3328,71,330.59,3328,72,330.59,3328,72,330.59,3328,1808
332.37,32109.3,24052.35,332.37,32109.3,27251.43,332.37,32109.3,27251.43,332.37,32109.3,28199.31,332.37,8677.27,3287.87,332.37,8677.27,1533.77,332.37,8677.27,527.5,332.37,8677.27,1796.47,332.37,3472,73,332.37,3472,73,332.37,3472,74,332.37,3472,1932
334.15,35200.13,27194.33,334.15,35200.13,30117.08,334.15,35200.13,30625.39,334.15,35200.13,32531.53,334.15,9623.13,3423.96,334.15,9623.13,1648.91,334.15,9623.13,578.92,334.15,9623.13,2085.91,334.15,3536,76,334.15,3536,75,334.15,3536,78,334.15,3536,2056
335.93,37133.31,28653.04,335.93,37133.31,31865.26,335.93,37133.31,32122.24,335.93,37133.31,33792.6,335.93,9863.14,3423.72,335.93,9863.14,1667.51,335.93,9863.14,572.1,335.93,9863.14,2226.3,335.93,3744,83,335.93,3744,76,335.93,3744,78,335.93,3744,2192
337.71,40562.83,31295.16,337.71,40562.83,35190.27,337.71,40562.83,35458.89,337.71,40562.83,36802.03,337.71,10974.63,3709.2,337.71,10974.63,1797.24,337.71,10974.63,638.12,337.71,10974.63,2624.16,337.71,3840,84,337.71,3840,80,337.71,3840,82,337.71,3840,2328
339.48,46301.61,35851.09,339.48,46301.61,39915.18,339.48,46301.61,40205.47,339.48,46301.61,41947.22,339.48,11567.34,3771.96,339.48,11567.34,1847.29,339.48,11567.34,667.35,339.48,11567.34,2887,339.48,4016,87,339.48,4016,81,339.48,4016,86,339.48,4016,2508
341.25,49326.35,38202.31,341.25,49326.35,41861.53,341.25,49326.35,42300.64,341.25,49326.35,44642.54,341.25,12305.97,3899.5,341.25,12305.97,1881.17,341.25,12305.97,700.54,341.25,12305.97,3194.07,341.25,4208,90,341.25,4208,87,341.25,4208,88,341.25,4208,2676
343.02,51408.68,40066.36,343.02,51408.68,44632.75,343.02,51408.68,45516.57,343.02,51408.68,47431.51,343.02,13458.78,3956.07,343.02,13458.78,1998.43,343.02,13458.78,749.41,343.02,13458.78,3629.79,343.02,4432,93,343.02,4432,87,343.02,4432,92,343.02,4432,2896
344.78,56316.17,44744.35,344.78,56316.17,49681.66,344.78,56316.17,49681.66,344.78,56316.17,51841.74,344.78,14408.18,4181.68,344.78,14408.18,2059.79,344.78,14408.18,786.65,344.78,14408.18,4010.9,344.78,4560,96,344.78,4560,95,344.78,4560,94,344.78,4560,3104
346.54,59550.06,46029.77,346.54,59550.06,51954.39,346.54,59550.06,52106.31,346.54,59550.06,53777.35,346.54,15075.94,4217.92,346.54,15075.94,2129.84,346.54,15075.94,816.96,346.54,15075.94,4405.85,346.54,4832,99,346.54,4832,100,346.54,4832,102,346.54,4832,3364
348.3,63133.59,49155.11,348.3,63133.59,54377.84,348.3,63133.59,55606.71,348.3,63133.59,56681.98,348.3,16073.72,4247.46,348.3,16073.72,2092.5,348.3,16073.72,861.46,348.3,16073.72,4762.78,348.3,5088,104,348.3,5088,106,348.3,5088,107,348.3,5088,3604
350.06,70408.82,55286.37,350.06,70408.82,61140.22,350.06,70408.82,62441.07,350.06,70408.82,65042.79,350.06,17531.28,4404.41,350.06,17531.28,2277.77,350.06,17531.28,928.38,350.06,17531.28,5397.56,350.06,5344,110,350.06,5344,106,350.06,5344,111,350.06,5344,3880
351.82,74156.44,57568.81,351.82,74156.44,64724.26,351.82,74156.44,64886.88,351.82,74156.44,66838.37,351.82,19116.58,4723.18,351.82,19116.58,2451.13,351.82,19116.58,998.92,351.82,19116.58,6027.1,351.82,5664,114,351.82,5664,114,351.82,5664,114,351.82,5664,4188
353.57,82093.63,63944.83,353.57,82093.63,70390.2,353.57,82093.63,71068.66,353.57,82093.63,74800.19,353.57,21254.69,4961,353.57,21254.69,2586.3,353.57,21254.69,1096.24,353.57,21254.69,6824.31,353.57,6000,119,353.57,6000,115,353.57,6000,121,353.57,6000,4476
355.32,90179.17,70829.7,355.32,90179.17,78640.5,355.32,90179.17,78462.98,355.32,90179.17,81125.75,355.32,22741.24,5079.98,355.32,22741.24,2682.42,355.32,22741.24,1163.17,355.32,22741.24,7400.4,355.32,6400,121,355.32,6400,124,355.32,6400,127,355.32,6400,4808
357.07,98503.47,77081.71,357.07,98503.47,85137.75,357.07,98503.47,86053.21,357.07,98503.47,89898.15,357.07,25764.66,5550.09,357.07,25764.66,2940.53,357.07,25764.66,1323.88,357.07,25764.66,8541.54,357.07,6720,130,357.07,6720,126,357.07,6720,131,357.07,6720,5148
358.82,108445.36,85315.4,358.82,108445.36,94036.53,358.82,108445.36,94415.71,358.82,108445.36,98397.1,358.82,27424.68,5702.91,358.82,27424.68,3092.25,358.82,27424.68,1400.38,358.82,27424.68,9169.02,358.82,7104,136,358.82,7104,134,358.82,7104,139,358.82,7104,5580
360.57,117392.67,92333.48,360.57,117392.67,102357.16,360.57,117392.67,101971.63,360.57,117392.67,106597.94,360.57,29825.56,6058.32,360.57,29825.56,3223.33,360.57,29825.56,1527.52,360.57,29825.56,10084.25,360.57,7632,147,360.57,7632,145,360.57,7632,143,360.57,7632,5996
362.31,128294.42,100161.43,362.31,128294.42,111534.34,362.31,128294.42,112332.44,362.31,128294.42,116322.94,362.31,32755.34,6278.55,362.31,32755.34,3499.96,362.31,32755.34,1649.79,362.31,32755.34,11214.56,362.31,8128,149,362.31,8128,146,362.31,8128,154,362.31,8128,6448
364.05,133517.81,104526.5,364.05,133517.81,115570.81,364.05,133517.81,116359.69,364.05,133517.81,121092.96,364.05,34948.78,6478.97,364.05,34948.78,3656.18,364.05,34948.78,1777.68,364.05,34948.78,12023.72,364.05,8608,158,364.05,8608,157,364.05,8608,162,364.05,8608,6904
365.79,142299.53,111734.48,365.79,142299.53,123474.7,365.79,142299.53,124284.37,365.79,142299.53,129344.81,365.79,38061.88,6834.47,365.79,38061.88,3958.99,365.79,38061.88,1923.93,365.79,38061.88,13141.07,365.79,9040,164,365.79,9040,163,365.79,9040,171,365.79,9040,7308
367.53,151819.91,118452.9,367.53,151819.91,131591.16,367.53,151819.91,132425.34,367.53,151819.91,137430.39,367.53,39434.71,7049.78,367.53,39434.71,4034.35,367.53,39434.71,2017.17,367.53,39434.71,13624.53,367.53,9472,168,367.53,9472,165,367.53,9472,174,367.53,9472,7672
369.27,153646.75,120693.03,369.27,153646.75,134080.48,369.27,153646.75,134904.32,369.27,153646.75,140671.22,369.27,41623.22,7309.17,369.27,41623.22,4296.23,369.27,41623.22,2137.65,369.27,41623.22,14325.42,369.27,9872,176,369.27,9872,171,369.27,9872,182,369.27,9872,7964
371,162978.79,128069.78,371,162978.79,141528.67,371,162978.79,142580.15,371,162978.79,147416.94,371,44116.15,7796.88,371,44116.15,4550.54,371,44116.15,2307.17,371,44116.15,15062.15,371,10336,181,371,10336,176,371,10336,188,371,10336,8296
372.73,179615.92,140290.42,372.73,179615.92,155313.65,372.73,179615.92,155976.43,372.73,179615.92,163267.12,372.73,47434.77,8225.51,372.73,47434.77,4912.06,372.73,47434.77,2503.26,372.73,47434.77,16029.58,372.73,10752,188,372.73,10752,186,372.73,10752,193,372.73,10752,8656
374.46,190103.59,149035.92,374.46,190103.59,165374.67,374.46,190103.59,165816.26,374.46,190103.59,172440.08,374.46,50563.96,8819.3,374.46,50563.96,5335.67,374.46,50563.96,2722.96,374.46,50563.96,16999.19,374.46,11360,195,374.46,11360,192,374.46,11360,200,374.46,11360,9148
376.19,201030.53,157117.17,376.19,201030.53,174550.11,376.19,201030.53,174991.45,376.19,201030.53,182714.91,376.19,53346.98,9282.84,376.19,53346.98,5698.96,376.19,53346.98,2926.59,376.19,53346.98,17941.45,376.19,12032,204,376.19,12032,200,376.19,12032,209,376.19,12032,9720
377.92,213802.39,167780.14,377.92,213802.39,185206.04,377.92,213802.39,186769.9,377.92,213802.39,194365.81,377.92,57154.76,10075.74,377.92,57154.76,6216.32,377.92,57154.76,3174.45,377.92,57154.76,19031.95,377.92,12864,214,377.92,12864,211,377.92,12864,222,377.92,12864,10336
379.64,227110.79,177423.22,379.64,227110.79,196481.46,379.64,227110.79,198069.65,379.64,227110.79,205556.82,379.64,59030.24,10619.66,379.64,59030.24,6611.97,379.64,59030.24,3345.77,379.64,59030.24,19561,379.64,13488,224,379.64,13488,220,379.64,13488,235,379.64,13488,10860
381.37,228658.15,177771.8,381.37,228658.15,197597.65,381.37,228658.15,198919.38,381.37,228658.15,207510.58,381.37,62915.45,11653.19,381.37,62915.45,7297.96,381.37,62915.45,3645.3,381.37,62915.45,20621.14,381.37,14128,231,381.37,14128,232,381.37,14128,242,381.37,14128,11332
383.09,243760.31,190479.37,383.09,243760.31,210681.73,383.09,243760.31,211791.75,383.09,243760.31,221559.92,383.09,64880.13,12705.21,383.09,64880.13,7850.73,383.09,64880.13,3846.14,383.09,64880.13,21002.49,383.09,14912,240,383.09,14912,238,383.09,14912,252,383.09,14912,11888
384.81,263146.22,204963.13,384.81,263146.22,227442.96,384.81,263146.22,228765.3,384.81,263146.22,238242.09,384.81,69979.14,14225.27,384.81,69979.14,8890.79,384.81,69979.14,4241.05,384.81,69979.14,22334.53,384.81,16096,261,384.81,16096,255,384.81,16096,270,384.81,16096,12784
386.53,285905.72,221979.23,386.53,285905.72,247329.39,386.53,285905.72,249313.31,386.53,285905.72,259012.5,386.53,74617.24,16041.86,386.53,74617.24,9913.19,386.53,74617.24,4628.27,386.53,74617.24,23681.51,386.53,17456,280,386.53,17456,272,386.53,17456,289,386.53,17456,13864
388.25,309911.07,241358.3,388.25,309911.07,267640.51,388.25,309911.07,270049.71,388.25,309911.07,281876.71,388.25,80261.98,18324.91,388.25,80261.98,11209.39,388.25,80261.98,5099.92,388.25,80261.98,25210.67,388.25,19040,300,388.25,19040,296,388.25,19040,311,388.25,19040,15044
389.96,334589.1,260597.61,389.96,334589.1,289456.46,389.96,334589.1,291409.32,389.96,334589.1,303777.4,389.96,88192.92,21268.75,389.96,88192.92,12847.55,389.96,88192.92,5724.33,389.96,88192.92,27504.61,389.96,20928,327,389.96,20928,321,389.96,20928,342,389.96,20928,16520
391.68,362072.33,281223.35,391.68,362072.33,313125.92,391.68,362072.33,315748.05,391.68,362072.33,328640.18,391.68,95973.2,24590.01,391.68,95973.2,14654.09,391.68,95973.2,6327.9,391.68,95973.2,29585.72,391.68,22800,356,391.68,22800,346,391.68,22800,369,391.68,22800,17892
393.39,388355.62,301438.95,393.39,388355.62,335310.89,393.39,388355.62,337441.2,393.39,388355.62,351927.31,393.39,102307.52,27867.55,393.39,102307.52,16359.99,393.39,102307.52,6855.06,393.39,102307.52,31290,393.39,24992,390,393.39,24992,379,393.39,24992,400,393.39,24992,19484
395.1,433942.76,338029.74,395.1,433942.76,374527.62,395.1,433942.76,377922.77,395.1,433942.76,393413.15,395.1,112502.97,32230.72,395.1,112502.97,18591.59,395.1,112502.97,7617.39,395.1,112502.97,34111.07,395.1,28096,433,395.1,28096,421,395.1,28096,445,395.1,28096,21800
396.81,468941.85,364505.91,396.81,468941.85,405097.22,396.81,468941.85,408360.84,396.81,468941.85,425494.86,396.81,122929.17,36878.75,396.81,122929.17,20975.6,396.81,122929.17,8417.41,396.81,122929.17,37027.56,396.81,31424,486,396.81,31424,468,396.81,31424,495,396.81,31424,24324
398.52,524851.12,408508.79,398.52,524851.12,453674.62,398.52,524851.12,457505.65,398.52,524851.12,475249.36,398.52,136440.05,42842.28,398.52,136440.05,23853.07,398.52,136440.05,9403.25,398.52,136440.05,40845.07,398.52,35840,544,398.52,35840,527,398.52,35840,562,398.52,35840,27640
400.23,550797.93,427316.36,400.23,550797.93,475618.3,400.23,550797.93,479708.38,400.23,550797.93,498795.44,400.23,147914.74,48481.24,400.23,147914.74,26476.89,400.23,147914.74,10242.34,400.23,147914.74,43878.98,400.23,39600,601,400.23,39600,582,400.23,39600,614,400.23,39600,30436
401.93,579926.47,449667.26,401.93,579926.47,500366.95,401.93,579926.47,504266.93,401.93,579926.47,524936.8,401.93,153638.06,52859.79,401.93,153638.06,28273.84,401.93,153638.06,10708.14,401.93,153638.06,45122.44,401.93,42256,640,401.93,42256,620,401.93,42256,654,401.93,42256,32268
403.64,590848.54,457350.57,403.64,590848.54,509021.01,403.64,590848.54,512862.68,403.64,590848.54,535144.35,403.64,159650.6,57685.03,403.64,159650.6,30081.89,403.64,159650.6,11190.46,403.64,159650.6,46139.6,403.64,44096,665,403.64,44096,640,403.64,44096,680,403.64,44096,33328
405.34,599303.23,463372.94,405.34,599303.23,517442.57,405.34,599303.23,520467.44,405.34,599303.23,542586.83,405.34,162664.6,61420.48,405.34,162664.6,31327.29,405.34,162664.6,11448.11,405.34,162664.6,46189.96,405.34,45456,693,405.34,45456,666,405.34,45456,702,405.34,45456,34116
407.04,622249.1,481025.44,407.04,622249.1,535559.21,407.04,622249.1,540072.35,407.04,622249.1,563954.38,407.04,167460.17,65799.67,407.04,167460.17,32782.34,407.04,167460.17,11826.32,407.04,167460.17,46682.52,407.04,47424,723,407.04,47424,691,407.04,47424,729,407.04,47424,35076
408.74,640789.91,494894.95,408.74,640789.91,552105.03,408.74,640789.91,556548.53,408.74,640789.91,579506.62,408.74,171714.49,69734.58,408.74,171714.49,34177.3,408.74,171714.49,12158.13,408.74,171714.49,47149.04,408.74,49696,759,408.74,49696,726,408.74,49696,762,408.74,49696,36464
410.44,660340.39,508887.83,410.44,660340.39,568490.58,410.44,660340.39,573019.66,410.44,660340.39,598020.2,410.44,176911.16,73825.7,410.44,176911.16,35616.67,410.44,176911.16,12533.46,410.44,176911.16,47817.64,410.44,52192,797,410.44,52192,763,410.44,52192,804,410.44,52192,37964
412.14,682572.35,525928.02,412.14,682572.35,587239.04,412.14,682572.35,591846.22,412.14,682572.35,617717.35,412.14,183189.3,78248.57,412.14,183189.3,37219.27,412.14,183189.3,12985.45,412.14,183189.3,48853.05,412.14,55360,845,412.14,55360,809,412.14,55360,852,412.14,55360,39900
413.84,698819.41,538550.83,413.84,698819.41,600099.5,413.84,698819.41,604940.4,413.84,698819.41,631911.17,413.84,188223.02,82008.38,413.84,188223.02,38549.11,413.84,188223.02,13354.9,413.84,188223.02,49505.45,413.84,58272,894,413.84,58272,850,413.84,58272,896,413.84,58272,41564
415.53,710272.58,546505.94,415.53,710272.58,610969.06,415.53,710272.58,615513.46,415.53,710272.58,642611.54,415.53,190728.41,84495.19,415.53,190728.41,39322.12,415.53,190728.41,13516,415.53,190728.41,49514.43,415.53,61040,935,415.53,61040,900,415.53,61040,936,415.53,61040,43192
417.23,717981.16,551412.15,417.23,717981.16,616370.79,417.23,717981.16,621115.88,417.23,717981.16,648768.3,417.23,192770.22,86558.56,417.23,192770.22,39902.67,417.23,192770.22,13645.46,417.23,192770.22,49395.6,417.23,63664,982,417.23,63664,936,417.23,63664,983,417.23,63664,44568
418.92,720404.87,553510.81,418.92,720404.87,618555.07,418.92,720404.87,623314.41,418.92,720404.87,651553.13,418.92,192720.57,87256.45,418.92,192720.57,40012.03,418.92,192720.57,13619.2,418.92,192720.57,48701.61,418.92,66016,1018,418.92,66016,975,418.92,66016,1016,418.92,66016,45780
420.61,721718.1,553054.88,420.61,721718.1,619254.81,420.61,721718.1,623884.18,420.61,721718.1,651506.06,420.61,194188.27,88469.89,420.61,194188.27,40398.78,420.61,194188.27,13702.65,420.61,194188.27,48428.08,420.61,68144,1061,420.61,68144,1008,420.61,68144,1054,420.61,68144,46852
422.3,716971.26,548869.54,422.3,716971.26,615109.8,422.3,716971.26,619960.35,422.3,716971.26,648457.3,422.3,193108.92,88528.52,422.3,193108.92,40316.77,422.3,193108.92,13617.43,422.3,193108.92,47585.02,422.3,69056,1076,422.3,69056,1030,422.3,69056,1072,422.3,69056,47032
423.99,715645.7,548388.65,423.99,715645.7,614219.12,423.99,715645.7,618687.25,423.99,715645.7,646389.67,423.99,192322.52,88362.41,423.99,192322.52,40199.01,423.99,192322.52,13519.23,423.99,192322.52,46609.15,423.99,69920,1092,423.99,69920,1047,423.99,69920,1090,423.99,69920,47168
425.68,715863.33,547928.37,425.68,715863.33,613892.28,425.68,715863.33,619057.24,425.68,715863.33,647243.16,425.68,191753.26,88364.05,425.68,191753.26,40124.86,425.68,191753.26,13454.73,425.68,191753.26,45763.86,425.68,70368,1103,425.68,70368,1059,425.68,70368,1101,425.68,70368,47020
427.37,709568.64,542268.41,427.37,709568.64,608284.97,427.37,709568.64,613239.85,427.37,709568.64,641220.38,427.37,191434.32,88552.92,427.37,191434.32,40130.66,427.37,191434.32,13407.95,427.37,191434.32,44890.15,427.37,70448,1109,427.37,70448,1064,427.37,70448,1104,427.37,70448,46684
429.06,710841.47,543054.39,429.06,710841.47,608918.81,429.06,710841.47,613716.88,429.06,710841.47,642359.91,429.06,190722.24,88412.6,429.06,190722.24,40062.53,429.06,190722.24,13345.13,429.06,190722.24,43939.4,429.06,70608,1120,429.06,70608,1071,429.06,70608,1111,429.06,70608,46292
430.74,750642.41,572599.87,430.74,750642.41,641734.18,430.74,750642.41,647374.84,430.74,750642.41,677024.5,430.74,196353.75,91204.03,430.74,196353.75,41306.89,430.74,196353.75,13716.55,430.74,196353.75,44339.54,430.74,73200,1168,430.74,73200,1118,430.74,73200,1154,430.74,73200,47452
432.43,795120.42,606738.49,432.43,795120.42,680490.44,432.43,795120.42,686207.65,432.43,795120.42,717795.21,432.43,210810.15,97974.38,432.43,210810.15,44396.6,432.43,210810.15,14711.79,432.43,210810.15,46928.57,432.43,79040,1267,432.43,79040,1211,432.43,79040,1250,432.43,79040,50856
434.11,826801.82,629527.33,434.11,826801.82,706912.03,434.11,826801.82,712701.76,434.11,826801.82,745463.16,434.11,218624.41,101885.96,434.11,218624.41,46171.49,434.11,218624.41,15258.2,434.11,218624.41,48001.59,434.11,83168,1330,434.11,83168,1277,434.11,83168,1320,434.11,83168,53084
435.79,854643.35,650142.86,435.79,854643.35,730200.86,435.79,854643.35,736146.45,435.79,854643.35,770437.26,435.79,226558.08,105659.14,435.79,226558.08,47861.95,435.79,226558.08,15801.35,435.79,226558.08,48963.47,435.79,87920,1417,435.79,87920,1359,435.79,87920,1401,435.79,87920,55744
437.47,862639.89,655968.56,437.47,862639.89,737069.15,437.47,862639.89,743151.69,437.47,862639.89,777754.61,437.47,229405.37,107086.24,437.47,229405.37,48535.85,437.47,229405.37,15999.18,437.47,229405.37,48865.17,437.47,91120,1477,437.47,91120,1419,437.47,91120,1459,437.47,91120,57352
439.15,888627.35,674693.67,439.15,888627.35,758372.53,439.15,888627.35,765214.2,439.15,888627.35,800475.1,439.15,234530.23,109391.55,439.15,234530.23,49624.81,439.15,234530.23,16345.04,439.15,234530.23,49148.12,439.15,95680,1566,439.15,95680,1502,439.15,95680,1539,439.15,95680,59700
440.83,925338.32,702352.85,440.83,925338.32,789954.28,440.83,925338.32,796376.68,440.83,925338.32,834140.35,440.83,244666.82,114015.9,440.83,244666.82,51851.73,440.83,244666.82,17037.23,440.83,244666.82,50544.58,440.83,102096,1681,440.83,102096,1609,440.83,102096,1654,440.83,102096,63080
442.51,948734.49,719570.36,442.51,948734.49,809064.2,442.51,948734.49,816053.95,442.51,948734.49,854497.61,442.51,252315.63,117496.24,442.51,252315.63,53468.01,442.51,252315.63,17562.45,442.51,252315.63,51483.06,442.51,108064,1794,442.51,108064,1721,442.51,108064,1759,442.51,108064,66224
444.19,960927.65,728030.6,444.19,960927.65,819807.32,444.19,960927.65,826596.61,444.19,960927.65,865392.58,444.19,255902.81,118949.11,444.19,255902.81,54211.79,444.19,255902.81,17776.11,444.19,255902.81,51527.1,444.19,112816,1891,444.19,112816,1820,444.19,112816,1859,444.19,112816,68604
445.86,980223.2,742873.56,445.86,980223.2,835821.67,445.86,980223.2,842935.04,445.86,980223.2,882651.39,445.86,259205.42,120323.14,445.86,259205.42,54914.02,445.86,259205.42,17981.02,445.86,259205.42,51530.53,445.86,117552,1988,445.86,117552,1913,445.86,117552,1950,445.86,117552,70812
447.54,998647.39,755936.68,447.54,998647.39,851283.18,447.54,998647.39,858929.44,447.54,998647.39,899709.47,447.54,266319.11,123302.89,447.54,266319.11,56395.53,447.54,266319.11,18435.74,447.54,266319.11,52278.88,447.54,122992,2102,447.54,122992,2023,447.54,122992,2059,447.54,122992,73392
449.21,1009994.78,763637.95,449.21,1009994.78,860429.11,449.21,1009994.78,867708.36,449.21,1009994.78,908995.3,449.21,270018.63,124757.44,449.21,270018.63,57145.24,449.21,270018.63,18643.36,449.21,270018.63,52349.09,449.21,126688,2182,449.21,126688,2103,449.21,126688,2138,449.21,126688,74972
450.89,1008500.15,762585.09,450.89,1008500.15,859573.62,450.89,1008500.15,866573.96,450.89,1008500.15,908237.26,450.89,271258.67,125084.66,450.89,271258.67,57383.83,450.89,271258.67,18664.87,450.89,271258.67,51919.38,450.89,128240,2225,450.89,128240,2154,450.89,128240,2185,450.89,128240,75272
452.56,1001518.04,756239.11,452.56,1001518.04,852502.08,452.56,1001518.04,860505.2,452.56,1001518.04,901535.32,452.56,268084.57,123524.71,452.56,268084.57,56738.08,452.56,268084.57,18393.33,452.56,268084.57,50605.19,452.56,127040,2230,452.56,127040,2159,452.56,127040,2186,452.56,127040,73900
454.23,1010353.05,762153.01,454.23,1010353.05,859532.39,454.23,1010353.05,867358.52,454.23,1010353.05,908948.8,454.23,270986.18,124710.54,454.23,270986.18,57305.4,454.23,270986.18,18545.84,454.23,270986.18,50356.49,454.23,128320,2279,454.23,128320,2203,454.23,128320,2228,454.23,128320,73868
455.9,1032914.23,778917.09,455.9,1032914.23,878789.75,455.9,1032914.23,886860.27,455.9,1032914.23,929118.4,455.9,275572.68,126662.15,455.9,275572.68,58224.19,455.9,275572.68,18820.08,455.9,275572.68,50485.62,455.9,130576,2334,455.9,130576,2260,455.9,130576,2284,455.9,130576,74440
457.57,1036856.76,781454.13,457.57,1036856.76,881834.6,457.57,1036856.76,889179.51,457.57,1036856.76,932358.69,457.57,277798.16,127558.06,457.57,277798.16,58661.4,457.57,277798.16,18923.55,457.57,277798.16,50173.36,457.57,132128,2384,457.57,132128,2314,457.57,132128,2337,457.57,132128,74652
459.24,1043002.97,785517.44,459.24,1043002.97,886711.67,459.24,1043002.97,894833.55,459.24,1043002.97,938077.07,459.24,279102.42,128259.02,459.24,279102.42,59003.08,459.24,279102.42,18981.83,459.24,279102.42,49705.29,459.24,134080,2447,459.24,134080,2374,459.24,134080,2393,459.24,134080,75084
460.91,1055818.42,794863.61,460.91,1055818.42,897018.66,460.91,1055818.42,905126.2,460.91,1055818.42,949015.04,460.91,282064.87,129608.21,460.91,282064.87,59596.82,460.91,282064.87,19131.42,460.91,282064.87,49528.01,460.91,137632,2537,460.91,137632,2459,460.91,137632,2476,460.91,137632,76336
462.58,1057624.19,795210.15,462.58,1057624.19,897838.48,462.58,1057624.19,906443.96,462.58,1057624.19,950958.73,462.58,282838.59,129996.29,462.58,282838.59,59817.63,462.58,282838.59,19168.26,462.58,282838.59,49017.5,462.58,140272,2611,462.58,140272,2539,462.58,140272,2553,462.58,140272,77164
464.24,1051138.04,790166.56,464.24,1051138.04,893042.57,464.24,1051138.04,901019.87,464.24,1051138.04,944946.79,464.24,281061.9,129137.27,464.24,281061.9,59397.55,464.24,281061.9,19025.52,464.24,281061.9,48000.54,464.24,142544,2692,464.24,142544,2617,464.24,142544,2626,464.24,142544,77748
465.91,1053997.92,791404.63,465.91,1053997.92,894609.43,465.91,1053997.92,902463.06,465.91,1053997.92,946966.99,465.91,281100.76,129228.62,465.91,281100.76,59419.78,465.91,281100.76,19022.88,465.91,281100.76,47330.5,465.91,146544,2798,465.91,146544,2725,465.91,146544,2733,465.91,146544,79148
467.57,1062281.88,796930.83,467.57,1062281.88,901081.85,467.57,1062281.88,909761.1,467.57,1062281.88,953547.44,467.57,282815.18,130028.67,467.57,282815.18,59783.3,467.57,282815.18,19151.69,467.57,282815.18,46944.33,467.57,152048,2944,467.57,152048,2870,467.57,152048,2873,467.57,152048,81328
469.24,1067314.35,800722.18,469.24,1067314.35,905316.34,469.24,1067314.35,913638.48,469.24,1067314.35,958937.4,469.24,284198.52,130606.92,469.24,284198.52,60085.74,469.24,284198.52,19264.25,469.24,284198.52,46549.44,469.24,158016,3095,469.24,158016,3025,469.24,158016,3022,469.24,158016,83640
470.9,1076248.64,807049.04,470.9,1076248.64,912786.39,470.9,1076248.64,921216.06,470.9,1076248.64,966937.84,470.9,287291.37,132006.71,470.9,287291.37,60726.87,470.9,287291.37,19505.02,470.9,287291.37,46402.43,470.9,164384,3262,470.9,164384,3189,470.9,164384,3185,470.9,164384,85996
472.56,1083128.08,812144.64,472.56,1083128.08,918496.91,472.56,1083128.08,927180.55,472.56,1083128.08,972747.31,472.56,289497.42,133054.29,472.56,289497.42,61237.63,472.56,289497.42,19710.63,472.56,289497.42,46165.39,472.56,170160,3418,472.56,170160,3348,472.56,170160,3336,472.56,170160,88016
474.22,1084051.25,811502.83,474.22,1084051.25,918732.11,474.22,1084051.25,927770.26,474.22,1084051.25,973926.24,474.22,290194.48,133257.63,474.22,290194.48,61357.37,474.22,290194.48,19831.35,474.22,290194.48,45664.25,474.22,173872,3544,474.22,173872,3469,474.22,173872,3454,474.22,173872,89052
475.88,1080157.94,808542.31,475.88,1080157.94,915461.27,475.88,1080157.94,923924.97,475.88,1080157.94,969698.04,475.88,290156.8,133132.34,475.88,290156.8,61339.07,475.88,290156.8,19910.57,475.88,290156.8,45037.1,475.88,176128,3626,475.88,176128,3560,475.88,176128,3538,475.88,176128,89404
477.54,1086494.2,813063.27,477.54,1086494.2,920559.41,477.54,1086494.2,929165.98,477.54,1086494.2,975899.69,477.54,292460.29,134060.94,477.54,292460.29,61838.87,477.54,292460.29,20142.42,477.54,292460.29,44824.72,477.54,178320,3712,477.54,178320,3650,477.54,178320,3621,477.54,178320,89912
479.2,1080271.42,807716.76,479.2,1080271.42,914974.07,479.2,1080271.42,923623.85,479.2,1080271.42,969986.69,479.2,292665.2,134141.94,479.2,292665.2,61919.83,479.2,292665.2,20234.43,479.2,292665.2,44413.22,479.2,177296,3733,479.2,177296,3675,479.2,177296,3641,479.2,177296,89156
480.86,1060304.32,792397.31,480.86,1060304.32,897997.62,480.86,1060304.32,906073.45,480.86,1060304.32,952421.72,480.86,289349.68,132570.44,480.86,289349.68,61190.71,480.86,289349.68,20059.25,480.86,289349.68,43408.12,480.86,172912,3678,480.86,172912,3621,480.86,172912,3584,480.86,172912,86624
482.52,1028412.84,768033.72,482.52,1028412.84,870277.76,482.52,1028412.84,878656.96,482.52,1028412.84,923405.45,482.52,281734.85,128990.8,482.52,281734.85,59591.09,482.52,281734.85,19569.57,482.52,281734.85,41773.26,482.52,165200,3543,482.52,165200,3498,482.52,165200,3457,482.52,165200,82392
484.17,1000958.7,747334.03,484.17,1000958.7,847566.21,484.17,1000958.7,855108.61,484.17,1000958.7,899181.69,484.17,272032.68,124478.35,484.17,272032.68,57536.76,484.17,272032.68,18926.02,484.17,272032.68,39793.71,484.17,156432,3397,484.17,156432,3350,484.17,156432,3309,484.17,156432,77728
485.83,995552.32,742741.47,485.83,995552.32,841964.42,485.83,995552.32,849994.56,485.83,995552.32,893191.15,485.83,266207.26,121725.92,485.83,266207.26,56265.12,485.83,266207.26,18532.24,485.83,266207.26,38308.36,485.83,150480,3296,485.83,150480,3256,485.83,150480,3215,485.83,150480,74332
487.49,1039708.32,775340.84,487.49,1039708.32,879292.98,487.49,1039708.32,887519.41,487.49,1039708.32,932764.76,487.49,277343.04,126584.02,487.49,277343.04,58587.26,487.49,277343.04,19295.27,487.49,277343.04,39247.86,487.49,154480,3411,487.49,154480,3368,487.49,154480,3322,487.49,154480,75564
489.14,1066967.48,795067.1,489.14,1066967.48,901895.16,489.14,1066967.48,910523.94,489.14,1066967.48,957044.32,489.14,285444.87,130232.38,489.14,285444.87,60299.13,489.14,285444.87,19859.67,489.14,285444.87,39887.88,489.14,157904,3520,489.14,157904,3482,489.14,157904,3427,489.14,157904,76732
490.79,1074459.49,800413.11,490.79,1074459.49,908390.55,490.79,1074459.49,916875.83,490.79,1074459.49,963684.7,490.79,287715.71,131218.8,490.79,287715.71,60805.58,490.79,287715.71,20000.63,490.79,287715.71,39714.01,490.79,159760,3588,490.79,159760,3550,490.79,159760,3497,490.79,159760,77196
492.45,1091812.35,812957.95,492.45,1091812.35,922166.74,492.45,1091812.35,931351.67,492.45,1091812.35,978745.89,492.45,290570.94,132436.03,492.45,290570.94,61366.33,492.45,290570.94,20187.24,492.45,290570.94,39554.82,492.45,163632,3714,492.45,163632,3677,492.45,163632,3619,492.45,163632,78440
494.1,1101475.49,819779.91,494.1,1101475.49,930430,494.1,1101475.49,939852.76,494.1,1101475.49,987863.96,494.1,294868.02,134411.22,494.1,294868.02,62342.75,494.1,294868.02,20461.85,494.1,294868.02,39641.5,494.1,169408,3887,494.1,169408,3850,494.1,169408,3782,494.1,169408,80628
495.75,1097846.39,816564.11,495.75,1097846.39,927351.15,495.75,1097846.39,936590.67,495.75,1097846.39,984531.56,495.75,294391.17,134123.01,495.75,294391.17,62229.59,495.75,294391.17,20403.66,495.75,294391.17,39105.82,495.75,174112,4036,495.75,174112,4001,495.75,174112,3930,495.75,174112,82252
497.4,1078960.2,802210.91,497.4,1078960.2,910485.81,497.4,1078960.2,920084.05,497.4,1078960.2,966728.14,497.4,289984.06,132102.37,497.4,289984.06,61292.44,497.4,289984.06,20073.54,497.4,289984.06,38075.52,497.4,177456,4163,497.4,177456,4132,497.4,177456,4054,497.4,177456,83228
499.05,1067272.62,793334.17,499.05,1067272.62,901010.81,499.05,1067272.62,909774.24,499.05,1067272.62,956674.84,499.05,286262.86,130386.26,499.05,286262.86,60550.25,499.05,286262.86,19793.83,499.05,286262.86,37105.57,499.05,181392,4308,499.05,181392,4282,499.05,181392,4194,499.05,181392,84376
500.7,1062459.15,789706.81,500.7,1062459.15,896789.68,500.7,1062459.15,905784.95,500.7,1062459.15,952091.06,500.7,283415.46,129090.41,500.7,283415.46,59952.87,500.7,283415.46,19575.4,500.7,283415.46,36254.17,500.7,186592,4484,500.7,186592,4458,500.7,186592,4372,500.7,186592,85924
502.35,1075234.7,798827.86,502.35,1075234.7,907243.45,502.35,1075234.7,916542.7,502.35,1075234.7,963492.55,502.35,286851.33,130622.65,502.35,286851.33,60679.71,502.35,286851.33,19779.11,502.35,286851.33,36190.45,502.35,195216,4748,502.35,195216,4726,502.35,195216,4625,502.35,195216,88872
503.99,1079836.54,801920.67,503.99,1079836.54,911146.53,503.99,1079836.54,920260.94,503.99,1079836.54,967670.55,503.99,289329.45,131680.63,503.99,289329.45,61246.02,503.99,289329.45,19930.01,503.99,289329.45,36069.36,503.99,202879.99,4992,503.99,202879.99,4975,503.99,202879.99,4864,503.99,202879.99,91504
505.64,1080314.26,801996.01,505.64,1080314.26,911140.42,505.64,1080314.26,920475.14,505.64,1080314.26,968154.01,505.64,290609.02,132300.49,505.64,290609.02,61558.65,505.64,290609.02,19997.81,505.64,290609.02,35883.99,505.64,208655.99,5190,505.64,208655.99,5178,505.64,208655.99,5060,505.64,208655.99,93532
507.29,1071167.52,794755.42,507.29,1071167.52,903144.01,507.29,1071167.52,912753.43,507.29,1071167.52,959811.32,507.29,288275.18,131240.73,507.29,288275.18,61099.48,507.29,288275.18,19814.38,507.29,288275.18,35238.24,507.29,210287.99,5292,507.29,210287.99,5281,507.29,210287.99,5157,507.29,210287.99,93688
508.93,1067200.8,791663.37,508.93,1067200.8,900144.87,508.93,1067200.8,908952.01,508.93,1067200.8,956272.87,508.93,288565.54,131350.64,508.93,288565.54,61183.2,508.93,288565.54,19806.37,508.93,288565.54,34890.01,508.93,212479.99,5405,508.93,212479.99,5401,508.93,212479.99,5259,508.93,212479.99,94160
510.58,1055665.53,782253.74,510.58,1055665.53,889775.23,510.58,1055665.53,898781.9,510.58,1055665.53,945909.83,510.58,286320.54,130324.83,510.58,286320.54,60770.37,510.58,286320.54,19622.62,510.58,286320.54,34282.32,510.58,211343.99,5433,510.58,211343.99,5433,510.58,211343.99,5296,510.58,211343.99,93036
512.22,1030254.83,763419.67,512.22,1030254.83,868496.11,512.22,1030254.83,877275.9,512.22,1030254.83,923071.24,512.22,281228.08,127994.59,512.22,281228.08,59724.31,512.22,281228.08,19253.94,512.22,281228.08,33346.42,512.22,206063.99,5357,512.22,206063.99,5361,512.22,206063.99,5218,512.22,206063.99,90240
513.86,996134.49,737724.82,513.86,996134.49,839511.81,513.86,996134.49,848248.58,513.86,996134.49,892855.86,513.86,273271.2,124336.42,513.86,273271.2,58054.38,513.86,273271.2,18683.84,513.86,273271.2,32069.07,513.86,197648,5204,513.86,197648,5212,513.86,197648,5074,513.86,197648,85960
515.51,966173.07,714822.13,515.51,966173.07,813585.21,515.51,966173.07,822182.72,515.51,966173.07,865820.54,515.51,263631.54,119951.01,515.51,263631.54,56017.39,515.51,263631.54,17999.6,515.51,263631.54,30632.26,515.51,187200,4995,515.51,187200,5008,515.51,187200,4869,515.51,187200,81000
517.15,971250.23,719100.85,517.15,971250.23,818030.62,517.15,971250.23,826501.9,517.15,971250.23,870110.56,517.15,260162.34,118264.51,517.15,260162.34,55245.58,517.15,260162.34,17728.66,517.15,260162.34,29805.98,517.15,180720,4893,517.15,180720,4912,517.15,180720,4770,517.15,180720,77768
518.79,1013988.37,749994.5,518.79,1013988.37,853762.61,518.79,1013988.37,862459.94,518.79,1013988.37,907895.98,518.79,271321.98,123295.54,518.79,271321.98,57629,518.79,271321.98,18463.42,518.79,271321.98,30669.32,518.79,185152,5078,518.79,185152,5095,518.79,185152,4951,518.79,185152,78976
520.43,1041904.23,770470.37,520.43,1041904.23,877080.64,520.43,1041904.23,886136.05,520.43,1041904.23,932782.79,520.43,279946.57,127137.84,520.43,279946.57,59488.14,520.43,279946.57,19019.98,520.43,279946.57,31295.27,520.43,187952,5217,520.43,187952,5242,520.43,187952,5094,520.43,187952,79696
522.07,1054847.86,779967.19,522.07,1054847.86,888123.25,522.07,1054847.86,897181.03,522.07,1054847.86,944772.77,522.07,284087.36,128964.75,522.07,284087.36,60346.53,522.07,284087.36,19275.01,522.07,284087.36,31400.69,522.07,188720,5307,522.07,188720,5336,522.07,188720,5178,522.07,188720,79540
523.71,1051703.93,777677.61,523.71,1051703.93,885487.46,523.71,1051703.93,894490.85,523.71,1051703.93,941431.61,523.71,285355.42,129508.57,523.71,285355.42,60656.3,523.71,285355.42,19337.99,523.71,285355.42,31211.07,523.71,188704,5374,523.71,188704,5413,523.71,188704,5248,523.71,188704,79044
525.34,1045753.53,772428.98,525.34,1045753.53,879997.88,525.34,1045753.53,889108.7,525.34,1045753.53,936423.71,525.34,280898.18,127476.34,525.34,280898.18,59698.32,525.34,280898.18,19009.4,525.34,280898.18,30388.83,525.34,186064,5368,525.34,186064,5407,525.34,186064,5239,525.34,186064,77596
526.98,1074418.08,793822.63,526.98,1074418.08,904124.1,526.98,1074418.08,913353.72,526.98,1074418.08,961166.16,526.98,284739.32,129098.77,526.98,284739.32,60486.77,526.98,284739.32,19244.06,526.98,284739.32,30357.79,526.98,190608,5572,526.98,190608,5617,526.98,190608,5441,526.98,190608,79032
528.62,1105062.96,816047.63,528.62,1105062.96,929756.15,528.62,1105062.96,939392.47,528.62,1105062.96,989278.93,528.62,296003.79,134177.6,528.62,296003.79,62903.55,528.62,296003.79,19977.31,528.62,296003.79,31184.58,528.62,201759.99,5968,528.62,201759.99,6015,528.62,201759.99,5828,528.62,201759.99,83036
530.25,1095852.95,809218.59,530.25,1095852.95,921778.53,530.25,1095852.95,931381.15,530.25,1095852.95,980766.01,530.25,295824.36,134137.05,530.25,295824.36,62898.97,530.25,295824.36,19944.23,530.25,295824.36,30864.97,530.25,206735.99,6188,530.25,206735.99,6247,530.25,206735.99,6044,530.25,206735.99,84652
531.89,1089069.77,803823.85,531.89,1089069.77,916000,531.89,1089069.77,925611.09,531.89,1089069.77,974929.31,531.89,291696.44,132154.53,531.89,291696.44,62033.55,531.89,291696.44,19652.72,531.89,291696.44,30112.39,531.89,209711.99,6351,531.89,209711.99,6412,531.89,209711.99,6210,531.89,209711.99,85568
533.52,1099502.98,811220.32,533.52,1099502.98,924328.39,533.52,1099502.98,934128.37,533.52,1099502.98,983604.64,533.52,294765.74,133478.31,533.52,294765.74,62680.97,533.52,294765.74,19840,533.52,294765.74,30047.57,533.52,218015.99,6682,533.52,218015.99,6747,533.52,218015.99,6526,533.52,218015.99,88516
535.16,1096869.45,809036.12,535.16,1096869.45,922585.05,535.16,1096869.45,931893.42,535.16,1096869.45,981868.15,535.16,295977.95,134080.37,535.16,295977.95,63035.65,535.16,295977.95,19919.87,535.16,295977.95,29886.51,535.16,225535.99,6985,535.16,225535.99,7064,535.16,225535.99,6827,535.16,225535.99,91156
536.79,1078838,795264.71,536.79,1078838,906817.67,536.79,1078838,916777.76,536.79,1078838,965293.02,536.79,292541.08,132535.4,536.79,292541.08,62312.33,536.79,292541.08,19672.54,536.79,292541.08,29243.68,536.79,229215.99,7179,536.79,229215.99,7266,536.79,229215.99,7019,536.79,229215.99,92220
538.42,1057092.81,779154.62,538.42,1057092.81,888599.84,538.42,1057092.81,898253.08,538.42,1057092.81,946143.19,538.42,287012.01,130043.84,538.42,287012.01,61185.88,538.42,287012.01,19304.18,538.42,287012.01,28407.88,538.42,230671.99,7304,538.42,230671.99,7391,538.42,230671.99,7137,538.42,230671.99,92260
540.05,1050733.25,774389.48,540.05,1050733.25,882935.54,540.05,1050733.25,892462.52,540.05,1050733.25,940097.4,540.05,283325.27,128278.95,540.05,283325.27,60396.87,540.05,283325.27,19045.37,540.05,283325.27,27693.67,540.05,232287.99,7433,540.05,232287.99,7531,540.05,232287.99,7268,540.05,232287.99,92252
541.68,1060810.7,781707.43,541.68,1060810.7,891456.93,541.68,1060810.7,900976.63,541.68,1060810.7,949120.89,541.68,286085.46,129557.41,541.68,286085.46,61052.82,541.68,286085.46,19224.77,541.68,286085.46,27651.05,541.68,237647.99,7687,541.68,237647.99,7798,541.68,237647.99,7515,541.68,237647.99,93768
543.31,1065450.54,784989.8,543.31,1065450.54,895372.42,543.31,1065450.54,905101.46,543.31,1065450.54,953326.3,543.31,288283.19,130522.49,543.31,288283.19,61574.26,543.31,288283.19,19360.73,543.31,288283.19,27575.23,543.31,241791.99,7905,543.31,241791.99,8020,543.31,241791.99,7730,543.31,241791.99,94788
544.94,1059976.31,780509.53,544.94,1059976.31,890669.56,544.94,1059976.31,900178.48,544.94,1059976.31,948440.78,544.94,288030.71,130433.28,544.94,288030.71,61588.55,544.94,288030.71,19328.58,544.94,288030.71,27295.61,544.94,242511.99,8016,544.94,242511.99,8136,544.94,242511.99,7837,544.94,242511.99,94516
546.57,1053678.29,775714.81,546.57,1053678.29,885250,546.57,1053678.29,894577.23,546.57,1053678.29,942349.4,546.57,285846.7,129394.49,546.57,285846.7,61122.75,546.57,285846.7,19165.88,546.57,285846.7,26833.04,546.57,240463.99,8031,546.57,240463.99,8156,546.57,240463.99,7859,546.57,240463.99,93204
548.2,1053480.14,775480.1,548.2,1053480.14,885370.32,548.2,1053480.14,894743.14,548.2,1053480.14,942388.27,548.2,285870.39,129378.54,548.2,285870.39,61127.09,548.2,285870.39,19143.18,548.2,285870.39,26573.9,548.2,239151.99,8068,548.2,239151.99,8198,548.2,239151.99,7895,548.2,239151.99,92204
549.83,1049954.82,772526.99,549.83,1049954.82,881787.33,549.83,1049954.82,891190.63,549.83,1049954.82,939481.15,549.83,285795.29,129349.14,549.83,285795.29,61161.84,549.83,285795.29,19124.4,549.83,285795.29,26328.99,549.83,236447.99,8063,549.83,236447.99,8203,549.83,236447.99,7893,549.83,236447.99,90648
551.45,1047234.35,770119.46,551.45,1047234.35,879326.99,551.45,1047234.35,888812.59,551.45,1047234.35,936979.7,551.45,284854.79,128961.77,551.45,284854.79,61055.86,551.45,284854.79,19043.84,551.45,284854.79,26003.8,551.45,231839.99,7997,551.45,231839.99,8139,551.45,231839.99,7829,551.45,231839.99,88396
553.08,1049907.71,771937.41,553.08,1049907.71,881317.18,553.08,1049907.71,890798.44,553.08,1049907.71,939209.35,553.08,285534.32,129218.72,553.08,285534.32,61190.2,553.08,285534.32,19067.18,553.08,285534.32,25791.18,553.08,227647.99,7945,553.08,227647.99,8094,553.08,227647.99,7784,553.08,227647.99,86312
554.7,1041965.32,765472.04,554.7,1041965.32,874560.28,554.7,1041965.32,883960.03,554.7,1041965.32,931726.09,554.7,284899.94,129033.17,554.7,284899.94,61107.9,554.7,284899.94,19016.94,554.7,284899.94,25506.3,554.7,222927.99,7875,554.7,222927.99,8021,554.7,222927.99,7712,554.7,222927.99,84020
556.33,1023067.75,751791.89,556.33,1023067.75,858725.27,556.33,1023067.75,867717.84,556.33,1023067.75,915222.07,556.33,280210.93,126854.53,556.33,280210.93,60123.44,556.33,280210.93,18686.44,556.33,280210.93,24849.95,556.33,214655.99,7672,556.33,214655.99,7823,556.33,214655.99,7517,556.33,214655.99,80524
557.95,1014619.58,745303.7,557.95,1014619.58,851321.58,557.95,1014619.58,860658.57,557.95,1014619.58,907409.74,557.95,276272.47,125029.68,557.95,276272.47,59274.5,557.95,276272.47,18407.27,557.95,276272.47,24238.97,557.95,207663.99,7508,557.95,207663.99,7658,557.95,207663.99,7356,557.95,207663.99,77440
559.58,1028921.4,755667.75,559.58,1028921.4,863476.17,559.58,1028921.4,872891.75,559.58,1028921.4,920305.93,559.58,278011.88,125756.75,559.58,278011.88,59630.57,559.58,278011.88,18509.02,559.58,278011.88,24095.93,559.58,205807.99,7523,559.58,205807.99,7682,559.58,205807.99,7375,559.58,205807.99,76288
561.2,1038994,762719.13,561.2,1038994,871495.17,561.2,1038994,881248.44,561.2,1038994,929337.47,561.2,281411.93,127276.59,561.2,281411.93,60362.38,561.2,281411.93,18715.5,561.2,281411.93,24127.27,561.2,206287.99,7615,561.2,206287.99,7779,561.2,206287.99,7470,561.2,206287.99,75980
562.82,1041881.07,765038,562.82,1041881.07,873872.99,562.82,1041881.07,883723.85,562.82,1041881.07,931823.21,562.82,282658.45,127802.08,562.82,282658.45,60647.79,562.82,282658.45,18779.78,562.82,282658.45,23973.99,562.82,206223.99,7687,562.82,206223.99,7858,562.82,206223.99,7541,562.82,206223.99,75512
564.44,1036852.57,760764.36,564.44,1036852.57,869725.19,564.44,1036852.57,879126.53,564.44,1036852.57,927147.75,564.44,281208.66,127167.23,564.44,281208.66,60382.97,564.44,281208.66,18678.97,564.44,281208.66,23605.91,564.44,205711.99,7734,564.44,205711.99,7904,564.44,205711.99,7583,564.44,205711.99,74812
566.06,1040159.28,763519.75,566.06,1040159.28,872354.95,566.06,1040159.28,882261.22,566.06,1040159.28,930320.06,566.06,281303.23,127116.57,566.06,281303.23,60361.87,566.06,281303.23,18655.79,566.06,281303.23,23309.33,566.06,207423.99,7860,566.06,207423.99,8032,566.06,207423.99,7708,566.06,207423.99,74792
567.68,1034592.27,759066.51,567.68,1034592.27,867797.13,567.68,1034592.27,877705.75,567.68,1034592.27,925663.48,567.68,280716.79,126836.04,567.68,280716.79,60284.12,567.68,280716.79,18611.51,567.68,280716.79,22974.3,567.68,209583.99,7987,567.68,209583.99,8169,567.68,209583.99,7836,567.68,209583.99,74648
569.3,1025562.67,752286.51,569.3,1025562.67,859783.77,569.3,1025562.67,869950.68,569.3,1025562.67,917029.29,569.3,277655.7,125401,569.3,277655.7,59648.95,569.3,277655.7,18390.11,569.3,277655.7,22451.38,569.3,210911.99,8082,569.3,210911.99,8270,569.3,210911.99,7932,569.3,210911.99,74420
570.92,1040177.13,762741.81,570.92,1040177.13,872047.91,570.92,1040177.13,882157.15,570.92,1040177.13,929670.56,570.92,279066.52,126012.22,570.92,279066.52,59902.06,570.92,279066.52,18464.28,570.92,279066.52,22278.59,570.92,216991.99,8344,570.92,216991.99,8537,570.92,216991.99,8187,570.92,216991.99,75872
572.53,1049825.89,770077.98,572.53,1049825.89,880335.93,572.53,1049825.89,890331.33,572.53,1049825.89,939074.35,572.53,283678.77,128022.7,572.53,283678.77,60942.4,572.53,283678.77,18752.91,572.53,283678.77,22364.38,572.53,225871.99,8707,572.53,225871.99,8912,572.53,225871.99,8542,572.53,225871.99,78164
574.15,1037616.58,761014.79,574.15,1037616.58,870108.17,574.15,1037616.58,880183.86,574.15,1037616.58,928223.33,574.15,281546.61,127078.56,574.15,281546.61,60471.92,574.15,281546.61,18598.97,574.15,281546.61,21973.69,574.15,230239.99,8883,574.15,230239.99,9088,574.15,230239.99,8710,574.15,230239.99,79068
575.77,1031873.7,756851.2,575.77,1031873.7,865122.72,575.77,1031873.7,875384.32,575.77,1031873.7,923252.34,575.77,279377.55,126099.36,575.77,279377.55,60025.31,575.77,279377.55,18440.17,575.77,279377.55,21571.98,575.77,234895.99,9043,575.77,234895.99,9259,575.77,234895.99,8876,575.77,234895.99,80120
577.38,1026487.05,752292.34,577.38,1026487.05,860507.7,577.38,1026487.05,870144.48,577.38,1026487.05,917704.82,577.38,277936.03,125411.89,577.38,277936.03,59736.85,577.38,277936.03,18331.13,577.38,277936.03,21270.66,577.38,240207.99,9225,577.38,240207.99,9436,577.38,240207.99,9047,577.38,240207.99,81632
578.99,1035916.61,759067.29,578.99,1035916.61,868169.38,578.99,1035916.61,878293.96,578.99,1035916.61,926371.91,578.99,279203.6,126003.52,578.99,279203.6,60048.79,578.99,279203.6,18402.14,578.99,279203.6,21182.82,578.99,247215.99,9432,578.99,247215.99,9654,578.99,247215.99,9252,578.99,247215.99,84004
580.61,1048202.4,767956.09,580.61,1048202.4,878375.84,580.61,1048202.4,888286,580.61,1048202.4,936699.57,580.61,283005.4,127767.06,580.61,283005.4,60898.18,580.61,283005.4,18645.26,580.61,283005.4,21330.95,580.61,256063.99,9689,580.61,256063.99,9915,580.61,256063.99,9502,580.61,256063.99,87228
582.22,1052384.4,770764.16,582.22,1052384.4,881855.69,582.22,1052384.4,891877.38,582.22,1052384.4,940653.18,582.22,285453.25,128931.13,582.22,285453.25,61486.06,582.22,285453.25,18802.77,582.22,285453.25,21368.55,582.22,262479.99,9831,582.22,262479.99,10055,582.22,262479.99,9633,582.22,262479.99,89516
583.83,1037775.04,759816.51,583.83,1037775.04,869640.95,583.83,1037775.04,879280.21,583.83,1037775.04,927739.91,583.83,283598.44,128103.45,583.83,283598.44,61084.43,583.83,283598.44,18662.04,583.83,283598.44,21079.15,583.83,263903.99,9761,583.83,263903.99,9981,583.83,263903.99,9568,583.83,263903.99,89808
585.44,1020156.36,747175.22,585.44,1020156.36,854618,585.44,1020156.36,864623.64,585.44,1020156.36,912294.5,585.44,278711.4,125895.08,585.44,278711.4,60062.08,585.44,278711.4,18325.04,585.44,278711.4,20522.88,585.44,260751.99,9516,585.44,260751.99,9727,585.44,260751.99,9322,585.44,260751.99,88224
587.05,980791.21,718089.55,587.05,980791.21,822406.79,587.05,980791.21,831662.01,587.05,980791.21,878042.66,587.05,272649.04,123160.04,587.05,272649.04,58770,587.05,272649.04,17908.9,587.05,272649.04,19845.12,587.05,255247.99,9189,587.05,255247.99,9384,587.05,255247.99,8995,587.05,255247.99,84872
588.66,936292.23,685618.9,588.66,936292.23,784826.23,588.66,936292.23,794026.7,588.66,936292.23,838031.23,588.66,257026.06,116094.72,588.66,257026.06,55373.21,588.66,257026.06,16869.12,588.66,257026.06,18442.47,588.66,239311.99,8476,588.66,239311.99,8657,588.66,239311.99,8296,588.66,239311.99,77764
590.27,963780.38,705946.68,590.27,963780.38,807676.98,590.27,963780.38,817456.7,590.27,963780.38,862262.68,590.27,261021.65,117831.02,590.27,261021.65,56188.35,590.27,261021.65,17109.58,590.27,261021.65,18471.31,590.27,240207.99,8368,590.27,240207.99,8537,590.27,240207.99,8184,590.27,240207.99,77172
591.88,974393.55,713311.51,591.88,974393.55,816514.94,591.88,974393.55,826328.44,591.88,974393.55,871783.24,591.88,266290.53,120314.62,591.88,266290.53,57380.47,591.88,266290.53,17450.25,591.88,266290.53,18706.03,591.88,241583.99,8262,591.88,241583.99,8424,591.88,241583.99,8076,591.88,241583.99,77552
593.49,971327.78,710615.1,593.49,971327.78,813724.6,593.49,971327.78,823392.84,593.49,971327.78,869097.21,593.49,266437.04,120370.97,593.49,266437.04,57422.57,593.49,266437.04,17438.02,593.49,266437.04,18567.17,593.49,236991.99,7936,593.49,236991.99,8086,593.49,236991.99,7753,593.49,236991.99,75932
595.1,975667.59,713909.95,595.1,975667.59,817481.51,595.1,975667.59,827004.04,595.1,975667.59,873104.31,595.1,266732.14,120468.53,595.1,266732.14,57490.11,595.1,266732.14,17440.1,595.1,266732.14,18415.26,595.1,232159.99,7578,595.1,232159.99,7717,595.1,232159.99,7397,595.1,232159.99,74292
596.7,979001.82,715906.16,596.7,979001.82,819828.94,596.7,979001.82,829437.65,596.7,979001.82,875536.59,596.7,268500.61,121336.99,596.7,268500.61,57913.39,596.7,268500.61,17553.28,596.7,268500.61,18415.5,596.7,228703.99,7227,596.7,228703.99,7349,596.7,228703.99,7052,596.7,228703.99,73456
598.31,978339.32,715272.67,598.31,978339.32,819273.05,598.31,978339.32,828791.33,598.31,978339.32,874864.49,598.31,268035.15,121136.47,598.31,268035.15,57772.28,598.31,268035.15,17512.68,598.31,268035.15,18249.59,598.31,223359.99,6803,598.31,223359.99,6905,598.31,223359.99,6628,598.31,223359.99,72016
599.91,977359.09,714017.43,599.91,977359.09,818005.77,599.91,977359.09,827372.47,599.91,977359.09,873609.4,599.91,268011.13,121070.28,599.91,268011.13,57751.91,599.91,268011.13,17485.27,599.91,268011.13,18105.63,599.91,218431.99,6406,599.91,218431.99,6491,599.91,218431.99,6236,599.91,218431.99,70652
601.52,981523.86,716757.92,601.52,981523.86,821339.56,601.52,981523.86,830576.28,601.52,981523.86,876820.69,601.52,267569.53,120906.54,601.52,267569.53,57682.65,601.52,267569.53,17456.37,601.52,267569.53,17938.45,601.52,213855.99,6086,601.52,213855.99,6153,601.52,213855.99,5915,601.52,213855.99,69288
603.12,998774.41,729152.21,603.12,998774.41,835088.44,603.12,998774.41,844960.19,603.12,998774.41,891604.22,603.12,271766.36,122766.84,603.12,271766.36,58584.57,603.12,271766.36,17707.93,603.12,271766.36,18042.57,603.12,213775.99,5949,603.12,213775.99,6006,603.12,213775.99,5781,603.12,213775.99,69112
604.72,1000914.76,730702.75,604.72,1000914.76,837301.29,604.72,1000914.76,846918.27,604.72,1000914.76,894191.32,604.72,273674.53,123644.42,604.72,273674.53,58958.03,604.72,273674.53,17820.7,604.72,273674.53,18026.7,604.72,212383.99,5829,604.72,212383.99,5879,604.72,212383.99,5661,604.72,212383.99,68520
606.32,998749.1,728743.58,606.32,998749.1,835067.32,606.32,998749.1,844658.54,606.32,998749.1,892109.85,606.32,272979.02,123363.29,606.32,272979.02,58814.18,606.32,272979.02,17762.47,606.32,272979.02,17817.01,606.32,209743.99,5701,606.32,209743.99,5748,606.32,209743.99,5528,606.32,209743.99,67508
607.93,992285.17,724487.42,607.93,992285.17,829970.05,607.93,992285.17,839674.7,607.93,992285.17,886675.68,607.93,271545.63,122694.27,607.93,271545.63,58499.1,607.93,271545.63,17662.31,607.93,271545.63,17577.09,607.93,207151.99,5587,607.93,207151.99,5630,607.93,207151.99,5423,607.93,207151.99,66520
609.53,990186.04,722156.21,609.53,990186.04,828034.35,609.53,990186.04,837434.45,609.53,990186.04,884117.37,609.53,270219.53,122049.42,609.53,270219.53,58204.87,609.53,270219.53,17563.33,609.53,270219.53,17321.59,609.53,205551.99,5504,609.53,205551.99,5549,609.53,205551.99,5335,609.53,205551.99,65804
611.13,989892.07,721682.86,611.13,989892.07,827548.25,611.13,989892.07,836982.42,611.13,989892.07,884026.67,611.13,270091.74,121966.19,611.13,270091.74,58157.85,611.13,270091.74,17538.76,611.13,270091.74,17153.6,611.13,205775.99,5471,611.13,205775.99,5513,611.13,205775.99,5305,611.13,205775.99,65612
612.72,983270.38,717455.34,612.72,983270.38,822347.58,612.72,983270.38,831968.99,612.72,983270.38,878000.83,612.72,268687.68,121279.41,612.72,268687.68,57811.46,612.72,268687.68,17434.14,612.72,268687.68,16900.21,612.72,205823.99,5432,612.72,205823.99,5472,612.72,205823.99,5262,612.72,205823.99,65412
614.32,979015.52,714214.66,614.32,979015.52,818328.13,614.32,979015.52,827860.96,614.32,979015.52,874278.99,614.32,266917.88,120521.28,614.32,266917.88,57453.49,614.32,266917.88,17307.78,614.32,266917.88,16654.69,614.32,206367.99,5411,614.32,206367.99,5446,614.32,206367.99,5239,614.32,206367.99,65336
615.92,974972.25,710752.13,615.92,974972.25,814965.46,615.92,974972.25,824305.33,615.92,974972.25,870205.9,615.92,265000.07,119642.75,615.92,265000.07,56996.27,615.92,265000.07,17163.82,615.92,265000.07,16375.55,615.92,207311.99,5400,615.92,207311.99,5433,615.92,207311.99,5230,615.92,207311.99,65400
617.52,991237.89,722865.69,617.52,991237.89,828427.03,617.52,991237.89,838330.96,617.52,991237.89,885072.65,617.52,267605.91,120823.23,617.52,267605.91,57514.81,617.52,267605.91,17307.74,617.52,267605.91,16368.64,617.52,213103.99,5511,617.52,213103.99,5543,617.52,213103.99,5335,617.52,213103.99,66812
619.11,1001048.37,729884.29,619.11,1001048.37,836611.54,619.11,1001048.37,846545.16,619.11,1001048.37,893788.96,619.11,271272.09,122460.21,619.11,271272.09,58309.17,619.11,271272.09,17523.52,619.11,271272.09,16433.96,619.11,220303.99,5661,619.11,220303.99,5692,619.11,220303.99,5481,619.11,220303.99,68684
620.71,998114.85,727510.2,620.71,998114.85,834306.52,620.71,998114.85,844078.35,620.71,998114.85,891087.24,620.71,271513.43,122566.28,620.71,271513.43,58379.43,620.71,271513.43,17514.03,620.71,271513.43,16312.75,620.71,225375.99,5758,620.71,225375.99,5792,620.71,225375.99,5573,620.71,225375.99,69860
622.3,984921.83,717819.6,622.3,984921.83,823306.65,622.3,984921.83,832839.97,622.3,984921.83,879604.02,622.3,268537.61,121194.76,622.3,268537.61,57709.49,622.3,268537.61,17291.1,622.3,268537.61,15994.16,622.3,228175.99,5803,622.3,228175.99,5834,622.3,228175.99,5618,622.3,228175.99,70300
623.9,971263.55,708091.68,623.9,971263.55,811822.05,623.9,971263.55,821656.66,623.9,971263.55,867313.41,623.9,264630.44,119478.38,623.9,264630.44,56867.38,623.9,264630.44,17013.13,623.9,264630.44,15622.35,623.9,230783.99,5841,623.9,230783.99,5874,623.9,230783.99,5655,623.9,230783.99,70580
625.49,962867.75,702033.1,625.49,962867.75,804975.84,625.49,962867.75,814392.64,625.49,962867.75,860299.54,625.49,262386.64,118376.07,625.49,262386.64,56354.62,625.49,262386.64,16834.12,625.49,262386.64,15323.73,625.49,234735.99,5914,625.49,234735.99,5944,625.49,234735.99,5720,625.49,234735.99,70932
627.08,948693.64,691508.52,627.08,948693.64,793200.95,627.08,948693.64,803030.35,627.08,948693.64,847733.19,627.08,259500.65,117059.31,627.08,259500.65,55704.45,627.08,259500.65,16618.65,627.08,259500.65,14961.27,627.08,237439.99,5951,627.08,237439.99,5984,627.08,237439.99,5759,627.08,237439.99,70352
628.67,939969.27,685235.19,628.67,939969.27,786083.45,628.67,939969.27,795461.1,628.67,939969.27,840248.39,628.67,256579.48,115669.64,628.67,256579.48,55035.24,628.67,256579.48,16405.4,628.67,256579.48,14635.51,628.67,239359.99,5969,628.67,239359.99,5997,628.67,239359.99,5774,628.67,239359.99,69952
630.26,939264.29,684537.43,630.26,939264.29,785327.91,630.26,939264.29,794715.51,630.26,939264.29,838928.05,630.26,256124.95,115477.17,630.26,256124.95,54929.82,630.26,256124.95,16351.68,630.26,256124.95,14518.58,630.26,242575.99,6015,630.26,242575.99,6041,630.26,242575.99,5815,630.26,242575.99,70964
631.85,943036.65,686979.02,631.85,943036.65,788234.31,631.85,943036.65,797765.98,631.85,943036.65,842579.81,631.85,257006.61,115930.15,631.85,257006.61,55128.97,631.85,257006.61,16395.1,631.85,257006.61,14478.77,631.85,246015.99,6061,631.85,246015.99,6090,631.85,246015.99,5862,631.85,246015.99,72192
633.44,946956.77,689875.42,633.44,946956.77,791450.04,633.44,946956.77,801008.25,633.44,946956.77,846075.49,633.44,258573.94,116673.95,633.44,258573.94,55488.76,633.44,258573.94,16484.53,633.44,258573.94,14482.27,633.44,249391.99,6115,633.44,249391.99,6138,633.44,249391.99,5912,633.44,249391.99,73384
635.03,949001.69,691192.69,635.03,949001.69,793023.05,635.03,949001.69,802648.31,635.03,949001.69,847615.57,635.03,259422.06,117087.86,635.03,259422.06,55665.71,635.03,259422.06,16528.57,635.03,259422.06,14447.7,635.03,251055.99,6123,635.03,251055.99,6145,635.03,251055.99,5921,635.03,251055.99,74020
636.62,953680.36,694439.44,636.62,953680.36,796801.3,636.62,953680.36,806192.3,636.62,953680.36,851565.63,636.62,260784.5,117718.77,636.62,260784.5,55978.08,636.62,260784.5,16602.93,636.62,260784.5,14433.09,636.62,251887.99,6116,636.62,251887.99,6135,636.62,251887.99,5906,636.62,251887.99,74232
638.2,951803.13,692960.74,638.2,951803.13,795097.47,638.2,951803.13,804531.59,638.2,951803.13,849964.31,638.2,261338.51,118014.43,638.2,261338.51,56103.3,638.2,261338.51,16628.14,638.2,261338.51,14379.03,638.2,251471.99,6080,638.2,251471.99,6102,638.2,251471.99,5873,638.2,251471.99,74100
639.79,940641.32,684734.86,639.79,940641.32,785876.93,639.79,940641.32,795030.74,639.79,940641.32,839999.45,639.79,258856.49,116899.69,639.79,258856.49,55585.15,639.79,258856.49,16454.05,639.79,258856.49,14147.58,639.79,246943.99,5948,639.79,246943.99,5965,639.79,246943.99,5738,639.79,246943.99,72724
641.38,938575.33,683142.83,641.38,938575.33,784000.73,641.38,938575.33,793257,641.38,938575.33,838020.91,641.38,257712.67,116354.97,641.38,257712.67,55297.3,641.38,257712.67,16368.55,641.38,257712.67,13979.59,641.38,243087.99,5825,641.38,243087.99,5845,641.38,243087.99,5626,641.38,243087.99,71384
642.96,938375.26,682795.05,642.96,938375.26,783765.64,642.96,938375.26,793098.63,642.96,938375.26,837917.47,642.96,258136.25,116542.25,642.96,258136.25,55368.07,642.96,258136.25,16379.43,642.96,258136.25,13888.99,642.96,240079.99,5728,642.96,240079.99,5746,642.96,240079.99,5533,642.96,240079.99,70184
644.54,929827.97,676314.29,644.54,929827.97,776480.06,644.54,929827.97,785751.78,644.54,929827.97,830339.35,644.54,256727.15,115879.21,644.54,256727.15,55060.04,644.54,256727.15,16273.87,644.54,256727.15,13701.35,644.54,234911.99,5570,644.54,234911.99,5593,644.54,234911.99,5376,644.54,234911.99,68224
646.13,914601.99,665487.78,646.13,914601.99,764296.37,646.13,914601.99,773462,646.13,914601.99,817541.75,646.13,253128.86,114275.66,646.13,253128.86,54269.69,646.13,253128.86,16032.23,646.13,253128.86,13362.42,646.13,227471.99,5365,646.13,227471.99,5376,646.13,227471.99,5175,646.13,227471.99,65024
647.71,903653.67,657579.75,647.71,903653.67,755190.51,647.71,903653.67,764240.52,647.71,903653.67,807551.25,647.71,249933.97,112788.53,647.71,249933.97,53553.4,647.71,249933.97,15811.04,647.71,249933.97,13047.8,647.71,220575.99,5168,647.71,220575.99,5179,647.71,220575.99,4984,647.71,220575.99,62172
649.29,904760.47,658077.49,649.29,904760.47,755861.24,649.29,904760.47,764975.28,649.29,904760.47,808239.51,649.29,248719.34,112224.51,649.29,248719.34,53278.34,649.29,248719.34,15728.02,649.29,248719.34,12895.09,649.29,215343.99,5001,649.29,215343.99,5006,649.29,215343.99,4818,649.29,215343.99,60692
650.87,913551.77,664452.11,650.87,913551.77,763007.47,650.87,913551.77,772175.41,650.87,913551.77,816282.15,650.87,251192.94,113334.5,650.87,251192.94,53783.27,650.87,251192.94,15864.93,650.87,251192.94,12919.44,650.87,213471.99,4899,650.87,213471.99,4900,650.87,213471.99,4720,650.87,213471.99,60088
652.45,916048.62,666439.59,652.45,916048.62,765213.53,652.45,916048.62,774487.81,652.45,916048.62,818128.14,652.45,252459.06,113930.49,652.45,252459.06,54042.58,652.45,252459.06,15940.03,652.45,252459.06,12903.3,652.45,210607.99,4759,652.45,210607.99,4754,652.45,210607.99,4577,652.45,210607.99,59296
654.03,885937.98,643883.15,654.03,885937.98,739897.27,654.03,885937.98,749014,654.03,885937.98,791712.58,654.03,247946.67,111968.37,654.03,247946.67,53112.35,654.03,247946.67,15647.98,654.03,247946.67,12610.22,654.03,203871.99,4516,654.03,203871.99,4507,654.03,203871.99,4343,654.03,203871.99,57412
655.61,845560.06,614511.97,655.61,845560.06,705762.82,655.61,845560.06,714175.19,655.61,845560.06,754893.4,655.61,234298.48,105796.39,655.61,234298.48,50165.73,655.61,234298.48,14782.18,655.61,234298.48,11851.97,655.61,190048,4104,655.61,190048,4094,655.61,190048,3943,655.61,190048,53636
657.19,879789.57,639524.8,657.19,879789.57,734378.59,657.19,879789.57,743060.73,657.19,879789.57,784876.72,657.19,238232.95,107525,657.19,238232.95,51001.61,657.19,238232.95,15015.83,657.19,238232.95,11914.64,657.19,190976,4001,657.19,190976,3979,657.19,190976,3837,657.19,190976,53668
658.77,911967.19,662598.37,658.77,911967.19,760807.47,658.77,911967.19,769930.72,658.77,911967.19,813638.83,658.77,248234.46,112092.78,658.77,248234.46,53120.24,658.77,248234.46,15645.4,658.77,248234.46,12339.97,658.77,197280,4015,658.77,197280,3984,658.77,197280,3844,658.77,197280,55460
660.34,931521.32,676869.03,660.34,931521.32,777359.62,660.34,931521.32,786855.74,660.34,931521.32,831631.75,660.34,254456.97,114889.33,660.34,254456.97,54431.82,660.34,254456.97,16019.1,660.34,254456.97,12548.44,660.34,200463.99,3972,660.34,200463.99,3934,660.34,200463.99,3801,660.34,200463.99,56472
661.92,937607.02,680815.19,661.92,937607.02,782023.16,661.92,937607.02,791437.85,661.92,937607.02,836459.4,661.92,257098.53,116179.66,661.92,257098.53,55028.09,661.92,257098.53,16182.54,661.92,257098.53,12610.51,661.92,201823.99,3907,661.92,201823.99,3862,661.92,201823.99,3733,661.92,201823.99,56884
663.49,938005.93,680971.63,663.49,938005.93,782709.33,663.49,938005.93,791897.77,663.49,938005.93,837054.07,663.49,257301.67,116188.85,663.49,257301.67,55033.82,663.49,257301.67,16179.06,663.49,257301.67,12525.65,663.49,201343.99,3814,663.49,201343.99,3769,663.49,201343.99,3636,663.49,201343.99,56708
665.07,939664.1,682239.25,665.07,939664.1,783989.4,665.07,939664.1,793409.59,665.07,939664.1,838880.13,665.07,257766.66,116431.43,665.07,257766.66,55164.21,665.07,257766.66,16202.62,665.07,257766.66,12456.29,665.07,201967.99,3754,665.07,201967.99,3695,665.07,201967.99,3581,665.07,201967.99,56688
666.64,939702.26,682242.99,666.64,939702.26,783998.41,666.64,939702.26,793270.8,666.64,939702.26,838488.74,666.64,257621.75,116395.37,666.64,257621.75,55155.18,666.64,257621.75,16192.33,666.64,257621.75,12347.55,666.64,202239.99,3698,666.64,202239.99,3637,666.64,202239.99,3524,666.64,202239.99,56628
668.21,940675.78,682764.04,668.21,940675.78,784716.59,668.21,940675.78,793837.71,668.21,940675.78,839323.31,668.21,257997.4,116586.9,668.21,257997.4,55232.05,668.21,257997.4,16205.75,668.21,257997.4,12280.59,668.21,203135.99,3669,668.21,203135.99,3605,668.21,203135.99,3490,668.21,203135.99,56696
669.79,936587.25,679872.61,669.79,936587.25,781136.59,669.79,936587.25,790695.43,669.79,936587.25,835741.47,669.79,257235.76,116253.29,669.79,257235.76,55061.62,669.79,257235.76,16145.81,669.79,257235.76,12151.26,669.79,203487.99,3638,669.79,203487.99,3577,669.79,203487.99,3451,669.79,203487.99,56652
671.36,933815.82,677735.06,671.36,933815.82,778278.83,671.36,933815.82,787899.68,671.36,933815.82,832915.73,671.36,255910.38,115678.28,671.36,255910.38,54774.24,671.36,255910.38,16057.17,671.36,255910.38,12010.68,671.36,203711.99,3628,671.36,203711.99,3558,671.36,203711.99,3439,671.36,203711.99,56552
672.93,933288.81,677112.66,672.93,933288.81,778123.29,672.93,933288.81,787953.58,672.93,933288.81,832219.31,672.93,255928.67,115714.26,672.93,255928.67,54790.31,672.93,255928.67,16053.53,672.93,255928.67,11923.64,672.93,205455.99,3654,672.93,205455.99,3578,672.93,205455.99,3462,672.93,205455.99,56812
674.5,932840.68,676857.28,674.5,932840.68,777766.51,674.5,932840.68,787349.08,674.5,932840.68,832106.74,674.5,255644.66,115629.28,674.5,255644.66,54719.48,674.5,255644.66,16023.62,674.5,255644.66,11828.53,674.5,206927.99,3683,674.5,206927.99,3612,674.5,206927.99,3489,674.5,206927.99,57016
676.07,932690.06,676660.91,676.07,932690.06,777705.23,676.07,932690.06,787091.22,676.07,932690.06,831761.62,676.07,255702.73,115653.29,676.07,255702.73,54730.6,676.07,255702.73,16017.37,676.07,255702.73,11741.28,676.07,208703.99,3731,676.07,208703.99,3657,676.07,208703.99,3530,676.07,208703.99,57332
677.64,931395.98,675465.66,677.64,931395.98,776335.35,677.64,931395.98,785682.57,677.64,931395.98,830755.67,677.64,255399.86,115594.28,677.64,255399.86,54693.24,677.64,255399.86,15996,677.64,255399.86,11638.6,677.64,210639.99,3787,677.64,210639.99,3709,677.64,210639.99,3581,677.64,210639.99,57668
679.21,928335.91,673635.14,679.21,928335.91,774066.16,679.21,928335.91,783350.65,679.21,928335.91,827904.89,679.21,254904.64,115390.87,679.21,254904.64,54582.81,679.21,254904.64,15957.41,679.21,254904.64,11531.64,679.21,212879.99,3847,679.21,212879.99,3773,679.21,212879.99,3640,679.21,212879.99,58080
680.77,925705.46,671465.17,680.77,925705.46,771840.85,680.77,925705.46,781240.58,680.77,925705.46,825889.29,680.77,254222.25,115139.44,680.77,254222.25,54453.97,680.77,254222.25,15911.41,680.77,254222.25,11418.96,680.77,214799.99,3907,680.77,214799.99,3834,680.77,214799.99,3691,680.77,214799.99,58396
682.34,918881.19,666400.55,682.34,918881.19,766020.27,682.34,918881.19,775373.45,682.34,918881.19,819759.57,682.34,253090.2,114596.64,682.34,253090.2,54197.72,682.34,253090.2,15822.19,682.34,253090.2,11285.79,682.34,216031.99,3952,682.34,216031.99,3880,682.34,216031.99,3733,682.34,216031.99,58504
683.9,899530.62,652421.91,683.9,899530.62,750222.04,683.9,899530.62,759557.26,683.9,899530.62,802883.66,683.9,249462.26,113008.73,683.9,249462.26,53441.29,683.9,249462.26,15598.42,683.9,249462.26,11055.99,683.9,215263.99,3963,683.9,215263.99,3889,683.9,215263.99,3743,683.9,215263.99,58040
685.47,821509.6,595979.04,685.47,821509.6,685778.14,685.47,821509.6,694149.24,685.47,821509.6,734808.89,685.47,234504.19,106265.42,685.47,234504.19,50238.97,685.47,234504.19,14655.52,685.47,234504.19,10318.88,685.47,204431.99,3789,685.47,204431.99,3728,685.47,204431.99,3587,685.47,204431.99,54064
687.03,757063.03,549782.24,687.03,757063.03,631874.71,687.03,757063.03,640234.98,687.03,757063.03,676588.67,687.03,211377.53,95629.56,687.03,211377.53,45207.27,687.03,211377.53,13190.39,687.03,211377.53,9116.41,687.03,185440,3477,687.03,185440,3420,687.03,185440,3288,687.03,185440,46796
688.6,765277.79,555749.53,688.6,765277.79,638737.9,688.6,765277.79,647234.45,688.6,765277.79,684106.29,688.6,210594.92,95308.65,688.6,210594.92,45012.3,688.6,210594.92,13128.91,688.6,210594.92,8977.02,688.6,186224,3494,688.6,186224,3436,688.6,186224,3303,688.6,186224,45960
690.16,786984.81,571513.5,690.16,786984.81,656863.9,690.16,786984.81,665351.2,690.16,786984.81,702695.32,690.16,215365.62,97473.99,690.16,215365.62,46064.18,690.16,215365.62,13423.39,690.16,215365.62,9113.63,690.16,191776,3573,690.16,191776,3514,690.16,191776,3378,690.16,191776,47296
691.72,807299.98,586229.03,691.72,807299.98,673833.15,691.72,807299.98,682604.13,691.72,807299.98,721650.84,691.72,221951.07,100607.9,691.72,221951.07,47518.33,691.72,221951.07,13837.07,691.72,221951.07,9371.94,691.72,198687.99,3665,691.72,198687.99,3605,691.72,198687.99,3462,691.72,198687.99,49352
693.28,812623.41,590180.2,693.28,812623.41,678441.28,693.28,812623.41,687130.47,693.28,812623.41,726416.13,693.28,224442.42,101684.3,693.28,224442.42,48053.42,693.28,224442.42,13982.27,693.28,224442.42,9428.37,693.28,201583.99,3670,693.28,201583.99,3598,693.28,201583.99,3460,693.28,201583.99,50076
694.85,829012.53,601888.7,694.85,829012.53,692064.02,694.85,829012.53,700754.99,694.85,829012.53,740680.74,694.85,227971.05,103382.4,694.85,227971.05,48783.64,694.85,227971.05,14201.86,694.85,227971.05,9543.2,694.85,204895.99,3662,694.85,204895.99,3593,694.85,204895.99,3453,694.85,204895.99,51468
696.41,841913.34,611129.17,696.41,841913.34,702545.05,696.41,841913.34,711417.3,696.41,841913.34,752398.66,696.41,232776.73,105668.99,696.41,232776.73,49870.22,696.41,232776.73,14505.98,696.41,232776.73,9742.24,696.41,209055.99,3660,696.41,209055.99,3580,696.41,209055.99,3449,696.41,209055.99,53400
697.97,833351.86,604921.46,697.97,833351.86,695370.56,697.97,833351.86,704123.7,697.97,833351.86,744812.54,697.97,232008.94,105366,697.97,232008.94,49712.31,697.97,232008.94,14451.95,697.97,232008.94,9664.45,697.97,207663.99,3549,697.97,207663.99,3464,697.97,207663.99,3340,697.97,207663.99,53092
699.52,821818.02,596339,699.52,821818.02,685869.79,699.52,821818.02,694609.7,699.52,821818.02,734578.8,699.52,228988.77,104060.19,699.52,228988.77,49133.88,699.52,228988.77,14269.72,699.52,228988.77,9481.19,699.52,203743.99,3396,699.52,203743.99,3312,699.52,203743.99,3194,699.52,203743.99,51780
701.08,817628.92,593396.24,701.08,817628.92,682027.66,701.08,817628.92,690767.48,701.08,817628.92,730498.81,701.08,227481.51,103404.27,701.08,227481.51,48782.67,701.08,227481.51,14159.4,701.08,227481.51,9369.9,701.08,200847.99,3257,701.08,200847.99,3166,701.08,200847.99,3049,701.08,200847.99,51092
702.64,824973.66,598652.49,702.64,824973.66,688325.89,702.64,824973.66,697147.12,702.64,824973.66,736869.67,702.64,228791.53,104035.24,702.64,228791.53,49095.01,702.64,228791.53,14239.74,702.64,228791.53,9392.96,702.64,200287.99,3154,702.64,200287.99,3054,702.64,200287.99,2947,702.64,200287.99,51232
704.2,830112.05,601939.46,704.2,830112.05,692298.88,704.2,830112.05,701066.32,704.2,830112.05,741286.94,704.2,230973.19,105100.32,704.2,230973.19,49569.37,704.2,230973.19,14379.2,704.2,230973.19,9447.95,704.2,199375.99,3042,704.2,199375.99,2935,704.2,199375.99,2836,704.2,199375.99,51284
705.75,835194.56,605895.69,705.75,835194.56,696614.13,705.75,835194.56,705500.38,705.75,835194.56,745994.66,705.75,231857.11,105557.36,705.75,231857.11,49755.84,705.75,231857.11,14434.7,705.75,231857.11,9444.3,705.75,194096,2867,705.75,194096,2759,705.75,194096,2669,705.75,194096,50328
707.31,841541,610392.12,707.31,841541,701927.54,707.31,841541,710583.93,707.31,841541,751350.82,707.31,232792.57,106018.99,707.31,232792.57,49949.42,707.31,232792.57,14498.39,707.31,232792.57,9450.12,707.31,187008,2671,707.31,187008,2559,707.31,187008,2481,707.31,187008,49044
708.86,846053.24,613910.4,708.86,846053.24,705469.09,708.86,846053.24,714631.03,708.86,846053.24,755708.05,708.86,233132.61,106235.82,708.86,233132.61,50011.58,708.86,233132.61,14524.71,708.86,233132.61,9413.41,708.86,181632,2506,708.86,181632,2388,708.86,181632,2317,708.86,181632,47876
710.42,846648.48,613420.78,710.42,846648.48,705571.72,710.42,846648.48,714592.61,710.42,846648.48,755562.51,710.42,233269.78,106338.69,710.42,233269.78,50032.51,710.42,233269.78,14529.77,710.42,233269.78,9371.29,710.42,177248,2359,710.42,177248,2236,710.42,177248,2176,710.42,177248,46868
711.97,841162.8,609653.63,711.97,841162.8,701204.4,711.97,841162.8,709743.15,711.97,841162.8,750960.25,711.97,232448.95,106077.07,711.97,232448.95,49880.42,711.97,232448.95,14477.46,711.97,232448.95,9286.1,711.97,173312,2214,711.97,173312,2093,711.97,173312,2038,711.97,173312,45900
713.52,826570.9,599513.97,713.52,826570.9,689081.49,713.52,826570.9,697972.86,713.52,826570.9,738245.56,713.52,230483.08,105229.28,713.52,230483.08,49481.62,713.52,230483.08,14344.11,713.52,230483.08,9126,713.52,168992,2075,713.52,168992,1945,713.52,168992,1900,713.52,168992,44532
715.08,782225.28,567778.31,715.08,782225.28,653332.13,715.08,782225.28,661338.32,715.08,782225.28,699913.64,715.08,222916.45,101812.71,715.08,222916.45,47833.79,715.08,222916.45,13859.35,715.08,222916.45,8741.25,715.08,161120,1893,715.08,161120,1774,715.08,161120,1735,715.08,161120,41700
716.63,711235.7,516557.81,716.63,711235.7,594589.3,716.63,711235.7,602004.97,716.63,711235.7,637145.86,716.63,205350.17,93798.65,716.63,205350.17,44037.39,716.63,205350.17,12748.18,716.63,205350.17,7955.3,716.63,146432,1661,716.63,146432,1547,716.63,146432,1514,716.63,146432,36432
718.18,668519.6,485809.36,718.18,668519.6,558798.93,718.18,668519.6,566091.13,718.18,668519.6,598500.93,718.18,190388.03,86855.56,718.18,190388.03,40784.61,718.18,190388.03,11800.76,718.18,190388.03,7263.73,718.18,133920,1462,718.18,133920,1356,718.18,133920,1333,718.18,133920,32172
719.73,680303.98,494426.72,719.73,680303.98,568098,719.73,680303.98,575845.72,719.73,680303.98,609011.39,719.73,189804.21,86578.77,719.73,189804.21,40664.41,719.73,189804.21,11754.44,719.73,189804.21,7139.32,719.73,132288,1381,719.73,132288,1273,719.73,132288,1255,719.73,132288,31420
721.28,697070.88,506501.3,721.28,697070.88,582360.42,721.28,697070.88,590212.63,721.28,697070.88,623669.85,721.28,197547.21,90296.23,721.28,197547.21,42381.76,721.28,197547.21,12242.26,721.28,197547.21,7415.15,721.28,136512,1360,721.28,136512,1246,721.28,136512,1229,721.28,136512,32900
722.83,678481.98,492876.49,722.83,678481.98,566621.53,722.83,678481.98,574216.99,722.83,678481.98,607498.93,722.83,193200.18,88393.05,722.83,193200.18,41503.75,722.83,193200.18,11972.04,722.83,193200.18,7167,722.83,132176,1270,722.83,132176,1157,722.83,132176,1143,722.83,132176,31360
724.38,679587.54,493977.04,724.38,679587.54,568010.32,724.38,679587.54,575462.86,724.38,679587.54,608577.46,724.38,190364.05,87052.41,724.38,190364.05,40892.67,724.38,190364.05,11788.46,724.38,190364.05,6979.39,724.38,128912,1195,724.38,128912,1077,724.38,128912,1071,724.38,128912,29972
725.92,683058.8,496283.23,725.92,683058.8,570893.5,725.92,683058.8,578318.83,725.92,683058.8,611661.41,725.92,191577.76,87669.04,725.92,191577.76,41161.17,725.92,191577.76,11855.44,725.92,191577.76,6961.74,725.92,128800,1147,725.92,128800,1032,725.92,128800,1025,725.92,128800,29772
727.47,680524.1,494539.22,727.47,680524.1,568427.58,727.47,680524.1,576083.66,727.47,680524.1,609091.46,727.47,191097.91,87541.53,727.47,191097.91,41075.14,727.47,191097.91,11829.76,727.47,191097.91,6884.69,727.47,127520,1090,727.47,127520,971,727.47,127520,972,727.47,127520,29472
729.02,688794.28,500307.39,729.02,688794.28,575266.34,729.02,688794.28,583110.88,729.02,688794.28,616595.45,729.02,191902.05,87952.45,729.02,191902.05,41265.65,729.02,191902.05,11886.04,729.02,191902.05,6848.32,729.02,127488,1048,729.02,127488,926,729.02,127488,927,729.02,127488,29540
730.56,713764.66,518354.22,730.56,713764.66,595907.28,730.56,713764.66,603837.19,730.56,713764.66,638321.39,730.56,196921.25,90237.77,730.56,196921.25,42299.62,730.56,196921.25,12182.1,730.56,196921.25,6970.73,730.56,130544,1024,730.56,130544,900,730.56,130544,906,730.56,130544,30816
732.11,746085.5,541183.88,732.11,746085.5,622172.95,732.11,746085.5,630511.13,732.11,746085.5,666691.56,732.11,204999.63,94124.88,732.11,204999.63,44098.76,732.11,204999.63,12702.07,732.11,204999.63,7268.21,732.11,136800,1027,732.11,136800,899,732.11,136800,900,732.11,136800,33576
733.65,760125.26,551165.12,733.65,760125.26,634168.93,733.65,760125.26,642306.56,733.65,760125.26,679315.08,733.65,210302.51,96611.42,733.65,210302.51,45258,733.65,210302.51,13026.89,733.65,210302.51,7455.45,733.65,143744,1044,733.65,143744,906,733.65,143744,916,733.65,143744,36224
735.2,763029.44,553415.05,735.2,763029.44,636489.31,735.2,763029.44,644755.4,735.2,763029.44,682021.71,735.2,212134.51,97506.05,735.2,212134.51,45664.87,735.2,212134.51,13138.65,735.2,212134.51,7496.15,735.2,148080,1051,735.2,148080,906,735.2,148080,920,735.2,148080,37740
736.74,767178.65,556046.24,736.74,767178.65,639453.18,736.74,767178.65,647573.66,736.74,767178.65,685079.25,736.74,214832.99,98789.12,736.74,214832.99,46234.95,736.74,214832.99,13303.96,736.74,214832.99,7581.01,736.74,149088,1043,736.74,149088,891,736.74,149088,904,736.74,149088,38508
738.29,771328.68,558988.4,738.29,771328.68,642948.23,738.29,771328.68,651176.85,738.29,771328.68,688205.65,738.29,215733.92,99260.83,738.29,215733.92,46452.37,738.29,215733.92,13368.02,738.29,215733.92,7600.35,738.29,148272,1019,738.29,148272,876,738.29,148272,886,738.29,148272,38836
739.83,776070.41,561936.1,739.83,776070.41,646748.71,739.83,776070.41,654599.13,739.83,776070.41,692519.48,739.83,216647.06,99775.24,739.83,216647.06,46650.74,739.83,216647.06,13434.89,739.83,216647.06,7615.28,739.83,148448,1012,739.83,148448,864,739.83,148448,876,739.83,148448,39368
741.37,782808.6,567106.02,741.37,782808.6,652375.62,741.37,782808.6,660382.81,741.37,782808.6,698592.58,741.37,218172.82,100505.41,741.37,218172.82,47023.07,741.37,218172.82,13526.06,741.37,218172.82,7658.62,741.37,149184,1007,741.37,149184,859,741.37,149184,875,741.37,149184,39976
742.91,789356.26,571537.45,742.91,789356.26,657317.21,742.91,789356.26,665459.97,742.91,789356.26,703857.29,742.91,220282.62,101469.34,742.91,220282.62,47455.22,742.91,220282.62,13644.75,742.91,220282.62,7709.58,742.91,150624,1009,742.91,150624,856,742.91,150624,872,742.91,150624,40696
744.45,792629.36,574067.28,744.45,792629.36,660314.11,744.45,792629.36,668377.83,744.45,792629.36,706873.37,744.45,221176.69,101979.36,744.45,221176.69,47699.85,744.45,221176.69,13713.71,744.45,221176.69,7714.61,744.45,151424,1011,744.45,151424,859,744.45,151424,873,744.45,151424,41124
745.99,793810.15,574429.13,745.99,793810.15,661087.79,745.99,793810.15,669150.69,745.99,793810.15,707782.5,745.99,221913.85,102347.66,745.99,221913.85,47827.52,745.99,221913.85,13751.79,745.99,221913.85,7692.83,745.99,151968,1015,745.99,151968,860,745.99,151968,865,745.99,151968,41388
747.53,791109.13,572437.66,747.53,791109.13,658744.3,747.53,791109.13,666444,747.53,791109.13,705502.47,747.53,221549.16,102169,747.53,221549.16,47759.38,747.53,221549.16,13725.27,747.53,221549.16,7646.21,747.53,152112,1014,747.53,152112,854,747.53,152112,868,747.53,152112,41480
749.07,787475.45,569792.49,749.07,787475.45,655705.26,749.07,787475.45,663604.48,749.07,787475.45,702052.01,749.07,220564.69,101720.28,749.07,220564.69,47519.99,749.07,220564.69,13654.61,749.07,220564.69,7568.91,749.07,151616,1002,749.07,151616,845,749.07,151616,859,749.07,151616,41364
750.61,785250.11,568451.28,750.61,785250.11,654235.49,750.61,785250.11,661983.29,750.61,785250.11,700233.7,750.61,219881.87,101447.78,750.61,219881.87,47365.28,750.61,219881.87,13613.34,750.61,219881.87,7511.17,750.61,151424,1001,750.61,151424,844,750.61,151424,851,750.61,151424,41264
752.15,784753.25,567868.64,752.15,784753.25,653438.85,752.15,784753.25,661097.69,752.15,784753.25,699531.18,752.15,219752.89,101387.56,752.15,219752.89,47350.3,752.15,219752.89,13601.75,752.15,219752.89,7460.33,752.15,151904,999,752.15,151904,842,752.15,151904,852,752.15,151904,41320
753.69,782104.19,565836.59,753.69,782104.19,651093.93,753.69,782104.19,659008.7,753.69,782104.19,697193.99,753.69,219318.98,101204.97,753.69,219318.98,47294.42,753.69,219318.98,13567.22,753.69,219318.98,7402.9,753.69,152144,1001,753.69,152144,841,753.69,152144,851,753.69,152144,41272
755.22,774141.97,560487.65,755.22,774141.97,644772.03,755.22,774141.97,652459.43,755.22,774141.97,690273.12,755.22,217838.52,100536.07,755.22,217838.52,46957.25,755.22,217838.52,13471.13,755.22,217838.52,7300.32,755.22,151632,992,755.22,151632,833,755.22,151632,847,755.22,151632,41008
756.76,712777,515884.53,756.76,712777,594544.83,756.76,712777,601796.22,756.76,712777,637362.56,756.76,209136.54,96625.46,756.76,209136.54,45105.65,756.76,209136.54,12940.63,756.76,209136.54,6974.49,756.76,146272,963,756.76,146272,802,756.76,146272,811,756.76,146272,39288
758.29,515625.32,373048.15,758.29,515625.32,430631.38,758.29,515625.32,435878.77,758.29,515625.32,462460.95,758.29,164718.76,76169.51,758.29,164718.76,35568.5,758.29,164718.76,10198.04,758.29,164718.76,5487.18,758.29,115328,764,758.29,115328,636,758.29,115328,654,758.29,115328,30368
759.83,392769.32,284877.06,759.83,392769.32,327964.8,759.83,392769.32,332460.31,759.83,392769.32,351341.46,759.83,115963.45,53410.77,759.83,115963.45,24896.69,759.83,115963.45,7154.43,759.83,115963.45,3741.76,759.83,80496,548,759.83,80496,458,759.83,80496,471,759.83,80496,19736
761.37,383876.78,278938.02,761.37,383876.78,320830.57,761.37,383876.78,325393.12,761.37,383876.78,344058.12,761.37,109324.31,50241.87,761.37,109324.31,23450.35,761.37,109324.31,6726.41,761.37,109324.31,3413.79,761.37,75760,518,761.37,75760,434,761.37,75760,445,761.37,75760,16416
762.9,401786.15,291988.53,762.9,401786.15,335534.91,762.9,401786.15,340365.73,762.9,401786.15,359758.02,762.9,110086.57,50560.12,762.9,110086.57,23598.88,762.9,110086.57,6762.36,762.9,110086.57,3341.62,762.9,76304,519,762.9,76304,437,762.9,76304,444,762.9,76304,15132
764.43,481319.49,349160.11,764.43,481319.49,401237.53,764.43,481319.49,406962.6,764.43,481319.49,429724.91,764.43,128055.57,58874.81,764.43,128055.57,27458.29,764.43,128055.57,7869.71,764.43,128055.57,3872.52,764.43,88848,597,764.43,88848,504,764.43,88848,506,764.43,88848,18036
765.97,578079.89,418926.51,765.97,578079.89,481675.65,765.97,578079.89,488033.49,765.97,578079.89,515745.39,765.97,154834.39,71301.75,765.97,154834.39,33254.7,765.97,154834.39,9522.18,765.97,154834.39,4758.49,765.97,107520,716,765.97,107520,600,765.97,107520,602,765.97,107520,23816
767.5,645897.67,467444.18,767.5,645897.67,537924.65,767.5,645897.67,544716.28,767.5,645897.67,575971.62,767.5,176928.9,81587.13,767.5,176928.9,38044.73,767.5,176928.9,10896.05,767.5,176928.9,5500.29,767.5,122736,813,767.5,122736,677,767.5,122736,682,767.5,122736,29148
769.03,688253.13,497877.82,769.03,688253.13,573148.97,769.03,688253.13,580473.78,769.03,688253.13,613819.1,769.03,190443.5,87935.02,769.03,190443.5,40997.09,769.03,190443.5,11742.37,769.03,190443.5,5964.5,769.03,131616,863,769.03,131616,722,769.03,131616,730,769.03,131616,32672
770.56,714597.83,516754.63,770.56,714597.83,594654.51,770.56,714597.83,601896.1,770.56,714597.83,637049.48,770.56,198928.01,91875.61,770.56,198928.01,42863.29,770.56,198928.01,12262.34,770.56,198928.01,6257.51,770.56,136720,895,770.56,136720,749,770.56,136720,751,770.56,136720,34928
772.1,727946.69,526703.76,772.1,727946.69,605996.31,772.1,727946.69,613365.77,772.1,727946.69,648866.72,772.1,204108.78,94332.05,772.1,204108.78,43950.16,772.1,204108.78,12575.47,772.1,204108.78,6415.73,772.1,139344,913,772.1,139344,757,772.1,139344,769,772.1,139344,36180
773.63,732475.79,529308.37,773.63,732475.79,609573.81,773.63,732475.79,616942.21,773.63,732475.79,652997.27,773.63,206005.2,95232.68,773.63,206005.2,44372.59,773.63,206005.2,12696.16,773.63,206005.2,6463.26,773.63,139280,916,773.63,139280,756,773.63,139280,768,773.63,139280,36524
775.16,735014.38,531618.72,775.16,735014.38,611849.42,775.16,735014.38,618860.57,775.16,735014.38,655217.36,775.16,207240.21,95825.43,775.16,207240.21,44636.77,775.16,207240.21,12767.19,775.16,207240.21,6481.03,775.16,138720,913,775.16,138720,759,775.16,138720,760,775.16,138720,36460
776.69,732854.16,529571.68,776.69,732854.16,609920.49,776.69,732854.16,616859.7,776.69,732854.16,652870.58,776.69,207052.67,95741.98,776.69,207052.67,44613.71,776.69,207052.67,12750.32,776.69,207052.67,6462.11,776.69,136864,906,776.69,136864,747,776.69,136864,752,776.69,136864,36056
778.22,731817.25,528740.18,778.22,731817.25,608787.32,778.22,731817.25,616111.41,778.22,731817.25,651992.06,778.22,206732.77,95602.72,778.22,206732.77,44523.62,778.22,206732.77,12729.22,778.22,206732.77,6410.06,778.22,134976,897,778.22,134976,740,778.22,134976,746,778.22,134976,35500
779.75,730859.05,527980.45,779.75,730859.05,607733.77,779.75,730859.05,615100.24,779.75,730859.05,651180.9,779.75,206521.85,95461.21,779.75,206521.85,44490.2,779.75,206521.85,12714.33,779.75,206521.85,6372.8,779.75,132800,881,779.75,132800,732,779.75,132800,735,779.75,132800,34860
781.28,727768.66,525920.31,781.28,727768.66,605850.42,781.28,727768.66,612492.18,781.28,727768.66,648601.96,781.28,206097,95309.18,781.28,206097,44379.82,781.28,206097,12676.03,781.28,206097,6330.07,781.28,130512,872,781.28,130512,719,781.28,130512,726,781.28,130512,34184
782.81,724104.26,523054.65,782.81,724104.26,602451.02,782.81,724104.26,609894.43,782.81,724104.26,645560.77,782.81,204950.99,94808.62,782.81,204950.99,44140.31,782.81,204950.99,12611.31,782.81,204950.99,6263.83,782.81,127776,855,782.81,127776,709,782.81,127776,708,782.81,127776,33376
784.33,719950,520195.54,784.33,719950,599027.35,784.33,719950,606344.08,784.33,719950,641747.58,784.33,204300.03,94460.41,784.33,204300.03,43970.48,784.33,204300.03,12555.32,784.33,204300.03,6206.02,784.33,125312,846,784.33,125312,700,784.33,125312,700,784.33,125312,32516
785.86,712176.19,514478.32,785.86,712176.19,592933.67,785.86,712176.19,600051.43,785.86,712176.19,635160.4,785.86,202545.76,93665.87,785.86,202545.76,43558.03,785.86,202545.76,12437.34,785.86,202545.76,6109.3,785.86,122096,827,785.86,122096,681,785.86,122096,689,785.86,122096,31344
787.39,702534.2,507783.52,787.39,702534.2,584577.44,787.39,702534.2,591898.89,787.39,702534.2,626635.12,787.39,199949.26,92398.54,787.39,199949.26,42968.29,787.39,199949.26,12270.91,787.39,199949.26,5982.26,787.39,118288,805,787.39,118288,667,787.39,118288,671,787.39,118288,30016
788.91,694552.47,502035.24,788.91,694552.47,578131.3,788.91,694552.47,585003.96,788.91,694552.47,619946.87,788.91,197379.89,91287.57,788.91,197379.89,42415.49,788.91,197379.89,12117.14,788.91,197379.89,5863.89,788.91,114832,789,788.91,114832,652,788.91,114832,653,788.91,114832,28824
790.44,687700.75,497051.87,790.44,687700.75,572873.35,790.44,687700.75,579950.02,790.44,687700.75,613985.43,790.44,195718.47,90445.27,790.44,195718.47,42042.47,790.44,195718.47,12007.54,790.44,195718.47,5778.91,790.44,111760,774,790.44,111760,639,790.44,111760,637,790.44,111760,28016
791.97,684501.64,494438.46,791.97,684501.64,569932.45,791.97,684501.64,576787.75,791.97,684501.64,610635.79,791.97,194222.19,89772.82,791.97,194222.19,41714.34,791.97,194222.19,11911.61,791.97,194222.19,5716.26,791.97,109040,757,791.97,109040,627,791.97,109040,627,791.97,109040,27420
793.49,682181.66,492788.44,793.49,682181.66,568005.35,793.49,682181.66,575065.1,793.49,682181.66,608533.58,793.49,193753.21,89565.91,793.49,193753.21,41633.64,793.49,193753.21,11868.22,793.49,193753.21,5676.1,793.49,106896,745,793.49,106896,617,793.49,106896,617,793.49,106896,26844
795.02,680520.87,491359.14,795.02,680520.87,566331.77,795.02,680520.87,573163.6,795.02,680520.87,607234.01,795.02,193115.1,89309.63,795.02,193115.1,41471.97,795.02,193115.1,11827.08,795.02,193115.1,5609,795.02,104560,735,795.02,104560,605,795.02,104560,607,795.02,104560,25912
796.54,683247.24,493235.48,796.54,683247.24,568408.94,796.54,683247.24,575185.39,796.54,683247.24,608706.25,796.54,193672.31,89532.99,796.54,193672.31,41599.02,796.54,193672.31,11859.01,796.54,193672.31,5612.24,796.54,102960,728,796.54,102960,602,796.54,102960,602,796.54,102960,25520
798.07,677741.39,489556.39,798.07,677741.39,564004.21,798.07,677741.39,571439.81,798.07,677741.39,604486.94,798.07,192897.37,89079.32,798.07,192897.37,41375.33,798.07,192897.37,11795.91,798.07,192897.37,5551.64,798.07,100864,718,798.07,100864,595,798.07,100864,593,798.07,100864,24956
799.59,673622.01,486826.32,799.59,673622.01,560573.74,799.59,673622.01,567575.08,799.59,673622.01,600994.8,799.59,191287.9,88342.88,799.59,191287.9,41050.59,799.59,191287.9,11703.18,799.59,191287.9,5468.64,799.59,98352,701,799.59,98352,580,799.59,98352,582,799.59,98352,24164
801.12,670860.63,484420.8,801.12,670860.63,558180.34,801.12,670860.63,565299.99,801.12,670860.63,598904.72,801.12,190654.7,88055.01,801.12,190654.7,40916,801.12,190654.7,11649.95,801.12,190654.7,5417.82,801.12,96240,691,801.12,96240,573,801.12,96240,570,801.12,96240,23532
802.64,670634.7,484374.09,802.64,670634.7,557430.71,802.64,670634.7,564572.31,802.64,670634.7,597578.08,802.64,190061.21,87805.01,802.64,190061.21,40794.17,802.64,190061.21,11613.62,802.64,190061.21,5396.94,802.64,94368,683,802.64,94368,562,802.64,94368,566,802.64,94368,23072
804.16,673611.88,486160.13,804.16,673611.88,560396.51,804.16,673611.88,567643.86,804.16,673611.88,601138.37,804.16,190723.25,88099.14,804.16,190723.25,40938.15,804.16,190723.25,11647.11,804.16,190723.25,5394.13,804.16,93344,679,804.16,93344,558,804.16,93344,562,804.16,93344,22980
805.68,672062.02,485041.36,805.68,672062.02,558677.02,805.68,672062.02,565831.9,805.68,672062.02,599022.6,805.68,190834.02,88256.14,805.68,190834.02,40945.46,805.68,190834.02,11657.45,805.68,190834.02,5389.78,805.68,91968,673,805.68,91968,558,805.68,91968,555,805.68,91968,22712
807.21,663648.81,479077.79,807.21,663648.81,551998.47,807.21,663648.81,559462,807.21,663648.81,592039.29,807.21,189153.72,87433.4,807.21,189153.72,40549.61,807.21,189153.72,11547.81,807.21,189153.72,5303.12,807.21,89616,659,807.21,89616,543,807.21,89616,542,807.21,89616,22052
808.73,656118.5,473954.18,808.73,656118.5,546390.8,808.73,656118.5,553133.85,808.73,656118.5,585725.22,808.73,187025.68,86396.02,808.73,187025.68,40049.88,808.73,187025.68,11405.06,808.73,187025.68,5203.49,808.73,87392,644,808.73,87392,532,808.73,87392,526,808.73,87392,21248
810.25,640021.59,462289.42,810.25,640021.59,533093.29,810.25,640021.59,540008.54,810.25,640021.59,571798.03,810.25,183790.21,84838.53,810.25,183790.21,39330.02,810.25,183790.21,11193.53,810.25,183790.21,5080.89,810.25,84832,629,810.25,84832,519,810.25,84832,519,810.25,84832,20260
811.77,609115.77,440200.44,811.77,609115.77,507058.41,811.77,609115.77,513827.52,811.77,609115.77,544132.31,811.77,175681.39,81199.99,811.77,175681.39,37617.3,811.77,175681.39,10698.7,811.77,175681.39,4811.7,811.77,80592,598,811.77,80592,493,811.77,80592,489,811.77,80592,18752
813.29,574594.74,415060.69,813.29,574594.74,478497.46,813.29,574594.74,485092.37,813.29,574594.74,513565.64,813.29,165954.22,76581.8,813.29,165954.22,35481.82,813.29,165954.22,10082.73,813.29,165954.22,4492.91,813.29,75488,562,813.29,75488,464,813.29,75488,465,813.29,75488,17032
814.81,551433.53,398567.11,814.81,551433.53,459650.6,814.81,551433.53,465853.57,814.81,551433.53,493398.96,814.81,158137.78,72946.59,814.81,158137.78,33770.36,814.81,158137.78,9600.7,814.81,158137.78,4241.65,814.81,71520,535,814.81,71520,440,814.81,71520,441,814.81,71520,15736
816.33,545781.26,394362.81,816.33,545781.26,454466.24,816.33,545781.26,461214.69,816.33,545781.26,487154.06,816.33,155076.48,71451.67,816.33,155076.48,33124.32,816.33,155076.48,9397.77,816.33,155076.48,4123.16,816.33,69696,521,816.33,69696,428,816.33,69696,432,816.33,69696,15144
817.85,556697.39,402364.4,817.85,556697.39,463527.17,817.85,556697.39,469654.01,817.85,556697.39,497541.69,817.85,156286.35,72023.63,817.85,156286.35,33312.98,817.85,156286.35,9462.33,817.85,156286.35,4130.28,817.85,70064,521,817.85,70064,430,817.85,70064,428,817.85,70064,15232
819.37,564032.39,407942.65,819.37,564032.39,470062.15,819.37,564032.39,476390.11,819.37,564032.39,504338.61,819.37,160244.17,73885.63,819.37,160244.17,34226.67,819.37,160244.17,9693.18,819.37,160244.17,4250.64,819.37,71984,537,819.37,71984,445,819.37,71984,440,819.37,71984,15868
820.89,533494.35,385248.83,820.89,533494.35,444525.98,820.89,533494.35,450211.53,820.89,533494.35,477375.84,820.89,153519.67,70803.48,820.89,153519.67,32792.76,820.89,153519.67,9289.37,820.89,153519.67,4044.74,820.89,68992,515,820.89,68992,421,820.89,68992,417,820.89,68992,15008
822.41,553944.51,400678.81,822.41,553944.51,461374.97,822.41,553944.51,467686.53,822.41,553944.51,494615.85,822.41,153595.96,70797.11,822.41,153595.96,32726.04,822.41,153595.96,9259.53,822.41,153595.96,4029.27,822.41,69024,514,822.41,69024,417,822.41,69024,423,822.41,69024,14932
823.93,576961.07,416524.95,823.93,576961.07,480153.41,823.93,576961.07,486558.25,823.93,576961.07,515327.56,823.93,161803.6,74693.7,823.93,161803.6,34521.27,823.93,161803.6,9762.6,823.93,161803.6,4250.66,823.93,72944,532,823.93,72944,431,823.93,72944,435,823.93,72944,16212
825.45,571757.58,413099.05,825.45,571757.58,475975.61,825.45,571757.58,482682.45,825.45,571757.58,511291.29,825.45,162356.18,74861.88,825.45,162356.18,34608.28,825.45,162356.18,9783.18,825.45,162356.18,4254.45,825.45,73232,532,825.45,73232,430,825.45,73232,432,825.45,73232,16316
826.97,565830.48,408359.28,826.97,565830.48,471159.67,826.97,565830.48,477115.78,826.97,565830.48,505119.95,826.97,159886.65,73797.61,826.97,159886.65,34103.81,826.97,159886.65,9627.2,826.97,159886.65,4167.97,826.97,72224,520,826.97,72224,419,826.97,72224,420,826.97,72224,16008
828.49,570498.12,411719.05,828.49,570498.12,474875.75,828.49,570498.12,481243.61,828.49,570498.12,509429.25,828.49,160919.27,74246.53,828.49,160919.27,34302.85,828.49,160919.27,9679.35,828.49,160919.27,4169.32,828.49,72640,518,828.49,72640,419,828.49,72640,422,828.49,72640,16216
830.01,573675.69,413974.53,830.01,573675.69,477750.96,830.01,573675.69,484097.39,830.01,573675.69,512396.22,830.01,161798.58,74682.55,830.01,161798.58,34469.49,830.01,161798.58,9745.28,830.01,161798.58,4205.69,830.01,73296,518,830.01,73296,416,830.01,73296,422,830.01,73296,16476
831.52,579842.9,418405.83,831.52,579842.9,481920.35,831.52,579842.9,488885.12,831.52,579842.9,517783.71,831.52,162746.86,75113.93,831.52,162746.86,34704.33,831.52,162746.86,9792.69,831.52,162746.86,4213.75,831.52,73824,516,831.52,73824,418,831.52,73824,420,831.52,73824,16708
833.04,591846.58,426747.62,833.04,591846.58,492185.72,833.04,591846.58,498408.04,833.04,591846.58,527341.84,833.04,166029.97,76556.45,833.04,166029.97,35358.84,833.04,166029.97,9977.29,833.04,166029.97,4297.53,833.04,75264,525,833.04,75264,419,833.04,75264,421,833.04,75264,17228
834.56,601050.68,433373.38,834.56,601050.68,499616.26,834.56,601050.68,506447.56,834.56,601050.68,536153.36,834.56,169031.09,77941.57,834.56,169031.09,35993.74,834.56,169031.09,10170.9,834.56,169031.09,4351.38,834.56,76592,536,834.56,76592,423,834.56,76592,430,834.56,76592,17736
836.08,608927.52,438941.29,836.08,608927.52,505610.68,836.08,608927.52,512339.73,836.08,608927.52,542672.23,836.08,171115.77,78883.62,836.08,171115.77,36406.57,836.08,171115.77,10280.65,836.08,171115.77,4393.76,836.08,77504,539,836.08,77504,425,836.08,77504,433,836.08,77504,18108
837.59,615203.76,443444.26,837.59,615203.76,511235.88,837.59,615203.76,517869.92,837.59,615203.76,548448.71,837.59,172790.97,79745.91,837.59,172790.97,36817.74,837.59,172790.97,10395.07,837.59,172790.97,4456.2,837.59,78272,542,837.59,78272,432,837.59,78272,436,837.59,78272,18532
839.11,619619.98,446080.77,839.11,619619.98,515019.58,839.11,619619.98,521032.29,839.11,619619.98,551821.5,839.11,174398.6,80490.4,839.11,174398.6,37136.2,839.11,174398.6,10474.47,839.11,174398.6,4483.51,839.11,78912,546,839.11,78912,430,839.11,78912,434,839.11,78912,18816
840.62,621605.51,447784.27,840.62,621605.51,516378.8,840.62,621605.51,523020.33,840.62,621605.51,553737.4,840.62,175065.34,80837.26,840.62,175065.34,37284.26,840.62,175065.34,10529.27,840.62,175065.34,4475.92,840.62,79008,549,840.62,79008,431,840.62,79008,437,840.62,79008,19048
842.14,622295.38,447820.04,842.14,622295.38,516571.63,842.14,622295.38,523218.31,842.14,622295.38,554686.19,842.14,175026.96,80825.91,842.14,175026.96,37282.78,842.14,175026.96,10530.45,842.14,175026.96,4489.87,842.14,79008,550,842.14,79008,430,842.14,79008,433,842.14,79008,19164
843.66,626077.62,450813.38,843.66,626077.62,519961.01,843.66,626077.62,526209.29,843.66,626077.62,557034.13,843.66,175957.93,81254.46,843.66,175957.93,37512.2,843.66,175957.93,10589.45,843.66,175957.93,4511.85,843.66,79216,552,843.66,79216,432,843.66,79216,435,843.66,79216,19364
845.17,624818.53,449568.37,845.17,624818.53,518539.81,845.17,624818.53,525227.95,845.17,624818.53,556160.6,845.17,176400.14,81537.83,845.17,176400.14,37620.1,845.17,176400.14,10618.98,845.17,176400.14,4507.78,845.17,78976,551,845.17,78976,432,845.17,78976,436,845.17,78976,19416
846.69,617270.32,444169.45,846.69,617270.32,512567.97,846.69,617270.32,519092.14,846.69,617270.32,549187.49,846.69,174951.28,80922.47,846.69,174951.28,37284.7,846.69,174951.28,10546.77,846.69,174951.28,4464.66,846.69,77920,546,846.69,77920,424,846.69,77920,430,846.69,77920,19232
848.2,604034.64,434468.04,848.2,604034.64,501064.55,848.2,604034.64,507427.28,848.2,604034.64,537650.22,848.2,171097.16,78974.38,848.2,171097.16,36477.52,848.2,171097.16,10311.06,848.2,171097.16,4354.77,848.2,75536,528,848.2,75536,413,848.2,75536,418,848.2,75536,18704
849.72,606794.82,436777.07,849.72,606794.82,503760.23,849.72,606794.82,509839.91,849.72,606794.82,540024.99,849.72,170959.87,78986.72,849.72,170959.87,36484.1,849.72,170959.87,10318.37,849.72,170959.87,4344.35,849.72,74944,528,849.72,74944,409,849.72,74944,417,849.72,74944,18504
851.23,590268.44,424727.55,851.23,590268.44,490193.88,851.23,590268.44,496086.92,851.23,590268.44,526302.15,851.23,168832.62,78023.72,851.23,168832.62,35968.98,851.23,168832.62,10172.74,851.23,168832.62,4270.25,851.23,73584,520,851.23,73584,405,851.23,73584,407,851.23,73584,18204
852.75,572153.73,410912.36,852.75,572153.73,474353.36,852.75,572153.73,480600.52,852.75,572153.73,508389.61,852.75,161498.76,74540.53,852.75,161498.76,34380.23,852.75,161498.76,9724.91,852.75,161498.76,4064.91,852.75,69840,496,852.75,69840,387,852.75,69840,391,852.75,69840,17356
854.26,593738.23,426976.08,854.26,593738.23,492273.21,854.26,593738.23,498553.86,854.26,593738.23,528007.95,854.26,165338.25,76300.67,854.26,165338.25,35207.73,854.26,165338.25,9951.79,854.26,165338.25,4146.4,854.26,71120,503,854.26,71120,386,854.26,71120,397,854.26,71120,17592
855.77,603213.79,433413.83,855.77,603213.79,500268.49,855.77,603213.79,506682.19,855.77,603213.79,536467.84,855.77,169232.75,78166.11,855.77,169232.75,36057.33,855.77,169232.75,10180.41,855.77,169232.75,4235.15,855.77,72528,515,855.77,72528,396,855.77,72528,400,855.77,72528,17880
857.29,602796.28,433542.51,857.29,602796.28,499914.4,857.29,602796.28,506562.48,857.29,602796.28,537078.3,857.29,169556.87,78262.36,857.29,169556.87,36116.41,857.29,169556.87,10186.79,857.29,169556.87,4226.76,857.29,72544,515,857.29,72544,401,857.29,72544,405,857.29,72544,17872
858.8,602365.64,432291.07,858.8,602365.64,499074.85,858.8,602365.64,505414.39,858.8,602365.64,535691.16,858.8,169195.74,78176.25,858.8,169195.74,36043.09,858.8,169195.74,10158.11,858.8,169195.74,4218.55,858.8,72112,516,858.8,72112,397,858.8,72112,403,858.8,72112,17796
860.31,602806.23,432817.73,860.31,602806.23,500088.84,860.31,602806.23,506124.58,860.31,602806.23,535864.34,860.31,169341.48,78230.5,860.31,169341.48,36061.84,860.31,169341.48,10162.68,860.31,169341.48,4207.21,860.31,71824,518,860.31,71824,398,860.31,71824,405,860.31,71824,17716
861.83,601884.84,432128.12,861.83,601884.84,499102.45,861.83,601884.84,505180.98,861.83,601884.84,535463.1,861.83,169334.79,78218.4,861.83,169334.79,36052.55,861.83,169334.79,10146.13,861.83,169334.79,4191.85,861.83,71312,510,861.83,71312,396,861.83,71312,403,861.83,71312,17608
863.34,582172.55,418035.8,863.34,582172.55,482597.74,863.34,582172.55,488619.06,863.34,582172.55,517833.62,863.34,166239.57,76691.62,863.34,166239.57,35354.93,863.34,166239.57,9948.04,863.34,166239.57,4111.35,863.34,69296,502,863.34,69296,388,863.34,69296,391,863.34,69296,17144
864.85,565913.52,406750.34,864.85,565913.52,469041.38,864.85,565913.52,474898.76,864.85,565913.52,503509.84,864.85,159517.5,73688.77,864.85,159517.5,33971.99,864.85,159517.5,9547.56,864.85,159517.5,3960.84,864.85,65664,479,864.85,65664,368,864.85,65664,374,864.85,65664,16352
866.37,578305.15,415606.81,866.37,578305.15,479748.6,866.37,578305.15,485236.67,866.37,578305.15,514049.02,866.37,161783.73,74677.88,866.37,161783.73,34406.08,866.37,161783.73,9680.72,866.37,161783.73,3963.94,866.37,65728,478,866.37,65728,368,866.37,65728,374,866.37,65728,16260
867.88,583277.8,418451.04,867.88,583277.8,482640.62,867.88,583277.8,488792.6,867.88,583277.8,518159.62,867.88,164014.16,75685.93,867.88,164014.16,34859.53,867.88,164014.16,9808.03,867.88,164014.16,4022.97,867.88,65504,479,867.88,65504,366,867.88,65504,375,867.88,65504,16192
869.39,581324.96,417524.91,869.39,581324.96,481959.22,869.39,581324.96,488095.82,869.39,581324.96,517244.68,869.39,164536.66,75863.98,869.39,164536.66,34919.85,869.39,164536.66,9825.07,869.39,164536.66,4014.6,869.39,64448,474,869.39,64448,360,869.39,64448,365,869.39,64448,15888
870.9,579501.37,416215.79,870.9,579501.37,480110.15,870.9,579501.37,486607.88,870.9,579501.37,515727.34,870.9,163756.47,75676.81,870.9,163756.47,34863.66,870.9,163756.47,9786.63,870.9,163756.47,3982.48,870.9,62944,463,870.9,62944,353,870.9,62944,361,870.9,62944,15532
872.41,575239.23,413253.63,872.41,575239.23,476868.9,872.41,575239.23,482640.95,872.41,575239.23,511501.15,872.41,162884.08,75316.04,872.41,162884.08,34634.67,872.41,162884.08,9736.67,872.41,162884.08,3965.05,872.41,61248,451,872.41,61248,346,872.41,61248,351,872.41,61248,15092
873.93,573884.83,411242.36,873.93,573884.83,474895.96,873.93,573884.83,480910.48,873.93,573884.83,509604.72,873.93,161990.71,74838.17,873.93,161990.71,34451.89,873.93,161990.71,9694.02,873.93,161990.71,3934.32,873.93,59600,443,873.93,59600,340,873.93,59600,345,873.93,59600,14680
875.44,574715.41,412270.73,875.44,574715.41,476042.46,875.44,574715.41,481688.24,875.44,574715.41,510558.74,875.44,162215.91,74884.84,875.44,162215.91,34465.7,875.44,162215.91,9697.69,875.44,162215.91,3920.56,875.44,58256,433,875.44,58256,330,875.44,58256,337,875.44,58256,14340
876.95,572568.36,411361.07,876.95,572568.36,474687.82,876.95,572568.36,480205.91,876.95,572568.36,509635.77,876.95,162225.72,75007.59,876.95,162225.72,34514.98,876.95,162225.72,9700.36,876.95,162225.72,3903.54,876.95,56944,424,876.95,56944,321,876.95,56944,330,876.95,56944,13972
878.46,566017.14,406433.44,878.46,566017.14,469324.23,878.46,566017.14,475115.03,878.46,566017.14,503530.36,878.46,160647.69,74232.42,878.46,160647.69,34168.75,878.46,160647.69,9614.74,878.46,160647.69,3864.45,878.46,54864,412,878.46,54864,315,878.46,54864,319,878.46,54864,13484
879.97,566896.38,406605.36,879.97,566896.38,469808.98,879.97,566896.38,475755.93,879.97,566896.38,503554.46,879.97,160042.98,73924.61,879.97,160042.98,34037.15,879.97,160042.98,9568.4,879.97,160042.98,3838.57,879.97,53248,401,879.97,53248,305,879.97,53248,313,879.97,53248,13028
881.48,567024.32,407058.12,881.48,567024.32,469997.96,881.48,567024.32,476362.66,881.48,567024.32,504084.48,881.48,160788.35,74204.7,881.48,160788.35,34157.17,881.48,160788.35,9614.97,881.48,160788.35,3854.04,881.48,52080,395,881.48,52080,298,881.48,52080,303,881.48,52080,12728
882.99,565013.96,405115.3,882.99,565013.96,467943,882.99,565013.96,472876.35,882.99,565013.96,502186.27,882.99,160062.45,73958.59,882.99,160062.45,34061.12,882.99,160062.45,9575.63,882.99,160062.45,3804.26,882.99,50528,385,882.99,50528,293,882.99,50528,299,882.99,50528,12328
884.5,558466.27,400375.98,884.5,558466.27,462776.11,884.5,558466.27,468896.7,884.5,558466.27,496663.27,884.5,158288.03,73173.63,884.5,158288.03,33650.16,884.5,158288.03,9462.21,884.5,158288.03,3749.69,884.5,48640,370,884.5,48640,279,884.5,48640,289,884.5,48640,11832
886.01,558363.78,400165.81,886.01,558363.78,462954.94,886.01,558363.78,468161.84,886.01,558363.78,496034.09,886.01,158089.54,73048.96,886.01,158089.54,33626.5,886.01,158089.54,9452.77,886.01,158089.54,3728.64,886.01,47200,361,886.01,47200,271,886.01,47200,277,886.01,47200,11444
887.52,558278.82,401017.18,887.52,558278.82,462978.27,887.52,558278.82,468796.95,887.52,558278.82,496632.26,887.52,158307.76,73047.36,887.52,158307.76,33624.36,887.52,158307.76,9451.64,887.52,158307.76,3733.19,887.52,45968,354,887.52,45968,267,887.52,45968,271,887.52,45968,11124
889.03,554563.57,397751.49,889.03,554563.57,459799.44,889.03,554563.57,465279,889.03,554563.57,494127.26,889.03,157521.7,72837.99,889.03,157521.7,33483.89,889.03,157521.7,9427.22,889.03,157521.7,3705.08,889.03,44624,346,889.03,44624,261,889.03,44624,268,889.03,44624,10776
890.54,543920.04,389715.9,890.54,543920.04,450902.78,890.54,543920.04,456345.28,890.54,543920.04,483392.85,890.54,155385.81,71714.45,890.54,155385.81,32962.68,890.54,155385.81,9288.93,890.54,155385.81,3638.47,890.54,42832,333,890.54,42832,253,890.54,42832,258,890.54,42832,10252
892.05,527178.66,378687.18,892.05,527178.66,437337.92,892.05,527178.66,443101.29,892.05,527178.66,469544.98,892.05,151027.55,69737.07,892.05,151027.55,32091.27,892.05,151027.55,9033.05,892.05,151027.55,3492.41,892.05,40544,318,892.05,40544,241,892.05,40544,245,892.05,40544,9516
893.56,499674.23,357855.95,893.56,499674.23,414130.28,893.56,499674.23,419531.22,893.56,499674.23,444967.92,893.56,144737.56,66645.66,893.56,144737.56,30704.51,893.56,144737.56,8641.9,893.56,144737.56,3326.56,893.56,37648,296,893.56,37648,226,893.56,37648,231,893.56,37648,8620
895.07,470967.5,338345.91,895.07,470967.5,391251.56,895.07,470967.5,396434.88,895.07,470967.5,420742.88,895.07,135928.68,62792.82,895.07,135928.68,28869.42,895.07,135928.68,8135.59,895.07,135928.68,3107.32,895.07,34464,275,895.07,34464,209,895.07,34464,214,895.07,34464,7688
896.58,446879.09,321407.07,896.58,446879.09,370712.79,896.58,446879.09,375680.16,896.58,446879.09,398125.3,896.58,128842.94,59384.77,896.58,128842.94,27294.68,896.58,128842.94,7709.62,896.58,128842.94,2925.51,896.58,31712,256,896.58,31712,191,896.58,31712,198,896.58,31712,6932
898.09,429415.55,309096.22,898.09,429415.55,356431.88,898.09,429415.55,361900.94,898.09,429415.55,383400,898.09,123183.35,56806.05,898.09,123183.35,26150.05,898.09,123183.35,7364.9,898.09,123183.35,2804.57,898.09,29472,241,898.09,29472,179,898.09,29472,186,898.09,29472,6300
899.59,423975.24,304720.1,899.59,423975.24,351570.33,899.59,423975.24,356991.02,899.59,423975.24,378286.58,899.59,121132.06,55718.2,899.59,121132.06,25562.76,899.59,121132.06,7196,899.59,121132.06,2718.93,899.59,28144,228,899.59,28144,175,899.59,28144,176,899.59,28144,5884
901.1,440527.73,316220.4,901.1,440527.73,365189.96,901.1,440527.73,370344.65,901.1,440527.73,392152.95,901.1,122952.42,56769.9,901.1,122952.42,26064.47,901.1,122952.42,7361.78,901.1,122952.42,2745.35,901.1,28032,227,901.1,28032,172,901.1,28032,175,901.1,28032,5804
902.61,460801.88,329981.86,902.61,460801.88,382350.31,902.61,460801.88,387405.18,902.61,460801.88,410657.58,902.61,130150.51,59950.96,902.61,130150.51,27580.79,902.61,130150.51,7765.99,902.61,130150.51,2880.33,902.61,28880,229,902.61,28880,176,902.61,28880,178,902.61,28880,6076
904.12,447445.55,322384.41,904.12,447445.55,372077.58,904.12,447445.55,376839.84,904.12,447445.55,400029.98,904.12,129238.71,59453.91,904.12,129238.71,27383.69,904.12,129238.71,7705.4,904.12,129238.71,2873.49,904.12,28064,230,904.12,28064,174,904.12,28064,176,904.12,28064,5888
905.63,419912.14,301421.03,905.63,419912.14,348902.26,905.63,419912.14,353565.6,905.63,419912.14,374762.57,905.63,122180.61,56172.17,905.63,122180.61,25872.92,905.63,122180.61,7280.6,905.63,122180.61,2678.63,905.63,25824,212,905.63,25824,163,905.63,25824,163,905.63,25824,5256
907.13,407491.49,292241.37,907.13,407491.49,338168.11,907.13,407491.49,342500.82,907.13,407491.49,363297.83,907.13,116344.8,53611.97,907.13,116344.8,24651.45,907.13,116344.8,6957.35,907.13,116344.8,2576.46,907.13,24096,203,907.13,24096,153,907.13,24096,159,907.13,24096,4824
908.64,408402.33,293138.19,908.64,408402.33,338270.4,908.64,408402.33,343801.31,908.64,408402.33,363933.82,908.64,115843.47,53293.87,908.64,115843.47,24535.01,908.64,115843.47,6905.06,908.64,115843.47,2534.31,908.64,23456,198,908.64,23456,149,908.64,23456,154,908.64,23456,4656
910.15,411561,295162.19,910.15,411561,340866.17,910.15,411561,346494.74,910.15,411561,366532.45,910.15,117077.95,53857.35,910.15,117077.95,24756.41,910.15,117077.95,6989.66,910.15,117077.95,2565.53,910.15,23184,196,910.15,23184,146,910.15,23184,150,910.15,23184,4612
911.65,400440.75,287242.76,911.65,400440.75,331098.37,911.65,400440.75,336149.8,911.65,400440.75,357503.58,911.65,114481.99,52461.35,911.65,114481.99,24184.99,911.65,114481.99,6820.55,911.65,114481.99,2494.97,911.65,22176,188,911.65,22176,141,911.65,22176,146,911.65,22176,4344
913.16,397638.78,286000.34,913.16,397638.78,329532.31,913.16,397638.78,334915.3,913.16,397638.78,354340.85,913.16,113214.51,52078.67,913.16,113214.51,23970.24,913.16,113214.51,6783.11,913.16,113214.51,2439.97,913.16,21520,185,913.16,21520,137,913.16,21520,141,913.16,21520,4168
914.66,395196.11,283303.24,914.66,395196.11,328060.39,914.66,395196.11,333059.86,914.66,395196.11,352819.66,914.66,112227.72,51666.05,914.66,112227.72,23748.12,914.66,112227.72,6701.5,914.66,112227.72,2442.32,914.66,20992,177,914.66,20992,136,914.66,20992,141,914.66,20992,4040
916.17,395738.93,284089.21,916.17,395738.93,328167.84,916.17,395738.93,333253.83,916.17,395738.93,352629.06,916.17,112286.4,51734.26,916.17,112286.4,23784.01,916.17,112286.4,6679.14,916.17,112286.4,2416.83,916.17,20592,178,916.17,20592,133,916.17,20592,135,916.17,20592,3916
917.68,415879.57,298636.93,917.68,415879.57,344599.98,917.68,415879.57,349515.81,917.68,415879.57,370899.69,917.68,116714.46,53583.29,917.68,116714.46,24631.03,917.68,116714.46,6949.98,917.68,116714.46,2500.14,917.68,21008,180,917.68,21008,139,917.68,21008,136,917.68,21008,4092
919.18,423312.83,303436.63,919.18,423312.83,351636.85,919.18,423312.83,356631.69,919.18,423312.83,378109.51,919.18,119884.72,55228.73,919.18,119884.72,25382.69,919.18,119884.72,7148.66,919.18,119884.72,2565.38,919.18,21376,185,919.18,21376,135,919.18,21376,144,919.18,21376,4272
920.68,423416.36,302693.35,920.68,423416.36,349767.73,920.68,423416.36,355335.67,920.68,423416.36,376848.16,920.68,120522.12,55419.79,920.68,120522.12,25459.13,920.68,120522.12,7182.28,920.68,120522.12,2622.35,920.68,20976,183,920.68,20976,139,920.68,20976,144,920.68,20976,4248
922.19,417035.82,298139.52,922.19,417035.82,345646.68,922.19,417035.82,350012.2,922.19,417035.82,370299.05,922.19,118425.91,54479.36,922.19,118425.91,25023.5,922.19,118425.91,7035.84,922.19,118425.91,2528.17,922.19,20480,179,922.19,20480,134,922.19,20480,137,922.19,20480,4092
923.69,417598.62,299400.5,923.69,417598.62,346263.19,923.69,417598.62,351209.81,923.69,417598.62,372818.71,923.69,118371.56,54636.39,923.69,118371.56,25021.63,923.69,118371.56,7064.67,923.69,118371.56,2537.16,923.69,20112,180,923.69,20112,134,923.69,20112,138,923.69,20112,3992
925.2,413986.51,296532.32,925.2,413986.51,342355.26,925.2,413986.51,347885.61,925.2,413986.51,369743.68,925.2,117762.84,54192.14,925.2,117762.84,24928.39,925.2,117762.84,7022.86,925.2,117762.84,2521.59,925.2,19808,175,925.2,19808,129,925.2,19808,139,925.2,19808,3952
926.7,381162.92,273860.75,926.7,381162.92,316301.16,926.7,381162.92,321639.58,926.7,381162.92,339523.27,926.7,111233.54,51041.84,926.7,111233.54,23502.57,926.7,111233.54,6615.7,926.7,111233.54,2354.74,926.7,18352,166,926.7,18352,122,926.7,18352,126,926.7,18352,3548
928.2,343643.56,246538.63,928.2,343643.56,285380.6,928.2,343643.56,289966.12,928.2,343643.56,308038.42,928.2,100718.62,46299.55,928.2,100718.62,21370.78,928.2,100718.62,5998.41,928.2,100718.62,2132.52,928.2,16368,151,928.2,16368,113,928.2,16368,116,928.2,16368,3072
929.71,300424.09,216744.32,929.71,300424.09,250216.23,929.71,300424.09,254057.27,929.71,300424.09,269421.42,929.71,89083.71,40937.85,929.71,89083.71,18874.84,929.71,89083.71,5302.05,929.71,89083.71,1894.42,929.71,14272,137,929.71,14272,100,929.71,14272,105,929.71,14272,2632
931.21,257816.18,184870.35,931.21,257816.18,213269.11,931.21,257816.18,217166.98,931.21,257816.18,230531.1,931.21,76588.44,35091.26,931.21,76588.44,16203.21,931.21,76588.44,4586.59,931.21,76588.44,1625.03,931.21,12032,118,931.21,12032,89,931.21,12032,89,931.21,12032,2196
932.71,229483.03,165375.29,932.71,229483.03,190904.92,932.71,229483.03,193741.54,932.71,229483.03,204804.39,932.71,67314.44,30684.64,932.71,67314.44,14095.76,932.71,67314.44,3943.46,932.71,67314.44,1486.29,932.71,10304,97,932.71,10304,75,932.71,10304,77,932.71,10304,1832
934.21,217101.6,157290.83,934.21,217101.6,181157.63,934.21,217101.6,183458.04,934.21,217101.6,194960.11,934.21,63560.73,29144.21,934.21,63560.73,13400.48,934.21,63560.73,3783.38,934.21,63560.73,1366.9,934.21,9616,90,934.21,9616,70,934.21,9616,72,934.21,9616,1644
935.71,204170.14,146956.04,935.71,204170.14,169899.76,935.71,204170.14,171932.75,935.71,204170.14,182097.7,935.71,59023.3,27044.12,935.71,59023.3,12362.32,935.71,59023.3,3510.06,935.71,59023.3,1221.43,935.71,8800,86,935.71,8800,66,935.71,8800,64,935.71,8800,1428
937.21,226836.9,162488.09,937.21,226836.9,187757.49,937.21,226836.9,190989.62,937.21,226836.9,202155.17,937.21,62453.42,28533.03,937.21,62453.42,13218.98,937.21,62453.42,3716.28,937.21,62453.42,1284.49,937.21,9168,85,937.21,9168,67,937.21,9168,69,937.21,9168,1432
938.71,232935.97,167937.42,938.71,232935.97,194407.42,938.71,232935.97,197054.42,938.71,232935.97,209407.08,938.71,67608.81,30849.65,938.71,67608.81,14122.73,938.71,67608.81,4000.19,938.71,67608.81,1439.82,938.71,9936,93,938.71,9936,69,938.71,9936,73,938.71,9936,1472
940.21,219318.28,159153.94,940.21,219318.28,183753.15,940.21,219318.28,185827.78,940.21,219318.28,197386.45,940.21,64588.54,29523.31,940.21,64588.54,13552.51,940.21,64588.54,3828.96,940.21,64588.54,1347.69,940.21,9408,93,940.21,9408,69,940.21,9408,70,940.21,9408,1340
941.71,203404.1,146402.95,941.71,203404.1,169203.41,941.71,203404.1,171603.46,941.71,203404.1,182403.68,941.71,60494.99,27330.22,941.71,60494.99,12667.1,941.71,60494.99,3569.82,941.71,60494.99,1241.12,941.71,8640,85,941.71,8640,64,941.71,8640,64,941.71,8640,1212
943.21,197748.34,141292.41,943.21,197748.34,164485.12,943.21,197748.34,166316.12,943.21,197748.34,175776.3,943.21,57071.93,26248.93,943.21,57071.93,11928.97,943.21,57071.93,3385.07,943.21,57071.93,1234.48,943.21,8144,82,943.21,8144,61,943.21,8144,63,943.21,8144,1124
944.71,197175.21,141806.2,944.71,197175.21,164569.02,944.71,197175.21,166414.65,944.71,197175.21,175950.43,944.71,56568.51,25817.91,944.71,56568.51,11911.92,944.71,56568.51,3332.19,944.71,56568.51,1206.93,944.71,7952,81,944.71,7952,60,944.71,7952,64,944.71,7952,1084
946.21,204788.64,147609.41,946.21,204788.64,169983.89,946.21,204788.64,172159.19,946.21,204788.64,183346.43,946.21,57977.39,26497.89,946.21,57977.39,12189.03,946.21,57977.39,3444.73,946.21,57977.39,1165.91,946.21,8064,80,946.21,8064,59,946.21,8064,60,946.21,8064,1096
947.71,206503.22,149471.98,947.71,206503.22,172660.51,947.71,206503.22,175167.38,947.71,206503.22,184881.49,947.71,59567.91,27212.68,947.71,59567.91,12481.41,947.71,59567.91,3508.72,947.71,59567.91,1232.07,947.71,8192,79,947.71,8192,62,947.71,8192,62,947.71,8192,1148
949.2,216464.41,155069.54,949.2,216464.41,179437.61,949.2,216464.41,182285.82,949.2,216464.41,192729.28,949.2,60975.99,27834.51,949.2,60975.99,12807.12,949.2,60975.99,3587.62,949.2,60975.99,1245.51,949.2,8320,84,949.2,8320,62,949.2,8320,66,949.2,8320,1156
950.7,212409.61,151174.41,950.7,212409.61,175732.28,950.7,212409.61,177326.94,950.7,212409.61,189765.34,950.7,60893.85,27987.12,950.7,60893.85,12790.99,950.7,60893.85,3614.55,950.7,60893.85,1257.23,950.7,8224,86,950.7,8224,62,950.7,8224,66,950.7,8224,1140
952.2,219567.28,157340.43,952.2,219567.28,181521.85,952.2,219567.28,185068.46,952.2,219567.28,196675.54,952.2,62568.45,28686.42,952.2,62568.45,13210.12,952.2,62568.45,3710.17,952.2,62568.45,1257.45,952.2,8352,85,952.2,8352,63,952.2,8352,64,952.2,8352,1160
953.69,216775.06,155398.99,953.69,216775.06,180537.06,953.69,216775.06,183148.81,953.69,216775.06,194248.73,953.69,62644.16,28744.59,953.69,62644.16,13195.62,953.69,62644.16,3719.15,953.69,62644.16,1330.77,953.69,8256,82,953.69,8256,63,953.69,8256,67,953.69,8256,1164
955.19,225611.68,162665.69,955.19,225611.68,186187.61,955.19,225611.68,189831.85,955.19,225611.68,201758.46,955.19,63402.53,28974.28,955.19,63402.53,13379.3,955.19,63402.53,3756.71,955.19,63402.53,1292.48,955.19,8272,84,955.19,8272,61,955.19,8272,65,955.19,8272,1180
956.68,232358.85,166641.2,956.68,232358.85,192458.85,956.68,232358.85,196147.08,956.68,232358.85,206205.91,956.68,67074.92,30588.48,956.68,67074.92,14137.78,956.68,67074.92,3960.89,956.68,67074.92,1373.3,956.68,8560,87,956.68,8560,67,956.68,8560,66,956.68,8560,1260
958.17,231764.16,166516.77,958.17,231764.16,191664.2,958.17,231764.16,194722.67,958.17,231764.16,207636.22,958.17,65384.95,29885.25,958.17,65384.95,13831.43,958.17,65384.95,3896.49,958.17,65384.95,1359.75,958.17,8336,84,958.17,8336,62,958.17,8336,68,958.17,8336,1216
959.67,246832.07,177442.91,959.67,246832.07,205060.49,959.67,246832.07,207822.24,959.67,246832.07,220250.15,959.67,69829.65,32069.47,959.67,69829.65,14582.42,959.67,69829.65,4142.06,959.67,69829.65,1437.49,959.67,8688,88,959.67,8688,67,959.67,8688,68,959.67,8688,1284
961.16,257767.92,184319.8,961.16,257767.92,212999.54,961.16,257767.92,215797.56,961.16,257767.92,230487.19,961.16,72810.74,33331.41,961.16,72810.74,15249.27,961.16,72810.74,4317.11,961.16,72810.74,1476.71,961.16,8896,91,961.16,8896,69,961.16,8896,74,961.16,8896,1372
962.65,265585.04,191022.39,962.65,265585.04,220492.39,962.65,265585.04,224398.05,962.65,265585.04,236470.1,962.65,75542.26,34582.66,962.65,75542.26,15942.36,962.65,75542.26,4483.79,962.65,75542.26,1502.26,962.65,9152,93,962.65,9152,71,962.65,9152,66,962.65,9152,1420
964.14,274664.33,196343.49,964.14,274664.33,227022.16,964.14,274664.33,230270.49,964.14,274664.33,243985.66,964.14,77814.88,35847.3,964.14,77814.88,16424.81,964.14,77814.88,4613.62,964.14,77814.88,1545.68,964.14,9200,95,964.14,9200,71,964.14,9200,73,964.14,9200,1452
965.63,295650.98,211754.97,965.63,295650.98,245459.92,965.63,295650.98,248757.14,965.63,295650.98,263777.82,965.63,82818.14,37719.78,965.63,82818.14,17365.09,965.63,82818.14,4866.04,965.63,82818.14,1701.52,965.63,9616,99,965.63,9616,72,965.63,9616,73,965.63,9616,1556
967.12,325272.19,232017.55,967.12,325272.19,268200.35,967.12,325272.19,272676.57,967.12,325272.19,289462.41,967.12,90559.53,41657.38,967.12,90559.53,19146.87,967.12,90559.53,5409.31,967.12,90559.53,1778.85,967.12,10432,107,967.12,10432,77,967.12,10432,81,967.12,10432,1816
968.61,340387.02,243242.01,968.61,340387.02,280809.81,968.61,340387.02,285363.48,968.61,340387.02,302439.75,968.61,96292.41,44178.11,968.61,96292.41,20270.35,968.61,96292.41,5671.07,968.61,96292.41,1984.05,968.61,10800,110,968.61,10800,81,968.61,10800,83,968.61,10800,1936
970.1,350967.3,250302.26,970.1,350967.3,288780.4,970.1,350967.3,293833.09,970.1,350967.3,310934.48,970.1,98780.79,45482.29,970.1,98780.79,20989.23,970.1,98780.79,5879.01,970.1,98780.79,1970.9,970.1,10896,113,970.1,10896,81,970.1,10896,87,970.1,10896,2012
971.58,345582.94,247753.94,971.58,345582.94,285135.75,971.58,345582.94,291498.61,971.58,345582.94,308201.13,971.58,99374.66,45604.39,971.58,99374.66,21002.93,971.58,99374.66,5908.16,971.58,99374.66,2006.87,971.58,10624,113,971.58,10624,81,971.58,10624,84,971.58,10624,1992
973.07,343285.39,244041.75,973.07,343285.39,283088.43,973.07,343285.39,286342.32,973.07,343285.39,303425.24,973.07,97623.25,44714.56,973.07,97623.25,20485.34,973.07,97623.25,5801.24,973.07,97623.25,2066.19,973.07,10288,109,973.07,10288,78,973.07,10288,83,973.07,10288,1884
974.55,344713.02,244916.73,974.55,344713.02,284835.24,974.55,344713.02,289409.24,974.55,344713.02,307289.41,974.55,98325.35,45023.43,974.55,98325.35,20732.56,974.55,98325.35,5836.71,974.55,98325.35,1978.85,974.55,10016,108,974.55,10016,80,974.55,10016,83,974.55,10016,1876
976.04,358467.84,254588.8,976.04,358467.84,296736.44,976.04,358467.84,299716.58,976.04,358467.84,317597.4,976.04,101031.08,46219.5,976.04,101031.08,21258.01,976.04,101031.08,5990.39,976.04,101031.08,2073.95,976.04,10112,108,976.04,10112,80,976.04,10112,81,976.04,10112,1924
977.52,360757.2,257061.29,977.52,360757.2,295838.33,977.52,360757.2,301938.09,977.52,360757.2,321544.46,977.52,102367.57,47229.02,977.52,102367.57,21637.13,977.52,102367.57,6065.24,977.52,102367.57,2072.45,977.52,10048,107,977.52,10048,78,977.52,10048,82,977.52,10048,1936
979,373885.38,266932.59,979,373885.38,307826.31,979,373885.38,311421.36,979,373885.38,330295.38,979,104755.41,48234.4,979,104755.41,21967.37,979,104755.41,6224.74,979,104755.41,2149.83,979,9984,107,979,9984,81,979,9984,82,979,9984,1940
980.49,380547.55,272871.46,980.49,380547.55,317046.26,980.49,380547.55,320727.5,980.49,380547.55,340053.97,980.49,108740.51,50014.18,980.49,108740.51,22869.39,980.49,108740.51,6443.36,980.49,108740.51,2198.2,980.49,10096,109,980.49,10096,79,980.49,10096,85,980.49,10096,2008
981.97,390241.63,277799.13,981.97,390241.63,323154.09,981.97,390241.63,326461.22,981.97,390241.63,347721.36,981.97,110631.88,50933.66,981.97,110631.88,23275.69,981.97,110631.88,6573.42,981.97,110631.88,2273.82,981.97,9968,109,981.97,9968,82,981.97,9968,81,981.97,9968,2016
983.45,396858.06,281188.46,983.45,396858.06,326197.97,983.45,396858.06,331521.68,983.45,396858.06,351364.58,983.45,113583.71,52180.18,983.45,113583.71,23997.76,983.45,113583.71,6725.35,983.45,113583.71,2327.18,983.45,9904,108,983.45,9904,81,983.45,9904,85,983.45,9904,2036
984.92,406173.23,289335.75,984.92,406173.23,333463.21,984.92,406173.23,338477.7,984.92,406173.23,360039.98,984.92,114765.66,52995.77,984.92,114765.66,24348.22,984.92,114765.66,6832.86,984.92,114765.66,2434.82,984.92,9792,109,984.92,9792,80,984.92,9792,76,984.92,9792,2048
986.4,408236.25,292629.53,986.4,408236.25,338562.56,986.4,408236.25,342175.27,986.4,408236.25,362303.22,986.4,116599.07,53668.26,986.4,116599.07,24609.3,986.4,116599.07,6958.26,986.4,116599.07,2429.15,986.4,9552,105,986.4,9552,76,986.4,9552,82,986.4,9552,2028
987.88,415833.95,294504.51,987.88,415833.95,340470.73,987.88,415833.95,344746.66,987.88,415833.95,368798.75,987.88,117868.36,54335.81,987.88,117868.36,25009.49,987.88,117868.36,7003.13,987.88,117868.36,2486.87,987.88,9328,105,987.88,9328,73,987.88,9328,79,987.88,9328,2020
989.35,416580.12,296381.11,989.35,416580.12,345229.11,989.35,416580.12,349619.94,989.35,416580.12,367183.27,989.35,119141.29,54630.64,989.35,119141.29,25039.04,989.35,119141.29,7070.99,989.35,119141.29,2470,989.35,9216,101,989.35,9216,76,989.35,9216,78,989.35,9216,1992
990.83,421002.53,300064.13,990.83,421002.53,347412.66,990.83,421002.53,351976.37,990.83,421002.53,374794.94,990.83,119989.94,54978.67,990.83,119989.94,25232,990.83,119989.94,7135.69,990.83,119989.94,2533.23,990.83,8960,99,990.83,8960,75,990.83,8960,76,990.83,8960,1976
992.3,424860.5,302882.52,992.3,424860.5,348845.24,992.3,424860.5,354737.89,992.3,424860.5,377719.25,992.3,121050.12,55845.29,992.3,121050.12,25582.76,992.3,121050.12,7175.65,992.3,121050.12,2573.88,992.3,8704,101,992.3,8704,72,992.3,8704,73,992.3,8704,1944
993.77,427549.06,305217.43,993.77,427549.06,352926.76,993.77,427549.06,354761.74,993.77,427549.06,379839.72,993.77,120923.52,56042.99,993.77,120923.52,25758.22,993.77,120923.52,7261.34,993.77,120923.52,2451.88,993.77,8480,96,993.77,8480,69,993.77,8480,73,993.77,8480,1896
995.24,431941,302673.98,995.24,431941,353750.22,995.24,431941,361317.07,995.24,431941,381495.33,995.24,123092.95,56846.56,995.24,123092.95,26185.23,995.24,123092.95,7329.63,995.24,123092.95,2629.71,995.24,8144,91,995.24,8144,71,995.24,8144,71,995.24,8144,1876
996.71,432065.32,306563.74,996.71,432065.32,353626.84,996.71,432065.32,358856.07,996.71,432065.32,383041.27,996.71,122813.17,56433.92,996.71,122813.17,26019.74,996.71,122813.17,7357.8,996.71,122813.17,2601.97,996.71,7984,93,996.71,7984,68,996.71,7984,69,996.71,7984,1820
998.18,433787.3,305684.49,998.18,433787.3,355163.35,998.18,433787.3,361263.48,998.18,433787.3,382275.06,998.18,123808.59,56855.79,998.18,123808.59,26144.05,998.18,123808.59,7317.33,998.18,123808.59,2614.4,998.18,7648,90,998.18,7648,66,998.18,7648,66,998.18,7648,1756
999.64,431190.53,306279.36,999.64,431190.53,354973.54,999.64,431190.53,359207.82,999.64,431190.53,381790.63,999.64,123761.58,57015.16,999.64,123761.58,26137.15,999.64,123761.58,7314.03,999.64,123761.58,2557.57,999.64,7408,88,999.64,7408,62,999.64,7408,64,999.64,7408,1700
1001.11,431474.07,305901.24,1001.11,431474.07,352626.02,1001.11,431474.07,357006.46,1001.11,431474.07,379638.78,1001.11,121641.25,56420.84,1001.11,121641.25,25881.12,1001.11,121641.25,7311.42,1001.11,121641.25,2588.11,1001.11,7088,84,1001.11,7088,59,1001.11,7088,61,1001.11,7088,1640
1002.57,426460.97,301476.85,1002.57,426460.97,350713.02,1002.57,426460.97,357530.33,1002.57,426460.97,375709.84,1002.57,122658.75,56218.6,1002.57,122658.75,25890.14,1002.57,122658.75,7262.69,1002.57,122658.75,2656.26,1002.57,6864,81,1002.57,6864,58,1002.57,6864,62,1002.57,6864,1572
1004.03,426582.66,300654.2,1004.03,426582.66,348664.43,1004.03,426582.66,350238.53,1004.03,426582.66,376998.33,1004.03,121804.56,56002.1,1004.03,121804.56,25830.97,1004.03,121804.56,7245.27,1004.03,121804.56,2625.1,1004.03,6480,74,1004.03,6480,58,1004.03,6480,56,1004.03,6480,1532
1005.49,425652.64,302286.9,1005.49,425652.64,348038.43,1005.49,425652.64,355391.36,1005.49,425652.64,374182.17,1005.49,122373.9,56525.09,1005.49,122373.9,26004.45,1005.49,122373.9,7284.16,1005.49,122373.9,2585.88,1005.49,6304,73,1005.49,6304,56,1005.49,6304,55,1005.49,6304,1448
1006.95,426925.87,301059.28,1006.95,426925.87,352936.73,1006.95,426925.87,352936.73,1006.95,426925.87,378450.23,1006.95,122570.24,56266.74,1006.95,122570.24,25928.32,1006.95,122570.24,7299.47,1006.95,122570.24,2699.28,1006.95,6048,74,1006.95,6048,54,1006.95,6048,53,1006.95,6048,1416
1008.41,424234.37,302773.08,1008.41,424234.37,351181.56,1008.41,424234.37,352941.87,1008.41,424234.37,374945.73,1008.41,123362.15,56331.19,1008.41,123362.15,26041.37,1008.41,123362.15,7297.09,1008.41,123362.15,2596.27,1008.41,5760,72,1008.41,5760,50,1008.41,5760,55,1008.41,5760,1340
1009.86,426822.81,302256.5,1009.86,426822.81,349884.79,1009.86,426822.81,354464.44,1009.86,426822.81,377362.66,1009.86,122419.53,56954.54,1009.86,122419.53,25776.84,1009.86,122419.53,7221.61,1009.86,122419.53,2659.52,1009.86,5616,69,1009.86,5616,51,1009.86,5616,54,1009.86,5616,1316
1011.32,426155.11,304667.69,1011.32,426155.11,352123.71,1011.32,426155.11,356869.32,1011.32,426155.11,379648.21,1011.32,123715.87,56589.81,1011.32,123715.87,26000.73,1011.32,123715.87,7307.39,1011.32,123715.87,2634.06,1011.32,5456,65,1011.32,5456,51,1011.32,5456,50,1011.32,5456,1260
1012.77,426088.77,303216.66,1012.77,426088.77,351770.96,1012.77,426088.77,355734.58,1012.77,426088.77,376543.57,1012.77,121377.39,56101.76,1012.77,121377.39,25669.2,1012.77,121377.39,7299.4,1012.77,121377.39,2602.2,1012.77,5200,64,1012.77,5200,43,1012.77,5200,48,1012.77,5200,1224
1014.22,425740.06,301907.02,1014.22,425740.06,347960.63,1014.22,425740.06,351030.87,1014.22,425740.06,374569.38,1014.22,122636.66,56361.46,1014.22,122636.66,26069.47,1014.22,122636.66,7274.67,1014.22,122636.66,2570.23,1014.22,4992,64,1014.22,4992,45,1014.22,4992,46,1014.22,4992,1172
1015.67,426420.27,302758.39,1015.67,426420.27,349664.62,1015.67,426420.27,359259.08,1015.67,426420.27,377381.94,1015.67,121794.93,56710.76,1015.67,121794.93,25691.12,1015.67,121794.93,7255.36,1015.67,121794.93,2711.84,1015.67,4784,60,1015.67,4784,43,1015.67,4784,44,1015.67,4784,1124
1017.11,428295.45,301804.04,1017.11,428295.45,345077.42,1017.11,428295.45,353954.01,1017.11,428295.45,379474.2,1017.11,124139.02,56715.27,1017.11,124139.02,26077.13,1017.11,124139.02,7312.5,1017.11,124139.02,2677.12,1017.11,4640,57,1017.11,4640,45,1017.11,4640,49,1017.11,4640,1092
1018.56,425366.03,300393.26,1018.56,425366.03,346254.82,1018.56,425366.03,349694.44,1018.56,425366.03,370332.15,1018.56,122226.46,55969.02,1018.56,122226.46,25515.29,1018.56,122226.46,7279.06,1018.56,122226.46,2572.11,1018.56,4448,55,1018.56,4448,40,1018.56,4448,42,1018.56,4448,1052
1020,423815.76,300004.41,1020,423815.76,348814.65,1020,423815.76,354767.12,1020,423815.76,376196.01,1020,122391.98,56686.81,1020,122391.98,25874.09,1020,122391.98,7300.57,1020,122391.98,2791.4,1020,4336,57,1020,4336,38,1020,4336,42,1020,4336,1016
1021.44,423388.65,299227.75,1021.44,423388.65,350133.72,1021.44,423388.65,350133.72,1021.44,423388.65,374965.9,1021.44,123832.31,56551.58,1021.44,123832.31,25817.03,1021.44,123832.31,7292.47,1021.44,123832.31,2570.53,1021.44,4096,58,1021.44,4096,39,1021.44,4096,40,1021.44,4096,956
1022.88,422974.23,297887.34,1022.88,422974.23,346890.45,1022.88,422974.23,354627.78,1022.88,422974.23,376550.23,1022.88,124367.93,56151.19,1022.88,124367.93,25523.27,1022.88,124367.93,7250.93,1022.88,124367.93,2900.37,1022.88,3952,49,1022.88,3952,40,1022.88,3952,38,1022.88,3952,936
1024.32,424351.29,304251.87,1024.32,424351.29,346953.89,1024.32,424351.29,353626.08,1024.32,424351.29,373642.65,1024.32,121727.87,55851.61,1024.32,121727.87,25538.99,1024.32,121727.87,7220.13,1024.32,121727.87,2685.17,1024.32,3792,47,1024.32,3792,38,1024.32,3792,39,1024.32,3792,900
1025.75,419384.07,301735.07,1025.75,419384.07,347410.56,1025.75,419384.07,351562.88,1025.75,419384.07,373708.57,1025.75,123172.06,57097.98,1025.75,123172.06,25806.29,1025.75,123172.06,7355.42,1025.75,123172.06,2618.03,1025.75,3664,47,1025.75,3664,35,1025.75,3664,35,1025.75,3664,876
1027.18,427467.59,296492.68,1027.18,427467.59,348306.93,1027.18,427467.59,351185.5,1027.18,427467.59,375653.34,1027.18,123807.31,56723.43,1027.18,123807.31,26030.62,1027.18,123807.31,7284.69,1027.18,123807.31,2719.62,1027.18,3520,42,1027.18,3520,35,1027.18,3520,36,1027.18,3520,848
1028.61,423752.68,300969.21,1028.61,423752.68,350382.07,1028.61,423752.68,353376.79,1028.61,423752.68,374339.82,1028.61,124380.77,56829.14,1028.61,124380.77,25733.95,1028.61,124380.77,7271.18,1028.61,124380.77,2948.68,1028.61,3376,47,1028.61,3376,35,1028.61,3376,33,1028.61,3376,796
1030.04,423917.6,296587.04,1030.04,423917.6,341618.58,1030.04,423917.6,350935.45,1030.04,423917.6,375780.43,1030.04,122669.23,56853.55,1030.04,122669.23,25906.17,1030.04,122669.23,7246.73,1030.04,122669.23,2870.68,1030.04,3312,42,1030.04,3312,32,1030.04,3312,33,1030.04,3312,792
1031.47,426185.63,305110.17,1031.47,426185.63,351926.01,1031.47,426185.63,351926.01,1031.47,426185.63,374526.76,1031.47,123816.86,56386.08,1031.47,123816.86,26013.17,1031.47,123816.86,7411.57,1031.47,123816.86,3051.82,1031.47,3136,44,1031.47,3136,29,1031.47,3136,31,1031.47,3136,748
1032.89,424747.56,300513.09,1032.89,424747.56,347520.73,1032.89,424747.56,347520.73,1032.89,424747.56,379418.77,1032.89,123853.83,56489.43,1032.89,123853.83,26281.18,1032.89,123853.83,7363.26,1032.89,123853.83,2869.78,1032.89,3072,40,1032.89,3072,30,1032.89,3072,33,1032.89,3072,728
1034.31,420362.72,301000.46,1034.31,420362.72,345977.54,1034.31,420362.72,358086.76,1034.31,420362.72,370195.97,1034.31,124823.08,57730.67,1034.31,124823.08,25744.76,1034.31,124823.08,7372.36,1034.31,124823.08,2964.55,1034.31,2976,38,1034.31,2976,30,1034.31,2976,30,1034.31,2976,696
1035.73,420418.52,297721.27,1035.73,420418.52,351852.41,1035.73,420418.52,350048.04,1035.73,420418.52,380722.35,1035.73,121926.93,56747.9,1035.73,121926.93,25779.76,1035.73,121926.93,7296.16,1035.73,121926.93,3080.6,1035.73,2848,39,1035.73,2848,26,1035.73,2848,26,1035.73,2848,680
1037.14,421206.76,304307.97,1037.14,421206.76,346985.31,1037.14,421206.76,350696.38,1037.14,421206.76,371107.28,1037.14,124824.27,58002.58,1037.14,124824.27,26457.32,1037.14,124824.27,7335.12,1037.14,124824.27,2713.57,1037.14,2784,34,1037.14,2784,29,1037.14,2784,28,1037.14,2784,644
1038.55,420125.41,301185.79,1038.55,420125.41,349145.32,1038.55,420125.41,345308.55,1038.55,420125.41,368329.12,1038.55,122101.69,57213.36,1038.55,122101.69,25990.22,1038.55,122101.69,7282.49,1038.55,122101.69,2878.11,1038.55,2624,35,1038.55,2624,30,1038.55,2624,32,1038.55,2624,628
1039.96,422289.89,296798.08,1039.96,422289.89,342612.55,1039.96,422289.89,348588.35,1039.96,422289.89,374483.49,1039.96,124969.99,56739.25,1039.96,124969.99,25676.3,1039.96,124969.99,7182.18,1039.96,124969.99,2783.1,1039.96,2576,36,1039.96,2576,27,1039.96,2576,28,1039.96,2576,612
1041.37,428117.18,304025.24,1041.37,428117.18,347457.42,1041.37,428117.18,347457.42,1041.37,428117.18,376412.2,1041.37,123519.27,56923.04,1041.37,123519.27,25485.15,1041.37,123519.27,7347.91,1041.37,123519.27,3069.38,1041.37,2464,31,1041.37,2464,27,1041.37,2464,26,1041.37,2464,580
1042.78,417964.89,300077.36,1042.78,417964.89,345088.96,1042.78,417964.89,351519.19,1042.78,417964.89,370809.88,1042.78,124757.3,56566.97,1042.78,124757.3,26152.54,1042.78,124757.3,7361.46,1042.78,124757.3,3002.7,1042.78,2400,33,1042.78,2400,25,1042.78,2400,23,1042.78,2400,568
1044.18,421901.48,299772.1,1044.18,421901.48,348623.85,1044.18,421901.48,353064.92,1044.18,421901.48,370829.19,1044.18,124742.07,56295.93,1044.18,124742.07,26122.93,1044.18,124742.07,7239.49,1044.18,124742.07,2936.3,1044.18,2240,33,1044.18,2240,26,1044.18,2240,23,1044.18,2240,544
1045.58,423086.61,297304.11,1045.58,423086.61,343043.2,1045.58,423086.61,345330.16,1045.58,423086.61,375060.57,1045.58,128556.59,57228.42,1045.58,128556.59,25711.32,1045.58,128556.59,7205.39,1045.58,128556.59,3317.59,1045.58,2240,29,1045.58,2240,24,1045.58,2240,26,1045.58,2240,540
1046.97,423577.78,299835.96,1046.97,423577.78,345049.32,1046.97,423577.78,354567.92,1046.97,423577.78,368845.82,1046.97,125116.74,57845.07,1046.97,125116.74,26137.4,1046.97,125116.74,7391.31,1046.97,125116.74,3106.49,1046.97,2160,31,1046.97,2160,19,1046.97,2160,22,1046.97,2160,520
1048.36,413575.43,299233.99,1048.36,413575.43,340591.53,1048.36,413575.43,345457.13,1048.36,413575.43,369785.09,1048.36,126940.22,57618.26,1048.36,126940.22,26333.34,1048.36,126940.22,7539.89,1048.36,126940.22,2925.93,1048.36,2080,26,1048.36,2080,23,1048.36,2080,25,1048.36,2080,492
1049.75,429858.62,301924.51,1049.75,429858.62,347980.79,1049.75,429858.62,347980.79,1049.75,429858.62,378684.97,1049.75,126753.3,56081.49,1049.75,126753.3,26672.91,1049.75,126753.3,7352.15,1049.75,126753.3,3077.64,1049.75,2032,32,1049.75,2032,20,1049.75,2032,19,1049.75,2032,476
1051.14,421830.94,299791.8,1051.14,421830.94,352852.3,1051.14,421830.94,355505.32,1051.14,421830.94,382035.57,1051.14,130058.61,57803.83,1051.14,130058.61,26493.42,1051.14,130058.61,7285.69,1051.14,130058.61,3010.62,1051.14,1920,26,1051.14,1920,22,1051.14,1920,20,1051.14,1920,460
1052.52,412437.59,293047.76,1052.52,412437.59,341889.05,1052.52,412437.59,341889.05,1052.52,412437.59,360882.89,1052.52,122375.5,57271.73,1052.52,122375.5,25943.61,1052.52,122375.5,7342.53,1052.52,122375.5,3181.76,1052.52,1920,25,1052.52,1920,19,1052.52,1920,22,1052.52,1920,448
1053.9,420190.66,299736.01,1053.9,420190.66,338953.8,1053.9,420190.66,344556.34,1053.9,420190.66,369767.78,1053.9,124167.62,57503.85,1053.9,124167.62,26970.83,1053.9,124167.62,7506.03,1053.9,124167.62,3053.3,1053.9,1808,24,1053.9,1808,20,1053.9,1808,20,1053.9,1808,440
1055.28,421729.62,282122.58,1055.28,421729.62,343200.66,1055.28,421729.62,354834.58,1055.28,421729.62,375193.94,1055.28,128235.21,57758.83,1055.28,128235.21,25700.03,1055.28,128235.21,7551.04,1055.28,128235.21,2914.44,1055.28,1792,24,1055.28,1792,16,1055.28,1792,22,1055.28,1792,416
1056.65,417399.6,309296.11,1056.65,417399.6,348333.48,1056.65,417399.6,345330.61,1056.65,417399.6,378362.23,1056.65,127940.35,56862.38,1056.65,127940.35,25150.67,1056.65,127940.35,7244.49,1056.65,127940.35,3417.21,1056.65,1680,25,1056.65,1680,21,1056.65,1680,17,1056.65,1680,408
1058.02,418992.73,290793.46,1058.02,418992.73,350202.88,1058.02,418992.73,353329.69,1058.02,418992.73,368963.74,1058.02,123550.03,57282.29,1058.02,123550.03,26956.37,1058.02,123550.03,7230.48,1058.02,123550.03,2948.35,1058.02,1632,20,1058.02,1632,17,1058.02,1632,19,1058.02,1632,396
1059.39,418587.85,295282.9,1059.39,418587.85,334221.3,1059.39,418587.85,347200.77,1059.39,418587.85,369914.84,1059.39,127001.86,56573.56,1059.39,127001.86,26266.29,1059.39,127001.86,7360.34,1059.39,127001.86,3463.69,1059.39,1552,25,1059.39,1552,17,1059.39,1552,19,1059.39,1552,384
1060.75,421498.5,302018.61,1060.75,421498.5,358439.67,1060.75,421498.5,365077.44,1060.75,421498.5,378352.99,1060.75,130198.38,59674.26,1060.75,130198.38,26521.89,1060.75,130198.38,7308.59,1060.75,130198.38,3164.54,1060.75,1584,21,1060.75,1584,14,1060.75,1584,19,1060.75,1584,376
1062.11,421165.06,309782.56,1062.11,421165.06,365473.81,1062.11,421165.06,372435.21,1062.11,421165.06,372435.21,1062.11,128785.57,57033.61,1062.11,128785.57,25757.11,1062.11,128785.57,7435.83,1062.11,128785.57,2913.01,1062.11,1552,22,1062.11,1552,18,1062.11,1552,16,1062.11,1552,360
1063.46,437104.44,293734.18,1063.46,437104.44,349683.55,1063.46,437104.44,363670.9,1063.46,437104.44,384651.91,1063.46,124527.67,56099.1,1063.46,124527.67,24967.18,1063.46,124527.67,7243.56,1063.46,124527.67,3236.49,1063.46,1488,18,1063.46,1488,17,1063.46,1488,19,1063.46,1488,352
1064.81,415682.84,316203.19,1064.81,415682.84,351731.64,1064.81,415682.84,358837.33,1064.81,415682.84,376601.55,1064.81,129597.44,59024.58,1064.81,129597.44,26946,1064.81,129597.44,7538.47,1064.81,129597.44,3047.46,1064.81,1520,22,1064.81,1520,20,1064.81,1520,14,1064.81,1520,344
1066.16,414131.71,304404.5,1066.16,414131.71,353958.73,1066.16,414131.71,346879.55,1066.16,414131.71,382275.42,1066.16,129023.67,58060.65,1066.16,129023.67,26772.41,1066.16,129023.67,7499.5,1066.16,129023.67,3064.31,1066.16,1440,19,1066.16,1440,15,1066.16,1440,19,1066.16,1440,344
1067.5,429481.79,304675.12,1067.5,429481.79,348724.53,1067.5,429481.79,352395.32,1067.5,429481.79,363407.67,1067.5,131884.11,58029.01,1067.5,131884.11,27365.95,1067.5,131884.11,7418.48,1067.5,131884.11,3461.96,1067.5,1408,19,1067.5,1408,20,1067.5,1408,20,1067.5,1408,320
1068.84,429286.52,309832.88,1068.84,429286.52,358360.92,1068.84,429286.52,365826.77,1068.84,429286.52,377025.55,1068.84,123450.56,56472.07,1068.84,123450.56,26266.08,1068.84,123450.56,7223.17,1068.84,123450.56,3283.26,1068.84,1408,17,1068.84,1408,12,1068.84,1408,16,1068.84,1408,324
1070.17,422699.22,284293.28,1070.17,422699.22,336663.1,1070.17,422699.22,351625.9,1070.17,422699.22,374070.11,1070.17,128972.9,55843.94,1070.17,128972.9,25927.54,1070.17,128972.9,7146.69,1070.17,128972.9,3490.25,1070.17,1408,20,1070.17,1408,12,1070.17,1408,14,1070.17,1408,332
1071.5,408528.16,302613.45,1071.5,408528.16,355570.8,1071.5,408528.16,344222.8,1071.5,408528.16,374484.14,1071.5,126434.68,57033.03,1071.5,126434.68,26455.08,1071.5,126434.68,7215.02,1071.5,126434.68,3092.15,1071.5,1376,20,1071.5,1376,18,1071.5,1376,14,1071.5,1376,312
1072.83,423595.22,300871.37,1072.83,423595.22,348377.38,1072.83,423595.22,356295.04,1072.83,423595.22,372130.38,1072.83,129451.14,57690.18,1072.83,129451.14,26734.47,1072.83,129451.14,7563.04,1072.83,129451.14,4045.35,1072.83,1296,15,1072.83,1296,16,1072.83,1296,17,1072.83,1296,296
1074.15,416642.59,295290.38,1074.15,416642.59,360011.56,1074.15,416642.59,360011.56,1074.15,416642.59,372146.78,1074.15,130706.35,58171.51,1074.15,130706.35,25854,1074.15,130706.35,7181.67,1074.15,130706.35,3590.83,1074.15,1312,17,1074.15,1312,14,1074.15,1312,16,1074.15,1312,304
1075.47,441018.03,300881.46,1075.47,441018.03,346219.76,1075.47,441018.03,342098.1,1075.47,441018.03,379193.08,1075.47,126152.1,57941.95,1075.47,126152.1,25303.76,1075.47,126152.1,7334.42,1075.47,126152.1,3667.21,1075.47,1296,16,1075.47,1296,16,1075.47,1296,12,1075.47,1296,312
1076.78,415936.18,294096.29,1076.78,415936.18,344512.79,1076.78,415936.18,344512.79,1076.78,415936.18,365519.67,1076.78,126309.4,55545.7,1076.78,126309.4,24348.8,1076.78,126309.4,7228.55,1076.78,126309.4,3233.83,1076.78,1248,22,1076.78,1248,15,1076.78,1248,16,1076.78,1248,272
1078.08,436146.06,299575.07,1078.08,436146.06,348035.75,1078.08,436146.06,343630.23,1078.08,436146.06,383279.87,1078.08,130193.98,56469.68,1078.08,130193.98,26666.24,1078.08,130193.98,7450.86,1078.08,130193.98,3333.28,1078.08,1248,15,1078.08,1248,16,1078.08,1248,17,1078.08,1248,280
1079.39,415235.14,308077.68,1079.39,415235.14,339331.94,1079.39,415235.14,343796.83,1079.39,415235.14,361656.41,1079.39,127857.58,60691.89,1079.39,127857.58,26299.82,1079.39,127857.58,7283.03,1079.39,127857.58,3843.82,1079.39,1120,16,1079.39,1120,14,1079.39,1120,12,1079.39,1120,276
1080.68,413321.97,284732.91,1080.68,413321.97,349027.44,1080.68,413321.97,358212.38,1080.68,413321.97,371989.77,1080.68,123284.82,57532.92,1080.68,123284.82,26711.71,1080.68,123284.82,7397.09,1080.68,123284.82,2671.17,1080.68,1104,15,1080.68,1104,11,1080.68,1104,12,1080.68,1104,268
1081.98,435156.81,296480.46,1081.98,435156.81,339517.95,1081.98,435156.81,353863.78,1081.98,435156.81,368209.61,1081.98,128579.06,56775.17,1081.98,128579.06,26717.73,1081.98,128579.06,7305.63,1081.98,128579.06,3339.72,1081.98,1104,15,1081.98,1104,10,1081.98,1104,12,1081.98,1104,272
1083.26,436934.19,299471.75,1083.26,436934.19,348565.48,1083.26,436934.19,353474.85,1083.26,436934.19,382931.09,1083.26,131196.89,58506.72,1083.26,131196.89,27480.43,1083.26,131196.89,7756.57,1083.26,131196.89,2881.01,1083.26,1136,16,1083.26,1136,16,1083.26,1136,12,1083.26,1136,244
1084.55,428741.33,302640.94,1084.55,428741.33,337949.05,1084.55,428741.33,363169.13,1084.55,428741.33,373257.16,1084.55,128677.28,58083.5,1084.55,128677.28,27254.56,1084.55,128677.28,7372.14,1084.55,128677.28,3797.77,1084.55,1040,16,1084.55,1040,9,1084.55,1040,15,1084.55,1040,248
1085.82,421881.89,307296.68,1085.82,421881.89,343755.61,1085.82,421881.89,348964.03,1085.82,421881.89,375006.12,1085.82,129067.6,57158.51,1085.82,129067.6,26735.43,1085.82,129067.6,7721.01,1085.82,129067.6,3226.69,1085.82,1040,13,1085.82,1040,13,1085.82,1040,13,1085.82,1040,244
1087.09,409249.85,297636.25,1087.09,409249.85,356100.52,1087.09,409249.85,350785.58,1087.09,409249.85,372045.31,1087.09,124480.55,57525.1,1087.09,124480.55,27348,1087.09,124480.55,7426.4,1087.09,124480.55,3772.14,1087.09,1008,15,1087.09,1008,9,1087.09,1008,9,1087.09,1008,244
1088.36,399612.05,301077.57,1088.36,399612.05,344870.67,1088.36,399612.05,350344.81,1088.36,399612.05,361293.09,1088.36,129335.85,57911.57,1088.36,129335.85,27508,1088.36,129335.85,7359.6,1088.36,129335.85,3378.18,1088.36,912,13,1088.36,912,11,1088.36,912,12,1088.36,912,220
1089.62,413923.49,303155.23,1089.62,413923.49,355624.4,1089.62,413923.49,349794.5,1089.62,413923.49,367284.22,1089.62,130457.9,56056.13,1089.62,130457.9,27518.46,1089.62,130457.9,7771.42,1089.62,130457.9,4331.61,1089.62,976,11,1089.62,976,10,1089.62,976,9,1089.62,976,224
