WMS_48_IRR_000,WMS_48_IRR_000,WMS_48_IRR_000,WMS_48_IRR_001,WMS_48_IRR_001,WMS_48_IRR_001,WMS_48_IRR_002,WMS_48_IRR_002,WMS_48_IRR_002,WMS_48_IRR_003,WMS_48_IRR_003,WMS_48_IRR_003,WMS_48_PANEL_000,WMS_48_PANEL_000,WMS_48_PANEL_000,WMS_48_PANEL_001,WMS_48_PANEL_001,WMS_48_PANEL_001,WMS_48_PANEL_002,WMS_48_PANEL_002,WMS_48_PANEL_002,WMS_48_PANEL_003,WMS_48_PANEL_003,WMS_48_PANEL_003,WMS_48_WATER_000,WMS_48_WATER_000,WMS_48_WATER_000,WMS_48_WATER_001,WMS_48_WATER_001,WMS_48_WATER_001,WMS_48_WATER_002,WMS_48_WATER_002,WMS_48_WATER_002,WMS_48_WATER_003,WMS_48_WATER_003,WMS_48_WATER_003
286.9,846.25,877.98,286.9,846.25,909.72,286.9,846.25,899.14,286.9,846.25,909.72,286.9,206.14,43.97,286.9,206.14,12.06,286.9,206.14,1.6,286.9,206.14,19.38,286.9,3232,1,286.9,3232,6,286.9,3232,4,286.9,3232,236
288.76,6176.67,6057.89,288.76,6176.67,6572.61,288.76,6176.67,6770.58,288.76,6176.67,6651.8,288.76,1685.89,625.41,288.76,1685.89,290.95,288.76,1685.89,100.61,288.76,1685.89,693.39,288.76,2304,19,288.76,2304,38,288.76,2304,37,288.76,2304,928
290.62,6667.21,6796.26,290.62,6667.21,7097.36,290.62,6667.21,7269.41,290.62,6667.21,7226.4,290.62,1751.92,644.25,290.62,1751.92,296.7,290.62,1751.92,104.55,290.62,1751.92,720.55,290.62,2304,21,290.62,2304,36,290.62,2304,39,290.62,2304,928
292.47,6837.69,7013.02,292.47,6837.69,7363.67,292.47,6837.69,7451.33,292.47,6837.69,7363.67,292.47,1881.1,702.43,292.47,1881.1,315.5,292.47,1881.1,113.1,292.47,1881.1,761.96,292.47,2304,21,292.47,2304,37,292.47,2304,35,292.47,2304,924
294.32,7424.26,7424.26,294.32,7424.26,7797.81,294.32,7424.26,8124.66,294.32,7424.26,7984.58,294.32,2053.4,746.11,294.32,2053.4,341.17,294.32,2053.4,121.96,294.32,2053.4,819.45,294.32,2272,22,294.32,2272,37,294.32,2272,36,294.32,2272,936
296.16,7689.85,7641.78,296.16,7689.85,8266.58,296.16,7689.85,8314.65,296.16,7689.85,8170.46,296.16,2148.97,780.84,296.16,2148.97,357.05,296.16,2148.97,126.8,296.16,2148.97,864.26,296.16,2320,21,296.16,2320,37,296.16,2320,38,296.16,2320,940
298,8220.34,8633.94,298,8220.34,8737.34,298,8220.34,8944.14,298,8220.34,8944.14,298,2303.27,831.73,298,2303.27,383.88,298,2303.27,134.18,298,2303.27,931.26,298,2352,23,298,2352,35,298,2352,38,298,2352,948
299.84,8993.43,9048.94,299.84,8993.43,9548.58,299.84,8993.43,9604.09,299.84,8993.43,9493.06,299.84,2351.89,883.78,299.84,2351.89,405.37,299.84,2351.89,140.6,299.84,2351.89,964.13,299.84,2400,21,299.84,2400,37,299.84,2400,37,299.84,2400,948
301.68,9402.18,9631.5,301.68,9402.18,9975.48,301.68,9402.18,9975.48,301.68,9402.18,9918.15,301.68,2549.36,911.59,301.68,2549.36,413.31,301.68,2549.36,147.75,301.68,2549.36,1023.61,301.68,2432,24,301.68,2432,39,301.68,2432,41,301.68,2432,964
303.51,9487.83,9604.24,303.51,9487.83,10244.52,303.51,9487.83,10477.35,303.51,9487.83,10360.94,303.51,2640.06,988,303.51,2640.06,449.46,303.51,2640.06,157.92,303.51,2640.06,1081.13,303.51,2400,20,303.51,2400,38,303.51,2400,41,303.51,2400,964
305.33,10756.96,10629.66,305.33,10756.96,11202.51,305.33,10756.96,11393.47,305.33,10756.96,11202.51,305.33,2720.6,983.35,305.33,2720.6,446.6,305.33,2720.6,158.77,305.33,2720.6,1106.27,305.33,2448,22,305.33,2448,39,305.33,2448,41,305.33,2448,996
307.16,10836.06,10966.61,307.16,10836.06,11619.39,307.16,10836.06,11880.5,307.16,10836.06,11488.83,307.16,3005.31,1082.27,307.16,3005.31,505.36,307.16,3005.31,177.77,307.16,3005.31,1234.32,307.16,2464,23,307.16,2464,39,307.16,2464,38,307.16,2464,1000
308.98,11732.7,11593.86,308.98,11732.7,12565.8,308.98,11732.7,12843.49,308.98,11732.7,12357.52,308.98,3144.96,1125.86,308.98,3144.96,521.06,308.98,3144.96,187.26,308.98,3144.96,1284.04,308.98,2416,22,308.98,2416,42,308.98,2416,40,308.98,2416,1020
310.8,12248.41,12538.32,310.8,12248.41,13045.65,310.8,12248.41,13190.6,310.8,12248.41,13190.6,310.8,3340.8,1171.2,310.8,3340.8,532.8,310.8,3340.8,195.6,310.8,3340.8,1363.2,310.8,2448,22,310.8,2448,40,310.8,2448,41,310.8,2448,1020
312.61,13366.38,13520.91,312.61,13366.38,14139,312.61,13366.38,14525.32,312.61,13366.38,14370.79,312.61,3533.83,1269.33,312.61,3533.83,578.82,312.61,3533.83,206.9,312.61,3533.83,1457.2,312.61,2560,29,312.61,2560,41,312.61,2560,44,312.61,2560,1044
314.42,14251.37,14012.52,314.42,14251.37,14808.69,314.42,14251.37,15127.15,314.42,14251.37,15206.77,314.42,3797.27,1345.32,314.42,3797.27,618.41,314.42,3797.27,218.34,314.42,3797.27,1567.73,314.42,2544,22,314.42,2544,39,314.42,2544,42,314.42,2544,1064
316.23,15547.99,15547.99,316.23,15547.99,16498.14,316.23,15547.99,16498.14,316.23,15547.99,16498.14,316.23,4043.19,1412.82,316.23,4043.19,671.95,316.23,4043.19,241.21,316.23,4043.19,1711.47,316.23,2576,24,316.23,2576,43,316.23,2576,44,316.23,2576,1100
318.04,16060.7,16417.6,318.04,16060.7,17220.64,318.04,16060.7,17309.86,318.04,16060.7,17309.86,318.04,4153.86,1470.19,318.04,4153.86,688.42,318.04,4153.86,240.66,318.04,4153.86,1791.06,318.04,2560,24,318.04,2560,40,318.04,2560,44,318.04,2560,1128
319.84,16299.4,16653.73,319.84,16299.4,17273.82,319.84,16299.4,17893.9,319.84,16299.4,17273.82,319.84,4417.3,1541.2,319.84,4417.3,703.86,319.84,4417.3,256.36,319.84,4417.3,1923.47,319.84,2704,26,319.84,2704,45,319.84,2704,47,319.84,2704,1172
321.64,17632.08,18098.54,321.64,17632.08,18751.58,321.64,17632.08,19124.75,321.64,17632.08,18658.29,321.64,4815.25,1695.69,321.64,4815.25,763.71,321.64,4815.25,275.06,321.64,4815.25,2096.97,321.64,2704,25,321.64,2704,48,321.64,2704,47,321.64,2704,1212
323.43,20466.65,20570.02,323.43,20466.65,21190.22,323.43,20466.65,21707.05,323.43,20466.65,21293.59,323.43,5243.14,1775.46,323.43,5243.14,811.44,323.43,5243.14,298.22,323.43,5243.14,2344.16,323.43,2800,28,323.43,2800,46,323.43,2800,44,323.43,2800,1248
325.23,20819.24,21029.54,325.23,20819.24,22186.16,325.23,20819.24,22396.46,325.23,20819.24,22291.31,325.23,5528.87,1786.25,325.23,5528.87,857.68,325.23,5528.87,308.34,325.23,5528.87,2487.99,325.23,2784,27,325.23,2784,46,325.23,2784,53,325.23,2784,1316
327.02,22434.72,22001.2,327.02,22434.72,23626.9,327.02,22434.72,24060.42,327.02,22434.72,24060.42,327.02,5889.23,1877.94,327.02,5889.23,893.9,327.02,5889.23,332.4,327.02,5889.23,2756.82,327.02,2912,28,327.02,2912,49,327.02,2912,50,327.02,2912,1388
328.81,24399.25,24285.24,328.81,24399.25,25767.43,328.81,24399.25,26109.48,328.81,24399.25,26109.48,328.81,6170.12,2021.25,328.81,6170.12,904.24,328.81,6170.12,345.74,328.81,6170.12,2933.09,328.81,2944,33,328.81,2944,49,328.81,2944,53,328.81,2944,1464
330.59,25416.58,25876.61,330.59,25416.58,26911.67,330.59,25416.58,27486.71,330.59,25416.58,26911.67,330.59,6720.66,2112.21,330.59,6720.66,960.09,330.59,6720.66,366.04,330.59,6720.66,3240.32,330.59,3056,31,330.59,3056,53,330.59,3056,57,330.59,3056,1556
332.37,27014.47,26895.98,332.37,27014.47,28554.76,332.37,27014.47,29028.7,332.37,27014.47,29028.7,332.37,7253.65,2220.16,332.37,7253.65,1050.76,332.37,7253.65,400.39,332.37,7253.65,3635.3,332.37,3136,35,332.37,3136,55,332.37,3136,53,332.37,3136,1644
334.15,30498.31,30625.39,334.15,30498.31,32023.23,334.15,30498.31,32912.76,334.15,30498.31,31896.15,334.15,8181.46,2378.75,334.15,8181.46,1099.27,334.15,8181.46,423.49,334.15,8181.46,4108.75,334.15,3280,38,334.15,3280,60,334.15,3280,59,334.15,3280,1768
335.93,31865.26,32250.73,335.93,31865.26,33407.13,335.93,31865.26,34306.55,335.93,31865.26,34435.04,335.93,8337.55,2341.61,335.93,8337.55,1161.93,335.93,8337.55,439.05,335.93,8337.55,4292.95,335.93,3424,40,335.93,3424,63,335.93,3424,61,335.93,3424,1892
337.71,35324.58,36130.46,337.71,35324.58,37607.92,337.71,35324.58,37339.29,337.71,35324.58,37070.66,337.71,9292.11,2600.26,337.71,9292.11,1194.97,337.71,9292.11,487.55,337.71,9292.11,4942.41,337.71,3584,40,337.71,3584,66,337.71,3584,64,337.71,3584,2044
339.48,39770.03,40495.76,339.48,39770.03,41221.49,339.48,39770.03,42818.1,339.48,39770.03,42092.37,339.48,9903.81,2650.04,339.48,9903.81,1257.32,339.48,9903.81,502.93,339.48,9903.81,5348.44,339.48,3760,41,339.48,3760,63,339.48,3760,67,339.48,3760,2176
341.25,42593.38,42593.38,341.25,42593.38,44496.17,341.25,42593.38,45081.65,341.25,42593.38,44349.81,341.25,10307.23,2704.18,341.25,10307.23,1283.51,341.25,10307.23,533.98,341.25,10307.23,5810.07,341.25,3968,46,341.25,3968,73,341.25,3968,72,341.25,3968,2360
343.02,44485.45,44632.75,343.02,44485.45,46989.6,343.02,44485.45,47726.11,343.02,44485.45,47136.9,343.02,11460.36,2854.89,343.02,11460.36,1376.47,343.02,11460.36,568.43,343.02,11460.36,6535.67,343.02,4112,48,343.02,4112,73,343.02,4112,75,343.02,4112,2544
344.78,49373.08,49373.08,344.78,49373.08,51996.03,344.78,49373.08,52767.48,344.78,49373.08,52921.77,344.78,12172.43,2898.2,344.78,12172.43,1386.99,344.78,12172.43,605.52,344.78,12172.43,7079.88,344.78,4320,52,344.78,4320,77,344.78,4320,82,344.78,4320,2752
346.54,51954.39,51954.39,346.54,51954.39,53929.27,346.54,51954.39,54688.83,346.54,51954.39,54081.18,346.54,13029.62,2965.07,346.54,13029.62,1451.22,346.54,13029.62,634.25,346.54,13029.62,7694.58,346.54,4544,58,346.54,4544,81,346.54,4544,84,346.54,4544,2984
348.3,54838.67,54838.67,348.3,54838.67,57142.81,348.3,54838.67,58525.3,348.3,54838.67,57910.86,348.3,13575.21,2998.21,348.3,13575.21,1426.23,348.3,13575.21,650.65,348.3,13575.21,8286.71,348.3,4832,59,348.3,4832,86,348.3,4832,90,348.3,4832,3216
350.06,61465.43,61302.83,350.06,61465.43,64392.36,350.06,61465.43,65530.61,350.06,61465.43,64880.18,350.06,14983.63,3152.18,350.06,14983.63,1576.09,350.06,14983.63,725.97,350.06,14983.63,9143.47,350.06,5120,65,350.06,5120,93,350.06,5120,95,350.06,5120,3472
351.82,64886.88,65049.51,351.82,64886.88,67814.11,351.82,64886.88,68627.23,351.82,64886.88,68301.98,351.82,16430.41,3290.56,351.82,16430.41,1656.47,351.82,16430.41,769.48,351.82,16430.41,10196.26,351.82,5392,71,351.82,5392,102,351.82,5392,96,351.82,5392,3748
353.57,71068.66,72086.35,353.57,71068.66,74291.35,353.57,71068.66,75648.27,353.57,71068.66,74630.58,353.57,18151.13,3503.26,353.57,18151.13,1833.92,353.57,18151.13,855.24,353.57,18151.13,11473.77,353.57,5808,70,353.57,5808,104,353.57,5808,104,353.57,5808,4004
355.32,77752.91,78818.02,355.32,77752.91,82190.86,355.32,77752.91,83078.45,355.32,77752.91,82190.86,355.32,19512.83,3679.43,355.32,19512.83,1851.58,355.32,19512.83,913.92,355.32,19512.83,12379.49,355.32,6096,76,355.32,6096,112,355.32,6096,109,355.32,6096,4312
357.07,85870.12,86236.31,357.07,85870.12,89531.96,357.07,85870.12,90996.7,357.07,85870.12,89898.15,357.07,22149.46,3997.09,357.07,22149.46,2049.46,357.07,22149.46,1034.28,357.07,22149.46,14257.12,357.07,6528,83,357.07,6528,116,357.07,6528,117,357.07,6528,4640
358.82,94036.53,95553.25,358.82,94036.53,98586.69,358.82,94036.53,99913.82,358.82,94036.53,99345.05,358.82,23369.28,4080.75,358.82,23369.28,2116.42,358.82,23369.28,1086.72,358.82,23369.28,15245.79,358.82,6912,85,358.82,6912,122,358.82,6912,125,358.82,6912,5004
360.57,101778.87,101971.63,360.57,101778.87,106212.42,360.57,101778.87,107947.28,360.57,101778.87,106790.7,360.57,25683.12,4220.11,360.57,25683.12,2239.51,360.57,25683.12,1194.19,360.57,25683.12,16738.04,360.57,7392,98,360.57,7392,130,360.57,7392,130,360.57,7392,5388
362.31,111334.82,111733.87,362.31,111334.82,116522.46,362.31,111334.82,118318.18,362.31,111334.82,117320.56,362.31,28159.97,4568.65,362.31,28159.97,2417.91,362.31,28159.97,1292.45,362.31,28159.97,18488.33,362.31,7776,100,362.31,7776,140,362.31,7776,140,362.31,7776,5788
364.05,115768.03,116162.47,364.05,115768.03,121290.18,364.05,115768.03,123065.16,364.05,115768.03,121881.84,364.05,30163.48,4597.11,364.05,30163.48,2553.95,364.05,30163.48,1401.31,364.05,30163.48,19772.94,364.05,8320,106,364.05,8320,145,364.05,8320,148,364.05,8320,6168
365.79,124284.37,123474.7,365.79,124284.37,128939.97,365.79,124284.37,131166.57,365.79,124284.37,129547.23,365.79,32616.53,4917.48,365.79,32616.53,2681,365.79,32616.53,1531.5,365.79,32616.53,21545.24,365.79,8704,111,365.79,8704,154,365.79,8704,155,365.79,8704,6516
367.53,131174.07,132008.25,367.53,131174.07,137847.48,367.53,131174.07,140141.46,367.53,131174.07,138264.56,367.53,33761.84,5067.03,367.53,33761.84,2836.44,367.53,33761.84,1590.33,367.53,33761.84,22347.25,367.53,9120,115,367.53,9120,158,367.53,9120,156,367.53,9120,6808
369.27,133668.56,134286.44,369.27,133668.56,139641.42,369.27,133668.56,142112.95,369.27,133668.56,140671.22,369.27,35597.34,5328.44,369.27,35597.34,2998.99,369.27,35597.34,1691.29,369.27,35597.34,23433.98,369.27,9520,121,369.27,9520,165,369.27,9520,162,369.27,9520,7068
371,141318.38,143211.04,371,141318.38,148678.71,371,141318.38,150991.96,371,141318.38,148678.71,371,37708.53,5471.99,371,37708.53,3217.98,371,37708.53,1825.18,371,37708.53,24737.37,371,9936,124,371,9936,170,371,9936,172,371,9936,7352
372.73,155313.65,156860.15,372.73,155313.65,163708.98,372.73,155313.65,166360.13,372.73,155313.65,164592.7,372.73,40459.07,5900.28,372.73,40459.07,3444.25,372.73,40459.07,1994.61,372.73,40459.07,26551.26,372.73,10400,128,372.73,10400,175,372.73,10400,178,372.73,10400,7708
374.46,164491.49,166257.85,374.46,164491.49,172440.08,374.46,164491.49,176193.57,374.46,164491.49,173544.05,374.46,43508.52,6467.48,374.46,43508.52,3762.9,374.46,43508.52,2164.4,374.46,43508.52,28368.73,374.46,11008,137,374.46,11008,184,374.46,11008,185,374.46,11008,8136
376.19,175432.79,175874.13,376.19,175432.79,183597.59,376.19,175432.79,185362.95,376.19,175432.79,183818.26,376.19,45885.45,6727.12,376.19,45885.45,4068.59,376.19,45885.45,2339.07,376.19,45885.45,30022.36,376.19,11696,142,376.19,11696,197,376.19,11696,196,376.19,11696,8640
377.92,185876.27,186993.31,377.92,185876.27,195706.26,377.92,185876.27,197716.94,377.92,185876.27,195706.26,377.92,49023.47,7247.46,377.92,49023.47,4492.84,377.92,49023.47,2529.98,377.92,49023.47,31950.69,377.92,12400,152,377.92,12400,204,377.92,12400,202,377.92,12400,9148
379.64,197615.88,198296.53,379.64,197615.88,206691.24,379.64,197615.88,209867.61,379.64,197615.88,207145.01,379.64,50754.43,7754.95,379.64,50754.43,4731.1,379.64,50754.43,2676.62,379.64,50754.43,32813.87,379.64,13056,156,379.64,13056,217,379.64,13056,217,379.64,13056,9596
381.37,198478.8,199139.66,381.37,198478.8,207951.15,381.37,198478.8,210154.02,381.37,198478.8,209493.16,381.37,53910.71,8563.33,381.37,53910.71,5311.62,381.37,53910.71,2902.26,381.37,53910.71,34665.29,381.37,13632,165,381.37,13632,219,381.37,13632,224,381.37,13632,9980
383.09,212235.75,213123.77,383.09,212235.75,222891.94,383.09,212235.75,226888.01,383.09,212235.75,223335.95,383.09,56237.13,9420.87,383.09,56237.13,5718.79,383.09,56237.13,3115.08,383.09,56237.13,35882.86,383.09,14512,175,383.09,14512,235,383.09,14512,235,383.09,14512,10568
384.81,229646.86,230748.82,384.81,229646.86,241107.17,384.81,229646.86,245294.59,384.81,229646.86,241988.73,384.81,60744.19,10640.27,384.81,60744.19,6510.35,384.81,60744.19,3441.6,384.81,60744.19,38517.21,384.81,15728,190,384.81,15728,251,384.81,15728,250,384.81,15728,11412
386.53,249974.62,251297.24,386.53,249974.62,261437.3,386.53,249974.62,266286.9,386.53,249974.62,262980.36,386.53,64958.24,12116.12,386.53,64958.24,7399.59,386.53,64958.24,3777.46,386.53,64958.24,41022.54,386.53,17200,201,386.53,17200,270,386.53,17200,274,386.53,17200,12348
388.25,270925.79,272677.94,388.25,270925.79,283628.86,388.25,270925.79,288666.28,388.25,270925.79,285600.02,388.25,70403.29,13869,388.25,70403.29,8382.67,388.25,70403.29,4160,388.25,70403.29,44043.83,388.25,18752,222,388.25,18752,296,388.25,18752,296,388.25,18752,13480
389.96,292494.24,294664.07,389.96,292494.24,307032.15,389.96,292494.24,311371.83,389.96,292494.24,308117.07,389.96,77168.81,16146.43,389.96,77168.81,9604.34,389.96,77168.81,4635.14,389.96,77168.81,48091.31,389.96,20592,237,389.96,20592,319,389.96,20592,319,389.96,20592,14716
391.68,315966.56,317933.15,391.68,315966.56,332136.35,391.68,315966.56,336725.08,391.68,315966.56,334102.95,391.68,83594.93,18650.66,391.68,83594.93,10879.55,391.68,83594.93,5096.32,391.68,83594.93,51705.63,391.68,22368,262,391.68,22368,347,391.68,22368,347,391.68,22368,15892
393.39,339997.57,341275.76,393.39,339997.57,355548.84,393.39,339997.57,362365.83,393.39,339997.57,358318.24,393.39,90325.56,21253.07,393.39,90325.56,12239.49,393.39,90325.56,5587.74,393.39,90325.56,55545.34,393.39,24720,284,393.39,24720,380,393.39,24720,381,393.39,24720,17500
395.1,379195.95,380044.74,395.1,379195.95,397444.89,395.1,379195.95,403598.6,395.1,379195.95,398718.07,395.1,99208.13,24444.5,395.1,99208.13,13890.73,395.1,99208.13,6187.27,395.1,99208.13,60753.72,395.1,27728,316,395.1,27728,420,395.1,27728,428,395.1,27728,19560
396.81,409992.65,412236.4,396.81,409992.65,429982.35,396.81,409992.65,437733.45,396.81,409992.65,433245.97,396.81,109316.38,28209.01,396.81,109316.38,15747.87,396.81,109316.38,6854.92,396.81,109316.38,66640.55,396.81,31232,355,396.81,31232,472,396.81,31232,477,396.81,31232,21956
398.52,458513.81,460731.78,398.52,458513.81,480491.83,398.52,458513.81,488960.42,398.52,458513.81,484121.22,398.52,120412,32333.32,398.52,120412,17716.54,398.52,120412,7607.65,398.52,120412,73461.91,398.52,35296,400,398.52,35296,530,398.52,35296,534,398.52,35296,24756
400.23,479318.85,481071.74,400.23,479318.85,501716.93,400.23,479318.85,510091.86,400.23,479318.85,505222.71,400.23,128542.01,36101.48,400.23,128542.01,19372.73,400.23,128542.01,8166.69,400.23,128542.01,78059.25,400.23,38432,432,400.23,38432,575,400.23,38432,581,400.23,38432,26772
401.93,502511.94,505436.92,401.93,502511.94,527666.79,401.93,502511.94,536636.73,401.93,502511.94,530591.77,401.93,132523.07,39024.16,401.93,132523.07,20403.93,401.93,132523.07,8436.35,401.93,132523.07,79844.07,401.93,40592,452,401.93,40592,600,401.93,40592,604,401.93,40592,28052
403.64,511133.93,514399.34,403.64,511133.93,537065.19,403.64,511133.93,546285.19,403.64,511133.93,539754.35,403.64,136980.89,42283.1,403.64,136980.89,21586.76,403.64,136980.89,8741.8,403.64,136980.89,81738.51,403.64,42080,464,403.64,42080,620,403.64,42080,624,403.64,42080,28768
405.34,519522.17,523303.26,405.34,519522.17,545800.76,405.34,519522.17,554497.28,405.34,519522.17,549203.75,405.34,139976.04,44973.65,405.34,139976.04,22403.76,405.34,139976.04,8959.13,405.34,139976.04,82376.54,405.34,43456,476,405.34,43456,640,405.34,43456,640,405.34,43456,29400
407.04,539132.11,543081.11,407.04,539132.11,566587.05,407.04,539132.11,576177.47,407.04,539132.11,569783.85,407.04,144853.28,48198.26,407.04,144853.28,23535.13,407.04,144853.28,9267.77,407.04,144853.28,84341.08,407.04,45440,495,407.04,45440,662,407.04,45440,667,407.04,45440,30376
408.74,555622.8,558955.43,408.74,555622.8,583764.97,408.74,555622.8,593207.41,408.74,555622.8,587097.6,408.74,148484.97,51012.96,408.74,148484.97,24448.5,408.74,148484.97,9507.43,408.74,148484.97,85581.25,408.74,47536,517,408.74,47536,689,408.74,47536,698,408.74,47536,31480
410.44,572476.17,575918.27,410.44,572476.17,601462.3,410.44,572476.17,611969.78,410.44,572476.17,605085.57,410.44,153647.62,54101.27,410.44,153647.62,25551.58,410.44,153647.62,9850.94,410.44,153647.62,87801.86,410.44,50096,539,410.44,50096,723,410.44,50096,734,410.44,50096,32892
412.14,590251.43,594149.82,412.14,590251.43,621084.14,412.14,590251.43,631538.9,412.14,590251.43,624450.93,412.14,158567.32,57084.23,412.14,158567.32,26549.01,412.14,158567.32,10160.97,412.14,158567.32,89931.9,412.14,52848,565,412.14,52848,763,412.14,52848,771,412.14,52848,34404
413.84,603038.62,607533.75,413.84,603038.62,634677.4,413.84,603038.62,645396.55,413.84,603038.62,638308.08,413.84,162466.19,59697.28,413.84,162466.19,27458.16,413.84,162466.19,10428.72,413.84,162466.19,91645.66,413.84,55472,589,413.84,55472,799,413.84,55472,807,413.84,55472,35756
415.53,613157.11,616355.02,415.53,613157.11,645136.21,415.53,613157.11,655571.49,415.53,613157.11,648502.43,415.53,164451.2,61153.86,415.53,164451.2,27849.26,415.53,164451.2,10525.46,415.53,164451.2,92001.47,415.53,57984,612,415.53,57984,828,415.53,57984,838,415.53,57984,37040
417.23,617843.41,621606.75,417.23,617843.41,650240.92,417.23,617843.41,661367.33,417.23,617843.41,654167.89,417.23,165757.32,62275.26,417.23,165757.32,28145.18,417.23,165757.32,10604.99,417.23,165757.32,92108.74,417.23,60128,632,417.23,60128,857,417.23,60128,865,417.23,60128,38052
418.92,619189.65,623790.34,418.92,619189.65,652346.36,418.92,619189.65,663134.19,418.92,619189.65,656153.83,418.92,165233.62,62654.65,418.92,165233.62,28101.02,418.92,165233.62,10558.6,418.92,165233.62,91291.77,418.92,62240,650,418.92,62240,884,418.92,62240,894,418.92,62240,39004
420.61,619254.81,623575.55,420.61,619254.81,651814.68,420.61,619254.81,663851.03,420.61,619254.81,656444.05,420.61,165745.4,63168.3,420.61,165745.4,28233.45,420.61,165745.4,10573.27,420.61,165745.4,91001.95,420.61,63840,662,420.61,63840,909,420.61,63840,916,420.61,63840,39668
422.3,615412.96,619808.77,422.3,615412.96,648457.3,422.3,615412.96,659219.45,422.3,615412.96,652398.37,422.3,164335.28,62860.49,422.3,164335.28,28072.07,422.3,164335.28,10481.43,422.3,164335.28,89697.8,422.3,64464,668,422.3,64464,915,422.3,64464,924,422.3,64464,39660
423.99,614963.81,619878.76,423.99,614963.81,648176.92,423.99,614963.81,659049.37,423.99,614963.81,651602.49,423.99,163407.92,62685.08,423.99,163407.92,27930.54,423.99,163407.92,10406.13,423.99,163407.92,88445.18,423.99,65184,669,423.99,65184,920,423.99,65184,930,423.99,65184,39644
425.68,614630.13,618762.1,425.68,614630.13,647833.44,425.68,614630.13,659048.78,425.68,614630.13,652112.98,425.68,162578.18,62452.92,425.68,162578.18,27843.97,425.68,162578.18,10332.08,425.68,162578.18,87178.81,425.68,65376,667,425.68,65376,923,425.68,65376,935,425.68,65376,39328
427.37,609013.63,613677.05,427.37,609013.63,642094.77,427.37,609013.63,653024.66,427.37,609013.63,645883.8,427.37,162304.6,62605.28,427.37,162304.6,27856.89,427.37,162304.6,10300.87,427.37,162304.6,86098.17,427.37,65408,662,427.37,65408,924,427.37,65408,935,427.37,65408,38944
429.06,610954.36,615316.24,429.06,610954.36,644395.46,429.06,610954.36,655590.96,429.06,610954.36,648611.95,429.06,162349.14,62717.58,429.06,162349.14,27911.67,429.06,162349.14,10278.01,429.06,162349.14,85083.11,429.06,65664,660,429.06,65664,925,429.06,65664,941,429.06,65664,38700
430.74,648242.64,652292.35,430.74,648242.64,684111.49,430.74,648242.64,695392.82,430.74,648242.64,688161.19,430.74,171625.32,66421.7,430.74,171625.32,29580.66,430.74,171625.32,10847.89,430.74,171625.32,88921.69,430.74,69872,699,430.74,69872,983,430.74,69872,994,430.74,69872,40708
432.43,684206.63,689209.18,432.43,684206.63,721511.4,432.43,684206.63,734803.9,432.43,684206.63,726656.88,432.43,181873.32,70430.81,432.43,181873.32,31375.02,432.43,181873.32,11478.72,432.43,181873.32,93741.03,432.43,74496,740,432.43,74496,1042,432.43,74496,1062,432.43,74496,43068
434.11,712136.9,716796.93,434.11,712136.9,751252.89,434.11,712136.9,764244.48,434.11,712136.9,756477.77,434.11,189131.1,73292.27,434.11,189131.1,32668.42,434.11,189131.1,11902.28,434.11,189131.1,96594.1,434.11,78384,773,434.11,78384,1097,434.11,78384,1114,434.11,78384,44900
435.79,732827.98,738497.03,435.79,732827.98,774308.81,435.79,732827.98,787582.67,435.79,732827.98,779148.24,435.79,194592.52,75490.56,435.79,194592.52,33615.68,435.79,194592.52,12244.11,435.79,194592.52,98713.11,435.79,82432,808,435.79,82432,1148,435.79,82432,1170,435.79,82432,46788
437.47,740853.84,746395.72,437.47,740853.84,782620.64,437.47,740853.84,796542.91,437.47,740853.84,786946.01,437.47,196980.58,76519.12,437.47,196980.58,34062.91,437.47,196980.58,12359.84,437.47,196980.58,98980.04,437.47,85296,831,437.47,85296,1191,437.47,85296,1211,437.47,85296,48032
439.15,763898.49,769687.6,439.15,763898.49,807053.63,439.15,763898.49,821000.1,439.15,763898.49,812316.45,439.15,203068.86,78883.56,439.15,203068.86,35176.25,439.15,203068.86,12730.84,439.15,203068.86,101222.12,439.15,90320,873,439.15,90320,1259,439.15,90320,1283,439.15,90320,50392
440.83,795092.2,801129.25,440.83,795092.2,839149.81,440.83,795092.2,854563.55,440.83,795092.2,845058.41,440.83,211461.12,82032.89,440.83,211461.12,36648.54,440.83,211461.12,13244.47,440.83,211461.12,104813.54,440.83,96128,927,440.83,96128,1338,440.83,96128,1367,440.83,96128,53136
442.51,813058.34,819049.56,442.51,813058.34,859115.84,442.51,813058.34,873969.07,442.51,813058.34,864732.61,442.51,216821.98,83916.92,442.51,216821.98,37541.37,442.51,216821.98,13569.03,442.51,216821.98,106818.33,442.51,101024,972,442.51,101024,1406,442.51,101024,1438,442.51,101024,55380
444.19,822232.07,828900.12,444.19,822232.07,868665.99,444.19,822232.07,884063.14,444.19,822232.07,874485.39,444.19,219101.55,84691.65,444.19,219101.55,37928.45,444.19,219101.55,13690.04,444.19,219101.55,107250.7,444.19,105008,1010,444.19,105008,1467,444.19,105008,1499,444.19,105008,57100
445.86,839378.35,845306.17,445.86,839378.35,886919.42,445.86,839378.35,902924.51,445.86,839378.35,893084.34,445.86,222650.43,85902.75,445.86,222650.43,38526.53,445.86,222650.43,13900.83,445.86,222650.43,108360.5,445.86,109712,1046,445.86,109712,1533,445.86,109712,1567,445.86,109712,59088
447.54,853484.37,859508.7,447.54,853484.37,901910.66,447.54,853484.37,918593.4,447.54,853484.37,908050.84,447.54,227300.13,87472.4,447.54,227300.13,39332.01,447.54,227300.13,14175.32,447.54,227300.13,110170.39,447.54,114000,1089,447.54,114000,1598,447.54,114000,1631,447.54,114000,60856
449.21,861225.28,867367.14,449.21,861225.28,910132.69,449.21,861225.28,926738.46,449.21,861225.28,916843.24,449.21,229412.6,87979.73,449.21,229412.6,39631.03,449.21,229412.6,14277.35,449.21,229412.6,110619.89,449.21,116832,1109,449.21,116832,1639,449.21,116832,1673,449.21,116832,61768
450.89,857992.9,864654.51,450.89,857992.9,907333.99,450.89,857992.9,924044.47,450.89,857992.9,913318.15,450.89,227713.85,87246.19,450.89,227713.85,39311.3,450.89,227713.85,14146.73,450.89,227713.85,109175.14,450.89,116688,1110,450.89,116688,1643,450.89,116688,1679,450.89,116688,61192
452.56,852952.96,859828.88,452.56,852952.96,902775.24,452.56,852952.96,918894.21,452.56,852952.96,908411.24,452.56,226270.09,86571.05,452.56,226270.09,39050.07,452.56,226270.09,14031.73,452.56,226270.09,107535.14,452.56,116192,1099,452.56,116192,1637,452.56,116192,1674,452.56,116192,60232
454.23,861321.22,867917.53,454.23,861321.22,911632.04,454.23,861321.22,928178.71,454.23,861321.22,917557.54,454.23,229762.14,87796.68,454.23,229762.14,39645.07,454.23,229762.14,14223.22,454.23,229762.14,108344.69,454.23,117856,1113,454.23,117856,1666,454.23,117856,1701,454.23,117856,60432
455.9,879462.3,886748.18,455.9,879462.3,931023.94,455.9,879462.3,947949.61,455.9,879462.3,936852.65,455.9,233295.06,89135.78,455.9,233295.06,40257.62,455.9,233295.06,14417.35,455.9,233295.06,109278.82,455.9,119632,1127,455.9,119632,1696,455.9,119632,1734,455.9,119632,60744
457.57,882613.6,890069.8,457.57,882613.6,934361.85,457.57,882613.6,951166.12,457.57,882613.6,940482.61,457.57,234617.25,89565.66,457.57,234617.25,40501.6,457.57,234617.25,14481.06,457.57,234617.25,109015.51,457.57,120672,1130,457.57,120672,1716,457.57,120672,1756,457.57,120672,60684
459.24,888797.02,896150.61,459.24,888797.02,941040.46,459.24,888797.02,958491.52,459.24,888797.02,947186.74,459.24,237051.66,90548.17,459.24,237051.66,40941.2,459.24,237051.66,14619.1,459.24,237051.66,109326.35,459.24,123136,1151,459.24,123136,1755,459.24,123136,1798,459.24,123136,61244
460.91,899072.57,906423.41,460.91,899072.57,951717.56,460.91,899072.57,969878.45,460.91,899072.57,958960.3,460.91,239244.78,91449.1,460.91,239244.78,41326.36,460.91,239244.78,14740.15,460.91,239244.78,109595.08,460.91,126112,1177,460.91,126112,1809,460.91,126112,1848,460.91,126112,62164
462.58,899750.81,907187.64,462.58,899750.81,952764.82,462.58,899750.81,970825.7,462.58,899750.81,959139.25,462.58,239406.65,91492.99,462.58,239406.65,41362.46,462.58,239406.65,14745.08,462.58,239406.65,108838.53,462.58,128080,1192,462.58,128080,1842,462.58,128080,1889,462.58,128080,62552
464.24,895425.4,902470.28,464.24,895425.4,948469.23,464.24,895425.4,966392.24,464.24,895425.4,954788.9,464.24,238442.08,91202.7,464.24,238442.08,41248.86,464.24,238442.08,14697.98,464.24,238442.08,107621.05,464.24,130592,1215,464.24,130592,1888,464.24,130592,1933,464.24,130592,63132
465.91,898234.19,905584.38,465.91,898234.19,952001.37,465.91,898234.19,969722.39,465.91,898234.19,958546.06,465.91,239440.85,91558.53,465.91,239440.85,41413.78,465.91,239440.85,14757.79,465.91,239440.85,107148.61,465.91,134656,1254,465.91,134656,1957,465.91,134656,2005,465.91,134656,64388
467.57,904982.64,912101.58,467.57,904982.64,958520.94,467.57,904982.64,976562.08,467.57,904982.64,965737.4,467.57,241243.18,92274.76,467.57,241243.18,41735.27,467.57,241243.18,14889.31,467.57,241243.18,107195.47,467.57,139952,1301,467.57,139952,2043,467.57,139952,2096,467.57,139952,66224
469.24,908437.14,915908.16,469.24,908437.14,962531.05,469.24,908437.14,980877.58,469.24,908437.14,970096.63,469.24,242019.45,92619.03,469.24,242019.45,41851.07,469.24,242019.45,14972.84,469.24,242019.45,106790.08,469.24,145168,1346,469.24,145168,2134,469.24,145168,2185,469.24,145168,67940
470.9,915626.82,922773.72,470.9,915626.82,970236.41,470.9,915626.82,988928.28,470.9,915626.82,977291.67,470.9,244678.09,93548.53,470.9,244678.09,42324.07,470.9,244678.09,15177.29,470.9,244678.09,107312.26,470.9,151056,1403,470.9,151056,2224,470.9,151056,2287,470.9,151056,69908
472.56,919302.61,926911.99,472.56,919302.61,974627.28,472.56,919302.61,992800.27,472.56,919302.61,981520.48,472.56,244881.52,93589.91,472.56,244881.52,42339.11,472.56,244881.52,15238.98,472.56,244881.52,106802.2,472.56,155200,1438,472.56,155200,2306,472.56,155200,2361,472.56,155200,71028
474.22,918293.37,926190.78,474.22,918293.37,974013.99,474.22,918293.37,992616.78,474.22,918293.37,980682.91,474.22,244324.45,93341.23,474.22,244324.45,42227.94,474.22,244324.45,15261.82,474.22,244324.45,105987.06,474.22,157904,1463,474.22,157904,2353,474.22,157904,2419,474.22,157904,71544
475.88,914770.36,922370.42,475.88,914770.36,969784.4,475.88,914770.36,988611.81,475.88,914770.36,977039,475.88,244020.28,93119.16,475.88,244020.28,42145.21,475.88,244020.28,15297.19,475.88,244020.28,105271.18,475.88,159712,1480,475.88,159712,2395,475.88,159712,2455,475.88,159712,71748
477.54,917805.3,925637.29,477.54,917805.3,973661.98,477.54,917805.3,991649.73,477.54,917805.3,980547.24,477.54,244449.06,93182.61,477.54,244449.06,42203.96,477.54,244449.06,15368.2,477.54,244449.06,105129.96,477.54,160464,1486,477.54,160464,2417,477.54,160464,2486,477.54,160464,71748
479.2,909611.2,917136.51,479.2,909611.2,964969.81,479.2,909611.2,983134.36,479.2,909611.2,971716.65,479.2,242874.57,92519.39,479.2,242874.57,41918.66,479.2,242874.57,15301.18,479.2,242874.57,104229.57,479.2,158288,1461,479.2,158288,2395,479.2,158288,2467,479.2,158288,70492
480.86,890360.69,898260.96,480.86,890360.69,945048.13,480.86,890360.69,962779.85,480.86,890360.69,951543.91,480.86,237735.96,90488.36,480.86,237735.96,41033.71,480.86,237735.96,15000.17,480.86,237735.96,101822.07,480.86,152752,1415,480.86,152752,2323,480.86,152752,2395,480.86,152752,67696
482.52,864305.36,871793.15,482.52,864305.36,917076.48,482.52,864305.36,934548,482.52,864305.36,923762.01,482.52,230485.13,87653.67,482.52,230485.13,39760.13,482.52,230485.13,14551.18,482.52,230485.13,98305.66,482.52,145216,1341,482.52,145216,2225,482.52,145216,2289,482.52,145216,63984
484.17,842749.98,850565,484.17,842749.98,894728.95,484.17,842749.98,911449.46,484.17,842749.98,900635.65,484.17,222957.9,84773.03,484.17,222957.9,38461.95,484.17,222957.9,14074.82,484.17,222957.9,94378.21,484.17,137680,1272,484.17,137680,2118,484.17,137680,2187,484.17,137680,60248
485.83,843810.43,850825.26,485.83,843810.43,895775.56,485.83,843810.43,913035.74,485.83,843810.43,902144.29,485.83,223909.51,85075.06,485.83,223909.51,38647.05,485.83,223909.51,14120.23,485.83,223909.51,93659.3,485.83,135904,1252,485.83,135904,2105,485.83,135904,2173,485.83,135904,58880
487.49,882190.92,889202.08,487.49,882190.92,936223.6,487.49,882190.92,954452.62,487.49,882190.92,942954.31,487.49,234397.72,88982.52,487.49,234397.72,40462.09,487.49,234397.72,14774.63,487.49,234397.72,97406.03,487.49,140016,1285,487.49,140016,2184,487.49,140016,2247,487.49,140016,60140
489.14,903958.56,911555.64,489.14,903958.56,959670.47,489.14,903958.56,978053.52,489.14,903958.56,966798.59,489.14,240068.84,91107.51,489.14,240068.84,41459.86,489.14,240068.84,15119.21,489.14,240068.84,99295.3,489.14,142544,1312,489.14,142544,2231,489.14,142544,2297,489.14,142544,60708
490.79,911374.39,919020.46,490.79,911374.39,967321.25,490.79,911374.39,985970.2,490.79,911374.39,974501.1,490.79,242024.43,91798.16,490.79,242024.43,41834.78,490.79,242024.43,15233.48,490.79,242024.43,99364.48,490.79,144016,1325,490.79,144016,2268,490.79,144016,2340,490.79,144016,60896
492.45,927126.6,934750.09,492.45,927126.6,984165,492.45,927126.6,1003361.5,492.45,927126.6,991237.4,492.45,246598.37,93514.04,492.45,246598.37,42592.4,492.45,246598.37,15504.31,492.45,246598.37,100420.91,492.45,148672,1366,492.45,148672,2363,492.45,148672,2434,492.45,148672,62312
494.1,933929.89,942186.02,494.1,933929.89,991902.28,494.1,933929.89,1011555.46,494.1,933929.89,999619.97,494.1,249370.99,94515.65,494.1,249370.99,43086.28,494.1,249370.99,15677.27,494.1,249370.99,100979.77,494.1,153344,1413,494.1,153344,2452,494.1,153344,2527,494.1,153344,63720
495.75,928745.79,937026.49,495.75,928745.79,986710.69,495.75,928745.79,1006322.87,495.75,928745.79,994032.57,495.75,247931.31,94010.06,495.75,247931.31,42901.92,495.75,247931.31,15584.66,495.75,247931.31,99903.62,495.75,157040,1448,495.75,157040,2530,495.75,157040,2611,495.75,157040,64700
497.4,913516.83,921178.59,497.4,913516.83,970516.92,497.4,913516.83,989545.01,497.4,913516.83,977420.91,497.4,243993.93,92512.7,497.4,243993.93,42224.17,497.4,243993.93,15321.72,497.4,243993.93,97781.71,497.4,159872,1481,497.4,159872,2592,497.4,159872,2678,497.4,159872,65304
499.05,903931.95,911559.39,499.05,903931.95,960326.27,499.05,903931.95,979557.14,499.05,903931.95,967385.7,499.05,241472.7,91508.15,499.05,241472.7,41796.65,499.05,241472.7,15157.64,499.05,241472.7,96134.97,499.05,163824,1521,499.05,163824,2685,499.05,163824,2772,499.05,163824,66284
500.7,901873.96,909461.28,500.7,901873.96,958035.76,500.7,901873.96,977277.82,500.7,901873.96,965466.64,500.7,240656.78,91186.92,500.7,240656.78,41645.39,500.7,240656.78,15090.01,500.7,240656.78,95109.22,500.7,169632,1578,500.7,169632,2801,500.7,169632,2894,500.7,169632,67864
502.35,910570.01,918205.98,502.35,910570.01,967423.94,502.35,910570.01,986702.86,502.35,910570.01,974833.09,502.35,243337.03,92193.67,502.35,243337.03,42118.33,502.35,243337.03,15240.97,502.35,243337.03,95633.73,502.35,177328,1651,502.35,177328,2953,502.35,177328,3050,502.35,177328,70200
503.99,913425.13,921216.48,503.99,913425.13,970684.18,503.99,913425.13,990162.55,503.99,913425.13,978549.03,503.99,244441.85,92573.42,503.99,244441.85,42341.13,503.99,244441.85,15304.24,503.99,244441.85,95773.45,503.99,183472,1713,503.99,183472,3079,503.99,183472,3181,503.99,183472,72044
505.64,911068.61,918895.42,505.64,911068.61,968369.43,505.64,911068.61,987326.09,505.64,911068.61,975621.79,505.64,243170.37,92058.97,505.64,243170.37,42118.83,505.64,243170.37,15211.15,505.64,243170.37,95085.36,505.64,186768,1749,505.64,186768,3161,505.64,186768,3262,505.64,186768,72920
507.29,903144.01,911340.28,507.29,903144.01,960093.95,507.29,903144.01,979383.44,507.29,903144.01,967442.33,507.29,241269.14,91320.97,507.29,241269.14,41805.4,507.29,241269.14,15081.65,507.29,241269.14,94007.43,507.29,188144,1769,507.29,188144,3214,507.29,188144,3321,507.29,188144,72952
508.93,897279.06,905527.01,508.93,897279.06,953896.34,508.93,897279.06,972978.46,508.93,897279.06,960886.13,508.93,239991.63,90847.78,508.93,239991.63,41582.07,508.93,239991.63,14996.02,508.93,239991.63,93347.5,508.93,188928,1781,508.93,188928,3252,508.93,188928,3362,508.93,188928,72796
510.58,885865.36,893754.92,510.58,885865.36,941790.5,510.58,885865.36,960502.03,510.58,885865.36,949051.69,510.58,236488.83,89461.36,510.58,236488.83,40983.17,510.58,236488.83,14772.5,510.58,236488.83,91804.7,510.58,186528,1765,510.58,186528,3238,510.58,186528,3348,510.58,186528,71372
512.22,861191.34,869268.74,512.22,861191.34,916047.42,512.22,861191.34,933958.18,512.22,861191.34,922720.05,512.22,230212.11,87055.62,512.22,230212.11,39881.16,512.22,230212.11,14367.38,512.22,230212.11,89092.37,512.22,180000,1711,512.22,180000,3161,512.22,180000,3266,512.22,180000,68440
513.86,832905.95,840435.21,513.86,832905.95,886036.91,513.86,832905.95,903581.49,513.86,832905.95,892642.77,513.86,222889.71,84185.43,513.86,222889.71,38618.29,513.86,222889.71,13898.87,513.86,222889.71,86019.03,513.86,171936,1645,513.86,171936,3050,513.86,171936,3152,513.86,171936,64880
515.51,809828.31,817414.35,515.51,809828.31,861702.4,515.51,809828.31,878680.69,515.51,809828.31,867987.98,515.51,215175.78,81309.07,515.51,215175.78,37309.79,515.51,215175.78,13401.77,515.51,215175.78,82679.56,515.51,162800,1569,515.51,162800,2924,515.51,162800,3023,515.51,162800,61044
517.15,820608.84,827606.85,517.15,820608.84,872983.43,517.15,820608.84,890662.61,517.15,820608.84,879613.12,517.15,218299.84,82452.29,517.15,218299.84,37863.24,517.15,218299.84,13592.34,517.15,218299.84,83049.49,517.15,161728,1558,517.15,161728,2938,517.15,161728,3037,517.15,161728,60048
518.79,855112.2,862684.87,518.79,855112.2,909845.38,518.79,855112.2,928289.71,518.79,855112.2,916743.26,518.79,227883.34,85999.74,518.79,227883.34,39514.6,518.79,227883.34,14169.16,518.79,227883.34,86268.98,518.79,165760,1605,518.79,165760,3045,518.79,165760,3147,518.79,165760,61000
520.43,877689.41,885831.66,520.43,877689.41,934152.52,520.43,877689.41,952872.1,520.43,877689.41,941229.43,520.43,233572.69,88124.57,520.43,233572.69,40528.99,520.43,233572.69,14514.65,520.43,233572.69,88094.15,520.43,166992,1626,520.43,166992,3100,520.43,166992,3201,520.43,166992,61068
522.07,886664.79,894954.97,522.07,886664.79,943621.36,522.07,886664.79,962581.29,522.07,886664.79,950760.12,522.07,236650.63,89276.98,522.07,236650.63,41081.76,522.07,236650.63,14689.45,522.07,236650.63,88749.11,522.07,167392,1642,522.07,167392,3143,522.07,167392,3249,522.07,167392,60724
523.71,883948.42,892259.24,523.71,883948.42,941046.85,523.71,883948.42,959977.06,523.71,883948.42,948049.49,523.71,236262.02,89064.17,523.71,236262.02,41021,523.71,236262.02,14654.4,523.71,236262.02,88307.38,523.71,166208,1638,523.71,166208,3158,523.71,166208,3263,523.71,166208,59900
525.34,882907.22,891099.3,525.34,882907.22,939945.54,525.34,882907.22,958779.67,525.34,882907.22,947218.88,525.34,234845.93,88506.67,525.34,234845.93,40784,525.34,234845.93,14550.66,525.34,234845.93,87134.36,525.34,165360,1642,525.34,165360,3180,525.34,165360,3288,525.34,165360,59216
526.98,911084.14,919405.93,526.98,911084.14,969790.55,526.98,911084.14,989914.14,526.98,911084.14,977582.77,526.98,243045.35,91564.03,526.98,243045.35,42227.86,526.98,243045.35,15049.24,526.98,243045.35,89377.64,526.98,173072,1723,526.98,173072,3370,526.98,173072,3482,526.98,173072,61372
528.62,931609.29,939837.22,528.62,931609.29,991650.94,528.62,931609.29,1011961.33,528.62,931609.29,999360,528.62,249536.57,93993.24,528.62,249536.57,43355.76,528.62,249536.57,15433.72,528.62,249536.57,91426.16,528.62,180880,1814,528.62,180880,3558,528.62,180880,3681,528.62,180880,63708
530.25,922861.53,931742.15,530.25,922861.53,983220.81,530.25,922861.53,1002787.03,530.25,922861.53,990296.42,530.25,247309.4,93113.65,530.25,247309.4,42981.53,530.25,247309.4,15279.05,530.25,247309.4,90332.32,530.25,183728,1851,530.25,183728,3655,530.25,183728,3780,530.25,183728,64328
531.89,920560.01,928697.86,531.89,920560.01,980261.01,531.89,920560.01,1000114.58,531.89,920560.01,987837.64,531.89,246031.87,92598.14,531.89,246031.87,42785.68,531.89,246031.87,15180.49,531.89,246031.87,89326.24,531.89,187968,1912,531.89,187968,3788,531.89,187968,3916,531.89,187968,65448
533.52,927390.88,936033.92,533.52,927390.88,987756.02,533.52,927390.88,1007900.41,533.52,927390.88,995650.44,533.52,249012.27,93715.48,533.52,249012.27,43319.48,533.52,249012.27,15343.56,533.52,249012.27,90025.39,533.52,195920,1998,533.52,195920,3991,533.52,195920,4128,533.52,195920,67768
535.16,923509.29,931827.4,535.16,923509.29,983386.54,535.16,923509.29,1003389.64,535.16,923509.29,991110.51,535.16,248030.81,93302.06,535.16,248030.81,43160.47,535.16,248030.81,15261.7,535.16,248030.81,89453.95,535.16,200767.99,2065,535.16,200767.99,4135,535.16,200767.99,4278,535.16,200767.99,69120
536.79,905789.54,914014.64,536.79,905789.54,964714.69,536.79,905789.54,984634.86,536.79,905789.54,972297.21,536.79,243842.19,91729.87,536.79,243842.19,42422.46,536.79,243842.19,14981.52,536.79,243842.19,87687.56,536.79,202991.99,2101,536.79,202991.99,4231,536.79,202991.99,4381,536.79,202991.99,69476
538.42,888035.68,896184.53,538.42,888035.68,946017.83,538.42,888035.68,965324.31,538.42,888035.68,953289.1,538.42,238521.09,89682.78,538.42,238521.09,41530.95,538.42,238521.09,14634.17,538.42,238521.09,85528.83,538.42,203471.99,2118,538.42,203471.99,4295,538.42,203471.99,4447,538.42,203471.99,69232
540.05,884410.69,892769.84,540.05,884410.69,942371.58,540.05,884410.69,961671.39,540.05,884410.69,949685.84,540.05,237433.62,89274.38,540.05,237433.62,41359.81,540.05,237433.62,14551.95,540.05,237433.62,84696.84,540.05,206687.99,2165,540.05,206687.99,4417,540.05,206687.99,4568,540.05,206687.99,69792
541.68,891881.37,900430.92,541.68,891881.37,950333.59,541.68,891881.37,969918.72,541.68,891881.37,957731.07,541.68,239423.81,90011.41,541.68,239423.81,41718.41,541.68,239423.81,14659.65,541.68,239423.81,85203.43,541.68,211263.99,2230,541.68,211263.99,4566,541.68,211263.99,4730,541.68,211263.99,70840
543.31,893871.02,902639.17,543.31,893871.02,952545.57,543.31,893871.02,972063.72,543.31,893871.02,959992.5,543.31,240108.76,90217.42,543.31,240108.76,41831.84,543.31,240108.76,14689.06,543.31,240108.76,85239.18,543.31,213823.99,2271,543.31,213823.99,4674,543.31,213823.99,4842,543.31,213823.99,71220
544.94,887739.13,896530.41,544.94,887739.13,946048.59,544.94,887739.13,965425.28,544.94,887739.13,953344.75,544.94,238394.23,89500.98,544.94,238394.23,41534.96,544.94,238394.23,14576.06,544.94,238394.23,84465.33,544.94,212991.99,2284,544.94,212991.99,4711,544.94,212991.99,4880,544.94,212991.99,70516
546.57,882499.66,890690.89,546.57,882499.66,940316.54,546.57,882499.66,959808.07,546.57,882499.66,947850.08,546.57,236540.46,88832.21,546.57,236540.46,41242.37,546.57,236540.46,14468.02,546.57,236540.46,83634.41,546.57,211295.99,2279,546.57,211295.99,4727,546.57,211295.99,4900,546.57,211295.99,69488
548.2,882125.89,890297.06,548.2,882125.89,940405.56,548.2,882125.89,959571.76,548.2,882125.89,947495.25,548.2,236366.21,88765.57,548.2,236366.21,41235.85,548.2,236366.21,14455.34,548.2,236366.21,83383.61,548.2,209839.99,2283,548.2,209839.99,4756,548.2,209839.99,4925,548.2,209839.99,68592
549.83,877783.34,886033.98,549.83,877783.34,935659.17,549.83,877783.34,955193.77,549.83,877783.34,943242.48,549.83,235324.01,88332.98,549.83,235324.01,41061.45,549.83,235324.01,14399.92,549.83,235324.01,82818.86,549.83,206559.99,2267,549.83,206559.99,4738,549.83,206559.99,4906,549.83,206559.99,67060
551.45,876000.88,884316.17,551.45,876000.88,933961.56,551.45,876000.88,953117.53,551.45,876000.88,940860.17,551.45,234576.44,88037.35,551.45,234576.44,40953.74,551.45,234576.44,14355.37,551.45,234576.44,82317.81,551.45,202463.99,2245,551.45,202463.99,4713,551.45,202463.99,4877,551.45,202463.99,65280
553.08,877487.01,885775.26,553.08,877487.01,935379.17,553.08,877487.01,954530.05,553.08,877487.01,942662.79,553.08,235152.95,88248.6,553.08,235152.95,41059.88,553.08,235152.95,14385.06,553.08,235152.95,82196.68,553.08,198831.99,2221,553.08,198831.99,4686,553.08,198831.99,4853,553.08,198831.99,63660
554.7,868677.44,877373.81,554.7,868677.44,926546.64,554.7,868677.44,945410.08,554.7,868677.44,933324.69,554.7,232836.83,87353.04,554.7,232836.83,40655.78,554.7,232836.83,14242.82,554.7,232836.83,81167.71,554.7,192896,2176,554.7,192896,4620,554.7,192896,4782,554.7,192896,61400
556.33,853447.03,862113.78,556.33,853447.03,910660.62,556.33,853447.03,928971.58,556.33,853447.03,917111.82,556.33,228863.56,85872.81,556.33,228863.56,40015.5,556.33,228863.56,14002.31,556.33,228863.56,79496.69,556.33,185696,2118,556.33,185696,4502,556.33,185696,4666,556.33,185696,58712
557.95,849732.31,857943.56,557.95,849732.31,906416.45,557.95,849732.31,925090.43,557.95,849732.31,913568.18,557.95,227712.85,85410.47,557.95,227712.85,39805.27,557.95,227712.85,13922.32,557.95,227712.85,78639.35,557.95,181152,2082,557.95,181152,4462,557.95,181152,4622,557.95,181152,56880
559.58,862870.88,871075.89,559.58,862870.88,920373.19,559.58,862870.88,939204.35,559.58,862870.88,927434.87,559.58,231059.26,86598.85,559.58,231059.26,40397.13,559.58,231059.26,14111.82,559.58,231059.26,79269.41,559.58,181040,2101,559.58,181040,4518,559.58,181040,4679,559.58,181040,56372
561.2,870343.74,878877.85,561.2,870343.74,928795.62,561.2,870343.74,947963.5,561.2,870343.74,935771.91,561.2,233371.44,87491.02,561.2,233371.44,40823.25,561.2,233371.44,14255.33,561.2,233371.44,79729.35,561.2,181056,2121,561.2,181056,4579,561.2,181056,4741,561.2,181056,56000
562.82,871970.76,880530.81,562.82,871970.76,930600.35,562.82,871970.76,949690.63,562.82,871970.76,937733.73,562.82,234121.52,87734.81,562.82,234121.52,40950.7,562.82,234121.52,14284.37,562.82,234121.52,79573.65,562.82,180800,2137,562.82,180800,4627,562.82,180800,4792,562.82,180800,55480
564.44,869319.38,877841.46,564.44,869319.38,927485.93,564.44,869319.38,947167.87,564.44,869319.38,934858.2,564.44,233432.31,87481.13,564.44,233432.31,40847.85,564.44,233432.31,14240.76,564.44,233432.31,78905.64,564.44,180624,2152,564.44,180624,4679,564.44,180624,4844,564.44,180624,54976
566.06,872154.14,880520.93,566.06,872154.14,930654.74,566.06,872154.14,950132.62,566.06,872154.14,938017.51,566.06,234527.3,87880.66,566.06,234527.3,41063.09,566.06,234527.3,14291.36,566.06,234527.3,78675.35,566.06,183040,2194,566.06,183040,4794,566.06,183040,4963,566.06,183040,55092
567.68,866542.03,875327.68,567.68,866542.03,924606.56,567.68,866542.03,943961.4,567.68,866542.03,932269.23,567.68,233169.27,87337.97,567.68,233169.27,40813.76,567.68,233169.27,14195.05,567.68,233169.27,77653.04,567.68,184192,2221,567.68,184192,4871,567.68,184192,5048,567.68,184192,54796
569.3,861143.67,869821.16,569.3,861143.67,919360.56,569.3,861143.67,938723.02,569.3,861143.67,926613.39,569.3,231684.91,86762.92,569.3,231684.91,40540.82,569.3,231684.91,14094.37,569.3,231684.91,76683.81,569.3,186288,2258,569.3,186288,4973,569.3,186288,5153,569.3,186288,54924
570.92,874954.32,883926.27,570.92,874954.32,933903.8,570.92,874954.32,953743.17,570.92,874954.32,941738.46,570.92,235697.48,88228.72,570.92,235697.48,41255.83,570.92,235697.48,14315.68,570.92,235697.48,77382.08,570.92,193936,2359,570.92,193936,5217,570.92,193936,5404,570.92,193936,56568
572.53,879472.12,888665.43,572.53,879472.12,939012.65,572.53,879472.12,958571.55,572.53,879472.12,946416.65,572.53,236989.66,88721.31,572.53,236989.66,41497.16,572.53,236989.66,14387.04,572.53,236989.66,77485.62,572.53,199711.99,2436,572.53,199711.99,5411,572.53,199711.99,5605,572.53,199711.99,57696
574.15,869148.58,878624.53,574.15,869148.58,928163.36,574.15,869148.58,947595.05,574.15,869148.58,935720.13,574.15,234419.35,87719.71,574.15,234419.35,41050.89,574.15,234419.35,14221.95,574.15,234419.35,76287.98,574.15,202895.99,2481,574.15,202895.99,5525,574.15,202895.99,5723,574.15,202895.99,58164
575.77,864073.24,872993.83,575.77,864073.24,922785.91,575.77,864073.24,942026.41,575.77,864073.24,930132.28,575.77,233209.23,87293.32,575.77,233209.23,40824.99,575.77,233209.23,14136.72,575.77,233209.23,75589.08,575.77,207439.99,2543,575.77,207439.99,5668,575.77,207439.99,5873,575.77,207439.99,59088
577.38,860337.64,869350.86,577.38,860337.64,918781.87,577.38,860337.64,938112.12,577.38,860337.64,926207.86,577.38,232023.44,86864.87,577.38,232023.44,40652.6,577.38,232023.44,14058.86,577.38,232023.44,75039.73,577.38,212191.99,2600,577.38,212191.99,5807,577.38,212191.99,6015,577.38,212191.99,60216
578.99,869386.54,878183.31,578.99,869386.54,928418.96,578.99,869386.54,948114.88,578.99,869386.54,936164.55,578.99,234312.34,87734.3,578.99,234312.34,41052.79,578.99,234312.34,14197.92,578.99,234312.34,75783.83,578.99,219471.99,2682,578.99,219471.99,6004,578.99,219471.99,6222,578.99,219471.99,62280
580.61,878809.08,887527.85,580.61,878809.08,938215.88,580.61,878809.08,958198.66,580.61,878809.08,945851.57,580.61,236822.9,88678.54,580.61,236822.9,41519.77,580.61,236822.9,14344.39,580.61,236822.9,76688.13,580.61,226639.99,2764,580.61,226639.99,6183,580.61,226639.99,6402,580.61,226639.99,64332
582.22,879403.58,888359.13,582.22,879403.58,938947.36,582.22,879403.58,958830.82,582.22,879403.58,946676.86,582.22,237068.83,88791.35,582.22,237068.83,41572.02,582.22,237068.83,14358.56,582.22,237068.83,76858.51,582.22,230495.99,2795,582.22,230495.99,6257,582.22,230495.99,6484,582.22,230495.99,65328
583.83,864478.93,873222.75,583.83,864478.93,923368.01,583.83,864478.93,942646.54,583.83,864478.93,930584.29,583.83,233114.1,87294.92,583.83,233114.1,40885.56,583.83,233114.1,14105.65,583.83,233114.1,75587.13,583.83,229231.99,2764,583.83,229231.99,6195,583.83,229231.99,6416,583.83,229231.99,64764
585.44,849641.37,858494.53,585.44,849641.37,907527.41,585.44,849641.37,926438.6,585.44,849641.37,914494.69,585.44,229144.22,85761.28,585.44,229144.22,40170.28,585.44,229144.22,13853.68,585.44,229144.22,73996.92,585.44,226495.99,2711,585.44,226495.99,6083,585.44,226495.99,6300,585.44,226495.99,63412
587.05,810171.09,819112.56,587.05,810171.09,865806.95,587.05,810171.09,883637.61,587.05,810171.09,872238.54,587.05,219087.25,82011.93,587.05,219087.25,38363.59,587.05,219087.25,13225.53,587.05,219087.25,70425.59,587.05,216735.99,2575,587.05,216735.99,5786,587.05,216735.99,5991,587.05,216735.99,59680
588.66,782618.12,791187.7,588.66,782618.12,836138.56,588.66,782618.12,853750.89,588.66,782618.12,842868.05,588.66,210928.12,78935.03,588.66,210928.12,36928.91,588.66,210928.12,12722.36,588.66,210928.12,67113.83,588.66,207583.99,2445,588.66,207583.99,5495,588.66,207583.99,5691,588.66,207583.99,56208
590.27,805497.81,814320.81,590.27,805497.81,860721.31,590.27,805497.81,878792.53,590.27,805497.81,867630.89,590.27,217120.33,81236.71,590.27,217120.33,38017.18,590.27,217120.33,13082.76,590.27,217120.33,68868.16,590.27,211215.99,2463,590.27,211215.99,5539,590.27,211215.99,5741,590.27,211215.99,56856
591.88,811500.36,820181.52,591.88,811500.36,867092.18,591.88,811500.36,885101.55,591.88,811500.36,873993.97,591.88,218760.69,81897.92,591.88,218760.69,38303.82,591.88,218760.69,13179.64,591.88,218760.69,69428.49,591.88,209567.99,2418,591.88,209567.99,5435,591.88,209567.99,5631,591.88,209567.99,56324
593.49,807901.69,816910.73,593.49,807901.69,863439.1,593.49,807901.69,881347.3,593.49,807901.69,870470.54,593.49,217779.05,81498.3,593.49,217779.05,38124.38,593.49,217779.05,13110.41,593.49,217779.05,68961.58,593.49,204559.99,2327,593.49,204559.99,5227,593.49,204559.99,5421,593.49,204559.99,54696
595.1,812440.17,821458.56,595.1,812440.17,868455.07,595.1,812440.17,886827.96,595.1,812440.17,875288.89,595.1,219046.52,81995.44,595.1,219046.52,38375.09,595.1,219046.52,13183.72,595.1,219046.52,69313.51,595.1,201455.99,2251,595.1,201455.99,5049,595.1,201455.99,5233,595.1,201455.99,53856
596.7,813766.3,822345.51,596.7,813766.3,869988.7,596.7,813766.3,888119.42,596.7,813766.3,876680.48,596.7,219413.99,82107.8,596.7,219413.99,38415.09,596.7,219413.99,13199.05,596.7,219413.99,69419.07,596.7,197120,2153,596.7,197120,4824,596.7,197120,4994,596.7,197120,52732
598.31,814017.55,822601.52,598.31,814017.55,869959.36,598.31,814017.55,888236.8,598.31,814017.55,876791.5,598.31,219232.91,82083.2,598.31,219232.91,38401.43,598.31,219232.91,13188.58,598.31,219232.91,69325.09,598.31,192768,2053,598.31,192768,4579,598.31,192768,4744,598.31,192768,51568
599.91,812695.98,821167.77,599.91,812695.98,868836.55,599.91,812695.98,887092.68,599.91,812695.98,875757.18,599.91,218751.4,81937.47,599.91,218751.4,38315.45,599.91,218751.4,13153.25,599.91,218751.4,69111.16,599.91,188144,1959,599.91,188144,4354,599.91,188144,4508,599.91,188144,50336
601.52,818544.23,826990.97,601.52,818544.23,874936.88,601.52,818544.23,893592.64,601.52,818544.23,881925.2,601.52,220246.75,82502.74,601.52,220246.75,38600.47,601.52,220246.75,13230.97,601.52,220246.75,69355.15,601.52,185712,1899,601.52,185712,4216,601.52,185712,4361,601.52,185712,49552
603.12,832003.52,840641.3,603.12,832003.52,889506.47,603.12,832003.52,908324.5,603.12,832003.52,896293.3,603.12,223977.34,83861.12,603.12,223977.34,39262.09,603.12,223977.34,13440.12,603.12,223977.34,70327.56,603.12,185664,1878,603.12,185664,4161,603.12,185664,4311,603.12,185664,49380
604.72,833054.84,841735.09,604.72,833054.84,890506.89,604.72,833054.84,909491.05,604.72,833054.84,897688.4,604.72,224375.4,84057.05,604.72,224375.4,39340.6,604.72,224375.4,13452.83,604.72,224375.4,70291.37,604.72,183440,1841,604.72,183440,4088,604.72,183440,4232,604.72,183440,48624
606.32,831218.21,839989.13,606.32,831218.21,888576.24,606.32,831218.21,907443.19,606.32,831218.21,895391.06,606.32,223804.68,83851.06,606.32,223804.68,39213.91,606.32,223804.68,13396.71,606.32,223804.68,69865.49,606.32,181104,1809,606.32,181104,4016,606.32,181104,4161,606.32,181104,47816
607.93,826164.3,834727.23,607.93,826164.3,883440.8,607.93,826164.3,902025.53,607.93,826164.3,890354.57,607.93,222765.73,83458.66,607.93,222765.73,39015.85,607.93,222765.73,13319.61,607.93,222765.73,69303.7,607.93,178960,1777,607.93,178960,3961,607.93,178960,4098,607.93,178960,47048
609.53,825493.78,833687.11,609.53,825493.78,882529.51,609.53,825493.78,901075.65,609.53,825493.78,889262.01,609.53,222601.46,83426.07,609.53,222601.46,38974.14,609.53,222601.46,13287.46,609.53,222601.46,68994.04,609.53,178336,1765,609.53,178336,3932,609.53,178336,4071,609.53,178336,46664
611.13,824635.68,833436.69,611.13,824635.68,881747.28,611.13,824635.68,900932.21,611.13,824635.68,888712.1,611.13,222641.98,83409.89,611.13,222641.98,38978.52,611.13,222641.98,13277.31,611.13,222641.98,68767.12,611.13,178480,1761,611.13,178480,3926,611.13,178480,4064,611.13,178480,46516
612.72,820272.37,828258.77,612.72,820272.37,877057.55,612.72,820272.37,895671.52,612.72,820272.37,883597.6,612.72,221523.47,82997.58,612.72,221523.47,38795.65,612.72,221523.47,13198.47,612.72,221523.47,68195.09,612.72,178640,1754,612.72,178640,3913,612.72,178640,4052,612.72,178640,46340
614.32,816147.42,824745.66,614.32,816147.42,872908.26,614.32,816147.42,891662.39,614.32,816147.42,879512.7,614.32,220267.91,82540.69,614.32,220267.91,38565.04,614.32,220267.91,13114.77,614.32,220267.91,67619.43,614.32,179232,1752,614.32,179232,3915,614.32,179232,4049,614.32,179232,46248
615.92,814965.46,823260.74,615.92,814965.46,871373.38,615.92,814965.46,890237.47,615.92,814965.46,878501.18,615.92,220008.31,82435.33,615.92,220008.31,38528.13,615.92,220008.31,13083.6,615.92,220008.31,67229.62,615.92,181264,1763,615.92,181264,3941,615.92,181264,4081,615.92,181264,46500
617.52,829876.39,838391.35,617.52,829876.39,887427.85,617.52,829876.39,906692.19,617.52,829876.39,894553.85,617.52,223784.29,83861.09,617.52,223784.29,39171.28,617.52,223784.29,13297.78,617.52,223784.29,68126.39,617.52,187488,1818,617.52,187488,4070,617.52,187488,4213,617.52,187488,47812
619.11,837025.44,845599.1,619.11,837025.44,895148.92,619.11,837025.44,914661.38,619.11,837025.44,902303.49,619.11,226071.31,84711.41,619.11,226071.31,39569.64,619.11,226071.31,13424.51,619.11,226071.31,68585.14,619.11,193104,1863,619.11,193104,4178,619.11,193104,4324,619.11,193104,48900
620.71,832514.05,841476.39,620.71,832514.05,890451.2,620.71,832514.05,909474.48,620.71,832514.05,897447.6,620.71,224971.57,84257.1,620.71,224971.57,39356.83,620.71,224971.57,13358.51,620.71,224971.57,68068.09,620.71,196384,1890,620.71,196384,4241,620.71,196384,4390,620.71,196384,49428
622.3,821163.06,829793.82,622.3,821163.06,878306.58,622.3,821163.06,897260.4,622.3,821163.06,885470.67,622.3,222041.36,83188.98,622.3,222041.36,38835.49,622.3,222041.36,13187.83,622.3,222041.36,66953.15,622.3,198543.99,1902,622.3,198543.99,4282,622.3,198543.99,4431,622.3,198543.99,49580
623.9,809844.14,818579.91,623.9,809844.14,866654.1,623.9,809844.14,885224.48,623.9,809844.14,873357.02,623.9,218932.53,82042.81,623.9,218932.53,38282.98,623.9,218932.53,13005.54,623.9,218932.53,65769.21,623.9,201071.99,1926,623.9,201071.99,4333,623.9,201071.99,4482,623.9,201071.99,49764
625.49,802193.6,810968.35,625.49,802193.6,858426.88,625.49,802193.6,876778.94,625.49,802193.6,865382.47,625.49,217235.65,81362.04,625.49,217235.65,37924.09,625.49,217235.65,12894.69,625.49,217235.65,64812.79,625.49,204607.99,1958,625.49,204607.99,4400,625.49,204607.99,4554,625.49,204607.99,49916
627.08,788913.66,797645.09,627.08,788913.66,844491.58,627.08,788913.66,862268.15,627.08,788913.66,851131.65,627.08,213818.97,80032.63,627.08,213818.97,37306.96,627.08,213818.97,12683.54,627.08,213818.97,63245.81,627.08,206063.99,1961,627.08,206063.99,4425,627.08,206063.99,4580,627.08,206063.99,49372
628.67,782496.36,791156.6,628.67,782496.36,837378.72,628.67,782496.36,855519.11,628.67,782496.36,844501.64,628.67,212035.35,79377.67,628.67,212035.35,36984.53,628.67,212035.35,12576.13,628.67,212035.35,62580.18,628.67,208463.99,1979,628.67,208463.99,4466,628.67,208463.99,4619,628.67,208463.99,49640
630.26,782249.18,790879.71,630.26,782249.18,837010.16,630.26,782249.18,855028.29,630.26,782249.18,843975.15,630.26,211820.07,79309.78,630.26,211820.07,36939.99,630.26,211820.07,12561.83,630.26,211820.07,62612.41,630.26,211311.99,1998,630.26,211311.99,4516,630.26,211311.99,4672,630.26,211311.99,50392
631.85,785389.78,793923.37,631.85,785389.78,840384.03,631.85,785389.78,858599.01,631.85,785389.78,847370.6,631.85,212629.1,79639.47,631.85,212629.1,37101.51,631.85,212629.1,12614.23,631.85,212629.1,62962.19,631.85,214447.99,2022,631.85,214447.99,4573,631.85,214447.99,4726,631.85,214447.99,51192
633.44,787983.33,796303.43,633.44,787983.33,843450.7,633.44,787983.33,861329.02,633.44,787983.33,850086.97,633.44,213314.63,79920.27,633.44,213314.63,37225.43,633.44,213314.63,12652.03,633.44,213314.63,63274.36,633.44,216639.99,2038,633.44,216639.99,4611,633.44,216639.99,4768,633.44,216639.99,51780
635.03,789469.11,797909.72,635.03,789469.11,844950.12,635.03,789469.11,863164.08,635.03,789469.11,851712.48,635.03,213653.35,80045.75,635.03,213653.35,37282.55,635.03,213653.35,12665.6,635.03,213653.35,63416.4,635.03,217551.99,2048,635.03,217551.99,4623,635.03,217551.99,4782,635.03,217551.99,51976
636.62,792748.34,801249.67,636.62,792748.34,848451.78,636.62,792748.34,866640.65,636.62,792748.34,855074.9,636.62,214612.77,80421.31,636.62,214612.77,37460.48,636.62,214612.77,12716.89,636.62,214612.77,63718.26,636.62,218047.99,2051,636.62,218047.99,4636,636.62,218047.99,4798,636.62,218047.99,52028
638.2,789039.78,797828.4,638.2,789039.78,844502.46,638.2,789039.78,862625.89,638.2,789039.78,850957.38,638.2,213409.6,80000.13,638.2,213409.6,37256.29,638.2,213409.6,12639.7,638.2,213409.6,63420.03,638.2,215935.99,2028,638.2,215935.99,4594,638.2,215935.99,4754,638.2,215935.99,51444
639.79,779824.42,788377.98,639.79,779824.42,834447.14,639.79,779824.42,852704.74,639.79,779824.42,841099.91,639.79,211068.48,79112.99,639.79,211068.48,36817.44,639.79,211068.48,12489.97,639.79,211068.48,62660.73,639.79,211727.99,1987,639.79,211727.99,4506,639.79,211727.99,4659,639.79,211727.99,50332
641.38,778892.08,787237.9,641.38,778892.08,833620.39,641.38,778892.08,851475.38,641.38,778892.08,840195.88,641.38,210699.97,78981.62,641.38,210699.97,36745.01,641.38,210699.97,12459.6,641.38,210699.97,62466.88,641.38,208831.99,1958,641.38,208831.99,4444,641.38,208831.99,4597,641.38,208831.99,49464
642.96,777560.75,786175.81,642.96,777560.75,832327.94,642.96,777560.75,850224.7,642.96,777560.75,838840.51,642.96,210390.55,78913.03,642.96,210390.55,36693.46,642.96,210390.55,12434.7,642.96,210390.55,62290.46,642.96,205727.99,1923,642.96,205727.99,4377,642.96,205727.99,4522,642.96,205727.99,48468
644.54,768927.26,777521.83,644.54,768927.26,823515.78,644.54,768927.26,840965.36,644.54,768927.26,829610.11,644.54,208122.74,78051.64,644.54,208122.74,36296.04,644.54,208122.74,12289.65,644.54,208122.74,61403.32,644.54,200159.99,1870,644.54,200159.99,4252,644.54,200159.99,4401,644.54,200159.99,46748
646.13,756349.3,765038.1,646.13,756349.3,809912.57,646.13,756349.3,827343.14,646.13,756349.3,816217.24,646.13,205087.47,76898.27,646.13,205087.47,35706.85,646.13,205087.47,12086.63,646.13,205087.47,60086.07,646.13,193664,1803,646.13,193664,4106,646.13,193664,4245,646.13,193664,44588
647.71,748241.4,756591.11,647.71,748241.4,801464.04,647.71,748241.4,818432.8,647.71,748241.4,807443.51,647.71,202788.04,76051.34,647.71,202788.04,35301.23,647.71,202788.04,11944.63,647.71,202788.04,59176.91,647.71,188144,1745,647.71,188144,3973,647.71,188144,4111,647.71,188144,43012
649.29,750864.99,759375.08,649.29,750864.99,804286.43,649.29,750864.99,821471.33,649.29,750864.99,810819.99,649.29,203455.9,76301.9,649.29,203455.9,35415.99,649.29,203455.9,11972.88,649.29,203455.9,59326.13,649.29,185104,1699,649.29,185104,3880,649.29,185104,4015,649.29,185104,42300
650.87,757696.78,766305.7,650.87,757696.78,811530.48,650.87,757696.78,829083.73,650.87,757696.78,817903.31,650.87,205194.41,76976.14,650.87,205194.41,35721.06,650.87,205194.41,12070.38,650.87,205194.41,59748.88,650.87,183184,1666,650.87,183184,3801,650.87,183184,3930,650.87,183184,41732
652.45,758044.46,766522.17,652.45,758044.46,812040.12,652.45,758044.46,829223.14,652.45,758044.46,818071.24,652.45,205449.78,77074.5,652.45,205449.78,35762.57,652.45,205449.78,12073.98,652.45,205449.78,59781.04,652.45,179968,1617,652.45,179968,3673,652.45,179968,3799,652.45,179968,40980
654.03,728414.81,737012.23,654.03,728414.81,780403.23,654.03,728414.81,796963.36,654.03,728414.81,786057.91,654.03,197522.5,74166.94,654.03,197522.5,34391.12,654.03,197522.5,11605.28,654.03,197522.5,57524.46,654.03,170368,1507,654.03,170368,3405,654.03,170368,3522,654.03,170368,38788
655.61,702082.41,709910.59,655.61,702082.41,751680.35,655.61,702082.41,768154.57,655.61,702082.41,757814.37,655.61,190122.19,71348.69,655.61,190122.19,33085.69,655.61,190122.19,11156.16,655.61,190122.19,55038.49,655.61,161776,1396,655.61,161776,3146,655.61,161776,3253,655.61,161776,36760
657.19,734260.47,741938.54,657.19,734260.47,786235.15,657.19,734260.47,803599.41,657.19,734260.47,792554.8,657.19,198664.43,74634,657.19,198664.43,34594.63,657.19,198664.43,11657.82,657.19,198664.43,57426.57,657.19,167200,1409,657.19,167200,3147,657.19,167200,3254,657.19,167200,37808
658.77,760091.92,768022.58,658.77,760091.92,813996.61,658.77,760091.92,831646.82,658.77,760091.92,820138.4,658.77,205565.38,77255.58,658.77,205565.38,35796.73,658.77,205565.38,12051.46,658.77,205565.38,59396.12,658.77,171264,1410,658.77,171264,3133,658.77,171264,3239,658.77,171264,38736
660.34,774594.92,783189.51,660.34,774594.92,829888.79,660.34,774594.92,847919.4,660.34,774594.92,836259.6,660.34,209652.31,78839.8,660.34,209652.31,36542.22,660.34,209652.31,12291.2,660.34,209652.31,60535.99,660.34,173216,1398,660.34,173216,3085,660.34,173216,3185,660.34,173216,39152
661.92,778583.17,786489.1,661.92,778583.17,833502.22,661.92,778583.17,851848.81,661.92,778583.17,840080.44,661.92,210756.32,79263.58,661.92,210756.32,36710.22,661.92,210756.32,12334.56,661.92,210756.32,60722.31,661.92,173264,1375,661.92,173264,3014,661.92,173264,3110,661.92,173264,39096
663.49,779021.87,787726.7,663.49,779021.87,834756.97,663.49,779021.87,852952.48,663.49,779021.87,841285.59,663.49,210966.64,79382.54,663.49,210966.64,36753.62,663.49,210966.64,12352.2,663.49,210966.64,60658.84,663.49,173072,1347,663.49,173072,2945,663.49,173072,3041,663.49,173072,38932
665.07,780124.7,788699.49,665.07,780124.7,835860.84,665.07,780124.7,853795.43,665.07,780124.7,842080.58,665.07,211208.14,79558.7,665.07,211208.14,36802.48,665.07,211208.14,12356.41,665.07,211208.14,60591.06,665.07,173296,1331,665.07,173296,2893,665.07,173296,2987,665.07,173296,38848
666.64,780506.21,789116.29,666.64,780506.21,836140.54,666.64,780506.21,854324.05,666.64,780506.21,842583.04,666.64,211379.25,79631.09,666.64,211379.25,36825.65,666.64,211379.25,12357.42,666.64,211379.25,60490.52,666.64,173696,1318,666.64,173696,2851,666.64,173696,2941,666.64,173696,38820
668.21,780876.11,789277.15,668.21,780876.11,836502.96,668.21,780876.11,854745.2,668.21,780876.11,842803.74,668.21,211621.54,79736.38,668.21,211621.54,36894.26,668.21,211621.54,12363.69,668.21,211621.54,60418.94,668.21,174336,1310,668.21,174336,2823,668.21,174336,2916,668.21,174336,38820
669.79,777372.79,785856.26,669.79,777372.79,832814.07,669.79,777372.79,850796.64,669.79,777372.79,839146.81,669.79,210633.44,79394.61,669.79,210633.44,36684.53,669.79,210633.44,12294.93,669.79,210633.44,60003.1,669.79,174288,1300,669.79,174288,2800,669.79,174288,2892,669.79,174288,38692
671.36,775368.82,783742.52,671.36,775368.82,830540.21,671.36,775368.82,848594.14,671.36,775368.82,836894.72,671.36,210006.16,79280.44,671.36,210006.16,36614.28,671.36,210006.16,12256.35,671.36,210006.16,59713.58,671.36,174848,1302,671.36,174848,2798,671.36,174848,2895,671.36,174848,38656
672.93,774826.91,783421.05,672.93,774826.91,830100.21,672.93,774826.91,848465.78,672.93,774826.91,836634.12,672.93,210089.67,79281.88,672.93,210089.67,36612.78,672.93,210089.67,12252.22,672.93,210089.67,59609.59,672.93,176256,1309,672.93,176256,2820,672.93,176256,2918,672.93,176256,38836
674.5,774669.7,783375.82,674.5,774669.7,829769.52,674.5,774669.7,848058.23,674.5,774669.7,836547.45,674.5,209976.16,79271.84,674.5,209976.16,36591.92,674.5,209976.16,12232.48,674.5,209976.16,59434.7,674.5,177536,1322,674.5,177536,2850,674.5,177536,2947,674.5,177536,38956
676.07,774402.75,782629.98,676.07,774402.75,829907.6,676.07,774402.75,847926.39,676.07,774402.75,836049.05,676.07,209837.3,79329.77,676.07,209837.3,36585.76,676.07,209837.3,12225.56,676.07,209837.3,59323.91,676.07,178912,1339,676.07,178912,2896,676.07,178912,2990,676.07,178912,39144
677.64,773181.38,781496.39,677.64,773181.38,828461.87,677.64,773181.38,846525.52,677.64,773181.38,834884.5,677.64,209624.6,79302.47,677.64,209624.6,36526.39,677.64,209624.6,12206.18,677.64,209624.6,59112.43,677.64,180448,1356,677.64,180448,2942,677.64,180448,3038,677.64,180448,39316
679.21,770612.79,779161.31,679.21,770612.79,825923.44,679.21,770612.79,844039.53,679.21,770612.79,832207.46,679.21,209026.44,79082.36,679.21,209026.44,36449.24,679.21,209026.44,12162.86,679.21,209026.44,58850.26,679.21,182112,1375,679.21,182112,2999,679.21,182112,3098,679.21,182112,39548
680.77,768092.15,776652.61,680.77,768092.15,823259.6,680.77,768092.15,841107.9,680.77,768092.15,829582.04,680.77,208349.9,78872.28,680.77,208349.9,36312.2,680.77,208349.9,12112.94,680.77,208349.9,58548.25,680.77,183552,1394,680.77,183552,3053,680.77,183552,3155,680.77,183552,39720
682.34,761648.07,770226.43,682.34,761648.07,816162.19,682.34,761648.07,834204.43,682.34,761648.07,822526.78,682.34,206577.12,78272.98,682.34,206577.12,36011.57,682.34,206577.12,12010.27,682.34,206577.12,57967.08,682.34,183904,1404,682.34,183904,3095,682.34,183904,3199,682.34,183904,39648
683.9,740557.35,749013.96,683.9,740557.35,794152.48,683.9,740557.35,810846.05,683.9,740557.35,799918.35,683.9,201159.56,76243.76,683.9,201159.56,35050.77,683.9,201159.56,11684.26,683.9,201159.56,56319.7,683.9,180880,1393,683.9,180880,3079,683.9,180880,3190,683.9,180880,38684
685.47,668872.86,677352.68,685.47,668872.86,717631.82,685.47,668872.86,732308.43,685.47,668872.86,722524.02,685.47,182210.18,68996.61,685.47,182210.18,31676.11,685.47,182210.18,10561.35,685.47,182210.18,50286.67,685.47,165504,1293,685.47,165504,2874,685.47,165504,2975,685.47,165504,34360
687.03,625294.36,633007.39,687.03,625294.36,670601.64,687.03,625294.36,685218.63,687.03,625294.36,675995.37,687.03,170493.75,64536.73,687.03,170493.75,29589.86,687.03,170493.75,9853.09,687.03,170493.75,45897.61,687.03,156192,1235,687.03,156192,2753,687.03,156192,2853,687.03,156192,31240
688.6,633287.27,641035.71,688.6,633287.27,679243.49,688.6,633287.27,693992.22,688.6,633287.27,684747.54,688.6,172690.65,65459.62,688.6,172690.65,29989.93,688.6,172690.65,9981.97,688.6,172690.65,46534.89,688.6,159568,1264,688.6,159568,2824,688.6,159568,2927,688.6,159568,31720
690.16,653734.21,661584.96,690.16,653734.21,700997.86,690.16,653734.21,716168.91,690.16,653734.21,706938.97,690.16,178140.78,67664.55,690.16,178140.78,30968.83,690.16,178140.78,10300.25,690.16,178140.78,48340.16,690.16,165616,1314,690.16,165616,2934,690.16,165616,3039,690.16,165616,33160
691.72,669183.47,677320.41,691.72,669183.47,717793.72,691.72,669183.47,733380.7,691.72,669183.47,723552.98,691.72,182340.2,69272.54,691.72,182340.2,31695.67,691.72,182340.2,10539.07,691.72,182340.2,49734.43,691.72,170176,1343,691.72,170176,3001,691.72,170176,3108,691.72,170176,34236
693.28,674596.98,682548.9,693.28,674596.98,723519.74,693.28,674596.98,739107.62,693.28,674596.98,729365.19,693.28,183901.57,69965.41,693.28,183901.57,31989.26,693.28,183901.57,10626.72,693.28,183901.57,50258.91,693.28,172096,1352,693.28,172096,3016,693.28,172096,3126,693.28,172096,34736
694.85,688903.67,697015.24,694.85,688903.67,738573.84,694.85,688903.67,754849.65,694.85,688903.67,744525.84,694.85,187535.54,71472.63,694.85,187535.54,32658.86,694.85,187535.54,10850.25,694.85,187535.54,51579.22,694.85,175664,1367,694.85,175664,3040,694.85,175664,3146,694.85,175664,35892
696.41,696841.46,705185.6,696.41,696841.46,747381.61,696.41,696841.46,763488.97,696.41,696841.46,752873.95,696.41,189589.66,72326.72,696.41,189589.66,33040.43,696.41,189589.66,10970.91,696.41,189589.66,52524.91,696.41,177216,1361,696.41,177216,3010,696.41,177216,3118,696.41,177216,36560
697.97,688368.05,696802.9,697.97,688368.05,738499.67,697.97,688368.05,754467.51,697.97,688368.05,743963.75,697.97,187386.45,71521.96,697.97,187386.45,32638.65,697.97,187386.45,10833.86,697.97,187386.45,51847.01,697.97,174384,1324,697.97,174384,2905,697.97,174384,3009,697.97,174384,35832
699.52,678781.93,687308.67,699.52,678781.93,728130.45,699.52,678781.93,743798.34,699.52,678781.93,733619.54,699.52,185060.25,70675.45,699.52,185060.25,32234.08,699.52,185060.25,10693.49,699.52,185060.25,51141.66,699.52,171056,1277,699.52,171056,2787,699.52,171056,2885,699.52,171056,35084
701.08,676183.24,684601.35,701.08,676183.24,725244.2,701.08,676183.24,740954.42,701.08,676183.24,730981.38,701.08,184352.34,70461.67,701.08,184352.34,32122,701.08,184352.34,10653.09,701.08,184352.34,51039.34,701.08,169200,1243,701.08,169200,2680,701.08,169200,2773,701.08,169200,34760
702.64,682427.04,690761.2,702.64,682427.04,731999.06,702.64,682427.04,747747.38,702.64,682427.04,737681.44,702.64,185931.94,71209.67,702.64,185931.94,32443.32,702.64,185931.94,10750.73,702.64,185931.94,51683.15,702.64,169168,1217,702.64,169168,2600,702.64,169168,2692,702.64,169168,34940
704.2,686326.06,694600.33,704.2,686326.06,736136.07,704.2,686326.06,752301.04,704.2,686326.06,741834.91,704.2,187244.08,71757.48,704.2,187244.08,32675.5,704.2,187244.08,10826.11,704.2,187244.08,52206.38,704.2,167808,1181,704.2,167808,2498,704.2,167808,2586,704.2,167808,34732
705.75,691552.35,699819.93,705.75,691552.35,741888.99,705.75,691552.35,757693.01,705.75,691552.35,747400.71,705.75,188234.64,72214.23,705.75,188234.64,32854.64,705.75,188234.64,10880.57,705.75,188234.64,52528.17,705.75,163440,1125,705.75,163440,2354,705.75,163440,2435,705.75,163440,33996
707.31,696663.53,704676.53,707.31,696663.53,747081.12,707.31,696663.53,763048.64,707.31,696663.53,752754.56,707.31,188602.03,72432.09,707.31,188602.03,32947.03,707.31,188602.03,10889.84,707.31,188602.03,52613.38,707.31,157088,1059,707.31,157088,2183,707.31,157088,2260,707.31,157088,32852
708.86,699522.93,707471.37,708.86,699522.93,750247.29,708.86,699522.93,766265.51,708.86,699522.93,755647.38,708.86,188591.96,72457.22,708.86,188591.96,32978.42,708.86,188591.96,10890.16,708.86,188591.96,52564.97,708.86,152096,1002,708.86,152096,2036,708.86,152096,2111,708.86,152096,31976
710.42,698743.4,706824.62,710.42,698743.4,749047.42,710.42,698743.4,765460.43,710.42,698743.4,754998.7,710.42,188025.56,72359.39,710.42,188025.56,32904.47,710.42,188025.56,10864.75,710.42,188025.56,52541.98,710.42,147920,953,710.42,147920,1907,710.42,147920,1974,710.42,147920,31228
711.97,693757.07,701910.61,711.97,693757.07,744154.94,711.97,693757.07,760205.21,711.97,693757.07,749547.83,711.97,187020.97,72048.44,711.97,187020.97,32729.61,711.97,187020.97,10805.15,711.97,187020.97,52285.48,711.97,144256,911,711.97,144256,1786,711.97,144256,1851,711.97,144256,30484
713.52,679209.45,687250.91,713.52,679209.45,728765.78,713.52,679209.45,744260.31,713.52,679209.45,734061.38,713.52,184187.17,71024.74,713.52,184187.17,32202.1,713.52,184187.17,10637.42,713.52,184187.17,51402.63,713.52,139584,863,713.52,139584,1665,713.52,139584,1720,713.52,139584,29320
715.08,637849.07,646318.43,715.08,637849.07,684959.91,715.08,637849.07,698854.97,715.08,637849.07,689393.1,715.08,174494.4,67197.75,715.08,174494.4,30429.08,715.08,174494.4,10059.97,715.08,174494.4,48247.03,715.08,130320,791,715.08,130320,1501,715.08,130320,1550,715.08,130320,26728
716.63,580292.44,588576.6,716.63,580292.44,623583.88,716.63,580292.44,636344.17,716.63,580292.44,627792.77,716.63,159539.47,61406.05,716.63,159539.47,27781.98,716.63,159539.47,9186.77,716.63,159539.47,43357.61,716.63,117600,707,716.63,117600,1313,716.63,117600,1365,716.63,117600,23272
718.18,551979.37,559676.69,718.18,551979.37,592896.74,718.18,551979.37,605455.53,718.18,551979.37,597758.2,718.18,151847.62,58448.97,718.18,151847.62,26426.71,718.18,151847.62,8728.69,718.18,151847.62,40774.64,718.18,110528,655,718.18,110528,1192,718.18,110528,1234,718.18,110528,21360
719.73,567350.42,574486.47,719.73,567350.42,608671.58,719.73,567350.42,621312.59,719.73,567350.42,613360.98,719.73,156047.35,60218.2,719.73,156047.35,27207.02,719.73,156047.35,8987.13,719.73,156047.35,42246.45,719.73,112624,654,719.73,112624,1169,719.73,112624,1206,719.73,112624,21832
721.28,576761.46,584613.67,721.28,576761.46,619299.92,721.28,576761.46,632273.13,721.28,576761.46,623942.97,721.28,159093.37,61410,721.28,159093.37,27745.05,721.28,159093.37,9163.87,721.28,159093.37,43614.65,721.28,113504,647,721.28,113504,1138,721.28,113504,1172,721.28,113504,22148
722.83,562133.3,569728.76,722.83,562133.3,603563.1,722.83,562133.3,615992.03,722.83,562133.3,608396.57,722.83,154605.46,59714.74,722.83,154605.46,26948.35,722.83,154605.46,8896.97,722.83,154605.46,42095.85,722.83,109136,612,722.83,109136,1061,722.83,109136,1098,722.83,109136,20960
724.38,563791.9,571666.28,724.38,563791.9,605624.57,724.38,563791.9,618279.83,724.38,563791.9,610264.83,724.38,154473.02,59728.18,724.38,154473.02,26933.89,724.38,154473.02,8888.18,724.38,154473.02,41917.98,724.38,107936,603,724.38,107936,1019,724.38,107936,1056,724.38,107936,20624
725.92,564539.13,572107.26,725.92,564539.13,606235.21,725.92,564539.13,619015.34,725.92,564539.13,610804.64,725.92,154707.6,59916.63,725.92,154707.6,26990.85,725.92,154707.6,8898.47,725.92,154707.6,41996.27,725.92,107136,586,725.92,107136,986,725.92,107136,1016,725.92,107136,20496
727.47,562721.64,570377.72,727.47,562721.64,604396.7,727.47,562721.64,616964.22,727.47,562721.64,608658.1,727.47,154217.13,59833.28,727.47,154217.13,26919.15,727.47,154217.13,8866.69,727.47,154217.13,41843.05,727.47,105952,571,727.47,105952,944,727.47,105952,979,727.47,105952,20276
729.02,570690.36,578389.63,729.02,570690.36,613108.99,729.02,570690.36,626037.96,729.02,570690.36,617830.24,729.02,156243.93,60644.37,729.02,156243.93,27270.8,729.02,156243.93,8986.42,729.02,156243.93,42357.34,729.02,106768,568,729.02,106768,924,729.02,106768,950,729.02,106768,20472
730.56,592997.22,600781.63,730.56,592997.22,636575.35,730.56,592997.22,650252.63,730.56,592997.22,641740.71,730.56,161701.82,62920.82,730.56,161701.82,28320.78,730.56,161701.82,9310.78,730.56,161701.82,44152.44,730.56,110320,582,730.56,110320,926,730.56,110320,955,730.56,110320,21532
732.11,617677.59,625435.71,732.11,617677.59,663211.28,732.11,617677.59,677567.44,732.11,617677.59,668214.18,732.11,167817.91,65403.22,732.11,167817.91,29445.29,732.11,167817.91,9673.21,732.11,167817.91,46370.74,732.11,114944,597,732.11,114944,937,732.11,114944,963,732.11,114944,22984
733.65,627446.54,635018.07,733.65,627446.54,673300.31,733.65,627446.54,687664.99,733.65,627446.54,678536.69,733.65,169922.93,66352.74,733.65,169922.93,29853.01,733.65,169922.93,9798.44,733.65,169922.93,47187.52,733.65,119264,613,733.65,119264,953,733.65,119264,980,733.65,119264,24156
735.2,630703.04,638624.71,735.2,630703.04,676993.17,735.2,630703.04,691596.61,735.2,630703.04,682021.71,735.2,171468.77,66991.45,735.2,171468.77,30132.4,735.2,171468.77,9897.62,735.2,171468.77,47703.26,735.2,122864,622,735.2,122864,970,735.2,122864,992,735.2,122864,25120
736.74,635324.12,643306.97,736.74,635324.12,682051.28,736.74,635324.12,696709.43,736.74,635324.12,686937.33,736.74,173901.67,68044.47,736.74,173901.67,30565.13,736.74,173901.67,10036.64,736.74,173901.67,48620.04,736.74,123728,625,736.74,123728,963,736.74,123728,989,736.74,123728,25572
738.29,638206.32,646016.53,738.29,638206.32,685346.55,738.29,638206.32,699920.98,738.29,638206.32,690088.47,738.29,174383.02,68289.13,738.29,174383.02,30676.19,738.29,174383.02,10065.54,738.29,174383.02,48946.07,738.29,122736,620,738.29,122736,947,738.29,122736,973,738.29,122736,25628
739.83,642192.66,650043.08,739.83,642192.66,689295.2,739.83,642192.66,704225.02,739.83,642192.66,694482.08,739.83,175239.97,68730.35,739.83,175239.97,30867.67,739.83,175239.97,10115.91,739.83,175239.97,49387.23,739.83,122736,614,739.83,122736,939,739.83,122736,961,739.83,122736,25844
741.37,648512.5,655887.55,741.37,648512.5,695783.04,741.37,648512.5,711024.81,741.37,648512.5,700980.69,741.37,176699.71,69348.31,741.37,176699.71,31167.55,741.37,176699.71,10214.11,741.37,176699.71,49996.63,741.37,123504,619,741.37,123504,945,741.37,123504,967,741.37,123504,26176
742.91,653035.24,660405.84,742.91,653035.24,700698.46,742.91,653035.24,716211.82,742.91,653035.24,705752.59,742.91,178063.01,69930.16,742.91,178063.01,31387.5,742.91,178063.01,10281.62,742.91,178063.01,50452.23,742.91,124288,620,742.91,124288,940,742.91,124288,964,742.91,124288,26476
744.45,655686.23,663609.72,744.45,655686.23,703577.76,744.45,655686.23,719144.26,744.45,655686.23,708486.11,744.45,178748.92,70304.98,744.45,178748.92,31533.16,744.45,178748.92,10324.51,744.45,178748.92,50691.55,744.45,124848,623,744.45,124848,945,744.45,124848,966,744.45,124848,26652
745.99,656390.27,664032.5,745.99,656390.27,704347.01,745.99,656390.27,719491.24,745.99,656390.27,709184.75,745.99,179014.14,70466.13,745.99,179014.14,31603.98,745.99,179014.14,10337.41,745.99,179014.14,50796.78,745.99,124896,619,745.99,124896,939,745.99,124896,962,745.99,124896,26700
747.53,653634.5,661334.19,747.53,653634.5,701512.63,747.53,653634.5,716492.04,747.53,653634.5,706412.44,747.53,178259.87,70141.2,747.53,178259.87,31468.39,747.53,178259.87,10290.36,747.53,178259.87,50582.6,747.53,124576,620,747.53,124576,938,747.53,124576,958,747.53,124576,26648
749.07,650811.93,658221.82,749.07,650811.93,698207.26,749.07,650811.93,713306.66,749.07,650811.93,703450.1,749.07,177493,69928.77,749.07,177493,31357.65,749.07,177493,10247.82,749.07,177493,50342.65,749.07,124096,616,749.07,124096,926,749.07,124096,952,749.07,124096,26536
750.61,649279.69,656957.69,750.61,649279.69,696883.3,750.61,649279.69,711890.3,750.61,649279.69,701769.3,750.61,177259.39,69825.66,750.61,177259.39,31256.49,750.61,177259.39,10226,750.61,177259.39,50191.11,750.61,124048,614,750.61,124048,926,750.61,124048,949,750.61,124048,26480
752.15,648425.78,656293.51,752.15,648425.78,695771.38,752.15,648425.78,711089.07,752.15,648425.78,701062.94,752.15,176964.72,69775.55,752.15,176964.72,31242.24,752.15,176964.72,10208.8,752.15,176964.72,50105.28,752.15,124272,617,752.15,124272,924,752.15,124272,946,752.15,124272,26476
753.69,645609.13,653176.76,753.69,645609.13,692750.61,753.69,645609.13,707816.44,753.69,645609.13,698096.55,753.69,176257.02,69526.49,753.69,176257.02,31112.43,753.69,176257.02,10165.68,753.69,176257.02,49828.7,753.69,124160,613,753.69,124160,920,753.69,124160,941,753.69,124160,26372
755.22,636876.86,644425.75,755.22,636876.86,683486.05,755.22,636876.86,698445.32,755.22,636876.86,688403.22,755.22,174109.17,68702.76,755.22,174109.17,30703.81,755.22,174109.17,10029.51,755.22,174109.17,49143.72,755.22,122832,606,755.22,122832,908,755.22,122832,934,755.22,122832,26004
756.76,569821.05,577624.93,756.76,569821.05,612431.59,756.76,569821.05,624862.55,756.76,569821.05,615815.57,756.76,156831.75,61765.93,756.76,156831.75,27624.24,756.76,156831.75,9027.33,756.76,156831.75,44227.71,756.76,111120,550,756.76,111120,822,756.76,111120,846,756.76,111120,23228
758.29,401770.72,408053.78,758.29,401770.72,432771.76,758.29,401770.72,440573.8,758.29,401770.72,434359.79,758.29,111004.32,43597.77,758.29,111004.32,19442.81,758.29,111004.32,6368.13,758.29,111004.32,30241.5,758.29,78624,397,758.29,78624,598,758.29,78624,614,758.29,78624,15788
759.83,319319.59,323884.26,759.83,319319.59,343111.22,759.83,319319.59,350511.52,759.83,319319.59,345670.2,759.83,87874.34,34391.02,759.83,87874.34,15319.45,759.83,87874.34,5006.29,759.83,87874.34,22067.05,759.83,62112,318,759.83,62112,484,759.83,62112,497,759.83,62112,11260
761.37,311912.85,316682.79,761.37,311912.85,335555.18,761.37,311912.85,342537.27,761.37,311912.85,338251.23,761.37,85853.2,33525.71,761.37,85853.2,14915.88,761.37,85853.2,4875.55,761.37,85853.2,20918.55,761.37,60576,316,761.37,60576,470,761.37,60576,492,761.37,60576,10060
762.9,333257.53,337743.29,762.9,333257.53,357687.67,762.9,333257.53,365693.03,762.9,333257.53,361276.28,762.9,92008.63,35958.71,762.9,92008.63,15992.03,762.9,92008.63,5216.09,762.9,92008.63,22348.36,762.9,64928,336,762.9,64928,502,762.9,64928,518,762.9,64928,10516
764.43,404065.58,409100.88,764.43,404065.58,433794.54,764.43,404065.58,444003.09,764.43,404065.58,437795.19,764.43,111204.52,43644.45,764.43,111204.52,19417.16,764.43,111204.52,6332.13,764.43,111204.52,28356.94,764.43,78320,395,764.43,78320,592,764.43,78320,614,764.43,78320,13544
765.97,483956.18,489899.38,765.97,483956.18,519408.06,765.97,483956.18,531363.57,765.97,483956.18,524038.23,765.97,132789.61,52319.9,765.97,132789.61,23263.71,765.97,132789.61,7590.92,765.97,132789.61,35432.09,765.97,93248,466,765.97,93248,692,765.97,93248,711,765.97,93248,17340
767.5,537439.53,543953.95,767.5,537439.53,576941.86,767.5,537439.53,589346.97,767.5,537439.53,581238.6,767.5,147350.17,58133.18,767.5,147350.17,25857.87,767.5,147350.17,8435.95,767.5,147350.17,40297.1,767.5,103040,508,767.5,103040,758,767.5,103040,779,767.5,103040,20100
769.03,570846.88,577892.65,769.03,570846.88,613330.78,769.03,570846.88,626794.48,769.03,570846.88,617865.19,769.03,156312.56,61763.75,769.03,156312.56,27496.12,769.03,156312.56,8958.58,769.03,156312.56,43268.28,769.03,108672,538,769.03,108672,797,769.03,108672,818,769.03,108672,21800
770.56,590928.25,597888.62,770.56,590928.25,634448.13,770.56,590928.25,648650.09,770.56,590928.25,639369.6,770.56,161652.82,63924.51,770.56,161652.82,28469.69,770.56,161652.82,9267.2,770.56,161652.82,45048.79,770.56,111568,544,770.56,111568,815,770.56,111568,837,770.56,111568,22776
772.1,600256.63,607271.79,772.1,600256.63,644756.83,772.1,600256.63,658432.85,772.1,600256.63,649221.02,772.1,164302.45,64967.94,772.1,164302.45,28916.12,772.1,164302.45,9415.61,772.1,164302.45,45987.41,772.1,112480,553,772.1,112480,818,772.1,112480,840,772.1,112480,23216
773.63,603350.02,609859.96,773.63,603350.02,647560.39,773.63,603350.02,661724.88,773.63,603350.02,652281.89,773.63,165118.83,65349.21,773.63,165118.83,29096.78,773.63,165118.83,9473.97,773.63,165118.83,46301.6,773.63,111936,546,773.63,111936,813,773.63,111936,840,773.63,111936,23208
775.16,604187.75,611271.18,775.16,604187.75,648495.33,775.16,604187.75,663023.59,775.16,604187.75,653338.09,775.16,165443.32,65475.26,775.16,165443.32,29134.64,775.16,165443.32,9488.52,775.16,165443.32,46435.54,775.16,110928,542,775.16,110928,808,775.16,110928,830,775.16,110928,23028
776.69,602031.7,609190.05,776.69,602031.7,646223.54,776.69,602031.7,660321.1,776.69,602031.7,650971.42,776.69,165116.55,65333.33,776.69,165116.55,29050.53,776.69,165116.55,9459.92,776.69,165116.55,46325.16,776.69,109200,535,776.69,109200,798,776.69,109200,820,776.69,109200,22668
778.22,600945.36,608269.46,778.22,600945.36,645185.83,778.22,600945.36,659390.13,778.22,600945.36,649624.68,778.22,164692.63,65241.64,778.22,164692.63,29001.88,778.22,164692.63,9434.7,778.22,164692.63,46190.46,778.22,107536,529,778.22,107536,783,778.22,107536,807,778.22,107536,22296
779.75,600066.62,607583.43,779.75,600066.62,644115.11,779.75,600066.62,658697.71,779.75,600066.62,648775.53,779.75,164635.35,65115.1,779.75,164635.35,28953.31,779.75,164635.35,9419.92,779.75,164635.35,46133.14,779.75,105744,516,779.75,105744,772,779.75,105744,796,779.75,105744,21880
781.28,597300.11,604247.24,781.28,597300.11,641196.78,781.28,597300.11,655625.43,781.28,597300.11,645777.31,781.28,163680.9,64802.39,781.28,163680.9,28785.66,781.28,163680.9,9368.05,781.28,163680.9,45858.37,781.28,103456,506,781.28,103456,755,781.28,103456,777,781.28,103456,21384
782.81,594464.86,601830.74,782.81,594464.86,638194.9,782.81,594464.86,652073.76,782.81,594464.86,642847.03,782.81,162965.16,64516.83,782.81,162965.16,28630.44,782.81,162965.16,9323.83,782.81,162965.16,45572.71,782.81,101408,498,782.81,101408,741,782.81,101408,763,782.81,101408,20872
784.33,590373.16,597296.51,784.33,590373.16,633801.46,784.33,590373.16,647805.52,784.33,590373.16,638521.93,784.33,162031.06,64179.58,784.33,162031.06,28501.71,784.33,162031.06,9265.74,784.33,162031.06,45212.28,784.33,99152,482,784.33,99152,726,784.33,99152,749,784.33,99152,20276
785.86,583576.61,590694.37,785.86,583576.61,626683.06,785.86,583576.61,640438.74,785.86,583576.61,631401.58,785.86,160233.29,63395.8,785.86,160233.29,28131.36,785.86,160233.29,9151.8,785.86,160233.29,44481.57,785.86,96224,474,785.86,96224,710,785.86,96224,729,785.86,96224,19520
787.39,575303.59,582543.7,787.39,575303.59,618500.17,787.39,575303.59,632004.19,787.39,575303.59,622486.3,787.39,158033.2,62527.47,787.39,158033.2,27717.09,787.39,158033.2,9013.62,787.39,158033.2,43649.15,787.39,93152,459,787.39,93152,687,787.39,93152,707,787.39,93152,18728
788.91,569602.58,576640.84,788.91,569602.58,611666.56,788.91,569602.58,624997.86,788.91,569602.58,615806.71,788.91,156370.47,61829.39,788.91,156370.47,27408.97,788.91,156370.47,8914.06,788.91,156370.47,43058.63,788.91,90544,445,788.91,90544,672,788.91,90544,689,788.91,90544,18092
790.44,563943.26,570682.95,790.44,563943.26,605729.32,790.44,563943.26,618955.95,790.44,563943.26,609941.62,790.44,155012.32,61367.61,790.44,155012.32,27150.28,790.44,155012.32,8833.8,790.44,155012.32,42717.05,790.44,88016,432,790.44,88016,651,790.44,88016,672,790.44,88016,17620
791.97,561277.63,568047.24,791.97,561277.63,602495.12,791.97,561277.63,616291.41,791.97,561277.63,607036.76,791.97,154299.9,61047.61,791.97,154299.9,27050.88,791.97,154299.9,8791.86,791.97,154299.9,42544.97,791.97,86016,425,791.97,86016,642,791.97,86016,659,791.97,86016,17260
793.49,559289.6,566436.51,793.49,559289.6,601038.04,793.49,559289.6,613937.34,793.49,559289.6,604872.97,793.49,153724.19,60869.13,793.49,153724.19,26939.02,793.49,153724.19,8758.84,793.49,153724.19,42319.43,793.49,84288,412,793.49,84288,626,793.49,84288,649,793.49,84288,16796
795.02,558435.25,565799.42,795.02,558435.25,600047.28,795.02,558435.25,613001.13,795.02,558435.25,604306.08,795.02,153672.28,60833.7,795.02,153672.28,26921.83,795.02,153672.28,8739.25,795.02,153672.28,42137.04,795.02,82720,411,795.02,82720,618,795.02,82720,639,795.02,82720,16352
796.54,559554.37,566963.29,796.54,559554.37,601297.32,796.54,559554.37,614488.82,796.54,559554.37,605634.25,796.54,153947.5,60928.91,796.54,153947.5,26951.19,796.54,153947.5,8748.59,796.54,153947.5,42276.78,796.54,81248,404,796.54,81248,608,796.54,81248,627,796.54,81248,16100
798.07,555283.44,562260.06,798.07,555283.44,596684.14,798.07,555283.44,609535.8,798.07,555283.44,600723.24,798.07,152562.75,60375.36,798.07,152562.75,26692.86,798.07,152562.75,8680.8,798.07,152562.75,41818.34,798.07,79200,393,798.07,79200,594,798.07,79200,616,798.07,79200,15644
799.59,552172.14,559360.18,799.59,552172.14,593246.65,799.59,552172.14,606409.17,799.59,552172.14,597260.75,799.59,151776.25,60097.78,799.59,151776.25,26570.15,799.59,151776.25,8623.49,799.59,151776.25,41465.75,799.59,77392,382,799.59,77392,586,799.59,77392,603,799.59,77392,15188
801.12,549636.77,556661.48,801.12,549636.77,590645.93,801.12,549636.77,603651.16,801.12,549636.77,594917.72,801.12,151305.39,59840.1,801.12,151305.39,26451.48,801.12,151305.39,8591.27,801.12,151305.39,41273.05,801.12,75696,374,801.12,75696,572,801.12,75696,594,801.12,75696,14824
802.64,549613.56,556755.16,802.64,549613.56,590629.5,802.64,549613.56,603465.07,802.64,549613.56,594682.84,802.64,151188.43,59896.73,802.64,151188.43,26483.94,802.64,151188.43,8581.32,802.64,151188.43,41343.14,802.64,74400,368,802.64,74400,566,802.64,74400,582,802.64,74400,14624
804.16,552267.72,559221.26,804.16,552267.72,593401.34,804.16,552267.72,606231.11,804.16,552267.72,597710.57,804.16,151819.2,60149.09,804.16,151819.2,26556.31,804.16,151819.2,8627.97,804.16,151819.2,41608.65,804.16,73520,365,804.16,73520,559,804.16,73520,576,804.16,73520,14516
805.68,549932.16,556590.17,805.68,549932.16,590675.24,805.68,549932.16,603693.15,805.68,549932.16,595246.41,805.68,151082.03,59918.7,805.68,151082.03,26455.42,805.68,151082.03,8587.68,805.68,151082.03,41435.1,805.68,72128,356,805.68,72128,545,805.68,72128,568,805.68,72128,14240
807.21,543022.06,549779.58,807.21,543022.06,584071.47,807.21,543022.06,596376.2,807.21,543022.06,587601.51,807.21,149498.98,59186.41,807.21,149498.98,26153.76,807.21,149498.98,8479.94,807.21,149498.98,40821.97,807.21,70128,345,807.21,70128,535,807.21,70128,551,807.21,70128,13744
808.73,536684.91,544040.96,808.73,536684.91,577143.17,808.73,536684.91,589607.58,808.73,536684.91,581434.19,808.73,147891.05,58575.71,808.73,147891.05,25847.79,808.73,147891.05,8379.23,808.73,147891.05,40144.56,808.73,68464,344,808.73,68464,520,808.73,68464,541,808.73,68464,13240
810.25,521843.12,529377.64,810.25,521843.12,561579.98,810.25,521843.12,573243.01,810.25,521843.12,565192.43,810.25,144037.12,56947.51,810.25,144037.12,25153.01,810.25,144037.12,8164.15,810.25,144037.12,38747.29,810.25,65856,326,810.25,65856,504,810.25,65856,523,810.25,65856,12528
811.77,495603,502996.95,811.77,495603,533510.01,811.77,495603,544340.59,811.77,495603,536738.36,811.77,136705.4,54010.05,811.77,136705.4,23765.07,811.77,136705.4,7724.05,811.77,136705.4,36242.53,811.77,61984,310,811.77,61984,476,811.77,61984,495,811.77,61984,11512
813.29,468029.34,474728.94,813.29,468029.34,503306.88,813.29,468029.34,514298.4,813.29,468029.34,507284.77,813.29,129201.43,50968.18,813.29,129201.43,22415.96,813.29,129201.43,7301.99,813.29,129201.43,33781.8,813.29,58192,291,813.29,58192,447,813.29,58192,468,813.29,58192,10548
814.81,451239.79,457758.17,814.81,451239.79,485513.83,814.81,451239.79,495711.93,814.81,451239.79,488878.15,814.81,124530.24,49108.68,814.81,124530.24,21623.45,814.81,124530.24,7034.14,814.81,124530.24,32288.63,814.81,55792,282,814.81,55792,430,814.81,55792,445,814.81,55792,9948
816.33,447717.78,453833.57,816.33,447717.78,482092.72,816.33,447717.78,492215.41,816.33,447717.78,485677.84,816.33,123661.95,48757.96,816.33,123661.95,21433.87,816.33,123661.95,6984.41,816.33,123661.95,32011.72,816.33,55056,275,816.33,55056,424,816.33,55056,442,816.33,55056,9780
817.85,458773.58,464583.52,817.85,458773.58,493738.83,817.85,458773.58,504091.08,817.85,458773.58,496802.25,817.85,126426.9,49858.73,817.85,126426.9,21968.03,817.85,126426.9,7151.09,817.85,126426.9,32952.04,817.85,56048,281,817.85,56048,428,817.85,56048,446,817.85,56048,10060
819.37,459515.54,465632.57,819.37,459515.54,494424.8,819.37,459515.54,505287.81,819.37,459515.54,498010.65,819.37,126797.06,50088.61,819.37,126797.06,22016.34,819.37,126797.06,7178.08,819.37,126797.06,33348.64,819.37,56320,283,819.37,56320,428,819.37,56320,450,819.37,56320,10156
820.89,437050.53,443157.23,820.89,437050.53,470110.97,820.89,437050.53,480429.19,820.89,437050.53,473901.33,820.89,120899.2,47700.05,820.89,120899.2,20962.1,820.89,120899.2,6848.58,820.89,120899.2,31324.18,820.89,53632,268,820.89,53632,409,820.89,53632,427,820.89,53632,9504
822.41,458850.35,464846.33,822.41,458850.35,493248.35,822.41,458850.35,504503.96,822.41,458850.35,496930.09,822.41,126182.17,49876.06,822.41,126182.17,21921.2,822.41,126182.17,7158.82,822.41,126182.17,32898.2,822.41,56096,285,822.41,56096,422,822.41,56096,441,822.41,56096,10052
823.93,473328.57,479943.41,823.93,473328.57,509447.7,823.93,473328.57,520157.44,823.93,473328.57,512912.62,823.93,130353.62,51564.86,823.93,130353.62,22637.43,823.93,130353.62,7405.9,823.93,130353.62,34341.09,823.93,58048,286,823.93,58048,433,823.93,58048,452,823.93,58048,10536
825.45,468116.04,474613.29,825.45,468116.04,503536.51,825.45,468116.04,514435.11,825.45,468116.04,507204.31,825.45,128844.24,50987.89,825.45,128844.24,22393.11,825.45,128844.24,7316.42,825.45,128844.24,33880.11,825.45,57440,283,825.45,57440,425,825.45,57440,445,825.45,57440,10400
826.97,464054.14,471159.67,826.97,464054.14,499790.8,826.97,464054.14,510658.09,826.97,464054.14,503448.06,826.97,128112,50636.77,826.97,128112,22237.35,826.97,128112,7271.48,826.97,128112,33482.7,826.97,57120,282,826.97,57120,422,826.97,57120,439,826.97,57120,10320
828.49,468716.67,474771.36,828.49,468716.67,503896.51,828.49,468716.67,514961.98,828.49,468716.67,507445.82,828.49,129003.56,51029.16,828.49,129003.56,22383.51,828.49,129003.56,7331.05,828.49,129003.56,33885.92,828.49,57584,285,828.49,57584,418,828.49,57584,434,828.49,57584,10440
830.01,470988.37,477334.8,830.01,470988.37,506882.11,830.01,470988.37,517910.33,830.01,470988.37,510107.35,830.01,129719.52,51333.03,830.01,129719.52,22484.72,830.01,129719.52,7369.13,830.01,129719.52,34151.31,830.01,57968,288,830.01,57968,417,830.01,57968,434,830.01,57968,10584
831.52,477346.47,483167.77,831.52,477346.47,513001.92,831.52,477346.47,524644.52,831.52,477346.47,516744.19,831.52,131188.57,51852.74,831.52,131188.57,22780.32,831.52,131188.57,7449.45,831.52,131188.57,34582.08,831.52,58592,285,831.52,58592,424,831.52,58592,440,831.52,58592,10796
833.04,486896.74,493222.77,833.04,486896.74,523297.33,833.04,486896.74,534808.63,833.04,486896.74,527341.84,833.04,133802.54,53005.64,833.04,133802.54,23281.71,833.04,133802.54,7610.39,833.04,133802.54,35521.93,833.04,59856,289,833.04,59856,428,833.04,59856,441,833.04,59856,11100
834.56,493302.49,499512.76,834.56,493302.49,530874.63,834.56,493302.49,542467.13,834.56,493302.49,534704.29,834.56,135753.4,53815.25,834.56,135753.4,23588.01,834.56,135753.4,7717.9,834.56,135753.4,36116.08,834.56,60720,294,834.56,60720,428,834.56,60720,446,834.56,60720,11332
836.08,499502.77,505610.68,836.08,499502.77,537081.94,836.08,499502.77,549090.71,836.08,499502.77,541222.89,836.08,137173.29,54373.24,836.08,137173.29,23849.48,836.08,137173.29,7796.16,836.08,137173.29,36667.66,836.08,61328,296,836.08,61328,435,836.08,61328,448,836.08,61328,11544
837.59,504912.81,511443.2,837.59,504912.81,543162.21,837.59,504912.81,554875.44,837.59,504912.81,547101.17,837.59,138579.14,54961.12,837.59,138579.14,24098.59,837.59,138579.14,7872.89,837.59,138579.14,37152.67,837.59,61856,300,837.59,61856,433,837.59,61856,452,837.59,61856,11732
839.11,507659.2,514293.91,839.11,507659.2,545912.46,839.11,507659.2,558041.55,839.11,507659.2,549540.82,839.11,139348.71,55291.13,839.11,139348.71,24250.21,839.11,139348.71,7913.64,839.11,139348.71,37471.65,839.11,62240,302,839.11,62240,433,839.11,62240,451,839.11,62240,11856
840.62,508595.76,515444.84,840.62,508595.76,547199.64,840.62,508595.76,559133.64,840.62,508595.76,550727.96,840.62,139619.04,55401.25,840.62,139619.04,24311.9,840.62,139619.04,7932.34,840.62,139619.04,37678.1,840.62,62112,300,840.62,62112,433,840.62,62112,451,840.62,62112,11920
842.14,509717.24,515948.51,842.14,509717.24,548143.36,842.14,509717.24,559982.76,842.14,509717.24,551882.12,842.14,139699.51,55455.88,842.14,139699.51,24359.51,842.14,139699.51,7932.24,842.14,139699.51,37751.07,842.14,62096,297,842.14,62096,433,842.14,62096,449,842.14,62096,11964
843.66,512983.76,518919.63,843.66,512983.76,551410.68,843.66,512983.76,563698.96,843.66,512983.76,555472.06,843.66,140324.63,55757.37,843.66,140324.63,24442.26,843.66,140324.63,7960.63,843.66,140324.63,37998.41,843.66,62192,301,843.66,62192,434,843.66,62192,447,843.66,62192,12060
845.17,510806.65,516763.27,845.17,510806.65,548845.44,845.17,510806.65,561176.7,845.17,510806.65,552921.03,845.17,140039.57,55667.8,845.17,140039.57,24386.77,845.17,140039.57,7946.62,845.17,140039.57,38017.84,845.17,61728,296,845.17,61728,427,845.17,61728,445,845.17,61728,12004
846.69,502045.12,508569.29,846.69,502045.12,540453.52,846.69,502045.12,552344.34,846.69,502045.12,543715.6,846.69,137733.28,54726.47,846.69,137733.28,23986.6,846.69,137733.28,7799.61,846.69,137733.28,37376.41,846.69,60304,291,846.69,60304,419,846.69,60304,434,846.69,60304,11764
848.2,494383.69,500216.19,848.2,494383.69,531287.49,848.2,494383.69,543058.54,848.2,494383.69,535211.18,848.2,135519.17,53787.32,848.2,135519.17,23598.16,848.2,135519.17,7660.78,848.2,135519.17,36721.32,848.2,58800,283,848.2,58800,406,848.2,58800,420,848.2,58800,11452
849.72,496080.63,502053.65,849.72,496080.63,533198.68,849.72,496080.63,544824.74,849.72,496080.63,536718.5,849.72,135832.06,54031.05,849.72,135832.06,23675.67,849.72,135832.06,7686.33,849.72,135832.06,36874.03,849.72,58544,282,849.72,58544,403,849.72,58544,424,849.72,58544,11396
851.23,478622.09,484300.84,851.23,478622.09,514944.65,851.23,478622.09,525873.57,851.23,478622.09,518159.04,851.23,131193.04,52129.46,851.23,131193.04,22834.34,851.23,131193.04,7423.93,851.23,131193.04,35662.14,851.23,56176,272,851.23,56176,392,851.23,56176,406,851.23,56176,10980
852.75,469506.42,475107.32,852.75,469506.42,505050.61,852.75,469506.42,516144.71,852.75,469506.42,508389.61,852.75,128602.14,51111.55,852.75,128602.14,22391.32,852.75,128602.14,7278.68,852.75,128602.14,34843.32,852.75,54784,263,852.75,54784,379,852.75,54784,397,852.75,54784,10684
854.26,487075.42,493464.36,854.26,487075.42,524109.62,854.26,487075.42,536129.49,854.26,487075.42,527466.52,854.26,133133.54,53001.44,854.26,133133.54,23187.05,854.26,133133.54,7535.58,854.26,133133.54,36156.96,854.26,56368,269,854.26,56368,390,854.26,56368,404,854.26,56368,10968
855.77,492550.31,498637.89,855.77,492550.31,529510.61,855.77,492550.31,541359.64,855.77,492550.31,533097.93,855.77,134727.3,53665.51,855.77,134727.3,23468.91,855.77,134727.3,7635.85,855.77,134727.3,36716.22,855.77,56848,274,855.77,56848,392,855.77,56848,407,855.77,56848,11048
857.29,492503.41,498715.56,857.29,492503.41,529776.3,857.29,492503.41,541764.65,857.29,492503.41,532936.87,857.29,134561.22,53553.42,857.29,134561.22,23440.48,857.29,134561.22,7625.98,857.29,134561.22,36681.14,857.29,56640,274,857.29,56640,391,857.29,56640,407,857.29,56640,11012
858.8,491751.59,498309.73,858.8,491751.59,529351.62,858.8,491751.59,540937.68,858.8,491751.59,532521.39,858.8,134400.33,53501.87,858.8,134400.33,23374.35,858.8,134400.33,7623.49,858.8,134400.33,36680.02,858.8,56336,271,858.8,56336,390,858.8,56336,405,858.8,56336,10940
860.31,492187.5,497674.54,860.31,492187.5,529279.89,860.31,492187.5,540802.68,860.31,492187.5,532352.64,860.31,134455.38,53522.44,860.31,134455.38,23427.03,860.31,134455.38,7637.91,860.31,134455.38,36719.9,860.31,55968,271,860.31,55968,386,860.31,55968,403,860.31,55968,10888
861.83,489929.39,495897.4,861.83,489929.39,527174.2,861.83,489929.39,538999.7,861.83,489929.39,530600.28,861.83,133715.12,53252.82,861.83,133715.12,23287.07,861.83,133715.12,7595.24,861.83,133715.12,36520.77,861.83,55312,265,861.83,55312,382,861.83,55312,398,861.83,55312,10748
863.34,472004.68,477468.47,863.34,472004.68,507352.06,863.34,472004.68,518948.68,863.34,472004.68,511031.76,863.34,128884.77,51336.07,863.34,128884.77,22427.16,863.34,128884.77,7327.67,863.34,128884.77,35247.79,863.34,52720,253,863.34,52720,365,863.34,52720,378,863.34,52720,10276
864.85,462057.57,467802.32,864.85,462057.57,497314.53,864.85,462057.57,508353.44,864.85,462057.57,500355.86,864.85,126241.03,50312.14,864.85,126241.03,21985.59,864.85,126241.03,7171.96,864.85,126241.03,34378.46,864.85,51040,245,864.85,51040,353,864.85,51040,367,864.85,51040,9952
866.37,472316.84,477233.23,866.37,472316.84,507874.95,866.37,472316.84,519194.09,866.37,472316.84,510961.99,866.37,128642.45,51251.68,866.37,128642.45,22390.53,866.37,128642.45,7318.4,866.37,128642.45,35102.63,866.37,51312,246,866.37,51312,354,866.37,51312,372,866.37,51312,9972
867.88,474747.5,480435.19,867.88,474747.5,510730.81,867.88,474747.5,522106.18,867.88,474747.5,514329.14,867.88,129369.06,51576.08,867.88,129369.06,22552.88,867.88,129369.06,7360.69,867.88,129369.06,35409.61,867.88,50800,246,867.88,50800,349,867.88,50800,366,867.88,50800,9852
869.39,473344.38,479008.93,869.39,473344.38,508865.86,869.39,473344.38,520549,869.39,473344.38,512288.19,869.39,129189.21,51595.87,869.39,129189.21,22472.23,869.39,129189.21,7340.3,869.39,129189.21,35328.44,869.39,49776,242,869.39,49776,345,869.39,49776,362,869.39,49776,9644
870.9,470724.53,476981.61,870.9,470724.53,506582.38,870.9,470724.53,517893.25,870.9,470724.53,509710.92,870.9,128408.33,51278.06,870.9,128408.33,22373.59,870.9,128408.33,7298.79,870.9,128408.33,35144.66,870.9,48480,237,870.9,48480,336,870.9,48480,346,870.9,48480,9388
872.41,467658.2,473430.24,872.41,467658.2,502658.88,872.41,467658.2,513957.34,872.41,467658.2,506097.54,872.41,127634.82,50950.84,872.41,127634.82,22214.17,872.41,127634.82,7243.64,872.41,127634.82,34882.49,872.41,47104,228,872.41,47104,324,872.41,47104,340,872.41,47104,9128
873.93,465623.59,471638.1,873.93,465623.59,500708.25,873.93,465623.59,512110.77,873.93,465623.59,503966.11,873.93,127275.52,50695.52,873.93,127275.52,22097.01,873.93,127275.52,7223.05,873.93,127275.52,34755.7,873.93,45984,220,873.93,45984,316,873.93,45984,331,873.93,45984,8892
875.44,467188.84,472578,875.44,467188.84,502475,875.44,467188.84,513766.58,875.44,467188.84,505554.52,875.44,127283.48,50842.86,875.44,127283.48,22154.3,875.44,127283.48,7226.59,875.44,127283.48,34818.34,875.44,44912,218,875.44,44912,314,875.44,44912,324,875.44,44912,8700
876.95,464965.45,470220.78,876.95,464965.45,500438.94,876.95,464965.45,511212.37,876.95,464965.45,502935.22,876.95,126827.92,50629.06,876.95,126827.92,22049.17,876.95,126827.92,7198.15,876.95,126827.92,34674.52,876.95,43600,212,876.95,43600,303,876.95,43600,312,876.95,43600,8436
878.46,459628.01,464880.13,878.46,459628.01,494642.15,878.46,459628.01,505819.75,878.46,459628.01,497874.23,878.46,125627.46,50106.88,878.46,125627.46,21843.98,878.46,125627.46,7125.77,878.46,125627.46,34245.16,878.46,42112,206,878.46,42112,290,878.46,42112,305,878.46,42112,8124
879.97,460957.7,466351.45,879.97,460957.7,495256.39,879.97,460957.7,507150.29,879.97,460957.7,499267.12,879.97,125748.06,50119.9,879.97,125748.06,21865.82,879.97,125748.06,7130.77,879.97,125748.06,34250.09,879.97,40976,197,879.97,40976,286,879.97,40976,295,879.97,40976,7888
881.48,460238.75,465754.82,881.48,460238.75,495315.33,881.48,460238.75,506630.36,881.48,460238.75,498568.4,881.48,125768.34,50229.1,881.48,125768.34,21870.25,881.48,125768.34,7121.35,881.48,125768.34,34283.72,881.48,39984,197,881.48,39984,273,881.48,39984,292,881.48,39984,7684
882.99,457060.6,462864.55,882.99,457060.6,492319.56,882.99,457060.6,503492.16,882.99,457060.6,495947.03,882.99,124855.33,49809.81,882.99,124855.33,21738.63,882.99,124855.33,7082.78,882.99,124855.33,34049.3,882.99,38736,190,882.99,38736,270,882.99,38736,281,882.99,38736,7428
884.5,453222.03,459044.05,884.5,453222.03,487855.59,884.5,453222.03,498753.23,884.5,453222.03,490393.4,884.5,123630.67,49292.09,884.5,123630.67,21430.29,884.5,123630.67,6992.75,884.5,123630.67,33589.49,884.5,37264,182,884.5,37264,259,884.5,37264,269,884.5,37264,7128
886.01,453460,458820.04,886.01,453460,487458.01,886.01,453460,498484.39,886.01,453460,489908.32,886.01,123663.59,49390.49,886.01,123663.59,21497.48,886.01,123663.59,6991.99,886.01,123663.59,33651.49,886.01,36224,177,886.01,36224,251,886.01,36224,262,886.01,36224,6916
887.52,452913.52,458732.2,887.52,452913.52,487039.3,887.52,452913.52,497575.83,887.52,452913.52,490656.32,887.52,123875.18,49391,887.52,123875.18,21488.29,887.52,123875.18,6994.92,887.52,123875.18,33624.36,887.52,35312,170,887.52,35312,243,887.52,35312,256,887.52,35312,6732
889.03,449162.65,455448.02,889.03,449162.65,483490.47,889.03,449162.65,494771.92,889.03,449162.65,486713.74,889.03,122563.68,48909.65,889.03,122563.68,21256.48,889.03,122563.68,6936.32,889.03,122563.68,33246.98,889.03,34048,167,889.03,34048,237,889.03,34048,252,889.03,34048,6480
890.54,439358.09,444965.51,890.54,439358.09,472837.7,890.54,439358.09,482898.08,890.54,439358.09,475311.57,890.54,120218.41,47962.93,890.54,120218.41,20843.45,890.54,120218.41,6773.11,890.54,120218.41,32408.11,890.54,32480,158,890.54,32480,225,890.54,32480,235,890.54,32480,6108
892.05,425133.14,431066.02,892.05,425133.14,457679.22,892.05,425133.14,468019.38,892.05,425133.14,461069.44,892.05,116034.04,46269.2,892.05,116034.04,20107.38,892.05,116034.04,6557.81,892.05,116034.04,30994.25,892.05,30560,151,892.05,30560,209,892.05,30560,222,892.05,30560,5660
893.56,401411.93,406812.88,893.56,401411.93,432598.02,893.56,401411.93,442006.11,893.56,401411.93,434862.93,893.56,110055.48,43839.05,893.56,110055.48,19000.74,893.56,110055.48,6188.12,893.56,110055.48,28887.42,893.56,28096,137,893.56,28096,199,893.56,28096,210,893.56,28096,5060
895.07,379276.29,384817.09,895.07,379276.29,408767.62,895.07,379276.29,417168.17,895.07,379276.29,411627.38,895.07,104018.06,41284,895.07,104018.06,17968.09,895.07,104018.06,5840,895.07,104018.06,26959.48,895.07,25904,126,895.07,25904,181,895.07,25904,194,895.07,25904,4560
896.58,359122.27,364641.57,896.58,359122.27,387270.68,896.58,359122.27,395917.58,896.58,359122.27,389846.36,896.58,98321.16,39026.86,896.58,98321.16,16889.52,896.58,98321.16,5515.49,896.58,98321.16,25183.49,896.58,23792,119,896.58,23792,168,896.58,23792,182,896.58,23792,4132
898.09,347002.46,351905.76,898.09,347002.46,374159.18,898.09,347002.46,382268.47,898.09,347002.46,375856.47,898.09,95215.38,37787.83,898.09,95215.38,16392.34,898.09,95215.38,5333.34,898.09,95215.38,24301.05,898.09,22432,110,898.09,22432,160,898.09,22432,166,898.09,22432,3840
899.59,343826.49,349247.18,899.59,343826.49,370929.93,899.59,343826.49,379060.96,899.59,343826.49,373640.28,899.59,94532.76,37570.71,899.59,94532.76,16233.87,899.59,94532.76,5294.34,899.59,94532.76,24015.91,899.59,21616,108,899.59,21616,153,899.59,21616,168,899.59,21616,3656
901.1,360630.04,365982.98,901.1,360630.04,387989.55,901.1,360630.04,397109.38,901.1,360630.04,391161.66,901.1,98767.2,39219.27,901.1,98767.2,17011.36,901.1,98767.2,5523.38,901.1,98767.2,25312.77,901.1,22160,110,901.1,22160,158,901.1,22160,164,901.1,22160,3760
902.61,373251.54,378508.61,902.61,373251.54,402569.78,902.61,373251.54,410657.58,902.61,373251.54,405198.32,902.61,102619.96,40759.95,902.61,102619.96,17667.11,902.61,102619.96,5743.9,902.61,102619.96,26576.02,902.61,22416,112,902.61,22416,159,902.61,22416,168,902.61,22416,3848
904.12,359654.29,365658.88,904.12,359654.29,387399.64,904.12,359654.29,396510.05,904.12,359654.29,390919.57,904.12,98861.8,39236.85,904.12,98861.8,17001.49,904.12,98861.8,5533.18,904.12,98861.8,25450.93,904.12,21072,104,904.12,21072,149,904.12,21072,158,904.12,21072,3600
905.63,337243.92,343179.08,905.63,337243.92,364164.08,905.63,337243.92,372218.94,905.63,337243.92,365647.87,905.63,93233.85,37026.56,905.63,93233.85,16019.08,905.63,93233.85,5207.96,905.63,93233.85,23536.8,905.63,19328,97,905.63,19328,143,905.63,19328,148,905.63,19328,3220
907.13,329502.68,334052.03,907.13,329502.68,355498.95,907.13,329502.68,361998.02,907.13,329502.68,357881.94,907.13,90634.04,35837.07,907.13,90634.04,15548.55,907.13,90634.04,5058.66,907.13,90634.04,22694.42,907.13,18416,90,907.13,18416,134,907.13,18416,141,907.13,18416,3020
908.64,332960.73,337164.22,908.64,332960.73,359066.62,908.64,332960.73,365482.48,908.64,332960.73,361500.22,908.64,91381.91,36288.32,908.64,91381.91,15738.4,908.64,91381.91,5100.75,908.64,91381.91,22900.57,908.64,18080,88,908.64,18080,129,908.64,18080,137,908.64,18080,2984
910.15,332085.6,336363.31,910.15,332085.6,358202.16,910.15,332085.6,365406.73,910.15,332085.6,360903.88,910.15,91310.31,36104.65,910.15,91310.31,15674.06,910.15,91310.31,5065.51,910.15,91310.31,22846.3,910.15,17744,87,910.15,17744,128,910.15,17744,139,910.15,17744,2904
911.65,324210.06,328343.05,911.65,324210.06,349237.6,911.65,324210.06,356814.75,911.65,324210.06,351992.93,911.65,89169.01,35369.35,911.65,89169.01,15333.09,911.65,89169.01,4980.39,911.65,89169.01,22177.54,911.65,17056,84,911.65,17056,124,911.65,17056,134,911.65,17056,2740
913.16,321106.77,326255.71,913.16,321106.77,347319.57,913.16,321106.77,354808.94,913.16,321106.77,349894.04,913.16,88385.39,35018.42,913.16,88385.39,15166.84,913.16,88385.39,4928.73,913.16,88385.39,21901.15,913.16,16608,82,913.16,16608,121,913.16,16608,127,913.16,16608,2660
914.66,320442.15,324489.34,914.66,320442.15,344963.35,914.66,320442.15,352819.66,914.66,320442.15,347344.05,914.66,87844.2,34867.63,914.66,87844.2,15051.06,914.66,87844.2,4899.54,914.66,87844.2,21802.2,914.66,16240,85,914.66,16240,116,914.66,16240,129,914.66,16240,2584
916.17,322839.65,327441.27,916.17,322839.65,348269.63,916.17,322839.65,355535.34,916.17,322839.65,350207.15,916.17,88987.78,35311.97,916.17,88987.78,15289.72,916.17,88987.78,4929.72,916.17,88987.78,22064.93,916.17,16096,80,916.17,16096,119,916.17,16096,123,916.17,16096,2568
917.68,338946.77,343616.81,917.68,338946.77,364754.9,917.68,338946.77,372620.23,917.68,338946.77,367704.4,917.68,93174.02,37039.14,917.68,93174.02,16029.72,917.68,93174.02,5195.77,917.68,93174.02,23540.43,917.68,16592,84,917.68,16592,117,917.68,16592,130,917.68,16592,2712
919.18,343645.11,349139.43,919.18,343645.11,370117.77,919.18,343645.11,378109.51,919.18,343645.11,372864.93,919.18,94356.03,37500.47,919.18,94356.03,16164,919.18,94356.03,5255.91,919.18,94356.03,24006.14,919.18,16480,82,919.18,16480,120,919.18,16480,125,919.18,16480,2744
920.68,340909.65,346477.59,920.68,340909.65,367990.07,920.68,340909.65,376088.89,920.68,340909.65,370774.04,920.68,94022.54,37286.26,920.68,94022.54,16095.1,920.68,94022.54,5223.47,920.68,94022.54,23866.61,920.68,16192,82,920.68,16192,114,920.68,16192,126,920.68,16192,2696
922.19,336915.64,341537.95,922.19,336915.64,363622.36,922.19,336915.64,372096.61,922.19,336915.64,365676.73,922.19,92520.25,36922.03,922.19,92520.25,15922.09,922.19,92520.25,5169.3,922.19,92520.25,23409.77,922.19,15776,76,922.19,15776,114,922.19,15776,121,922.19,15776,2608
923.69,338713.09,343139.01,923.69,338713.09,365008.27,923.69,338713.09,373339.41,923.69,338713.09,367351.4,923.69,92825,36920.03,923.69,92825,15988.47,923.69,92825,5178.21,923.69,92825,23424.97,923.69,15552,78,923.69,15552,111,923.69,15552,122,923.69,15552,2572
925.2,332611.3,337878.3,925.2,332611.3,359209.67,925.2,332611.3,366846.82,925.2,332611.3,361053.12,925.2,91396.71,36319.79,925.2,91396.71,15704.66,925.2,91396.71,5076.37,925.2,91396.71,22893.42,925.2,15072,74,925.2,15072,110,925.2,15072,118,925.2,15072,2444
926.7,305357.41,309895.06,926.7,305357.41,329113.36,926.7,305357.41,335786.38,926.7,305357.41,330714.89,926.7,83873.68,33190.65,926.7,83873.68,14240.58,926.7,83873.68,4642.21,926.7,83873.68,20497.47,926.7,13632,69,926.7,13632,101,926.7,13632,108,926.7,13632,2156
928.2,274591.17,278367.47,928.2,274591.17,296979.25,928.2,274591.17,301834.5,928.2,274591.17,296979.25,928.2,75356.51,29923.65,928.2,75356.51,12863.52,928.2,75356.51,4185.21,928.2,75356.51,18063.67,928.2,12128,61,928.2,12128,88,928.2,12128,98,928.2,12128,1848
929.71,239241.83,243082.87,929.71,239241.83,257623.95,929.71,239241.83,263385.5,929.71,239241.83,260093.19,929.71,65334.22,25828.73,929.71,65334.22,11112.36,929.71,65334.22,3621.34,929.71,65334.22,15293.94,929.71,10320,55,929.71,10320,78,929.71,10320,85,929.71,10320,1572
931.21,204359.69,207700.72,931.21,204359.69,220508.01,931.21,204359.69,223849.04,931.21,204359.69,220229.59,931.21,56146.01,21902.6,931.21,56146.01,9561.78,931.21,56146.01,3102.87,931.21,56146.01,12929.6,931.21,8752,49,931.21,8752,68,931.21,8752,72,931.21,8752,1292
932.71,185798.99,190053.93,932.71,185798.99,200265.78,932.71,185798.99,204804.39,932.71,185798.99,202251.42,932.71,51396.78,20232.69,932.71,51396.78,8678,932.71,51396.78,2816.75,932.71,51396.78,11626.6,932.71,7744,41,932.71,7744,60,932.71,7744,68,932.71,7744,1132
934.21,174831.49,178282.11,934.21,174831.49,188633.97,934.21,174831.49,193234.8,934.21,174831.49,190359.28,934.21,48524.86,19038.93,934.21,48524.86,8128.16,934.21,48524.86,2660.57,934.21,48524.86,10788.73,934.21,7152,40,934.21,7152,57,934.21,7152,61,934.21,7152,1012
935.71,167285.92,170190.19,935.71,167285.92,179774.28,935.71,167285.92,182968.98,935.71,167285.92,181226.42,935.71,46586.95,18210.37,935.71,46586.95,7822.07,935.71,46586.95,2572.4,935.71,46586.95,10388.3,935.71,6880,37,935.71,6880,54,935.71,6880,58,935.71,6880,936
937.21,187169.83,190401.96,937.21,187169.83,202449,937.21,187169.83,206268.79,937.21,187169.83,202742.83,937.21,52476.84,20551.77,937.21,52476.84,8779.4,937.21,52476.84,2830.86,937.21,52476.84,11622.72,937.21,7568,39,937.21,7568,61,937.21,7568,66,937.21,7568,1012
938.71,187936.98,190583.98,938.71,187936.98,202642.53,938.71,187936.98,206171.86,938.71,187936.98,203818.97,938.71,52484.47,20482.97,938.71,52484.47,8864.27,938.71,52484.47,2892.15,938.71,52484.47,11894.14,938.71,7648,44,938.71,7648,61,938.71,7648,61,938.71,7648,1004
940.21,176936.5,179011.13,940.21,176936.5,190273.42,940.21,176936.5,194422.69,940.21,176936.5,192051.68,940.21,49574.98,19396.71,940.21,49574.98,8438.83,940.21,49574.98,2689.09,940.21,49574.98,11033.45,940.21,7120,40,940.21,7120,56,940.21,7120,63,940.21,7120,916
941.71,162303.27,165303.33,941.71,162303.27,176103.55,941.71,162303.27,178803.6,941.71,162303.27,176703.56,941.71,45857.45,17964.25,941.71,45857.45,7830.57,941.71,45857.45,2514.23,941.71,45857.45,10082.5,941.71,6560,37,941.71,6560,54,941.71,6560,51,941.71,6560,808
943.21,160212.78,162654.11,943.21,160212.78,172724.63,943.21,160212.78,177607.31,943.21,160212.78,173945.3,943.21,45324.88,17620.57,943.21,45324.88,7614.79,943.21,45324.88,2462.46,943.21,45324.88,9849.85,943.21,6288,35,943.21,6288,49,943.21,6288,55,943.21,6288,788
944.71,160570.14,163338.59,944.71,160570.14,173181.97,944.71,160570.14,175950.43,944.71,160570.14,174104.79,944.71,44814.01,17631.74,944.71,44814.01,7503.99,944.71,44814.01,2459.79,944.71,44814.01,9839.14,944.71,6288,36,944.71,6288,51,944.71,6288,55,944.71,6288,772
946.21,167808.59,170916.16,946.21,167808.59,180238.86,946.21,167808.59,184278.7,946.21,167808.59,181792.64,946.21,46954.26,18495.53,946.21,46954.26,7949.37,946.21,46954.26,2557.05,946.21,46954.26,10254.68,946.21,6400,32,946.21,6400,51,946.21,6400,56,946.21,6400,812
947.71,167646.77,171093.72,947.71,167646.77,181121.19,947.71,167646.77,185194.85,947.71,167646.77,183001.34,947.71,47568.62,18266.78,947.71,47568.62,7928.1,947.71,47568.62,2577.97,947.71,47568.62,10392.24,947.71,6416,39,947.71,6416,53,947.71,6416,57,947.71,6416,804
949.2,176589.39,179437.61,949.2,176589.39,190197.53,949.2,176589.39,194944.56,949.2,176589.39,192729.28,949.2,49170.69,19386.68,949.2,49170.69,8285.37,949.2,49170.69,2680.56,949.2,49170.69,10938.85,949.2,6512,34,949.2,6512,52,949.2,6512,55,949.2,6512,832
950.7,171267.21,175413.34,950.7,171267.21,184981.34,950.7,171267.21,188170.68,950.7,171267.21,185300.28,950.7,48102.86,18858.51,950.7,48102.86,7980.7,950.7,48102.86,2637.46,950.7,48102.86,10522.5,950.7,6400,35,950.7,6400,52,950.7,6400,56,950.7,6400,808
952.2,178297.66,181199.43,952.2,178297.66,192484.1,952.2,178297.66,196353.12,952.2,178297.66,193773.77,952.2,49855.78,19621.73,952.2,49855.78,8346.15,952.2,49855.78,2715.26,952.2,49855.78,11109.77,952.2,6512,34,952.2,6512,52,952.2,6512,55,952.2,6512,836
953.69,175640.03,178251.78,953.69,175640.03,188372.3,953.69,175640.03,193269.33,953.69,175640.03,191636.99,953.69,49084.33,19387.19,953.69,49084.33,8320.8,953.69,49084.33,2675.54,953.69,49084.33,10954.32,953.69,6432,35,953.69,6432,51,953.69,6432,52,953.69,6432,824
955.19,183868.55,187181.5,955.19,183868.55,199770.7,955.19,183868.55,204740.12,955.19,183868.55,201758.46,955.19,51244.7,19997.93,955.19,51244.7,8749.1,955.19,51244.7,2826.41,955.19,51244.7,11646.52,955.19,6592,38,955.19,6592,55,955.19,6592,57,955.19,6592,868
956.68,187094.14,189105.9,956.68,187094.14,201847.08,956.68,187094.14,205870.61,956.68,187094.14,202517.67,956.68,52272.18,20700.71,956.68,52272.18,8818.04,956.68,52272.18,2847.79,956.68,52272.18,11853.76,956.68,6592,36,956.68,6592,53,956.68,6592,60,956.68,6592,868
958.17,189625.22,190984.54,958.17,189625.22,203898.09,958.17,189625.22,209335.37,958.17,189625.22,207296.39,958.17,52986.37,20995.7,958.17,52986.37,8948.03,958.17,52986.37,2894.95,958.17,52986.37,11901.46,958.17,6640,35,958.17,6640,54,958.17,6640,56,958.17,6640,860
959.67,201608.29,204370.05,959.67,201608.29,217143.17,959.67,201608.29,222666.69,959.67,201608.29,218869.27,959.67,56314.23,21873.63,959.67,56314.23,9336.31,959.67,56314.23,3075.05,959.67,56314.23,12804.08,959.67,6896,39,959.67,6896,55,959.67,6896,60,959.67,6896,928
961.16,207753.25,214048.8,961.16,207753.25,226639.91,961.16,207753.25,230137.43,961.16,207753.25,226639.91,961.16,57862.84,22964.32,961.16,57862.84,9854.77,961.16,57862.84,3171.91,961.16,57862.84,13471.19,961.16,7056,40,961.16,7056,57,961.16,7056,58,961.16,7056,956
962.65,216231.67,218717.09,962.65,216231.67,232209.38,962.65,216231.67,236825.16,962.65,216231.67,233629.62,962.65,60090.43,23668.27,962.65,60090.43,10270.56,962.65,60090.43,3288.11,962.65,60090.43,13980.22,962.65,7136,38,962.65,7136,55,962.65,7136,57,962.65,7136,996
964.14,221969.2,226661.23,964.14,221969.2,240015.48,964.14,221969.2,245790.29,964.14,221969.2,242902.88,964.14,61702.33,24668.44,964.14,61702.33,10523.12,964.14,61702.33,3403.62,964.14,61702.33,14395.13,964.14,7280,39,964.14,7280,57,964.14,7280,60,964.14,7280,1000
965.63,242162.7,246192.63,965.63,242162.7,261213.32,965.63,242162.7,267441.4,965.63,242162.7,263045.11,965.63,67933.77,26651.92,965.63,67933.77,11354.1,965.63,67933.77,3681.34,965.63,67933.77,16156.53,965.63,7728,43,965.63,7728,60,965.63,7728,65,965.63,7728,1124
967.12,263724.13,267827.33,967.12,263724.13,284986.19,967.12,263724.13,289835.43,967.12,263724.13,287597.32,967.12,73094.48,28914.36,967.12,73094.48,12387.25,967.12,73094.48,4034.75,967.12,73094.48,17853.16,967.12,8224,43,967.12,8224,63,967.12,8224,67,967.12,8224,1260
968.61,275117.71,278912.44,968.61,275117.71,296747.66,968.61,275117.71,303578.17,968.61,275117.71,298645.02,968.61,76451.94,30289.78,968.61,76451.94,13061.64,968.61,76451.94,4183.03,968.61,76451.94,18782.31,968.61,8400,44,968.61,8400,64,968.61,8400,69,968.61,8400,1304
970.1,281784.38,286059.73,970.1,281784.38,303549.79,970.1,281784.38,310934.48,970.1,281784.38,306659.13,970.1,77488.35,30658.43,970.1,77488.35,13341.47,970.1,77488.35,4287.13,970.1,77488.35,19338.4,970.1,8464,43,970.1,8464,65,970.1,8464,68,970.1,8464,1328
971.58,277977.53,278375.21,971.58,277977.53,299054.51,971.58,277977.53,304224.34,971.58,277977.53,299849.87,971.58,76814.67,30449.06,971.58,76814.67,12940.85,971.58,76814.67,4247.3,971.58,76814.67,18892.26,971.58,8144,39,971.58,8144,61,971.58,8144,67,971.58,8144,1256
973.07,274546.97,279021.07,973.07,274546.97,296917.46,973.07,274546.97,303425.24,973.07,274546.97,298544.41,973.07,75866.4,30162.9,973.07,75866.4,12962.28,973.07,75866.4,4185.37,973.07,75866.4,18507.45,973.07,7856,41,973.07,7856,58,973.07,7856,67,973.07,7856,1220
974.55,278597.97,281924.52,974.55,278597.97,299388.87,974.55,278597.97,305626.14,974.55,278597.97,302715.41,974.55,76685.06,30644.98,974.55,76685.06,13071.32,974.55,76685.06,4266.33,974.55,76685.06,19026.03,974.55,7792,41,974.55,7792,59,974.55,7792,66,974.55,7792,1216
976.04,288221.77,293330.57,976.04,288221.77,311211.39,976.04,288221.77,317597.4,976.04,288221.77,312488.59,976.04,79106.44,31257.42,976.04,79106.44,13443.65,976.04,79106.44,4333.08,976.04,79106.44,19665.51,976.04,7824,41,976.04,7824,61,976.04,7824,67,976.04,7824,1236
977.52,290609.97,294966.94,977.52,290609.97,311959.12,977.52,290609.97,319801.67,977.52,290609.97,314573.31,977.52,79703.73,31638.12,977.52,79703.73,13537.47,977.52,79703.73,4411.08,977.52,79703.73,19811.85,977.52,7664,39,977.52,7664,58,977.52,7664,65,977.52,7664,1236
979,301984.35,305579.4,979,301984.35,325352.18,979,301984.35,331643.53,979,301984.35,326700.33,979,82709.87,32755.61,979,82709.87,14149.8,979,82709.87,4563.51,979,82709.87,20755.64,979,7712,41,979,7712,58,979,7712,63,979,7712,1252
980.49,307843.18,314285.34,980.49,307843.18,331311.04,980.49,307843.18,339593.82,980.49,307843.18,335452.43,980.49,85346.78,33719.24,980.49,85346.78,14439.58,980.49,85346.78,4698.91,980.49,85346.78,21457.7,980.49,7680,40,980.49,7680,58,980.49,7680,62,980.49,7680,1272
981.97,314177.59,318429.61,981.97,314177.59,337799.96,981.97,314177.59,346304.02,981.97,314177.59,340634.65,981.97,86653.37,34396.76,981.97,86653.37,14635.16,981.97,86653.37,4764.7,981.97,86653.37,22159.45,981.97,7648,41,981.97,7648,59,981.97,7648,60,981.97,7648,1276
983.45,318454.4,321842.21,983.45,318454.4,342653.06,983.45,318454.4,351364.58,983.45,318454.4,345072.93,983.45,87963.32,35185.33,983.45,87963.32,15030.63,983.45,87963.32,4921.25,983.45,87963.32,22716.74,983.45,7568,38,983.45,7568,60,983.45,7568,66,983.45,7568,1280
984.92,324437.14,329953.07,984.92,324437.14,349509.56,984.92,324437.14,359037.08,984.92,324437.14,353521.15,984.92,89145.2,35535.24,984.92,89145.2,15354.73,984.92,89145.2,4935.45,984.92,89145.2,23207.58,984.92,7472,35,984.92,7472,52,984.92,7472,63,984.92,7472,1292
986.4,327208.32,331337.14,986.4,327208.32,353013.4,986.4,327208.32,361271.02,986.4,327208.32,356110.01,986.4,90446,35869.65,986.4,90446,15528.38,986.4,90446,4994.51,986.4,90446,23474.19,986.4,7312,40,986.4,7312,56,986.4,7312,63,986.4,7312,1272
987.88,332453.37,334591.33,987.88,332453.37,357039.95,987.88,332453.37,365057.31,987.88,332453.37,360781.39,987.88,91779.66,36317.72,987.88,91779.66,15671.99,987.88,91779.66,5102.78,987.88,91779.66,23742.59,987.88,7168,39,987.88,7168,53,987.88,7168,60,987.88,7168,1244
989.35,332605.47,338642.86,989.35,332605.47,358950.46,989.35,332605.47,368829.83,989.35,332605.47,362243.58,989.35,91825.97,36614.15,989.35,91825.97,15788.64,989.35,91825.97,5109.51,989.35,91825.97,24118.85,989.35,7008,36,989.35,7008,54,989.35,7008,61,989.35,7008,1236
990.83,337144.3,345130.8,990.83,337144.3,364526.58,990.83,337144.3,373654.01,990.83,337144.3,369090.29,990.83,92099.3,37020.31,990.83,92099.3,15851.51,990.83,92099.3,5154.25,990.83,92099.3,24379.23,990.83,6752,34,990.83,6752,54,990.83,6752,57,990.83,6752,1212
992.3,339416.99,343541.84,992.3,339416.99,367112.47,992.3,339416.99,373594.39,992.3,339416.99,367701.73,992.3,92555.51,37542.18,992.3,92555.51,16067.22,992.3,92555.51,5186.75,992.3,92555.51,24646.8,992.3,6576,37,992.3,6576,53,992.3,6576,56,992.3,6576,1188
993.77,341916.92,349868.47,993.77,341916.92,368829.88,993.77,341916.92,378616.41,993.77,341916.92,372499.83,993.77,94410.88,37397.92,993.77,94410.88,16327.91,993.77,94410.88,5240.56,993.77,94410.88,24896.02,993.77,6368,32,993.77,6368,48,993.77,6368,55,993.77,6368,1156
995.24,343661.09,348075.08,995.24,343661.09,371406.2,995.24,343661.09,378342.48,995.24,343661.09,372036.77,995.24,95564.89,38158.81,995.24,95564.89,16113.99,995.24,95564.89,5273.41,995.24,95564.89,25178.1,995.24,6192,34,995.24,6192,50,995.24,6192,53,995.24,6192,1136
996.71,343822.02,349051.26,996.71,343822.02,371275.49,996.71,343822.02,381733.96,996.71,343822.02,371275.49,996.71,93902.35,37931,996.71,93902.35,16247.88,996.71,93902.35,5261.77,996.71,93902.35,25036.77,996.71,6000,30,996.71,6000,48,996.71,6000,49,996.71,6000,1096
998.18,345674.25,349063.22,998.18,345674.25,370752.58,998.18,345674.25,384308.43,998.18,345674.25,373463.75,998.18,94479.18,37503.19,998.18,94479.18,16287.44,998.18,94479.18,5303.94,998.18,94479.18,25362.73,998.18,5792,30,998.18,5792,46,998.18,5792,49,998.18,5792,1064
999.64,345093.56,349327.84,999.64,345093.56,371910.65,999.64,345093.56,378262.07,999.64,345093.56,375439.22,999.64,94068.78,37677.42,999.64,94068.78,16094,999.64,94068.78,5302.29,999.64,94068.78,25201.45,999.64,5568,31,999.64,5568,42,999.64,5568,48,999.64,5568,1012
1001.11,343865.12,345325.27,1001.11,343865.12,368687.66,1001.11,343865.12,380368.85,1001.11,343865.12,374528.25,1001.11,94466.08,37657.03,1001.11,94466.08,16369.81,1001.11,94466.08,5224.75,1001.11,94466.08,24910.58,1001.11,5328,29,1001.11,5328,45,1001.11,5328,44,1001.11,5328,984
1002.57,340865.78,342380.74,1002.57,340865.78,366620.09,1002.57,340865.78,374194.88,1002.57,340865.78,366620.09,1002.57,93608,37254.91,1002.57,93608,15870.32,1002.57,93608,5127.59,1002.57,93608,24881.44,1002.57,5184,28,1002.57,5184,40,1002.57,5184,45,1002.57,5184,944
1004.03,338432.74,343155.06,1004.03,338432.74,362831.38,1004.03,338432.74,374637.17,1004.03,338432.74,368340.75,1004.03,93243.49,36821.38,1004.03,93243.49,16030.6,1004.03,93243.49,5215.2,1004.03,93243.49,24850.93,1004.03,4912,26,1004.03,4912,38,1004.03,4912,43,1004.03,4912,908
1005.49,339051.53,344770.47,1005.49,339051.53,368463.22,1005.49,339051.53,374999.16,1005.49,339051.53,365195.26,1005.49,94111.36,37149.22,1005.49,94111.36,16025.15,1005.49,94111.36,5171.75,1005.49,94111.36,24766.15,1005.49,4656,25,1005.49,4656,38,1005.49,4656,41,1005.49,4656,872
1006.95,338479.08,347834.03,1006.95,338479.08,365693.48,1006.95,338479.08,375048.43,1006.95,338479.08,369095.28,1006.95,93980.66,37561.85,1006.95,93980.66,16195.7,1006.95,93980.66,5284.51,1006.95,93980.66,25091.92,1006.95,4512,26,1006.95,4512,36,1006.95,4512,39,1006.95,4512,836
1008.41,340619.71,344140.33,1008.41,340619.71,366144.19,1008.41,340619.71,370544.96,1008.41,340619.71,366144.19,1008.41,93465.71,37763.92,1008.41,93465.71,16049.67,1008.41,93465.71,5192.54,1008.41,93465.71,25097.28,1008.41,4368,23,1008.41,4368,36,1008.41,4368,40,1008.41,4368,804
1009.86,340725.51,347137.01,1009.86,340725.51,365455.58,1009.86,340725.51,375530.8,1009.86,340725.51,370035.23,1009.86,95251.56,36824.06,1009.86,95251.56,15875.26,1009.86,95251.56,5319.03,1009.86,95251.56,25040.36,1009.86,4208,23,1009.86,4208,35,1009.86,4208,37,1009.86,4208,792
1011.32,339785.15,341683.39,1011.32,339785.15,364462.28,1011.32,339785.15,375851.73,1011.32,339785.15,364462.28,1011.32,93466.66,37556.6,1011.32,93466.66,16144.24,1011.32,93466.66,5204.39,1011.32,93466.66,24981.09,1011.32,4064,24,1011.32,4064,33,1011.32,4064,37,1011.32,4064,760
1012.77,340871.02,344834.63,1012.77,340871.02,367625.43,1012.77,340871.02,376543.57,1012.77,340871.02,367625.43,1012.77,94208.61,37401.17,1012.77,94208.61,16054.28,1012.77,94208.61,5292.62,1012.77,94208.61,25228.15,1012.77,3888,21,1012.77,3888,34,1012.77,3888,36,1012.77,3888,720
1014.22,339773.32,342843.56,1014.22,339773.32,366382.07,1014.22,339773.32,375592.8,1014.22,339773.32,370475.73,1014.22,94731.31,37819.09,1014.22,94731.31,16247.52,1014.22,94731.31,5209.3,1014.22,94731.31,24967.94,1014.22,3760,23,1014.22,3760,28,1014.22,3760,35,1014.22,3760,708
1015.67,337938.07,342202.27,1015.67,337938.07,365655.38,1015.67,337938.07,373117.74,1015.67,337938.07,364589.33,1015.67,93629.85,36919.09,1015.67,93629.85,16271.04,1015.67,93629.85,5185.8,1015.67,93629.85,25310.51,1015.67,3696,23,1015.67,3696,34,1015.67,3696,34,1015.67,3696,680
1017.11,340639.12,342858.27,1017.11,340639.12,367268.89,1017.11,340639.12,371707.19,1017.11,340639.12,368378.47,1017.11,93996.64,37479.67,1017.11,93996.64,16161.87,1017.11,93996.64,5304.66,1017.11,93996.64,24887.29,1017.11,3504,19,1017.11,3504,27,1017.11,3504,29,1017.11,3504,652
1018.56,339375.59,339375.59,1018.56,339375.59,363452.91,1018.56,339375.59,374918.3,1018.56,339375.59,370332.15,1018.56,93830.42,37244.09,1018.56,93830.42,15535.52,1018.56,93830.42,5272.82,1018.56,93830.42,24795.1,1018.56,3392,18,1018.56,3392,27,1018.56,3392,32,1018.56,3392,620
1020,336909.72,345243.17,1020,336909.72,363100.58,1020,336909.72,371434.04,1020,336909.72,363100.58,1020,94478.02,37576.48,1020,94478.02,16318.93,1020,94478.02,5207.03,1020,94478.02,25229.93,1020,3232,18,1020,3232,25,1020,3232,30,1020,3232,604
1021.44,337717.63,346408.89,1021.44,337717.63,362549.81,1021.44,337717.63,374965.9,1021.44,337717.63,365033.03,1021.44,92986,37328.51,1021.44,92986,16317.25,1021.44,92986,5085.17,1021.44,92986,25258.22,1021.44,3024,15,1021.44,3024,24,1021.44,3024,27,1021.44,3024,588
1022.88,337863.56,343021.78,1022.88,337863.56,366233.78,1022.88,337863.56,376550.23,1022.88,337863.56,366233.78,1022.88,94668.13,37356.79,1022.88,94668.13,16358.1,1022.88,94668.13,5249.67,1022.88,94668.13,25175.23,1022.88,3024,15,1022.88,3024,28,1022.88,3024,29,1022.88,3024,560
1024.32,337612.82,344285.01,1024.32,337612.82,364301.58,1024.32,337612.82,370973.77,1024.32,337612.82,369639.33,1024.32,94518.11,36995.73,1024.32,94518.11,15991.7,1024.32,94518.11,5161.5,1024.32,94518.11,25300.3,1024.32,2896,15,1024.32,2896,23,1024.32,2896,26,1024.32,2896,540
1025.75,336337.72,339105.93,1025.75,336337.72,364019.83,1025.75,336337.72,368172.15,1025.75,336337.72,364019.83,1025.75,94747.74,37151.09,1025.75,94747.74,16206.85,1025.75,94747.74,5173.73,1025.75,94747.74,25058.28,1025.75,2784,16,1025.75,2784,25,1025.75,2784,27,1025.75,2784,512
1027.18,338231.94,339671.22,1027.18,338231.94,361260.49,1027.18,338231.94,374214.06,1027.18,338231.94,367017.63,1027.18,93762.02,38074.63,1027.18,93762.02,15929.18,1027.18,93762.02,5180.22,1027.18,93762.02,25383.09,1027.18,2688,14,1027.18,2688,21,1027.18,2688,21,1027.18,2688,508
1028.61,336905.84,344392.63,1028.61,336905.84,363858.3,1028.61,336905.84,368350.38,1028.61,336905.84,369847.74,1028.61,93285.58,37796.74,1028.61,93285.58,16217.75,1028.61,93285.58,5126.69,1028.61,93285.58,24929.77,1028.61,2624,15,1028.61,2624,21,1028.61,2624,28,1028.61,2624,492
1030.04,338512.95,341618.58,1030.04,338512.95,369569.19,1030.04,338512.95,369569.19,1030.04,338512.95,366463.56,1030.04,92982.15,36688.74,1030.04,92982.15,16383.9,1030.04,92982.15,5146.23,1030.04,92982.15,25206.01,1030.04,2544,12,1030.04,2544,21,1030.04,2544,23,1030.04,2544,472
1031.47,334168.28,340625.63,1031.47,334168.28,361612.05,1031.47,334168.28,374526.76,1031.47,334168.28,368069.41,1031.47,94751.87,38075.14,1031.47,94751.87,16131.07,1031.47,94751.87,5304.36,1031.47,94751.87,24995.89,1031.47,2432,12,1031.47,2432,19,1031.47,2432,22,1031.47,2432,452
1032.89,342484.2,339126.51,1032.89,342484.2,364309.17,1032.89,342484.2,372703.39,1032.89,342484.2,365988.01,1032.89,95458.07,37156.15,1032.89,95458.07,15859.33,1032.89,95458.07,5097.64,1032.89,95458.07,25374.93,1032.89,2352,15,1032.89,2352,24,1032.89,2352,24,1032.89,2352,420
1034.31,333868.33,339057.99,1034.31,333868.33,359816.65,1034.31,333868.33,370195.97,1034.31,333868.33,361546.53,1034.31,95489.66,36510.75,1034.31,95489.66,15758.91,1034.31,95489.66,5148.95,1034.31,95489.66,24964.62,1034.31,2208,10,1034.31,2208,16,1034.31,2208,20,1034.31,2208,420
1035.73,335613.07,344634.92,1035.73,335613.07,366287.38,1035.73,335613.07,368091.75,1035.73,335613.07,369896.12,1035.73,95336.48,37615.75,1035.73,95336.48,16051.55,1035.73,95336.48,5228.91,1035.73,95336.48,24969.08,1035.73,2080,14,1035.73,2080,19,1035.73,2080,22,1035.73,2080,408
1037.14,337707.63,341418.7,1037.14,337707.63,359974.06,1037.14,337707.63,371107.28,1037.14,337707.63,359974.06,1037.14,96331.78,37990,1037.14,96331.78,16451.03,1037.14,96331.78,5299.94,1037.14,96331.78,25948.52,1037.14,2048,12,1037.14,2048,16,1037.14,2048,18,1037.14,2048,400
1038.55,337635.03,341471.79,1038.55,337635.03,356818.84,1038.55,337635.03,366410.74,1038.55,337635.03,360655.6,1038.55,96983.63,36979.37,1038.55,96983.63,16047.65,1038.55,96983.63,5145.71,1038.55,96983.63,25292.49,1038.55,1952,8,1038.55,1952,19,1038.55,1952,19,1038.55,1952,380
1039.96,334644.82,334644.82,1039.96,334644.82,364523.82,1039.96,334644.82,366515.75,1039.96,334644.82,364523.82,1039.96,95523.04,38783.79,1039.96,95523.04,16159.91,1039.96,95523.04,5386.64,1039.96,95523.04,25137.64,1039.96,1984,10,1039.96,1984,13,1039.96,1984,22,1039.96,1984,372
1041.37,330911.83,335048.22,1041.37,330911.83,359866.61,1041.37,330911.83,364003.01,1041.37,330911.83,368139.41,1041.37,95987.87,36832.55,1041.37,95987.87,15997.98,1041.37,95987.87,5115.63,1041.37,95987.87,25113.11,1041.37,1872,8,1041.37,1872,17,1041.37,1872,16,1041.37,1872,348
1042.78,340802.14,334371.91,1042.78,340802.14,366523.06,1042.78,340802.14,364379.65,1042.78,340802.14,368666.47,1042.78,95311.47,37969.61,1042.78,95311.47,17047.58,1042.78,95311.47,5327.37,1042.78,95311.47,25183.93,1042.78,1840,8,1042.78,1840,17,1042.78,1840,20,1042.78,1840,336
1044.18,346403.32,344182.78,1044.18,346403.32,353064.92,1044.18,346403.32,366388.12,1044.18,346403.32,366388.12,1044.18,94771.57,36855.61,1044.18,94771.57,15997.76,1044.18,94771.57,5113.21,1044.18,94771.57,25920.43,1044.18,1760,8,1044.18,1760,16,1044.18,1760,16,1044.18,1760,344
1045.58,331608.43,331608.43,1045.58,331608.43,365912.75,1045.58,331608.43,370486.66,1045.58,331608.43,361338.84,1045.58,97039.49,37737.58,1045.58,97039.49,16795.3,1045.58,97039.49,5287.41,1045.58,97039.49,25503.97,1045.58,1712,13,1045.58,1712,13,1045.58,1712,15,1045.58,1712,320
1046.97,342669.67,330771.42,1046.97,342669.67,364086.52,1046.97,342669.67,380744.08,1046.97,342669.67,371225.47,1046.97,96836.93,38134.9,1046.97,96836.93,15639.59,1046.97,96836.93,5302.46,1046.97,96836.93,25280.44,1046.97,1632,8,1046.97,1632,14,1046.97,1632,13,1046.97,1632,296
1048.36,330860.35,343024.33,1048.36,330860.35,364919.5,1048.36,330860.35,367352.3,1048.36,330860.35,357621.11,1048.36,95430.24,37361.84,1048.36,95430.24,16205.13,1048.36,95430.24,5345.44,1048.36,95430.24,25207.99,1048.36,1504,9,1048.36,1504,14,1048.36,1504,16,1048.36,1504,300
1049.75,330070.01,347980.79,1049.75,330070.01,371008.93,1049.75,330070.01,373567.61,1049.75,330070.01,363332.88,1049.75,93013.21,38755.5,1049.75,93013.21,16870.04,1049.75,93013.21,5072.41,1049.75,93013.21,25533.04,1049.75,1536,5,1049.75,1536,12,1049.75,1536,14,1049.75,1536,296
1051.14,342240.2,350199.27,1051.14,342240.2,358158.35,1051.14,342240.2,379382.55,1051.14,342240.2,368770.45,1051.14,95376.31,38054.19,1051.14,95376.31,16618.6,1051.14,95376.31,5479.32,1051.14,95376.31,25530.02,1051.14,1456,9,1051.14,1456,11,1051.14,1456,14,1051.14,1456,284
1052.52,328322.03,344602.46,1052.52,328322.03,358169.49,1052.52,328322.03,371736.51,1052.52,328322.03,363596.3,1052.52,93984.38,37691.65,1052.52,93984.38,15419.31,1052.52,93984.38,5323.33,1052.52,93984.38,25454.1,1052.52,1456,5,1052.52,1456,14,1052.52,1456,15,1052.52,1456,284
1053.9,336152.53,333351.26,1053.9,336152.53,355761.43,1053.9,336152.53,361363.97,1053.9,336152.53,364165.24,1053.9,98723.43,37657.39,1053.9,98723.43,15775.39,1053.9,98723.43,5088.84,1053.9,98723.43,24935.3,1053.9,1392,8,1053.9,1392,14,1053.9,1392,14,1053.9,1392,248
1055.28,331566.74,325749.78,1055.28,331566.74,357743.06,1055.28,331566.74,366468.5,1055.28,331566.74,366468.5,1055.28,96441.35,38152.62,1055.28,96441.35,16691.77,1055.28,96441.35,5298.98,1055.28,96441.35,25170.13,1055.28,1376,6,1055.28,1376,10,1055.28,1376,12,1055.28,1376,248
1056.65,333319.11,336321.98,1056.65,333319.11,360344.98,1056.65,333319.11,357342.11,1056.65,333319.11,360344.98,1056.65,96228.64,36632.49,1056.65,96228.64,16675.99,1056.65,96228.64,5194.16,1056.65,96228.64,25697.42,1056.65,1328,10,1056.65,1328,12,1056.65,1328,16,1056.65,1328,244
1058.02,328315.2,337695.63,1058.02,328315.2,362710.12,1058.02,328315.2,372090.55,1058.02,328315.2,368963.74,1058.02,96593.66,37065.01,1058.02,96593.66,16566.94,1058.02,96593.66,5264.92,1058.02,96593.66,25552.39,1058.02,1296,6,1058.02,1296,12,1058.02,1296,12,1058.02,1296,236
1059.39,340711.04,330976.44,1059.39,340711.04,366669.97,1059.39,340711.04,376404.58,1059.39,340711.04,363425.11,1059.39,95828.68,36368.72,1059.39,95828.68,16741.15,1059.39,95828.68,5267.69,1059.39,95828.68,26266.29,1059.39,1248,6,1059.39,1248,8,1059.39,1248,13,1059.39,1248,224
1060.75,338526.36,345164.13,1060.75,338526.36,371715.22,1060.75,338526.36,368396.33,1060.75,338526.36,365077.44,1060.75,100059.87,39782.84,1060.75,100059.87,15973.41,1060.75,100059.87,5274.24,1060.75,100059.87,26220.51,1060.75,1216,6,1060.75,1216,11,1060.75,1216,9,1060.75,1216,224
1062.11,341108.89,348070.29,1062.11,341108.89,368954.51,1062.11,341108.89,389838.73,1062.11,341108.89,375915.92,1062.11,100575.4,37409.14,1062.11,100575.4,15944.88,1062.11,100575.4,5442.72,1062.11,100575.4,25450.48,1062.11,1152,7,1062.11,1152,11,1062.11,1152,11,1062.11,1152,208
1063.46,335696.21,349683.55,1063.46,335696.21,374161.4,1063.46,335696.21,377658.24,1063.46,335696.21,363670.9,1063.46,98635.77,37604.89,1063.46,98635.77,16644.79,1063.46,98635.77,5394.14,1063.46,98635.77,25275.42,1063.46,1168,6,1063.46,1168,12,1063.46,1168,13,1063.46,1168,208
1064.81,344625.95,341073.1,1064.81,344625.95,362390.17,1064.81,344625.95,369495.86,1064.81,344625.95,376601.55,1064.81,98802.01,37852.72,1064.81,98802.01,17322.43,1064.81,98802.01,5453.36,1064.81,98802.01,27266.79,1064.81,1136,7,1064.81,1136,8,1064.81,1136,9,1064.81,1136,212
1066.16,332721.2,350419.14,1066.16,332721.2,357498.31,1066.16,332721.2,371656.66,1066.16,332721.2,364577.49,1066.16,98057.99,38061.98,1066.16,98057.99,16773.08,1066.16,98057.99,5160.95,1066.16,98057.99,25804.73,1066.16,1120,7,1066.16,1120,10,1066.16,1120,12,1066.16,1120,216
1067.5,326699.82,345053.75,1067.5,326699.82,367078.45,1067.5,326699.82,392773.95,1067.5,326699.82,367078.45,1067.5,100231.93,38246.39,1067.5,100231.93,15496.38,1067.5,100231.93,5769.93,1067.5,100231.93,26706.53,1067.5,1104,4,1067.5,1104,8,1067.5,1104,12,1067.5,1104,204
1068.84,343429.21,339696.29,1068.84,343429.21,384491.4,1068.84,343429.21,377025.55,1068.84,343429.21,365826.77,1068.84,98497.79,38742.46,1068.84,98497.79,16087.97,1068.84,98497.79,5499.46,1068.84,98497.79,25281.1,1068.84,1104,7,1068.84,1104,12,1068.84,1104,11,1068.84,1104,204
1070.17,340403.8,325440.99,1070.17,340403.8,355366.6,1070.17,340403.8,381551.51,1070.17,340403.8,355366.6,1070.17,95732.46,34570.06,1070.17,95732.46,15623.01,1070.17,95732.46,5318.47,1070.17,95732.46,24265.52,1070.17,1136,5,1070.17,1136,10,1070.17,1136,12,1070.17,1136,212
1071.5,332874.79,321526.79,1071.5,332874.79,348005.47,1071.5,332874.79,370701.48,1071.5,332874.79,359353.47,1071.5,97574.59,39854.41,1071.5,97574.59,17522.2,1071.5,97574.59,5239.48,1071.5,97574.59,26111.51,1071.5,1024,4,1071.5,1024,9,1071.5,1024,14,1071.5,1024,200
1072.83,336500.87,336500.87,1072.83,336500.87,376089.21,1072.83,336500.87,364212.71,1072.83,336500.87,364212.71,1072.83,91460.04,36584.02,1072.83,91460.04,17236.7,1072.83,91460.04,5276.54,1072.83,91460.04,25679.17,1072.83,992,6,1072.83,992,8,1072.83,992,12,1072.83,992,188
1074.15,331696.04,335741.12,1074.15,331696.04,368101.71,1074.15,331696.04,376191.85,1074.15,331696.04,380236.93,1074.15,97670.68,39499.17,1074.15,97670.68,16158.75,1074.15,97670.68,5476.02,1074.15,97670.68,25135.84,1074.15,960,8,1074.15,960,9,1074.15,960,11,1074.15,960,188
1075.47,346219.76,329733.11,1075.47,346219.76,358584.76,1075.47,346219.76,375071.41,1075.47,346219.76,354463.09,1075.47,99748.17,38872.45,1075.47,99748.17,16135.73,1075.47,99748.17,5500.82,1075.47,99748.17,26037.21,1075.47,960,7,1075.47,960,10,1075.47,960,9,1075.47,960,192
1076.78,331908.67,327707.29,1076.78,331908.67,361318.3,1076.78,331908.67,365519.67,1076.78,331908.67,361318.3,1076.78,98917,38805.9,1076.78,98917,16739.8,1076.78,98917,5326.3,1076.78,98917,25109.7,1076.78,928,7,1076.78,928,7,1076.78,928,7,1076.78,928,176
1078.08,339224.72,356846.78,1078.08,339224.72,374468.84,1078.08,339224.72,370063.33,1078.08,339224.72,374468.84,1078.08,97253.33,37646.45,1078.08,97253.33,16862.47,1078.08,97253.33,5392.07,1078.08,97253.33,25489.79,1078.08,912,4,1078.08,912,8,1078.08,912,11,1078.08,912,180
1079.39,343796.83,357191.51,1079.39,343796.83,348261.73,1079.39,343796.83,370586.2,1079.39,343796.83,370586.2,1079.39,100343.93,38033.59,1079.39,100343.93,16589.12,1079.39,100343.93,5361.12,1079.39,100343.93,26299.82,1079.39,912,4,1079.39,912,8,1079.39,912,10,1079.39,912,184
1080.68,349027.44,349027.44,1080.68,349027.44,367397.31,1080.68,349027.44,376582.24,1080.68,349027.44,353619.91,1080.68,100271.65,36985.45,1080.68,100271.65,16437.98,1080.68,100271.65,5445.08,1080.68,100271.65,25067.91,1080.68,896,6,1080.68,896,8,1080.68,896,9,1080.68,896,172
1081.98,334736.01,334736.01,1081.98,334736.01,368209.61,1081.98,334736.01,382555.44,1081.98,334736.01,363427.67,1081.98,98521.62,38406.73,1081.98,98521.62,16698.58,1081.98,98521.62,5427.04,1081.98,98521.62,25882.8,1081.98,880,6,1081.98,880,8,1081.98,880,9,1081.98,880,152
1083.26,348565.48,333837.36,1083.26,348565.48,363293.6,1083.26,348565.48,368202.97,1083.26,348565.48,378021.72,1083.26,102829.99,40777.41,1083.26,102829.99,17729.31,1083.26,102829.99,5429.6,1083.26,102829.99,25707.5,1083.26,880,6,1083.26,880,11,1083.26,880,8,1083.26,880,168
1084.55,332905.03,337949.05,1084.55,332905.03,373257.16,1084.55,332905.03,378301.17,1084.55,332905.03,383345.19,1084.55,103656.7,37530.87,1084.55,103656.7,17425.05,1084.55,103656.7,5584.95,1084.55,103656.7,25020.58,1084.55,864,2,1084.55,864,6,1084.55,864,8,1084.55,864,156
1085.82,333338.78,354172.45,1085.82,333338.78,385422.96,1085.82,333338.78,390631.38,1085.82,333338.78,364589.29,1085.82,103254.08,39642.19,1085.82,103254.08,17055.36,1085.82,103254.08,5300.99,1085.82,103254.08,26735.43,1085.82,832,5,1085.82,832,7,1085.82,832,9,1085.82,832,168
1087.09,329525.85,324210.92,1087.09,329525.85,366730.38,1087.09,329525.85,372045.31,1087.09,329525.85,361415.45,1087.09,103733.79,38664.41,1087.09,103733.79,16031.59,1087.09,103733.79,5540.33,1087.09,103733.79,26404.96,1087.09,784,4,1087.09,784,8,1087.09,784,11,1087.09,784,152
1088.36,322974.12,350344.81,1088.36,322974.12,355818.95,1088.36,322974.12,377715.5,1088.36,322974.12,377715.5,1088.36,94588.91,36677.33,1088.36,94588.91,16408.28,1088.36,94588.91,5429.21,1088.36,94588.91,26542.81,1088.36,736,3,1088.36,736,8,1088.36,736,9,1088.36,736,140
1089.62,332304.77,332304.77,1089.62,332304.77,373114.13,1089.62,332304.77,384773.94,1089.62,332304.77,355624.4,1089.62,101920.23,37710.49,1089.62,101920.23,17836.04,1089.62,101920.23,5096.01,1089.62,101920.23,25989.66,1089.62,720,6,1089.62,720,5,1089.62,720,7,1089.62,720,132
