WMS_50_IRR_000,WMS_50_IRR_000,WMS_50_IRR_000,WMS_50_IRR_001,WMS_50_IRR_001,WMS_50_IRR_001,WMS_50_IRR_002,WMS_50_IRR_002,WMS_50_IRR_002,WMS_50_IRR_003,WMS_50_IRR_003,WMS_50_IRR_003,WMS_50_PANEL_000,WMS_50_PANEL_000,WMS_50_PANEL_000,WMS_50_PANEL_001,WMS_50_PANEL_001,WMS_50_PANEL_001,WMS_50_PANEL_002,WMS_50_PANEL_002,WMS_50_PANEL_002,WMS_50_PANEL_003,WMS_50_PANEL_003,WMS_50_PANEL_003,WAVELENGTH,REFERENCC,WMS_50_WATER_000,WMS_50_WATER_001,WMS_50_WATER_002,SKY
286.9,296.19,275.03,286.9,296.19,370.23,286.9,296.19,248.59,286.9,296.19,285.61,286.9,211.82,46.33,286.9,211.82,12.53,286.9,211.82,1.77,286.9,211.82,13.24,286.9,3904,7,6,4,122
288.76,3702.04,3306.1,288.76,3702.04,4375.14,288.76,3702.04,3226.91,288.76,3702.04,3622.85,288.76,1620.63,625.41,288.76,1620.63,337.18,288.76,1620.63,106.73,288.76,1620.63,516.64,288.76,2560,33,28,36,624
290.62,4107.86,3656.21,290.62,4107.86,4796.09,290.62,4107.86,3570.19,290.62,4107.86,3871.29,290.62,1740.61,632.95,290.62,1740.61,356.03,290.62,1740.61,108.79,290.62,1740.61,528.4,290.62,2592,37,34,32,632
292.47,4207.81,3769.5,292.47,4207.81,4974.86,292.47,4207.81,3659.92,292.47,4207.81,4054.4,292.47,1797.76,690.53,292.47,1797.76,366.1,292.47,1797.76,116.82,292.47,1797.76,571.47,292.47,2592,33,34,34,630
294.32,4529.27,4109.02,294.32,4529.27,5323.05,294.32,4529.27,3875.56,294.32,4529.27,4295.8,294.32,1951.37,752.49,294.32,1951.37,404.94,294.32,1951.37,126.74,294.32,1951.37,612.19,294.32,2688,32,35,33,638
296.16,4661.97,4181.35,296.16,4661.97,5479.01,296.16,4661.97,4109.26,296.16,4661.97,4445.69,296.16,2015.5,787.51,296.16,2015.5,420.45,296.16,2015.5,131.81,296.16,2015.5,640.69,296.16,2560,34,33,33,632
298,4989.07,4549.62,298,4989.07,5919.68,298,4989.07,4368.67,298,4989.07,4859.82,298,2175.31,831.73,298,2175.31,444.3,298,2175.31,144.84,298,2175.31,678.89,298,2736,35,35,37,646
299.84,5551.5,4885.32,299.84,5551.5,6384.22,299.84,5551.5,4746.53,299.84,5551.5,5218.41,299.84,2249.63,883.78,299.84,2249.63,467.46,299.84,2249.63,147.91,299.84,2249.63,715.79,299.84,2672,35,31,36,650
301.68,5675.71,4959.08,301.68,5675.71,6650.32,301.68,5675.71,4873.08,301.68,5675.71,5417.72,301.68,2441.21,934.77,301.68,2441.21,478.97,301.68,2441.21,154.51,301.68,2441.21,760.95,301.68,2736,38,37,36,650
303.51,5820.75,5296.88,303.51,5820.75,6868.49,303.51,5820.75,4976.74,303.51,5820.75,5529.71,303.51,2559.08,955.6,303.51,2559.08,510.2,303.51,2559.08,161.97,303.51,2559.08,797.69,303.51,2656,35,37,36,658
305.33,6396.89,5792.21,305.33,6396.89,7447.13,305.33,6396.89,5569.43,305.33,6396.89,6142.29,305.33,2622.27,1016.13,305.33,2622.27,540.84,305.33,2622.27,169.01,305.33,2622.27,823.56,305.33,2736,38,31,36,666
307.16,6625.66,5972.89,307.16,6625.66,7833.3,307.16,6625.66,5777.06,307.16,6625.66,6299.27,307.16,2826.42,1100.16,307.16,2826.42,585.86,307.16,2826.42,184.48,307.16,2826.42,907.85,307.16,2736,34,40,38,674
308.98,7115.99,6387.03,308.98,7115.99,8296.2,308.98,7115.99,6248.19,308.98,7115.99,6699.44,308.98,2940.26,1135.16,308.98,2940.26,595.49,308.98,2940.26,195.4,308.98,2940.26,949.07,308.98,2784,36,33,37,682
310.8,7573.72,6740.25,310.8,7573.72,8950.76,310.8,7573.72,6377.87,310.8,7573.72,7138.87,310.8,3187.2,1171.2,310.8,3187.2,614.4,310.8,3187.2,199.2,310.8,3187.2,1012.8,310.8,2848,35,37,36,696
312.61,8267.07,7339.92,312.61,8267.07,9426,312.61,8267.07,7108.13,312.61,8267.07,7764.86,312.61,3330.73,1269.33,312.61,3330.73,685.44,312.61,3330.73,214.52,312.61,3330.73,1066.24,312.61,2832,34,37,36,708
314.42,8359.74,7683,314.42,8359.74,9912.27,314.42,8359.74,7324.73,314.42,8359.74,8120.89,314.42,3558.59,1367.02,314.42,3558.59,721.48,314.42,3558.59,231.9,314.42,3558.59,1171.73,314.42,2864,37,39,40,730
316.23,9371.98,8551.39,316.23,9371.98,11056.35,316.23,9371.98,8119.51,316.23,9371.98,8983.28,316.23,3813.47,1481.74,316.23,3813.47,758.1,316.23,3813.47,245.52,316.23,3813.47,1269.24,316.23,2912,37,34,42,736
318.04,9770.26,8833.38,318.04,9770.26,11510.17,318.04,9770.26,8521.09,318.04,9770.26,9502.58,318.04,4013.84,1458.52,318.04,4013.84,781.77,318.04,4013.84,249.41,318.04,4013.84,1312.67,318.04,2944,38,41,38,766
319.84,9921.37,8991.24,319.84,9921.37,11560.17,319.84,9921.37,8725.49,319.84,9921.37,9655.62,319.84,4198.86,1529.07,319.84,4198.86,831.28,319.84,4198.86,268.5,319.84,4198.86,1431.98,319.84,2944,41,39,40,788
321.64,10728.52,9748.96,321.64,10728.52,12640.99,321.64,10728.52,9422.44,321.64,10728.52,10308.7,321.64,4556.37,1682.75,321.64,4556.37,880.21,321.64,4556.37,284.77,321.64,4556.37,1540.36,321.64,3040,39,39,43,824
323.43,12248.98,11060.26,323.43,12248.98,14161.27,323.43,12248.98,10801.84,323.43,12248.98,11628.78,323.43,4854.76,1844.81,323.43,4854.76,943.21,323.43,4854.76,310.36,323.43,4854.76,1733.84,323.43,3024,42,39,44,852
325.23,12880.59,11355.95,325.23,12880.59,14825.82,325.23,12880.59,11093.08,325.23,12880.59,12197.13,325.23,5188.63,1828.78,325.23,5188.63,985.27,325.23,5188.63,322.52,325.23,5188.63,1821.69,325.23,3136,45,43,42,892
327.02,13493.35,12138.59,327.02,13493.35,15660.95,327.02,13493.35,11705.07,327.02,13493.35,12788.87,327.02,5558.71,1907.99,327.02,5558.71,1066.67,327.02,5558.71,343.66,327.02,5558.71,2050.71,327.02,3168,45,44,45,938
328.81,14707.96,13339.78,328.81,14707.96,17102.28,328.81,14707.96,12883.72,328.81,14707.96,14137.88,328.81,5805.39,1960.46,328.81,5805.39,1071.41,328.81,5805.39,351.44,328.81,5805.39,2173.22,328.81,3312,42,43,41,992
330.59,15295.95,13973.37,330.59,15295.95,17768.61,330.59,15295.95,13685.85,330.59,15295.95,14720.92,330.59,6208.61,2128.21,330.59,6208.61,1128.11,330.59,6208.61,374.04,330.59,6208.61,2416.24,330.59,3328,45,48,48,1056
332.37,16469.35,14929.05,332.37,16469.35,19076,332.37,16469.35,14514.35,332.37,16469.35,15936.16,332.37,6813.01,2203.21,332.37,6813.01,1203.29,332.37,6813.01,415.22,332.37,6813.01,2694.7,332.37,3456,44,48,47,1120
334.15,18298.99,16901.15,334.15,18298.99,21285.28,334.15,18298.99,16456.38,334.15,18298.99,17727.14,334.15,7316.46,2360.73,334.15,7316.46,1297.5,334.15,7316.46,443.76,334.15,7316.46,3090.57,334.15,3616,48,49,53,1198
335.93,19594.57,17924.21,335.93,19594.57,22357.08,335.93,19594.57,17410.25,335.93,19594.57,18759.39,335.93,7592.49,2377.09,335.93,7592.49,1286.11,335.93,7592.49,439.05,335.93,7592.49,3228.58,335.93,3696,52,50,56,1276
337.71,21557.4,19677,337.71,21557.4,24512.3,337.71,21557.4,19072.59,337.71,21557.4,20684.35,337.71,8527.33,2619.38,337.71,8527.33,1405.29,337.71,8527.33,494.72,337.71,8527.33,3728.32,337.71,3808,54,52,53,1382
339.48,24311.97,22134.78,339.48,24311.97,27795.48,339.48,24311.97,21554.2,339.48,24311.97,23586.24,339.48,8897.95,2630.7,339.48,8897.95,1421.74,339.48,8897.95,510.18,339.48,8897.95,4042.76,339.48,3968,57,57,60,1482
341.25,25907.31,23711.78,341.25,25907.31,29639.72,341.25,25907.31,23053.12,341.25,25907.31,24809.54,341.25,9405.84,2684.58,341.25,9405.84,1499.06,341.25,9405.84,529.08,341.25,9405.84,4379.59,341.25,4144,60,58,61,1602
343.02,27692.93,24967.83,343.02,27692.93,31596.45,343.02,27692.93,24599.57,343.02,27692.93,26588.16,343.02,10318.4,2814.11,343.02,10318.4,1539.6,343.02,10318.4,570.98,343.02,10318.4,4945.08,343.02,4384,66,61,67,1730
344.78,30472.45,27695.21,344.78,30472.45,34406.87,344.78,30472.45,27155.19,344.78,30472.45,29160.98,344.78,10971.75,2815.39,344.78,10971.75,1604.36,344.78,10971.75,597.75,344.78,10971.75,5372.02,344.78,4576,66,63,62,1868
346.54,31749.91,28711.64,346.54,31749.91,35623.7,346.54,31749.91,28255.9,346.54,31749.91,30458.64,346.54,11860.3,2965.07,346.54,11860.3,1607.82,346.54,11860.3,623.81,346.54,11860.3,5877.95,346.54,4816,71,69,70,2024
348.3,33870.94,31105.97,348.3,33870.94,38018.4,348.3,33870.94,30261.11,348.3,33870.94,32411.65,348.3,12159.39,2935.74,348.3,12159.39,1696.9,348.3,12159.39,645.45,348.3,12159.39,6319.14,348.3,5024,73,74,74,2184
350.06,37643.51,34635.28,350.06,37643.51,42765.63,350.06,37643.51,33984.86,350.06,37643.51,36423.96,350.06,13385.95,3109,350.06,13385.95,1759.61,350.06,13385.95,693.59,350.06,13385.95,7070.81,350.06,5312,81,76,80,2360
351.82,39761.51,36671.66,351.82,39761.51,44640.22,351.82,39761.51,35533.29,351.82,39761.51,38623.14,351.82,14415.78,3201.02,351.82,14415.78,1846.74,351.82,14415.78,747.09,351.82,14415.78,7834.67,351.82,5648,84,80,84,2534
353.57,44015.08,40113.93,353.57,44015.08,49357.95,353.57,44015.08,39181.05,353.57,44015.08,42234.12,353.57,16129.11,3479.75,353.57,16129.11,1998.51,353.57,16129.11,825.85,353.57,16129.11,8828.69,353.57,5904,86,82,90,2716
355.32,48284.91,44557.03,355.32,48284.91,54054.25,355.32,48284.91,43669.44,355.32,48284.91,46864.77,355.32,17233.96,3584.47,355.32,17233.96,2124.57,355.32,17233.96,869.41,355.32,17233.96,9566.51,355.32,6240,91,87,89,2918
357.07,52455.84,48519.37,357.07,52455.84,59413.34,357.07,52455.84,47329.27,357.07,52455.84,50991.11,357.07,19705.38,3920.71,357.07,19705.38,2316.78,357.07,19705.38,986.54,357.07,19705.38,11011.08,357.07,6672,100,93,97,3132
358.82,58393.65,53274.73,358.82,58393.65,65029.3,358.82,58393.65,52137.19,358.82,58393.65,55739.4,358.82,20783.96,3852.64,358.82,20783.96,2331.86,358.82,20783.96,1039.2,358.82,20783.96,11760.68,358.82,7088,102,96,107,3362
360.57,62840.74,57732.52,360.57,62840.74,70262.12,360.57,62840.74,56190.42,360.57,62840.74,60623.96,360.57,22628.07,4168.33,360.57,22628.07,2498.41,360.57,22628.07,1126.23,360.57,22628.07,12919.23,360.57,7504,107,102,108,3634
362.31,69035.57,63349.11,362.31,69035.57,77515.37,362.31,69035.57,62052.2,362.31,69035.57,66641.27,362.31,24686.73,4381.63,362.31,24686.73,2685.08,362.31,24686.73,1239.01,362.31,24686.73,14387.23,362.31,8016,111,111,115,3902
364.05,71788.01,66068.64,364.05,71788.01,80564.29,364.05,71788.01,64983.93,364.05,71788.01,69322.76,364.05,26614.84,4489.57,364.05,26614.84,2809.34,364.05,26614.84,1307.22,364.05,26614.84,15404.35,364.05,8480,121,120,118,4166
365.79,77019.87,70947.35,365.79,77019.87,86229.87,365.79,77019.87,69125.59,365.79,77019.87,74186.03,365.79,28782.56,4778.57,365.79,28782.56,3014.39,365.79,28782.56,1434.27,365.79,28782.56,16836.13,365.79,8992,127,123,127,4408
367.53,81957.73,75805.68,367.53,81957.73,92072.1,367.53,81957.73,74033.06,367.53,81957.73,79246.66,367.53,29851.41,4901.8,367.53,29851.41,3125.59,367.53,29851.41,1497.39,367.53,29851.41,17500.53,367.53,9376,129,125,133,4622
369.27,83414.12,76926.36,369.27,83414.12,93609.18,369.27,83414.12,75175.69,369.27,83414.12,80736.63,369.27,31301.11,5049.47,369.27,31301.11,3250.07,369.27,31301.11,1579.7,369.27,31301.11,18468.21,369.27,9792,133,131,135,4804
371,88429.13,81279.1,371,88429.13,98733.6,371,88429.13,79176.15,371,88429.13,85169.56,371,33228.87,5301.88,371,33228.87,3458.98,371,33228.87,1694.05,371,33228.87,19506.37,371,10176,139,136,144,4986
372.73,96877.71,88703.31,372.73,96877.71,108145.13,372.73,96877.71,86935.87,372.73,96877.71,93453.3,372.73,35692.34,5725.89,372.73,35692.34,3807.57,372.73,35692.34,1856.55,372.73,35692.34,20825.37,372.73,10672,145,140,147,5184
374.46,102117.2,93616.64,374.46,102117.2,114371.27,374.46,102117.2,91187.9,374.46,102117.2,98032.51,374.46,38216.95,6114.71,374.46,38216.95,4071.57,374.46,38216.95,1999.04,374.46,38216.95,22136.43,374.46,11168,153,147,156,5444
376.19,108018.05,98860.24,376.19,108018.05,120927.26,376.19,108018.05,96984.54,376.19,108018.05,103714.98,376.19,40362.75,6374.61,376.19,40362.75,4347.66,376.19,40362.75,2155.47,376.19,40362.75,23368.68,376.19,11888,158,156,164,5768
377.92,115167.33,106230.97,377.92,115167.33,129688.91,377.92,115167.33,103996.88,377.92,115167.33,111369.37,377.92,43131.22,6864.46,377.92,43131.22,4743.26,377.92,43131.22,2342.17,377.92,43131.22,24968.38,377.92,12688,168,163,170,6114
379.64,122176.98,112420.98,379.64,122176.98,137264.76,379.64,122176.98,110265.58,379.64,122176.98,118093.07,379.64,44735.66,7205.16,379.64,44735.66,4991.53,379.64,44735.66,2463.21,379.64,44735.66,25753.39,379.64,13360,178,172,180,6424
381.37,123250.71,113117.5,381.37,123250.71,138340.39,381.37,123250.71,110363.91,381.37,123250.71,118624.68,381.37,47613.28,7915.93,381.37,47613.28,5532.32,381.37,47613.28,2681.56,381.37,47613.28,27308.48,381.37,14016,183,180,187,6674
383.09,129983.3,119660.12,383.09,129983.3,145634.58,383.09,129983.3,116441.06,383.09,129983.3,125210.21,383.09,49149.86,8614.19,383.09,49149.86,6006.89,383.09,49149.86,2844.99,383.09,49149.86,27902.49,383.09,14752,191,183,198,6966
384.81,138956.19,128046.86,384.81,138956.19,156807.82,384.81,138956.19,125071.59,384.81,138956.19,134548.38,384.81,52771.16,9493.07,384.81,52771.16,6711.11,384.81,52771.16,3129.7,384.81,52771.16,29769.82,384.81,15904,203,200,208,7454
386.53,151439.65,138985.01,386.53,151439.65,170507.38,386.53,151439.65,135898.9,386.53,151439.65,146038.97,386.53,56202.99,10760.47,386.53,56202.99,7540.8,386.53,56202.99,3424.43,386.53,56202.99,31702.44,386.53,17312,220,215,226,8042
388.25,163716.27,150137.13,388.25,163716.27,183865.97,388.25,163716.27,146632.83,388.25,163716.27,157912.28,388.25,60823.1,12337.29,388.25,60823.1,8480.14,388.25,60823.1,3759.67,388.25,60823.1,33837.03,388.25,18848,241,234,243,8702
389.96,177384.3,162846.38,389.96,177384.3,199408.16,389.96,177384.3,159157.66,389.96,177384.3,170766.29,389.96,66701.47,14253.4,389.96,66701.47,9813.13,389.96,66701.47,4207.12,389.96,66701.47,37081.12,389.96,20752,261,257,267,9516
391.68,192289.47,176993.71,391.68,192289.47,216871.93,391.68,192289.47,172514.24,391.68,192289.47,185843.4,391.68,72881.9,16541.36,391.68,72881.9,11101.58,391.68,72881.9,4673.07,391.68,72881.9,40146.11,391.68,22608,286,278,295,10314
393.39,204083.76,186508.69,393.39,204083.76,228901.88,393.39,204083.76,182354.59,393.39,204083.76,195882.06,393.39,77530.34,18677.76,393.39,77530.34,12442.81,393.39,77530.34,5052.35,393.39,77530.34,42506.15,393.39,24752,306,304,319,11172
395.1,227475.13,208695.7,395.1,227475.13,256121.72,395.1,227475.13,203390.78,395.1,227475.13,218881.15,395.1,85277.67,21716.67,395.1,85277.67,14049.63,395.1,85277.67,5621.18,395.1,85277.67,46373.05,395.1,27728,345,339,357,12476
396.81,244567.76,223456.2,396.81,244567.76,274960.25,396.81,244567.76,218764.74,396.81,244567.76,235490.81,396.81,93322.65,24792.87,396.81,93322.65,15838.45,396.81,93322.65,6201.45,396.81,93322.65,50465.66,396.81,31072,386,376,400,13890
398.52,274826,251638.19,398.52,274826,309204.46,398.52,274826,245992.46,398.52,274826,264845.16,398.52,103476.7,28653.92,398.52,103476.7,18044.16,398.52,103476.7,6930.37,398.52,103476.7,55757.96,398.52,35344,434,425,453,15744
400.23,292343.6,268290.01,400.23,292343.6,329543.88,400.23,292343.6,261473.2,400.23,292343.6,281631.47,400.23,112431.02,32617.35,400.23,112431.02,20138.74,400.23,112431.02,7598.36,400.23,112431.02,60428.58,400.23,39296,478,463,497,17398
401.93,309853.11,284503.27,401.93,309853.11,349925.37,401.93,309853.11,277385.81,401.93,309853.11,299030.68,401.93,117723.3,35770.14,401.93,117723.3,21560.91,401.93,117723.3,7975.37,401.93,117723.3,62537.49,401.93,42032,509,499,527,18466
403.64,316745.53,290622.18,403.64,316745.53,358043.46,403.64,316745.53,283419.06,403.64,316745.53,305508.65,403.64,122637.84,39058.32,403.64,122637.84,23006.63,403.64,122637.84,8368.78,403.64,122637.84,64591.83,403.64,43936,533,517,547,19054
405.34,321298.37,294358.08,405.34,321298.37,363363.03,405.34,321298.37,286701.37,405.34,321298.37,309482.45,405.34,125309.17,41651.06,405.34,125309.17,23946.39,405.34,125309.17,8546.77,405.34,125309.17,64980.4,405.34,45408,550,539,568,19430
407.04,331245.63,303226.56,407.04,331245.63,374590.57,407.04,331245.63,295328.56,407.04,331245.63,319022.54,407.04,129202.36,44555.78,407.04,129202.36,25074.38,407.04,129202.36,8838.89,407.04,129202.36,66069.92,407.04,47168,569,555,587,19904
408.74,341131.29,312155.96,408.74,341131.29,386214.32,408.74,341131.29,304194.69,408.74,341131.29,328911.66,408.74,132615.29,47218.04,408.74,132615.29,26069.97,408.74,132615.29,9099.19,408.74,132615.29,67043.63,408.74,49504,593,585,617,20608
410.44,349101.76,319572.14,410.44,349101.76,396023.07,410.44,349101.76,311510.37,410.44,349101.76,336782.66,410.44,136605.72,50021.14,410.44,136605.72,27174.62,410.44,136605.72,9386.01,410.44,136605.72,68336.67,410.44,52032,621,612,640,21388
412.14,361309.72,330742.81,412.14,361309.72,410128.17,412.14,361309.72,322325.83,412.14,361309.72,348285.55,412.14,141565.38,53076.01,412.14,141565.38,28387.95,412.14,141565.38,9739.78,412.14,141565.38,70177.05,412.14,55184,658,646,683,22434
413.84,369810.67,337912.55,413.84,369810.67,419689.29,413.84,369810.67,328922.3,413.84,369810.67,356238.84,413.84,145625.18,55670.08,413.84,145625.18,29450.23,413.84,145625.18,10016.85,413.84,145625.18,71520.44,413.84,58048,690,677,714,23364
415.53,376764.26,344027.76,415.53,376764.26,427930.81,415.53,376764.26,334938.96,415.53,376764.26,362541.97,415.53,147752.05,57447.56,415.53,147752.05,29993.92,415.53,147752.05,10150.67,415.53,147752.05,71950,415.53,60928,723,709,751,24256
417.23,380834.36,347618.73,417.23,380834.36,432948.53,417.23,380834.36,338292.17,417.23,380834.36,366517.28,417.23,149501.05,58777.33,417.23,149501.05,30541.16,417.23,149501.05,10289.07,417.23,149501.05,72172.57,417.23,63520,752,737,785,25042
418.92,382095.38,349097.31,418.92,382095.38,435082.66,418.92,382095.38,339499.32,418.92,382095.38,368055.34,418.92,149521.22,59321.13,418.92,149521.22,30645.03,418.92,149521.22,10258.87,418.92,149521.22,71583.04,418.92,65920,777,763,812,25694
420.61,383697.25,350288.67,420.61,383697.25,436934.96,420.61,383697.25,340721.31,420.61,383697.25,369269.07,420.61,150819.56,60255.48,420.61,150819.56,30993.97,420.61,150819.56,10344.81,420.61,150819.56,71611.68,420.61,68096,801,785,834,26296
422.3,382359.41,348936.12,422.3,382359.41,435866.99,422.3,382359.41,339310.82,422.3,382359.41,368035.14,422.3,150603.26,60465.8,422.3,150603.26,30981.24,422.3,150603.26,10303.69,422.3,150603.26,70886.43,422.3,69200,810,798,849,26440
423.99,381057.13,347471.68,423.99,381057.13,434972.59,423.99,381057.13,338088.61,423.99,381057.13,366833.58,423.99,150017.45,60293.92,423.99,150017.45,30910.29,423.99,150017.45,10252.08,423.99,150017.45,69867.74,423.99,70064,821,809,852,26454
425.68,381838.05,348265.81,425.68,381838.05,436070.12,425.68,381838.05,338452.39,425.68,381838.05,367597.52,425.68,149704.67,60410.67,425.68,149704.67,30907.36,425.68,149704.67,10215.84,425.68,149704.67,69053.79,425.68,70624,823,810,860,26330
427.37,378757.22,344947.42,427.37,378757.22,432532.29,427.37,378757.22,335256.24,427.37,378757.22,364111.16,427.37,149685.35,60496.01,427.37,149685.35,30948.06,427.37,149685.35,10203.13,427.37,149685.35,68251.21,427.37,70832,830,817,859,26050
429.06,377957.13,344225.24,429.06,377957.13,432771.45,429.06,377957.13,334629.09,429.06,377957.13,363635.61,429.06,149393.05,60473.79,429.06,149393.05,30879.27,429.06,149393.05,10155.87,429.06,149393.05,67268.49,429.06,70976,827,818,859,25740
430.74,387759.6,352469.28,430.74,387759.6,443515.41,430.74,387759.6,342706.59,430.74,387759.6,372500.87,430.74,152611.75,61928.89,430.74,152611.75,31620.39,430.74,152611.75,10349.19,430.74,152611.75,67877.37,430.74,73024,853,844,888,26080
432.43,414711.83,376978.27,432.43,414711.83,475028.35,432.43,414711.83,366544.37,432.43,414711.83,398775.12,432.43,164118.26,66679.74,432.43,164118.26,34054.36,432.43,164118.26,11125.94,432.43,164118.26,72243.83,432.43,78992,916,910,959,27902
434.11,430558.28,391654.12,434.11,430558.28,493115.62,434.11,430558.28,380004.05,434.11,430558.28,413471.52,434.11,170539.03,69376.29,434.11,170539.03,35473.11,434.11,170539.03,11551.69,434.11,170539.03,74412.38,434.11,83152,963,953,1005,29082
435.79,446057.18,405544.24,435.79,446057.18,511666.03,435.79,446057.18,393791.34,435.79,446057.18,429119.18,435.79,176760.92,72000.27,435.79,176760.92,36777.68,435.79,176760.92,11971.97,435.79,176760.92,76337.22,435.79,87984,1017,1008,1065,30432
437.47,451797.84,410504.13,437.47,451797.84,518503.07,437.47,451797.84,398609.37,437.47,451797.84,434158.46,437.47,179484.7,73124.65,437.47,179484.7,37440.5,437.47,179484.7,12142.41,437.47,179484.7,76806.21,437.47,91424,1059,1045,1109,31292
439.15,459904.78,417802.22,439.15,459904.78,528058.32,439.15,459904.78,405171.44,439.15,459904.78,442076.98,439.15,182982.24,74626.24,439.15,182982.24,38184.31,439.15,182982.24,12367.16,439.15,182982.24,77445.28,439.15,95744,1110,1098,1161,32382
440.83,478596.69,434089.51,440.83,478596.69,549692.58,440.83,478596.69,421437.4,440.83,478596.69,459779.08,440.83,190932.79,77753.47,440.83,190932.79,39866.15,440.83,190932.79,12904.61,440.83,190932.79,80094.28,440.83,102016,1181,1171,1238,34174
442.51,492964.99,447531.58,442.51,492964.99,566919.1,442.51,492964.99,433926.52,442.51,492964.99,473680.75,442.51,197396.19,80307.92,442.51,197396.19,41220.97,442.51,197396.19,13321.89,442.51,197396.19,82088.88,442.51,108224,1251,1243,1312,35904
444.19,500407.38,453912.84,444.19,500407.38,575998.9,444.19,500407.38,440273.63,444.19,500407.38,480827.54,444.19,200396.28,81416.7,444.19,200396.28,41896.47,444.19,200396.28,13512.96,444.19,200396.28,82696.21,444.19,113216,1315,1299,1373,37188
445.86,508724.93,461243.15,445.86,508724.93,585608.67,445.86,508724.93,447609.18,445.86,508724.93,488807.48,445.86,203112.93,82374.73,445.86,203112.93,42417.72,445.86,203112.93,13669.21,445.86,203112.93,83101.09,445.86,117904,1369,1361,1437,38336
447.54,519713.71,470997.79,447.54,519713.71,598725.02,447.54,519713.71,456979.65,447.54,519713.71,499091.99,447.54,208926.26,84444.07,447.54,208926.26,43641.57,447.54,208926.26,14042.47,447.54,208926.26,84815.33,447.54,123408,1436,1421,1505,39770
449.21,526721.38,477188.41,449.21,526721.38,607361.73,449.21,526721.38,462686.8,449.21,526721.38,505850.43,449.21,212149.3,85714.28,449.21,212149.3,44312.48,449.21,212149.3,14232.54,449.21,212149.3,85499.21,449.21,127360,1480,1469,1552,40666
450.89,531686.88,482063.52,450.89,531686.88,613658.56,450.89,531686.88,467272.49,450.89,531686.88,510685.87,450.89,213711.19,86079.31,450.89,213711.19,44633.45,450.89,213711.19,14313.94,450.89,213711.19,85531.44,450.89,129360,1509,1492,1573,40910
452.56,526121.04,477087.8,452.56,526121.04,607843.11,452.56,526121.04,461870.59,452.56,526121.04,505267.82,452.56,211517.05,85092.9,452.56,211517.05,44159.62,452.56,211517.05,14124.11,452.56,211517.05,83941.65,452.56,128192,1498,1483,1565,40132
454.23,526642.47,477058.37,454.23,526642.47,608593.21,454.23,526642.47,462132.82,454.23,526642.47,505567.83,454.23,213517.2,85748.28,454.23,213517.2,44510.01,454.23,213517.2,14214.33,454.23,213517.2,83842.13,454.23,129264,1509,1505,1583,39960
455.9,538202.68,486977.31,455.9,538202.68,622046.4,455.9,538202.68,471676.95,455.9,538202.68,516457.12,455.9,217163.56,87186.92,455.9,217163.56,45272.04,455.9,217163.56,14431.58,455.9,217163.56,84605.02,455.9,131456,1541,1528,1615,40220
457.57,541409.05,489883.38,457.57,541409.05,626654.55,457.57,541409.05,474525.84,457.57,541409.05,519652.53,457.57,218995,87821.98,457.57,218995,45668.85,457.57,218995,14532.45,457.57,218995,84653.59,457.57,133136,1562,1556,1635,40310
459.24,541312.29,489452.99,459.24,541312.29,626592.02,459.24,541312.29,474032.39,459.24,541312.29,519525.89,459.24,220029.11,88202.66,459.24,220029.11,45906.11,459.24,220029.11,14566.43,459.24,220029.11,84270.05,459.24,134992,1592,1580,1663,40416
460.91,546934.91,494289.93,460.91,546934.91,633469.43,460.91,546934.91,478723.44,460.91,546934.91,524612.14,460.91,222343.57,89097.87,460.91,222343.57,46367.68,460.91,222343.57,14710.76,460.91,222343.57,84402.32,460.91,138528,1635,1627,1710,41028
462.58,549104.03,496302.5,462.58,549104.03,636646.21,462.58,549104.03,480419.55,462.58,549104.03,526793.53,462.58,223204.77,89518.81,462.58,223204.77,46590.63,462.58,223204.77,14762.09,462.58,223204.77,84093.22,462.58,141376,1676,1670,1746,41466
464.24,544217.24,491484.22,464.24,544217.24,631138.67,464.24,544217.24,475995.84,464.24,544217.24,522046.58,464.24,221857.35,88886.69,464.24,221857.35,46293.49,464.24,221857.35,14654.72,464.24,221857.35,82883.71,464.24,143600,1703,1706,1788,41710
465.91,543209.67,490399.01,465.91,543209.67,630354.79,465.91,543209.67,474842.78,465.91,543209.67,520957.7,465.91,221823.47,88915.93,465.91,221823.47,46277.99,465.91,221823.47,14654.16,465.91,221823.47,82141.01,465.91,147520,1761,1757,1845,42392
467.57,545525.09,492376.87,467.57,545525.09,633049.01,467.57,545525.09,476529.92,467.57,545525.09,522900.53,467.57,222956.53,89423.75,467.57,222956.53,46583.24,467.57,222956.53,14738.59,467.57,222956.53,81881.76,467.57,153056,1835,1832,1924,43504
469.24,548882.91,495403.7,469.24,548882.91,637636.63,469.24,548882.91,479326.84,469.24,548882.91,526328.02,469.24,224088.48,89922.09,469.24,224088.48,46807.6,469.24,224088.48,14849.84,469.24,224088.48,81697.66,469.24,159104,1917,1911,2007,44792
470.9,551501.84,497487.83,470.9,551501.84,640746.36,470.9,551501.84,481315.69,470.9,551501.84,528549.32,470.9,226475.97,90798.14,470.9,226475.97,47299.55,470.9,226475.97,15019.41,470.9,226475.97,81797.42,470.9,165344,1998,1994,2101,46104
472.56,557498.98,503069.53,472.56,557498.98,648498.21,472.56,557498.98,486328.89,472.56,557498.98,534581.32,472.56,228507.02,91577.59,472.56,228507.02,47772.36,472.56,228507.02,15214.54,472.56,228507.02,81912.73,472.56,171408,2080,2076,2187,47370
474.22,559005.06,503986.43,474.22,559005.06,650351.77,474.22,559005.06,487621.24,474.22,559005.06,535883.19,474.22,229192.3,91807.72,474.22,229192.3,47894.04,474.22,229192.3,15312.56,474.22,229192.3,81495.98,474.22,175312,2137,2131,2244,48020
475.88,557222.28,502294.6,475.88,557222.28,648638.86,475.88,557222.28,485539.93,475.88,557222.28,534033.47,475.88,229302.03,91816.56,475.88,229302.03,47917.84,475.88,229302.03,15380.69,475.88,229302.03,80883.63,475.88,177680,2177,2168,2277,48220
477.54,562052.47,506798.25,477.54,562052.47,654960.46,477.54,562052.47,489800.26,477.54,562052.47,538771.68,477.54,231336.93,92461.56,477.54,231336.93,48332.93,477.54,231336.93,15570.65,477.54,231336.93,81013.41,477.54,179920,2206,2197,2311,48418
479.2,562408.9,507136.79,479.2,562408.9,655869.81,479.2,562408.9,490183.21,479.2,562408.9,539313.98,479.2,232170.04,92754.04,479.2,232170.04,48527.98,479.2,232170.04,15679.69,479.2,232170.04,80831.55,479.2,179360,2208,2202,2310,47918
480.86,556530.29,501579.51,480.86,556530.29,649358.49,480.86,556530.29,484725.6,480.86,556530.29,533619.5,480.86,230210.37,91837.07,480.86,230210.37,48088.94,480.86,230210.37,15582.44,480.86,230210.37,79596.66,480.86,175264,2167,2155,2264,46520
482.52,541126.82,487598.01,482.52,541126.82,631782.61,482.52,541126.82,471017.89,482.52,541126.82,518752.58,482.52,224662.34,89640.81,482.52,224662.34,46946.18,482.52,224662.34,15235.7,482.52,224662.34,77198.08,482.52,167840,2081,2069,2169,44252
484.17,527104.94,474762.48,484.17,527104.94,615478.28,484.17,527104.94,458450.9,484.17,527104.94,505159.28,484.17,217324.44,86588,484.17,217324.44,45409.49,484.17,217324.44,14758.38,484.17,217324.44,74101.27,484.17,159168,1982,1971,2064,41610
485.83,513974.88,462794.3,485.83,513974.88,600644.98,485.83,513974.88,447010.93,485.83,513974.88,492561.18,485.83,211752.5,84343.72,485.83,211752.5,44216.01,485.83,211752.5,14372,485.83,211752.5,71509.33,485.83,152448,1908,1903,1992,39408
487.49,531118.76,477740.46,487.49,531118.76,620347.46,487.49,531118.76,461521.31,487.49,531118.76,508542.82,487.49,219693.09,87375.72,487.49,219693.09,45830.26,487.49,219693.09,14894.83,487.49,219693.09,73401.45,487.49,155664,1953,1950,2039,39738
489.14,546192.43,491137.06,489.14,546192.43,638295.29,489.14,546192.43,474536.04,489.14,546192.43,523072.93,489.14,226487.9,90090.17,489.14,226487.9,47294.27,489.14,226487.9,15358.23,489.14,226487.9,75148.68,489.14,159504,2009,1999,2091,40368
490.79,551542.82,496108.8,490.79,551542.82,645253.81,490.79,551542.82,479045.01,490.79,551542.82,528324.87,490.79,228847.55,90905.84,490.79,228847.55,47750.93,490.79,228847.55,15506.98,490.79,228847.55,75375.94,490.79,161488,2042,2036,2128,40548
492.45,554999.26,498879.35,492.45,554999.26,649144.76,492.45,554999.26,481565.76,492.45,554999.26,531302.14,492.45,230422.06,91537.2,492.45,230422.06,48101.03,492.45,230422.06,15603.75,492.45,230422.06,75360.89,492.45,164944,2095,2090,2184,40998
494.1,561327.13,504207.27,494.1,561327.13,656855.94,494.1,561327.13,486707.86,494.1,561327.13,537142.05,494.1,234055.62,92908.48,494.1,234055.62,48859.08,494.1,234055.62,15838.28,494.1,234055.62,75980.04,494.1,170928,2176,2178,2277,42088
495.75,560211.09,503335.77,495.75,560211.09,656092.88,495.75,560211.09,485946.3,495.75,560211.09,536240.65,495.75,233837.26,92839.38,495.75,233837.26,48852.87,495.75,233837.26,15815.63,495.75,233837.26,75416.94,495.75,175872,2256,2254,2352,42962
497.4,550930.64,494814.6,497.4,550930.64,645271.24,497.4,550930.64,477680.9,497.4,550930.64,527313.91,497.4,230460.9,91436.72,497.4,230460.9,48153.19,497.4,230460.9,15568.53,497.4,230460.9,73882.6,497.4,179344,2315,2313,2417,43460
499.05,542724.31,487303.71,499.05,542724.31,636038.65,499.05,542724.31,470344.84,499.05,542724.31,519436.3,499.05,227399.47,90222.92,499.05,227399.47,47553.39,499.05,227399.47,15354.44,499.05,227399.47,72347.56,499.05,183232,2382,2380,2485,44042
500.7,537682.71,482655.1,500.7,537682.71,630099.37,500.7,537682.71,465720.52,500.7,537682.71,514412.33,500.7,224946.98,89279.89,500.7,224946.98,47046.93,500.7,224946.98,15169.9,500.7,224946.98,71029.11,500.7,188352,2464,2462,2571,44856
502.35,542493.78,486849.52,502.35,542493.78,636128.87,502.35,542493.78,469800.9,502.35,542493.78,519056.66,502.35,227263.47,90209.4,502.35,227263.47,47567.58,502.35,227263.47,15319.49,502.35,227263.47,71234.21,502.35,196752,2590,2593,2703,46436
503.99,546349.8,490266.81,503.99,546349.8,640875.01,503.99,546349.8,472920.04,503.99,546349.8,522755.25,503.99,229414.76,90995.19,503.99,229414.76,48029.54,503.99,229414.76,15448.27,503.99,229414.76,71441.58,503.99,204511.99,2707,2707,2831,47910
505.64,550030.39,493483.53,505.64,550030.39,645495.85,505.64,550030.39,475998.88,505.64,550030.39,526334.56,505.64,231083.73,91623.93,505.64,231083.73,48422.23,505.64,231083.73,15546.89,505.64,231083.73,71536.27,505.64,210895.99,2814,2807,2935,49066
507.29,546111.72,489939.02,507.29,546111.72,641252.03,507.29,546111.72,472415.96,507.29,546111.72,522582.78,507.29,229536.25,90985.75,507.29,229536.25,48123.46,507.29,229536.25,15428.51,507.29,229536.25,70690.65,507.29,212815.99,2858,2849,2979,49176
508.93,546112.12,489704.53,508.93,546112.12,641452.83,508.93,546112.12,472265.01,508.93,546112.12,522521.59,508.93,229955.85,91152.18,508.93,229955.85,48237.23,508.93,229955.85,15442.23,508.93,229955.85,70411.87,508.93,215199.99,2908,2900,3028,49374
510.58,542180.6,486464.92,510.58,542180.6,637413.92,510.58,542180.6,468975.22,510.58,542180.6,518791.18,510.58,228625.51,90584.69,510.58,228625.51,48008.6,510.58,228625.51,15336.46,510.58,228625.51,69674.15,510.58,214271.99,2913,2903,3031,48876
512.22,534091.75,479095.19,512.22,534091.75,628351.5,512.22,534091.75,461921.93,512.22,534091.75,511053.6,512.22,225238.56,89199.07,512.22,225238.56,47299.73,512.22,225238.56,15096.94,512.22,225238.56,68265.64,512.22,209583.99,2866,2861,2981,47508
513.86,517032.44,463794.94,513.86,517032.44,608626.53,513.86,517032.44,447067.21,513.86,517032.44,494941.9,513.86,218996.85,86724.26,513.86,218996.85,46023.19,513.86,218996.85,14665.22,513.86,218996.85,66032.86,513.86,201055.99,2771,2762,2888,45312
515.51,501907.15,449888.56,515.51,501907.15,591025.11,515.51,501907.15,433741.12,515.51,501907.15,480304.99,515.51,211859.78,83829.62,515.51,211859.78,44516.81,515.51,211859.78,14172.06,515.51,211859.78,63521.52,515.51,190800,2657,2646,2750,42746
517.15,493691.24,442384.77,517.15,493691.24,581240.04,517.15,493691.24,426215.69,517.15,493691.24,472218.4,517.15,207804.84,82187.96,517.15,207804.84,43673.67,517.15,207804.84,13883.6,517.15,207804.84,61878.38,517.15,183216,2577,2567,2669,40656
518.79,512430.02,459121.4,518.79,512430.02,603339.58,518.79,512430.02,442401.54,518.79,512430.02,489974.42,518.79,216156.11,85461.24,518.79,216156.11,45453.01,518.79,216156.11,14424.7,518.79,216156.11,63851.61,518.79,187120,2644,2640,2744,41092
520.43,528980.23,473886.84,520.43,528980.23,623072.73,520.43,528980.23,456536.99,520.43,528980.23,505847.09,520.43,223596.32,88327.34,520.43,223596.32,47012.61,520.43,223596.32,14899.92,520.43,223596.32,65662.54,520.43,190384,2711,2706,2812,41510
522.07,537134.18,480906.84,522.07,537134.18,632701.46,522.07,537134.18,463328.6,522.07,537134.18,513415.07,522.07,226954.19,89625.48,522.07,226954.19,47739.1,522.07,226954.19,15108.41,522.07,226954.19,66276.12,522.07,191136,2742,2738,2841,41390
523.71,536086.59,480219.39,523.71,536086.59,632238.2,523.71,536086.59,462558.89,523.71,536086.59,512770.11,523.71,228148.42,90052.63,523.71,228148.42,47981.39,523.71,228148.42,15170.51,523.71,228148.42,66231.82,523.71,191264,2770,2759,2866,41116
525.34,530073.55,474489.9,525.34,530073.55,625316.05,525.34,530073.55,457110.44,525.34,530073.55,506875.41,525.34,224813.12,88660.87,525.34,224813.12,47280.66,525.34,224813.12,14933.57,525.34,224813.12,64899.75,525.34,188688,2755,2747,2844,40316
526.98,534409.9,478086.54,526.98,534409.9,630072.6,526.98,534409.9,460497.32,526.98,534409.9,510617.16,526.98,226388.1,89286.11,526.98,226388.1,47612.48,526.98,226388.1,15014.91,526.98,226388.1,64884.97,526.98,192048,2827,2829,2928,40600
528.62,553272.73,494824.78,528.62,553272.73,652600.91,528.62,553272.73,476738.16,528.62,553272.73,528588.94,528.62,235432.59,92844.54,528.62,235432.59,49548.72,528.62,235432.59,15603.53,528.62,235432.59,67013.88,528.62,203407.99,3016,3014,3122,42632
530.25,551969.68,493595.91,530.25,551969.68,651353.1,530.25,551969.68,475473.68,530.25,551969.68,527529.95,530.25,236028.21,93006.49,530.25,236028.21,49645.03,530.25,236028.21,15620.02,530.25,236028.21,66839.59,530.25,208927.99,3123,3118,3226,43578
531.89,545902.89,488131.12,531.89,545902.89,644258.71,531.89,545902.89,470206.79,531.89,545902.89,521699.78,531.89,232679.1,91632.19,531.89,232679.1,48974.36,531.89,232679.1,15386.46,531.89,232679.1,65542.21,531.89,211951.99,3193,3189,3303,43924
533.52,548764.69,490679.4,533.52,548764.69,647717.23,533.52,548764.69,472508.61,533.52,548764.69,524264.74,533.52,234527.96,92371.96,533.52,234527.96,49379.15,533.52,234527.96,15490.8,533.52,234527.96,65630.28,533.52,219871.99,3339,3328,3449,45174
535.16,550580.27,492353.44,535.16,550580.27,650397.7,535.16,550580.27,474066.78,535.16,550580.27,526154.05,535.16,236088.72,92971.33,535.16,236088.72,49761.7,535.16,236088.72,15590.2,535.16,236088.72,65761.95,535.16,227887.99,3487,3478,3601,46566
536.79,544399.05,486823.32,536.79,544399.05,643100.29,536.79,544399.05,468638.13,536.79,544399.05,520269.93,536.79,233671.23,92025.43,536.79,233671.23,49276.99,536.79,233671.23,15415.09,536.79,233671.23,64755.1,536.79,231871.99,3577,3563,3692,47132
538.42,534250.59,477616.14,538.42,534250.59,631347.17,538.42,534250.59,459751.38,538.42,534250.59,510618.95,538.42,229653.69,90420.31,538.42,229653.69,48452.77,538.42,229653.69,15139.64,538.42,229653.69,63309.48,538.42,233711.99,3633,3616,3750,47240
540.05,527548.61,471400.92,540.05,527548.61,623555.94,540.05,527548.61,453852.84,540.05,527548.61,504007.76,540.05,226234.86,89066.68,540.05,226234.86,47765.03,540.05,226234.86,14905.02,540.05,226234.86,61979.48,540.05,234943.99,3680,3664,3796,47186
541.68,531799.96,475106.16,541.68,531799.96,628664.5,541.68,531799.96,457218.81,541.68,531799.96,507879.42,541.68,228340.43,89929.44,541.68,228340.43,48231.53,541.68,228340.43,15039.82,541.68,228340.43,62163.62,541.68,240303.99,3792,3778,3909,47932
543.31,535637.98,478524.88,543.31,535637.98,633438.9,543.31,535637.98,460628.24,543.31,535637.98,511705.73,543.31,230249.73,90672.2,543.31,230249.73,48694.18,543.31,230249.73,15153.99,543.31,230249.73,62374.19,543.31,244607.99,3891,3874,4008,48520
544.94,535669.59,478675.83,544.94,535669.59,633868.71,544.94,535669.59,460704.55,544.94,535669.59,511897.27,544.94,230450.46,90730.56,544.94,230450.46,48766.87,544.94,230450.46,15157.49,544.94,230450.46,62138.63,544.94,245791.99,3943,3919,4056,48504
546.57,532190.35,475569.26,546.57,532190.35,630186.07,546.57,532190.35,457572.49,546.57,532190.35,508513.52,546.57,228913.77,90054.75,546.57,228913.77,48456.14,546.57,228913.77,15042.86,546.57,228913.77,61446.6,546.57,243887.99,3945,3920,4053,47890
548.2,532027.3,475249.68,548.2,532027.3,630111.38,548.2,532027.3,457255.08,548.2,532027.3,508384.98,548.2,228761.45,90027.6,548.2,228761.45,48474.21,548.2,228761.45,15030.38,548.2,228761.45,61118.94,548.2,242447.99,3951,3924,4061,47316
549.83,532014.72,475321.89,549.83,532014.72,630294.42,549.83,532014.72,457121.95,549.83,532014.72,508476.13,549.83,229031.57,90103.76,549.83,229031.57,48552.26,549.83,229031.57,15048.52,549.83,229031.57,60968.29,549.83,240015.99,3946,3916,4051,46596
551.45,530300.21,473633.01,551.45,530300.21,628451.48,551.45,530300.21,455554.95,551.45,530300.21,506647.81,551.45,228396.33,89862.91,551.45,228396.33,48448.59,551.45,228396.33,15000.18,551.45,228396.33,60515.73,551.45,235327.99,3907,3875,4005,45450
553.08,531358.41,474376.7,553.08,531358.41,629749.98,553.08,531358.41,456293.24,553.08,531358.41,507561.09,553.08,228861.69,90018.02,553.08,228861.69,48569.21,553.08,228861.69,15022.95,553.08,228861.69,60361.05,553.08,231071.99,3869,3842,3964,44350
554.7,530126.63,473248.56,554.7,530126.63,628536.25,554.7,530126.63,455216.39,554.7,530126.63,506339.52,554.7,228774.3,89924.81,554.7,228774.3,48575.96,554.7,228774.3,15011.08,554.7,228774.3,60074.83,554.7,226479.99,3826,3799,3921,43224
556.33,521080.33,465104.84,556.33,521080.33,617978.53,556.33,521080.33,447184.87,556.33,521080.33,497751.78,556.33,225159,88571.09,556.33,225159,47829.81,556.33,225159,14765.93,556.33,225159,58890.07,556.33,218287.99,3726,3696,3808,41442
557.95,512375.6,457413.18,557.95,512375.6,608063.2,557.95,512375.6,439732.5,557.95,512375.6,489562.89,557.95,221667.86,87125.94,557.95,221667.86,47125.52,557.95,221667.86,14533.85,557.95,221667.86,57672.49,557.95,210735.99,3637,3609,3713,39780
559.58,515133.24,459682.19,559.58,515133.24,611373.95,559.58,515133.24,442027.97,559.58,515133.24,492098.69,559.58,222343.17,87382.01,559.58,222343.17,47256.68,559.58,222343.17,14562.13,559.58,222343.17,57506.83,559.58,208287.99,3627,3602,3704,39004
561.2,520377.51,464160.75,561.2,520377.51,617571.53,561.2,520377.51,446449.09,561.2,520377.51,496942.57,561.2,225125.82,88440.29,561.2,225125.82,47845.05,561.2,225125.82,14738.11,561.2,225125.82,57919.41,561.2,208735.99,3667,3638,3745,38834
562.82,521721.81,465334.14,562.82,521721.81,619347.21,562.82,521721.81,447432.76,562.82,521721.81,498215.63,562.82,225969.71,88781.83,562.82,225969.71,48055.49,562.82,225969.71,14784.51,562.82,225969.71,57847.95,562.82,208591.99,3696,3673,3774,38572
564.44,518223.38,462119.71,564.44,518223.38,615280.35,564.44,518223.38,444230.12,564.44,518223.38,494889.12,564.44,224866.15,88302.28,564.44,224866.15,47823.02,564.44,224866.15,14707.33,564.44,224866.15,57280.31,564.44,207983.99,3719,3691,3792,38222
566.06,516732.92,460708.9,566.06,516732.92,613586.88,566.06,516732.92,442870.9,566.06,516732.92,493339.38,566.06,224350.57,88074.95,566.06,224350.57,47710.35,566.06,224350.57,14660.27,566.06,224350.57,56795.39,566.06,209279.99,3771,3741,3848,38174
567.68,515050.18,459297.66,567.68,515050.18,611923.47,567.68,515050.18,441429.12,567.68,515050.18,491764.92,567.68,223886.35,87940.99,567.68,223886.35,47648.03,567.68,223886.35,14624.47,567.68,223886.35,56341.63,567.68,211503.99,3842,3811,3912,38344
569.3,508054.04,452880.75,569.3,508054.04,603474.05,569.3,508054.04,435072.47,569.3,508054.04,484968.04,569.3,221112.16,86879.6,569.3,221112.16,47061.28,569.3,221112.16,14427.58,569.3,221112.16,55322.92,569.3,212703.99,3887,3858,3961,38316
570.92,509126.37,453557.16,570.92,509126.37,604816.6,570.92,509126.37,435802.82,570.92,509126.37,485938.31,570.92,221510.03,86948.52,570.92,221510.03,47174.57,570.92,221510.03,14442.83,570.92,221510.03,55022.38,570.92,218063.99,4007,3979,4086,38962
572.53,517077.04,460559.82,572.53,517077.04,614347.13,572.53,517077.04,442512.56,572.53,517077.04,493507.63,572.53,225141.88,88387.45,572.53,225141.88,47943.24,572.53,225141.88,14670.6,572.53,225141.88,55596.35,572.53,227055.99,4195,4159,4269,40290
574.15,512481,456674.84,574.15,512481,609399.58,574.15,512481,438652.55,574.15,512481,489210.94,574.15,223683.61,87828.07,574.15,223683.61,47656.54,574.15,223683.61,14577.23,574.15,223683.61,54995.69,574.15,231791.99,4297,4265,4369,40922
575.77,507919.97,452414.06,575.77,507919.97,603947.55,575.77,507919.97,434485.41,575.77,507919.97,484685.62,575.77,221695.53,87050.08,575.77,221695.53,47258.88,575.77,221695.53,14434.7,575.77,221695.53,54223.86,575.77,236127.99,4386,4357,4468,41442
577.38,505279.01,450009.25,577.38,505279.01,601051.59,577.38,505279.01,432294.58,577.38,505279.01,482349.15,577.38,220809.47,86612.51,577.38,220809.47,47071.85,577.38,220809.47,14362.47,577.38,220809.47,53755.28,577.38,241839.99,4499,4464,4579,42218
578.99,507750.73,452065.51,578.99,507750.73,603961.96,578.99,507750.73,434223,578.99,507750.73,484569.3,578.99,221730.47,87018.2,578.99,221730.47,47274.42,578.99,221730.47,14416.41,578.99,221730.47,53792.51,578.99,248607.99,4626,4593,4713,43180
580.61,515409.5,458764.55,580.61,515409.5,613211.4,580.61,515409.5,440812.54,580.61,515409.5,491933.8,580.61,225198.12,88392.07,580.61,225198.12,48044.58,580.61,225198.12,14633.69,580.61,225198.12,54509.07,580.61,257919.99,4791,4750,4877,44616
582.22,521101.39,464063.03,582.22,521101.39,620038.96,582.22,521101.39,445645.5,582.22,521101.39,497139.95,582.22,227792.68,89422.13,582.22,227792.68,48618.18,582.22,227792.68,14794.54,582.22,227792.68,55037.28,582.22,265135.99,4908,4868,4997,45678
583.83,518413.46,461736.68,583.83,518413.46,617150.1,583.83,518413.46,443353.59,583.83,518413.46,494710.34,583.83,226996.12,89099.5,583.83,226996.12,48456.01,583.83,226996.12,14737.44,583.83,226996.12,54702.37,583.83,267263.99,4923,4881,5016,45906
585.44,509999.6,454261.37,585.44,509999.6,607331.97,585.44,509999.6,436214.54,585.44,509999.6,486818.99,585.44,223278.46,87665.47,585.44,223278.46,47692.17,585.44,223278.46,14489.32,585.44,223278.46,53590.77,585.44,264303.99,4844,4803,4934,45214
587.05,498552.75,444119.54,587.05,498552.75,593980.8,587.05,498552.75,426315.02,587.05,498552.75,475937.6,587.05,218956.05,85933.58,587.05,218956.05,46768.16,587.05,218956.05,14199.56,587.05,218956.05,52278.87,587.05,259535.99,4730,4688,4810,44202
588.66,470196.5,418989.33,588.66,470196.5,560623.96,588.66,470196.5,401981.6,588.66,470196.5,449009.14,588.66,206224.55,80957.13,588.66,206224.55,44050.2,588.66,206224.55,13372.58,588.66,206224.55,48911.29,588.66,243375.99,4412,4372,4483,41292
590.27,475299.51,423052.44,590.27,475299.51,566240.24,590.27,475299.51,406123.97,590.27,475299.51,453560.91,590.27,207871.71,81636.89,590.27,207871.71,44434.89,590.27,207871.71,13463.49,590.27,207871.71,48910.99,590.27,242367.99,4364,4324,4445,40770
591.88,485902.69,432656.4,591.88,485902.69,579211.75,591.88,485902.69,415294.07,591.88,485902.69,463876.25,591.88,212860.85,83628.74,591.88,212860.85,45520.59,591.88,212860.85,13777.9,591.88,212860.85,49952.99,591.88,244479.99,4360,4325,4444,40956
593.49,486597.75,433230.21,593.49,486597.75,580478.49,593.49,486597.75,415788.94,593.49,486597.75,464377.3,593.49,213343.04,83762.35,593.49,213343.04,45618.79,593.49,213343.04,13797.3,593.49,213343.04,49878.28,593.49,240239.99,4238,4204,4317,40086
595.1,486013.31,432435.06,595.1,486013.31,579530.19,595.1,486013.31,415098.44,595.1,486013.31,463831.41,595.1,213213.22,83775.22,595.1,213213.22,45607.9,595.1,213213.22,13784.49,595.1,213213.22,49649.66,595.1,235039.99,4093,4059,4173,39020
596.7,489729.69,435737.88,596.7,489729.69,584243.94,596.7,489729.69,418264.9,596.7,489729.69,467395.15,596.7,215018.65,84433.8,596.7,215018.65,45986.62,596.7,215018.65,13892.84,596.7,215018.65,49920.77,596.7,231711.99,3961,3935,4041,38282
598.31,488848.49,434921.29,598.31,488848.49,583213.79,598.31,488848.49,417227.79,598.31,488848.49,466249.87,598.31,214641.3,84338.01,598.31,214641.3,45944.78,598.31,214641.3,13856.82,598.31,214641.3,49695.96,598.31,226271.99,3789,3765,3870,37220
599.91,488619.88,434716.58,599.91,488619.88,583360.83,599.91,488619.88,417206.21,599.91,488619.88,466247.18,599.91,214727.46,84343.45,599.91,214727.46,45923.21,599.91,214727.46,13844.87,599.91,214727.46,49544.75,599.91,221343.99,3629,3610,3707,36232
601.52,487571.61,433548.91,601.52,487571.61,582126.54,601.52,487571.61,415956.59,601.52,487571.61,465026.71,601.52,214277.96,84170.24,601.52,214277.96,45834.86,601.52,214277.96,13804.97,601.52,214277.96,49281.02,601.52,216575.99,3483,3467,3565,35270
603.12,494482.18,439693.96,603.12,494482.18,590361.56,603.12,494482.18,421893.96,603.12,494482.18,471746.3,603.12,217301.83,85390.93,603.12,217301.83,46493.9,603.12,217301.83,13992.06,603.12,217301.83,49766.46,603.12,216159.99,3435,3421,3519,34996
604.72,497990.69,442505.74,604.72,497990.69,594628.8,604.72,497990.69,424708.09,604.72,497990.69,474947.42,604.72,219228.69,86110.45,604.72,219228.69,46893.22,604.72,219228.69,14102.78,604.72,219228.69,50026.2,604.72,215007.99,3392,3381,3477,34662
606.32,496913.64,441764.12,606.32,496913.64,593614.62,606.32,496913.64,423812.13,606.32,496913.64,473850.54,606.32,218835.6,85925.97,606.32,218835.6,46792.2,606.32,218835.6,14054.58,606.32,218835.6,49744.27,606.32,212383.99,3335,3331,3418,34078
607.93,493732.28,438866.09,607.93,493732.28,589827.4,607.93,493732.28,421074.22,607.93,493732.28,470834.36,607.93,217724.48,85548.71,607.93,217724.48,46523.9,607.93,217724.48,13983.41,607.93,217724.48,49331.57,607.93,209855.99,3284,3280,3368,33518
609.53,490837.57,436120.11,609.53,490837.57,586521.68,609.53,490837.57,418621.95,609.53,490837.57,468099.5,609.53,216610.97,85081.1,609.53,216610.97,46273.36,609.53,216610.97,13886.73,609.53,216610.97,48886.33,609.53,208127.99,3253,3242,3332,33082
611.13,489754.07,435206.8,611.13,489754.07,585393.83,611.13,489754.07,417636.44,611.13,489754.07,467181.69,611.13,216425.54,84990.95,611.13,216425.54,46237.02,611.13,216425.54,13865.72,611.13,216425.54,48640.05,611.13,208239.99,3245,3236,3327,32942
612.72,486981.7,432649.03,612.72,486981.7,581938.1,612.72,486981.7,415009.78,612.72,486981.7,464343.08,612.72,215429.11,84597.12,612.72,215429.11,46015.94,612.72,215429.11,13788.25,612.72,215429.11,48232.07,612.72,208319.99,3240,3233,3320,32814
614.32,484024.83,430067.76,614.32,484024.83,578574.31,614.32,484024.83,412497.44,614.32,484024.83,461470.02,614.32,213945.19,84046.1,614.32,213945.19,45724.59,614.32,213945.19,13688.15,614.32,213945.19,47743.61,614.32,208943.99,3235,3231,3315,32744
615.92,480235.43,426623.33,615.92,480235.43,574156.47,615.92,480235.43,409203.23,615.92,480235.43,457899.62,615.92,212433.88,83423.68,615.92,212433.88,45394.1,615.92,212433.88,13572.31,615.92,212433.88,47204.61,615.92,209919.99,3243,3236,3326,32766
617.52,484507.22,430307.39,617.52,484507.22,579168.21,617.52,484507.22,412643.38,617.52,484507.22,461830.86,617.52,214002.21,84058.79,617.52,214002.21,45729.91,617.52,214002.21,13662.02,617.52,214002.21,47358.82,617.52,215231.99,3317,3313,3404,33380
619.11,490974.9,435866.98,619.11,490974.9,586763.35,619.11,490974.9,418157.95,619.11,490974.9,468003.42,619.11,217186.27,85276.21,619.11,217186.27,46376.74,619.11,217186.27,13849.16,619.11,217186.27,47864.6,619.11,222639.99,3419,3415,3513,34374
620.71,491598.45,436436.73,620.71,491598.45,587871.26,620.71,491598.45,418569.89,620.71,491598.45,468498.76,620.71,217695.79,85444.98,620.71,217695.79,46492.36,620.71,217695.79,13872.02,620.71,217695.79,47803.98,620.71,228095.99,3497,3497,3592,35054
622.3,485578.87,431255.86,622.3,485578.87,580940.29,622.3,485578.87,413599.48,622.3,485578.87,463014.8,622.3,215387.53,84526.19,622.3,215387.53,45984.73,622.3,215387.53,13708.42,622.3,215387.53,47148.75,622.3,231087.99,3540,3540,3633,35382
623.9,478351.97,424811.05,623.9,478351.97,572385.09,623.9,478351.97,407339.52,623.9,478351.97,456073.01,623.9,212137.48,83329.64,623.9,212137.48,45282.05,623.9,212137.48,13499.87,623.9,212137.48,46290.32,623.9,233807.99,3575,3574,3673,35626
625.49,473167.42,420144.42,625.49,473167.42,566024.55,625.49,473167.42,402835.7,625.49,473167.42,450989.79,625.49,210062.27,82493.87,625.49,210062.27,44822.15,625.49,210062.27,13357.36,625.49,210062.27,45628.97,625.49,237535.99,3627,3625,3730,36030
627.08,467314.62,414926.03,627.08,467314.62,559256.08,627.08,467314.62,397803.01,627.08,467314.62,445538.32,627.08,207615.47,81475.13,627.08,207615.47,44276.55,627.08,207615.47,13184.31,627.08,207615.47,44803.47,627.08,240271.99,3663,3663,3764,36246
628.67,460504.49,408978.62,628.67,460504.49,551257.67,628.67,460504.49,391939.98,628.67,460504.49,439110.11,628.67,204735.92,80403.7,628.67,204735.92,43661.02,628.67,204735.92,12994.79,628.67,204735.92,43954.17,628.67,241695.99,3679,3683,3783,36276
630.26,460471.67,408789.42,630.26,460471.67,551218.43,630.26,460471.67,391805.95,630.26,460471.67,438870.11,630.26,204614.03,80363.97,630.26,204614.03,43655.04,630.26,204614.03,12977.01,630.26,204614.03,43831.94,630.26,245087.99,3727,3725,3829,36658
631.85,462660.36,410685.3,631.85,462660.36,553959.8,631.85,462660.36,393742.88,631.85,462660.36,441026.95,631.85,205671.01,80775.34,631.85,205671.01,43877.43,631.85,205671.01,13032.14,631.85,205671.01,43991.74,631.85,248959.99,3774,3775,3881,37134
633.44,466495.44,414098.59,633.44,466495.44,558561.37,633.44,466495.44,396963.13,633.44,466495.44,444655.16,633.44,207440.86,81495.13,633.44,207440.86,44241.33,633.44,207440.86,13134.42,633.44,207440.86,44319.36,633.44,252911.99,3825,3827,3932,37602
635.03,468849.09,416107.58,635.03,468849.09,561498.43,635.03,468849.09,398856.14,635.03,468849.09,446908.42,635.03,208519.22,81884.42,635.03,208519.22,44485.18,635.03,208519.22,13196.87,635.03,208519.22,44488.72,635.03,255071.99,3849,3853,3958,37822
636.62,471156.16,418146.45,636.62,471156.16,564324.72,636.62,471156.16,400921.39,636.62,471156.16,449210.88,636.62,209807.05,82398.88,636.62,209807.05,44739.94,636.62,209807.05,13268.88,636.62,209807.05,44665.51,636.62,255999.99,3859,3859,3972,37838
638.2,473667.17,420364.4,638.2,473667.17,567437.33,638.2,473667.17,402861.63,638.2,473667.17,451571.47,638.2,210733.44,82768.82,638.2,210733.44,44953.81,638.2,210733.44,13318.53,638.2,210733.44,44790.11,638.2,256031.99,3854,3858,3961,37760
639.79,469245.21,416373.22,639.79,469245.21,562358.95,639.79,469245.21,399066.02,639.79,469245.21,447236.06,639.79,209058.17,82114.1,639.79,209058.17,44585.87,639.79,209058.17,13203.45,639.79,209058.17,44352.53,639.79,251791.99,3785,3788,3893,37038
641.38,466986.24,414331.74,641.38,466986.24,559801.81,641.38,466986.24,397159.6,641.38,466986.24,445110.09,641.38,208070.4,81749.21,641.38,208070.4,44372.23,641.38,208070.4,13130.61,641.38,208070.4,44023.55,641.38,247695.99,3722,3720,3822,36306
642.96,467905.63,415112.73,642.96,467905.63,560927.8,642.96,467905.63,397856.96,642.96,467905.63,445932.09,642.96,208489.56,81926.61,642.96,208489.56,44474.24,642.96,208489.56,13153.09,642.96,208489.56,43987.94,642.96,244783.99,3669,3667,3771,35750
644.54,465643.22,413190.32,644.54,465643.22,558464.55,644.54,465643.22,395897.01,644.54,465643.22,443948.45,644.54,207553.57,81594,644.54,207553.57,44275.7,644.54,207553.57,13085.37,644.54,207553.57,43669.08,644.54,239871.99,3587,3593,3684,34920
646.13,458625.51,406969.54,646.13,458625.51,550149.28,646.13,458625.51,389936.32,646.13,458625.51,437221.39,646.13,204645.04,80430.05,646.13,204645.04,43640.01,646.13,204645.04,12890.43,646.13,204645.04,42850.51,646.13,232223.99,3465,3471,3558,33690
647.71,451853.77,401243.78,647.71,451853.77,542165.27,647.71,451853.77,384221.15,647.71,451853.77,430925.64,647.71,201872.14,79311.35,647.71,201872.14,43032.11,647.71,201872.14,12703.36,647.71,201872.14,42069.63,647.71,225071.99,3354,3354,3442,32532
649.29,449662.49,399041.15,649.29,449662.49,539430.28,649.29,449662.49,382213.12,649.29,449662.49,428524.51,649.29,200685.32,78850.84,649.29,200685.32,42773.87,649.29,200685.32,12621,649.29,200685.32,41705.21,649.29,219407.99,3254,3252,3344,31598
650.87,454204.39,402802.43,650.87,454204.39,544737.81,650.87,454204.39,385892.05,650.87,454204.39,432877.75,650.87,202612.94,79646.34,650.87,202612.94,43175.05,650.87,202612.94,12733.9,650.87,202612.94,41981.12,650.87,217391.99,3199,3204,3285,31180
652.45,456431.18,404882.11,652.45,456431.18,547609.31,652.45,456431.18,387812.88,652.45,456431.18,435066.2,652.45,203838.41,80099.93,652.45,203838.41,43428.91,652.45,203838.41,12803.62,652.45,203838.41,42134.06,652.45,214655.99,3128,3134,3219,30676
654.03,449344.93,398683.63,654.03,449344.93,539646.67,654.03,449344.93,381979.25,654.03,449344.93,428543.79,654.03,201179.08,79025.7,654.03,201179.08,42852.2,654.03,201179.08,12622.74,654.03,201179.08,41537.33,654.03,208655.99,3002,3011,3088,29748
655.61,424999.96,377154.61,655.61,424999.96,510613.36,655.61,424999.96,361089.31,655.61,424999.96,405283.47,655.61,190105.27,74673.34,655.61,190105.27,40487.89,655.61,190105.27,11920.71,655.61,190105.27,39193.56,655.61,194624,2754,2767,2833,27696
657.19,428584.39,379799.06,657.19,428584.39,514076.83,657.19,428584.39,363852.29,657.19,428584.39,408030.76,657.19,191404.78,75241.82,657.19,191404.78,40758.48,657.19,191404.78,11993.83,657.19,191404.78,39251.76,657.19,193472,2685,2700,2785,27328
658.77,448351.07,397338.39,658.77,448351.07,537884.14,658.77,448351.07,380672.06,658.77,448351.07,427063.49,658.77,200205.81,78725.14,658.77,200205.81,42634.5,658.77,200205.81,12534.47,658.77,200205.81,40935.86,658.77,200431.99,2727,2740,2825,28212
660.34,459690.35,407281.39,660.34,459690.35,551736.61,660.34,459690.35,390212.41,660.34,459690.35,437843.27,660.34,205396.83,80775.7,660.34,205396.83,43736.43,660.34,205396.83,12859.1,660.34,205396.83,41922.61,660.34,203967.99,2721,2741,2821,28584
661.92,464880.72,411983.41,661.92,464880.72,558152.58,661.92,464880.72,394662.79,661.92,464880.72,442822.57,661.92,208023.1,81751.52,661.92,208023.1,44292.29,661.92,208023.1,13002.54,661.92,208023.1,42343.12,661.92,205551.99,2702,2718,2798,28722
663.49,464590.1,411817.06,663.49,464590.1,558076.35,663.49,464590.1,394407.4,663.49,464590.1,442586.22,663.49,208033.38,81780.09,663.49,208033.38,44266.81,663.49,208033.38,12998.79,663.49,208033.38,42233.73,663.49,205167.99,2660,2679,2766,28556
665.07,465363.5,412435.31,665.07,465363.5,558901.17,665.07,465363.5,395013.99,665.07,465363.5,443352.86,665.07,208450.81,81964.78,665.07,208450.81,44345.63,665.07,208450.81,13013.91,665.07,208450.81,42211.77,665.07,205519.99,2633,2657,2739,28510
666.64,464913.89,411958.92,666.64,464913.89,558390.39,666.64,464913.89,394558.14,666.64,464913.89,442876.91,666.64,208327.98,81928.31,666.64,208327.98,44309.15,666.64,208327.98,12998.58,666.64,208327.98,42082.08,666.64,205791.99,2613,2637,2721,28440
668.21,465267.27,412250.74,668.21,465267.27,558848.78,668.21,465267.27,394818.6,668.21,465267.27,443244.56,668.21,208647.61,82045.55,668.21,208647.61,44385.94,668.21,208647.61,13007.67,668.21,208647.61,42019.92,668.21,206559.99,2609,2635,2721,28442
669.79,463962.27,411060.06,669.79,463962.27,557579.18,669.79,463962.27,393674.92,669.79,463962.27,442066.55,669.79,208056.03,81850.12,669.79,208056.03,44251.31,669.79,208056.03,12969.76,669.79,208056.03,41808.87,669.79,206975.99,2610,2635,2719,28410
671.36,461325.45,408707.74,671.36,461325.45,554356.64,671.36,461325.45,391396.16,671.36,461325.45,439322.22,671.36,206958.58,81410.29,671.36,206958.58,44042.77,671.36,206958.58,12891.62,671.36,206958.58,41458.38,671.36,207039.99,2621,2635,2730,28328
672.93,460846.3,408074.72,672.93,460846.3,553674.84,672.93,460846.3,391004.16,672.93,460846.3,438978.32,672.93,206894,81403.73,672.93,206894,44034.99,672.93,206894,12885.77,672.93,206894,41354.75,672.93,208703.99,2646,2666,2760,28446
674.5,460402.01,407814.69,674.5,460402.01,553247.85,674.5,460402.01,390402.44,674.5,460402.01,438461.41,674.5,206667.84,81318.23,674.5,206667.84,43980.23,674.5,206667.84,12867.71,674.5,206667.84,41209.08,674.5,210079.99,2685,2703,2799,28546
676.07,460377.39,407566.67,676.07,460377.39,553136.54,676.07,460377.39,390330.04,676.07,460377.39,438360.85,676.07,206622.83,81368.42,676.07,206622.83,43962.12,676.07,206622.83,12855.77,676.07,206622.83,41098.71,676.07,211679.99,2728,2742,2846,28674
677.64,459705.45,407148.84,677.64,459705.45,552518.18,677.64,459705.45,389859.35,677.64,459705.45,437857.04,677.64,206508.12,81329.85,677.64,206508.12,43919.63,677.64,206508.12,12840.78,677.64,206508.12,40945.58,677.64,213647.99,2781,2793,2898,28846
679.21,458365.15,405998.35,679.21,458365.15,551096.84,679.21,458365.15,388731.46,679.21,458365.15,436540.93,679.21,206029.71,81143.65,679.21,206029.71,43841.74,679.21,206029.71,12802.35,679.21,206029.71,40766.36,679.21,215775.99,2835,2846,2952,29034
680.77,457145.75,404859.76,680.77,457145.75,549520.47,680.77,457145.75,387710.85,680.77,457145.75,435241.03,680.77,205483.9,80943.98,680.77,205483.9,43710.57,680.77,205483.9,12764.95,680.77,205483.9,40557.97,680.77,217615.99,2886,2891,2999,29190
682.34,454874.69,402768.04,682.34,454874.69,546912.24,682.34,454874.69,385638.99,682.34,454874.69,433152.06,682.34,204615.43,80583.23,682.34,204615.43,43525.97,682.34,204615.43,12702.34,682.34,204615.43,40267.3,682.34,218911.99,2923,2932,3037,29272
683.9,448996.53,397762.65,683.9,448996.53,539932.53,683.9,448996.53,380767.07,683.9,448996.53,427717.72,683.9,201914.29,79591.87,683.9,201914.29,42963.39,683.9,201914.29,12529.32,683.9,201914.29,39667.47,683.9,218143.99,2937,2942,3050,29092
685.47,421762.25,374253.53,685.47,421762.25,508028.1,685.47,421762.25,358082.08,685.47,421762.25,402220.62,685.47,190637.01,75086.18,685.47,190637.01,40544.15,685.47,190637.01,11826.37,685.47,190637.01,37364.22,685.47,208159.99,2827,2836,2923,27774
687.03,374189.57,331821.87,687.03,374189.57,450645.6,687.03,374189.57,317555.47,687.03,374189.57,356821.78,687.03,169278.75,66651.14,687.03,169278.75,35937.02,687.03,169278.75,10493.14,687.03,169278.75,32804.86,687.03,186352,2575,2579,2660,24750
688.6,370214.69,327892.22,688.6,370214.69,445107.28,688.6,370214.69,313891.61,688.6,370214.69,352633.76,688.6,166882.11,65796.24,688.6,166882.11,35469.69,688.6,166882.11,10345,688.6,166882.11,32068.33,688.6,185104,2564,2572,2660,24412
690.16,379037.47,335778.77,690.16,379037.47,455714.92,690.16,379037.47,321323.84,690.16,379037.47,361081.53,690.16,170826.54,67446.68,690.16,170826.54,36337.79,690.16,170826.54,10586.2,690.16,170826.54,32754.59,690.16,190608,2621,2628,2723,25074
691.72,393267.48,348329.42,691.72,393267.48,472787.5,691.72,393267.48,333376.48,691.72,393267.48,374589.52,691.72,177071.15,69931.17,691.72,177071.15,37685.35,691.72,177071.15,10975.9,691.72,177071.15,33993.14,691.72,198495.99,2695,2707,2802,26092
693.28,398517.77,353070.68,693.28,398517.77,479274.56,693.28,398517.77,337904.1,693.28,398517.77,379664.86,693.28,179791.87,71000.56,693.28,179791.87,38246.52,693.28,179791.87,11133.67,693.28,179791.87,34488.3,693.28,202047.99,2711,2729,2817,26558
694.85,405420.26,358936.78,694.85,405420.26,487405.01,694.85,405420.26,343609.08,694.85,405420.26,386089.45,694.85,182639.41,72167.67,694.85,182639.41,38867.83,694.85,182639.41,11314.57,694.85,182639.41,35025.84,694.85,205407.99,2717,2736,2829,26934
696.41,415437.92,367987.21,696.41,415437.92,499565.88,696.41,415437.92,352170.31,696.41,415437.92,395792.22,696.41,187205.86,73998.48,696.41,187205.86,39839.68,696.41,187205.86,11588.14,696.41,187205.86,35931.17,696.41,210063.99,2729,2752,2842,27488
697.97,415004.88,367658.35,697.97,415004.88,499273.73,697.97,415004.88,351929.23,697.97,415004.88,395509.25,697.97,187184.26,73994.94,697.97,187184.26,39820.4,697.97,187184.26,11590.14,697.97,187184.26,35912.63,697.97,209167.99,2667,2692,2776,27336
699.52,408990.5,362386.52,699.52,408990.5,492206.17,699.52,408990.5,346825.22,699.52,408990.5,389831.97,699.52,184762.8,73062.87,699.52,184762.8,39306.32,699.52,184762.8,11436.13,699.52,184762.8,35337.73,699.52,205167.99,2566,2599,2675,26758
701.08,405543.73,359297.75,701.08,405543.73,488009.02,701.08,405543.73,343775.19,701.08,405543.73,386428.72,701.08,183231.9,72489.51,701.08,183231.9,38986.69,701.08,183231.9,11347.45,701.08,183231.9,34986.23,701.08,201967.99,2479,2511,2589,26272
702.64,407670.33,361237.15,702.64,407670.33,490633.11,702.64,407670.33,345813.54,702.64,407670.33,388404.35,702.64,184179.96,72850.15,702.64,184179.96,39196.38,702.64,184179.96,11395.78,702.64,184179.96,35095.17,702.64,201007.99,2412,2447,2528,26098
704.2,411740.84,364643.25,704.2,411740.84,495360.29,704.2,411740.84,348971.46,704.2,411740.84,392205.89,704.2,185998.37,73634.13,704.2,185998.37,39583.5,704.2,185998.37,11507.61,704.2,185998.37,35425.76,704.2,199967.99,2344,2384,2462,25902
705.75,414082.15,366641.98,705.75,414082.15,498360.88,705.75,414082.15,351034.81,705.75,414082.15,394453.67,705.75,186731.57,73901.01,705.75,186731.57,39718.66,705.75,186731.57,11542.34,705.75,186731.57,35501.71,705.75,194416,2228,2269,2346,25124
707.31,417846.04,370089.7,707.31,417846.04,503152.38,707.31,417846.04,354356.14,707.31,417846.04,398193.71,707.31,187557.33,74277.72,707.31,187557.33,39902.94,707.31,187557.33,11592.83,707.31,187557.33,35641.47,707.31,187456,2095,2138,2216,24154
708.86,420447.93,372423.61,708.86,420447.93,506333.5,708.86,420447.93,356466.06,708.86,420447.93,400728.53,708.86,188070.49,74408.23,708.86,188070.49,39968.8,708.86,188070.49,11621.79,708.86,188070.49,35653.2,708.86,182032,1983,2031,2103,23378
710.42,421225.63,373208.16,710.42,421225.63,507268.67,710.42,421225.63,357108.37,710.42,421225.63,401398.45,710.42,188246.98,74545.95,710.42,188246.98,40013.09,710.42,188246.98,11632.81,710.42,188246.98,35663.04,710.42,177520,1883,1934,2005,22750
711.97,418751.67,370921.85,711.97,418751.67,504235.43,711.97,418751.67,355096.28,711.97,418751.67,399009.83,711.97,187623.41,74364.08,711.97,187623.41,39897.74,711.97,187623.41,11597.03,711.97,187623.41,35473.55,711.97,173520,1788,1843,1907,22176
713.52,413743.09,366507.67,713.52,413743.09,498276.52,713.52,413743.09,350718.94,713.52,413743.09,394293.21,713.52,186160.88,73784.09,713.52,186160.88,39603.5,713.52,186160.88,11505.71,713.52,186160.88,35095.59,713.52,169152,1689,1747,1806,21556
715.08,398291.75,353331.33,715.08,398291.75,480040.98,715.08,398291.75,338046.77,715.08,398291.75,379798.1,715.08,180328.38,71553.79,715.08,180328.38,38353.57,715.08,180328.38,11146.55,715.08,180328.38,33905.16,715.08,161680,1570,1623,1673,20572
716.63,364603.5,323650.32,716.63,364603.5,439762.26,716.63,364603.5,309553.88,716.63,364603.5,348135.38,716.63,166061.34,65868.9,716.63,166061.34,35298.87,716.63,166061.34,10261.84,716.63,166061.34,31111.87,716.63,147024,1395,1448,1472,18742
718.18,334327.32,296684.69,718.18,334327.32,402793.02,718.18,334327.32,283720.77,718.18,334327.32,319101.47,718.18,152525.87,60503.66,718.18,152525.87,32391.3,718.18,152525.87,9424.4,718.18,152525.87,28366.7,718.18,133360,1240,1287,1306,16972
719.73,329957.63,292476.34,719.73,329957.63,396866.65,719.73,329957.63,279835.33,719.73,329957.63,314428.21,719.73,150545.49,59774.82,719.73,150545.49,31998.47,719.73,150545.49,9302.03,719.73,150545.49,27821.69,719.73,130208,1178,1226,1245,16492
721.28,343960.68,304802.08,721.28,343960.68,413845.3,721.28,343960.68,291897.15,721.28,343960.68,327983.15,721.28,157381.59,62642.89,721.28,157381.59,33537.58,721.28,157381.59,9731.91,721.28,157381.59,29059.45,721.28,134704,1174,1226,1263,17010
722.83,338412.39,300158.88,722.83,338412.39,407462.06,722.83,338412.39,287108.49,722.83,338412.39,322841.69,722.83,154502.48,61527.08,722.83,154502.48,32926,722.83,154502.48,9556.01,722.83,154502.48,28482.66,722.83,131024,1112,1161,1200,16546
724.38,334204.36,296379.19,724.38,334204.36,402191.24,724.38,334204.36,283407.55,724.38,334204.36,318631.36,724.38,151600.07,60352.73,724.38,151600.07,32273.83,724.38,151600.07,9368.31,724.38,151600.07,27771.83,724.38,127072,1050,1091,1135,15980
725.92,336852.87,298690.97,725.92,336852.87,405430.06,725.92,336852.87,285732.34,725.92,336852.87,321109.75,725.92,152669.77,60851.52,725.92,152669.77,32526.62,725.92,152669.77,9428.94,725.92,152669.77,27857.45,725.92,126768,1017,1067,1112,15888
727.47,335747.86,297756.38,727.47,335747.86,404399.75,727.47,335747.86,284899.95,727.47,335747.86,320327.36,727.47,152289.42,60723,727.47,152289.42,32463.98,727.47,152289.42,9408.2,727.47,152289.42,27734.72,727.47,125536,979,1029,1079,15674
729.02,337315.26,299073.13,729.02,337315.26,406136.59,729.02,337315.26,286180.48,729.02,337315.26,321771.45,729.02,152707.94,60921.29,729.02,152707.94,32574.78,729.02,152707.94,9436.41,729.02,152707.94,27712.8,729.02,125216,945,1002,1051,15576
730.56,346806.25,307229.45,730.56,346806.25,417375.18,730.56,346806.25,294061.44,730.56,346806.25,330691.8,730.56,156575.89,62482.98,730.56,156575.89,33398.66,730.56,156575.89,9665.85,730.56,156575.89,28331.46,730.56,127888,930,990,1043,15844
732.11,363580.73,322179.87,732.11,363580.73,437717.99,732.11,363580.73,308258.75,732.11,363580.73,346614.36,732.11,163582.55,65360.66,732.11,163582.55,34925.71,732.11,163582.55,10105.52,732.11,163582.55,29647.48,732.11,134208,944,1007,1060,16554
733.65,374861.63,332262.91,733.65,374861.63,451496.86,733.65,374861.63,317968.99,733.65,374861.63,357383.42,733.65,168820.34,67382.51,733.65,168820.34,36010.85,733.65,168820.34,10419.95,733.65,168820.34,30664.35,733.65,141712,970,1036,1088,17434
735.2,376451.74,333468.04,735.2,376451.74,453395.3,735.2,376451.74,319174.59,735.2,376451.74,358817.4,735.2,170225.36,68010.65,735.2,170225.36,36313.79,735.2,170225.36,10511.69,735.2,170225.36,30942.65,735.2,145872,976,1050,1098,17898
736.74,378221.55,334935.28,736.74,378221.55,455434.91,736.74,378221.55,320586.81,736.74,378221.55,360294.57,736.74,172034.63,68762.56,736.74,172034.63,36720.21,736.74,172034.63,10623.93,736.74,172034.63,31267.83,736.74,146480,967,1042,1087,17928
738.29,380922.42,337338.62,738.29,380922.42,458850.26,738.29,380922.42,322973.4,738.29,380922.42,363105.36,738.29,173055.81,69201.59,738.29,173055.81,36913.04,738.29,173055.81,10679.9,738.29,173055.81,31443.48,738.29,145760,949,1025,1067,17816
739.83,382988.5,339390.62,739.83,382988.5,461422.64,739.83,382988.5,324776.21,739.83,382988.5,365079.73,739.83,174072.4,69616.45,739.83,174072.4,37112.09,739.83,174072.4,10742.7,739.83,174072.4,31602.62,739.83,145856,938,1019,1064,17786
741.37,385855.46,341886.12,741.37,385855.46,464908.94,741.37,385855.46,327171.15,741.37,385855.46,367663.67,741.37,175194.64,70111.3,741.37,175194.64,37370.74,741.37,175194.64,10811.18,741.37,175194.64,31831.24,741.37,146448,937,1017,1062,17834
742.91,389588.91,345119.61,742.91,389588.91,469366.89,742.91,389588.91,330483.71,742.91,389588.91,371232.6,742.91,177016.93,70787.94,742.91,177016.93,37758.1,742.91,177016.93,10919.72,742.91,177016.93,32135.45,742.91,147856,941,1022,1064,17958
744.45,391336.2,346494.87,744.45,391336.2,471482.64,744.45,391336.2,331874.98,744.45,391336.2,372754.57,744.45,177744.72,71183.66,744.45,177744.72,37929.75,744.45,177744.72,10962.6,744.45,177744.72,32249.7,744.45,148528,942,1022,1066,18022
745.99,392067.34,347405.87,745.99,392067.34,472626.24,745.99,392067.34,332612.2,745.99,392067.34,373662.89,745.99,178427.62,71429.7,745.99,178427.62,38045.22,745.99,178427.62,11006.41,745.99,178427.62,32321.42,745.99,148896,939,1022,1066,18016
747.53,391354.73,346766.47,747.53,391354.73,471921.59,747.53,391354.73,331892.05,747.53,391354.73,373155.44,747.53,178197.13,71375.05,747.53,178197.13,37993.15,747.53,178197.13,10985.7,747.53,178197.13,32252.61,747.53,148960,941,1021,1062,18008
749.07,389333.73,344804.5,749.07,389333.73,469269.66,749.07,389333.73,330194.43,749.07,389333.73,371158.53,749.07,177325.73,71047.38,749.07,177325.73,37823.63,749.07,177325.73,10932.58,749.07,177325.73,32047.64,749.07,148304,931,1016,1055,17880
750.61,387913.56,343450.95,750.61,387913.56,467764.77,750.61,387913.56,328932.55,750.61,387913.56,369556.15,750.61,176757.95,70807.65,750.61,176757.95,37696.87,750.61,176757.95,10889.37,750.61,176757.95,31883.29,750.61,147952,930,1009,1052,17794
752.15,387398.37,342977.06,752.15,387398.37,466702.25,752.15,387398.37,328564.51,752.15,387398.37,369156.39,752.15,176506.42,70806.72,752.15,176506.42,37653.18,752.15,176506.42,10880.62,752.15,176506.42,31768.24,752.15,148144,925,1010,1050,17774
753.69,386643.43,342348.49,753.69,386643.43,466103.55,753.69,386643.43,327838.08,753.69,386643.43,368383.92,753.69,176153.15,70658.6,753.69,176153.15,37577.95,753.69,176153.15,10852.48,753.69,176153.15,31668.1,753.69,148352,924,1008,1050,17766
755.22,383885.21,340115.51,755.22,383885.21,462906.15,755.22,383885.21,325710.29,755.22,383885.21,365947.95,755.22,175103.96,70205.31,755.22,175103.96,37304.67,755.22,175103.96,10784.68,755.22,175103.96,31392.91,755.22,147744,921,1005,1044,17652
756.76,369924.43,328073.55,756.76,369924.43,446478.38,756.76,369924.43,313881.55,756.76,369924.43,352797.34,756.76,169288.22,67890.88,756.76,169288.22,36068,756.76,169288.22,10423,756.76,169288.22,30330.38,756.76,143504,894,979,1007,17138
758.29,293508.73,261402.98,758.29,293508.73,355717.95,758.29,293508.73,249665.39,758.29,293508.73,280873.57,758.29,136073.81,54448.13,758.29,136073.81,28913.62,758.29,136073.81,8379.32,758.29,136073.81,24439.14,758.29,115504,727,793,785,13924
759.83,198459.51,176535.25,759.83,198459.51,240094.86,759.83,198459.51,168823.72,759.83,198459.51,189848.88,759.83,91999.6,36733.51,759.83,91999.6,19455.08,759.83,91999.6,5655.39,759.83,91999.6,16324.85,759.83,77824,510,565,561,9332
761.37,182467.63,162039.83,761.37,182467.63,219935.89,761.37,182467.63,154988.61,761.37,182467.63,174172.08,761.37,83279.89,33328.56,761.37,83279.89,17665.59,761.37,83279.89,5119.39,761.37,83279.89,14438.57,761.37,70272,472,518,519,8314
762.9,181052.21,160521.23,762.9,181052.21,217766.44,762.9,181052.21,153447.53,762.9,181052.21,172598.28,762.9,82502.66,33073.71,762.9,82502.66,17527.92,762.9,82502.66,5073.4,762.9,82502.66,14082.53,762.9,69568,466,509,528,8200
764.43,211792.99,187271.77,764.43,211792.99,254420.6,764.43,211792.99,179373.94,764.43,211792.99,201446.49,764.43,96119.6,38605.75,764.43,96119.6,20466.45,764.43,96119.6,5912.67,764.43,96119.6,16326.41,764.43,80896,533,578,612,9472
765.97,261950.01,231473.83,765.97,261950.01,314955.06,765.97,261950.01,221764.3,765.97,261950.01,249199.77,765.97,118808.47,47798.43,765.97,118808.47,25342.13,765.97,118808.47,7314.84,765.97,118808.47,20388.3,765.97,99744,642,692,739,11662
767.5,304895.58,269690,767.5,304895.58,367059.77,767.5,304895.58,258255.11,767.5,304895.58,290238.14,767.5,138570.62,55760.61,767.5,138570.62,29573.51,767.5,138570.62,8530.02,767.5,138570.62,24034.03,767.5,115936,729,797,843,13596
769.03,331534.87,293271.45,769.03,331534.87,399271.92,769.03,331534.87,280749.51,769.03,331534.87,315629.56,769.03,151013.12,60733.31,769.03,151013.12,32206.74,769.03,151013.12,9284.54,769.03,151013.12,26334.24,769.03,125648,781,858,898,14726
770.56,348299.65,308365.41,770.56,348299.65,419907.08,770.56,348299.65,295007.13,770.56,348299.65,331812.72,770.56,158795.27,63861.01,770.56,158795.27,33846.13,770.56,158795.27,9763.31,770.56,158795.27,27802.93,770.56,131280,815,893,934,15374
772.1,358056.52,316993.04,772.1,358056.52,431928.26,772.1,358056.52,303423.31,772.1,358056.52,341120.93,772.1,163385.15,65789.24,772.1,163385.15,34803.88,772.1,163385.15,10046.25,772.1,163385.15,28665.47,772.1,134160,833,913,948,15670
773.63,361838.32,320453.69,773.63,361838.32,436595.35,773.63,361838.32,306646.89,773.63,361838.32,344776.55,773.63,165399.03,66566.97,773.63,165399.03,35255.6,773.63,165399.03,10166.36,773.63,165399.03,29015.96,773.63,134352,836,919,949,15694
775.16,364146.18,322332.25,775.16,364146.18,439389.56,775.16,364146.18,308707.49,775.16,364146.18,347015.84,775.16,166511.68,66957.88,775.16,166511.68,35430.34,775.16,166511.68,10232.55,775.16,166511.68,29205.5,775.16,133680,829,912,942,15580
776.69,363614.87,322016.1,776.69,363614.87,438814.05,776.69,363614.87,308210.72,776.69,363614.87,346412.92,776.69,166463.63,67022.7,776.69,166463.63,35460.2,776.69,166463.63,10236.97,776.69,166463.63,29188.55,776.69,132064,820,902,935,15380
778.22,362875.42,321409.22,778.22,362875.42,438187.79,778.22,362875.42,307685.8,778.22,362875.42,346118.78,778.22,166236.42,66942.04,778.22,166236.42,35406.34,778.22,166236.42,10214.98,778.22,166236.42,29113.75,778.22,130064,810,892,919,15116
779.75,362347.63,320817.28,779.75,362347.63,437515.69,779.75,362347.63,307136.69,779.75,362347.63,345246.9,779.75,165976.99,66843.32,779.75,165976.99,35343.16,779.75,165976.99,10201.59,779.75,165976.99,29027.21,779.75,127792,799,874,907,14834
781.28,361746.75,320178.51,781.28,361746.75,436638.29,781.28,361746.75,306513.29,781.28,361746.75,344607.96,781.28,165667.71,66719.89,781.28,165667.71,35277.45,781.28,165667.71,10179.52,781.28,165667.71,28924.27,781.28,125616,789,865,890,14544
782.81,359648.53,318399.63,782.81,359648.53,434121.4,782.81,359648.53,304792.14,782.81,359648.53,342745.78,782.81,164773.27,66360.16,782.81,164773.27,35052.77,782.81,164773.27,10120.75,782.81,164773.27,28724.37,782.81,122896,773,846,873,14226
784.33,358126.15,317018.74,784.33,358126.15,432552.19,784.33,358126.15,303447.4,784.33,358126.15,341486.5,784.33,164228.09,66149.75,784.33,164228.09,34931.6,784.33,164228.09,10085.15,784.33,164228.09,28579.32,784.33,120448,764,834,863,13900
785.86,354888.47,314301.23,785.86,354888.47,428625.3,785.86,354888.47,300705.5,785.86,354888.47,338333.68,785.86,162809.46,65570.97,785.86,162809.46,34644.71,785.86,162809.46,9999.39,785.86,162809.46,28252.87,785.86,117360,746,817,839,13518
787.39,349924.83,310022.91,787.39,349924.83,422610.6,787.39,349924.83,296518.89,787.39,349924.83,333492.24,787.39,160583.32,64706.21,787.39,160583.32,34172.85,787.39,160583.32,9856.96,787.39,160583.32,27772.79,787.39,113696,726,797,818,13066
788.91,345288.96,305709.07,788.91,345288.96,417120.66,788.91,345288.96,292626.18,788.91,345288.96,329225.16,788.91,158463.82,63847.07,788.91,158463.82,33707.93,788.91,158463.82,9725.87,788.91,158463.82,27339.61,788.91,110128,706,778,793,12632
790.44,341912.72,303033.15,790.44,341912.72,413142.78,790.44,341912.72,289932.89,790.44,341912.72,325948.08,790.44,156991.09,63282.13,790.44,156991.09,33394.98,790.44,156991.09,9627.24,790.44,156991.09,27086.04,790.44,107072,691,759,776,12262
791.97,339380.16,300604.88,791.97,339380.16,409861.21,791.97,339380.16,287622.65,791.97,339380.16,323570.13,791.97,155764.94,62774.26,791.97,155764.94,33139.95,791.97,155764.94,9561.99,791.97,155764.94,26835.05,791.97,104432,675,738,761,11946
793.49,338476.1,299647.44,793.49,338476.1,408725.04,793.49,338476.1,286704.56,793.49,338476.1,322569.86,793.49,155428.69,62640.21,793.49,155428.69,33051.23,793.49,155428.69,9531.19,793.49,155428.69,26732.62,793.49,102256,662,726,746,11686
795.02,336533.98,298027.33,795.02,336533.98,406538.02,795.02,336533.98,285206.56,795.02,336533.98,320785.29,795.02,154703.82,62381.01,795.02,154703.82,32887.12,795.02,154703.82,9492.54,795.02,154703.82,26568.94,795.02,99968,656,715,735,11388
796.54,337873.98,299203.02,796.54,337873.98,408032.87,796.54,337873.98,286237.4,796.54,337873.98,321971.9,796.54,155247.68,62561.05,796.54,155247.68,32968,796.54,155247.68,9516.25,796.54,155247.68,26626.14,796.54,98304,644,706,725,11180
798.07,336529.86,297974.88,798.07,336529.86,406617.29,798.07,336529.86,285169.12,798.07,336529.86,320786.58,798.07,154503.54,62400.53,798.07,154503.54,32887.9,798.07,154503.54,9485.95,798.07,154503.54,26474.87,798.07,96352,637,696,712,10948
799.59,333683.74,295316.41,799.59,333683.74,403090.33,799.59,333683.74,282714,799.59,333683.74,318140.77,799.59,153179.2,61801.37,799.59,153179.2,32568.48,799.59,153179.2,9392.96,799.59,153179.2,26162.15,799.59,93808,623,680,699,10642
801.12,332012.88,294136.36,801.12,332012.88,401215.85,801.12,332012.88,281178.6,801.12,332012.88,316681.91,801.12,152529.59,61545.24,801.12,152529.59,32434.03,801.12,152529.59,9352.75,801.12,152529.59,26021.55,801.12,91824,613,667,684,10384
802.64,331022.74,293191.57,802.64,331022.74,399929.51,802.64,331022.74,280307.74,802.64,331022.74,315484.94,802.64,152227.01,61395.26,802.64,152227.01,32344.53,802.64,152227.01,9325.02,802.64,152227.01,25942.39,802.64,89920,602,659,674,10166
804.16,332153.93,294154.3,804.16,332153.93,401395.51,804.16,332153.93,281422.47,804.16,332153.93,316435.01,804.16,152632.84,61580.5,804.16,152632.84,32425.06,804.16,152632.84,9351.21,804.16,152632.84,25983.75,804.16,88768,593,652,668,10012
805.68,332900.75,294542.63,805.68,332900.75,402163.98,805.68,332900.75,281971.9,805.68,332900.75,317249.44,805.68,152979.35,61724.22,805.68,152979.35,32499.31,805.68,152979.35,9366.12,805.68,152979.35,26049.94,805.68,87680,590,643,658,9884
807.21,329252.51,291430.58,807.21,329252.51,397785.85,807.21,329252.51,278772.84,807.21,329252.51,313770.74,807.21,151615.56,61131.79,807.21,151615.56,32215.58,807.21,151615.56,9287.27,807.21,151615.56,25764.68,807.21,85488,577,629,644,9622
808.73,324994.23,287703.16,808.73,324994.23,392986.58,808.73,324994.23,275392,808.73,324994.23,310077.8,808.73,149784.66,60406.2,808.73,149784.66,31773.22,808.73,149784.66,9162.32,808.73,149784.66,25421.73,808.73,83168,566,619,634,9348
810.25,319030.28,282183.36,810.25,319030.28,385447.61,810.25,319030.28,270004.27,810.25,319030.28,303909.62,810.25,146942.76,59310.34,810.25,146942.76,31227.73,810.25,146942.76,9006.31,810.25,146942.76,24873.62,810.25,80816,549,597,611,9068
811.77,305391,270608.19,811.77,305391,369437.2,811.77,305391,258892.43,811.77,305391,291175.87,811.77,140821.68,56711.36,811.77,140821.68,29851.04,811.77,140821.68,8612.42,811.77,140821.68,23748.99,811.77,76768,526,576,581,8618
813.29,286983.32,254322.81,813.29,286983.32,346965.61,813.29,286983.32,243174.27,813.29,286983.32,273793.5,813.29,132374.8,53364.4,813.29,132374.8,28066.5,813.29,132374.8,8099.38,813.29,132374.8,22245.96,813.29,71744,498,541,549,8052
814.81,272405.01,241600.43,814.81,272405.01,329177.96,814.81,272405.01,230929.22,814.81,272405.01,259841.37,814.81,125604.9,50655.54,814.81,125604.9,26581.54,814.81,125604.9,7675.27,814.81,125604.9,21029.13,814.81,67632,470,513,518,7574
816.33,266353.07,236090.47,816.33,266353.07,321658.76,816.33,266353.07,225651.45,816.33,266353.07,253963.33,816.33,122614.8,49379.7,816.33,122614.8,25966.07,816.33,122614.8,7487.54,816.33,122614.8,20435.8,816.33,65696,455,497,505,7340
817.85,268102.08,237520.7,817.85,268102.08,323719.01,817.85,268102.08,226904.36,817.85,268102.08,255320.23,817.85,123178.45,49678.26,817.85,123178.45,26086.01,817.85,123178.45,7524.34,817.85,123178.45,20524.27,817.85,65840,456,499,506,7336
819.37,276268.3,244733.95,819.37,276268.3,333589.09,819.37,276268.3,233870.95,819.37,276268.3,263295.97,819.37,126862.7,51171.79,819.37,126862.7,26882.42,819.37,126862.7,7752.49,819.37,126862.7,21154.72,819.37,67680,464,509,518,7546
820.89,265325.79,235108.13,820.89,265325.79,320917.85,820.89,265325.79,224789.9,820.89,265325.79,253007.09,820.89,122343.16,49324.51,820.89,122343.16,25884.7,820.89,122343.16,7482.36,820.89,122343.16,20428.81,820.89,65408,449,492,497,7308
822.41,262560.86,232265.38,822.41,262560.86,316945.46,822.41,262560.86,222166.88,822.41,262560.86,250253.32,822.41,120574.8,48679.16,822.41,120574.8,25544.67,822.41,120574.8,7365.82,822.41,120574.8,20027.48,822.41,64464,442,484,499,7162
823.93,278978.27,246954.04,823.93,278978.27,336936.87,823.93,278978.27,235929.3,823.93,278978.27,265801.08,823.93,127962.11,51679.52,823.93,127962.11,27092.85,823.93,127962.11,7813.35,823.93,127962.11,21286.07,823.93,68464,463,508,517,7588
825.45,280639.08,248362.44,825.45,280639.08,339114.29,825.45,280639.08,237725.82,825.45,280639.08,267539.79,825.45,128909.7,52051.5,825.45,128909.7,27293.9,825.45,128909.7,7880.95,825.45,128909.7,21476.77,825.45,69088,467,509,521,7666
826.97,275809.71,243991.54,826.97,275809.71,333176.45,826.97,275809.71,233489.97,826.97,275809.71,262904.8,826.97,126804.4,51208.84,826.97,126804.4,26830.29,826.97,126804.4,7749.57,826.97,126804.4,21125.89,826.97,68048,457,495,510,7534
828.49,276897.76,245006.24,828.49,276897.76,334834.9,828.49,276897.76,234358.33,828.49,276897.76,263796.66,828.49,127368.53,51405.22,828.49,127368.53,26928.88,828.49,127368.53,7784.77,828.49,127368.53,21157.24,828.49,68368,453,498,504,7550
830.01,279138.9,246990.59,830.01,279138.9,337193.13,830.01,279138.9,236274.48,830.01,279138.9,265925.84,830.01,128414.16,51789.91,830.01,128414.16,27135.04,830.01,128414.16,7842.32,830.01,128414.16,21334.37,830.01,69008,453,495,507,7612
831.52,281085.55,248756.56,831.52,281085.55,339714.34,831.52,281085.55,237789.65,831.52,281085.55,267883.68,831.52,129102.07,52146.15,831.52,129102.07,27295.63,831.52,129102.07,7889.57,831.52,129102.07,21451.81,831.52,69472,449,497,507,7652
833.04,286278.69,253455.94,833.04,286278.69,345961.14,833.04,286278.69,242307.61,833.04,286278.69,272693.29,833.04,131682.31,53168.73,833.04,131682.31,27815.73,833.04,131682.31,8044.62,833.04,131682.31,21879.1,833.04,70800,454,505,512,7782
834.56,291623.95,258088.49,834.56,291623.95,352484.6,834.56,291623.95,246754.75,834.56,291623.95,277650.84,834.56,134252.64,54157.81,834.56,134252.64,28359.44,834.56,134252.64,8201.16,834.56,134252.64,22307.47,834.56,72240,463,512,521,7922
836.08,295819.51,261501.35,836.08,295819.51,357416.23,836.08,295819.51,250113.72,836.08,295819.51,281792.03,836.08,136128.91,54960.7,836.08,136128.91,28761.35,836.08,136128.91,8302.04,836.08,136128.91,22617.44,836.08,73152,468,518,525,8010
837.59,299309.33,264739.75,837.59,299309.33,361866.27,837.59,299309.33,253285.66,837.59,299309.33,285160.16,837.59,137468.16,55598.3,837.59,137468.16,29122.53,837.59,137468.16,8410,837.59,137468.16,22905.91,837.59,73824,474,520,532,8092
839.11,301983.1,267254.53,839.11,301983.1,365479.38,839.11,301983.1,255540.11,839.11,301983.1,288039.84,839.11,139054.17,56142.02,839.11,139054.17,29380.06,839.11,139054.17,8482.26,839.11,139054.17,23129.33,839.11,74496,475,526,532,8150
840.62,303538.58,268463.02,840.62,303538.58,367100.08,840.62,303538.58,256632.79,840.62,303538.58,289114.02,840.62,139684.68,56402.28,840.62,139684.68,29546.79,840.62,139684.68,8521.06,840.62,139684.68,23220.61,840.62,74656,475,526,534,8156
842.14,304085.59,268982.82,842.14,304085.59,367904.1,842.14,304085.59,257247.27,842.14,304085.59,289494.05,842.14,139863.83,56474.62,842.14,139863.83,29576.47,842.14,139863.83,8538.15,842.14,139863.83,23258.61,842.14,74688,477,525,532,8158
843.66,305801.22,270238.1,843.66,305801.22,369846.09,843.66,305801.22,258834.98,843.66,305801.22,291273.97,843.66,140357.6,56795.71,843.66,140357.6,29732.87,843.66,140357.6,8570.45,843.66,140357.6,23379.2,843.66,74768,476,526,535,8154
845.17,306191.38,270869.65,845.17,306191.38,370355.72,845.17,306191.38,259113.15,845.17,306191.38,291717.83,845.17,141100.23,56993.62,845.17,141100.23,29797.77,845.17,141100.23,8613.68,845.17,141100.23,23508.42,845.17,74688,477,526,532,8144
846.69,304215.56,269384.93,846.69,304215.56,368352.33,846.69,304215.56,257651.96,846.69,304215.56,290009.72,846.69,140201.14,56610.71,846.69,140201.14,29631,846.69,140201.14,8547.88,846.69,140201.14,23319.61,846.69,73760,473,522,527,8036
848.2,297722.48,263363.77,848.2,297722.48,360342.3,848.2,297722.48,252016.91,848.2,297722.48,283459.38,848.2,137099.67,55418.26,848.2,137099.67,28953.35,848.2,137099.67,8366.96,848.2,137099.67,22816.32,848.2,71600,458,508,511,7796
849.72,296677.76,262279.57,849.72,296677.76,358967.83,849.72,296677.76,250866.83,849.72,296677.76,282438.51,849.72,136578.02,55217.8,849.72,136578.02,28854.99,849.72,136578.02,8339.04,849.72,136578.02,22692.36,849.72,70656,453,499,506,7680
851.23,294009.18,260311.7,851.23,294009.18,356100.41,851.23,294009.18,248954.2,851.23,294009.18,280294.47,851.23,135659.33,54822.87,851.23,135659.33,28613.24,851.23,135659.33,8276.28,851.23,135659.33,22536.02,851.23,69744,446,496,499,7590
852.75,280314.4,247893.79,852.75,280314.4,339500.86,852.75,280314.4,237392.1,852.75,280314.4,267119.96,852.75,129391.11,52226.39,852.75,129391.11,27296.65,852.75,129391.11,7889.7,852.75,129391.11,21465.13,852.75,66112,427,471,477,7186
854.26,285986.26,252850.4,854.26,285986.26,346139.75,854.26,285986.26,241805.12,854.26,285986.26,272396.23,854.26,131476.7,53191.28,854.26,131476.7,27769.23,854.26,131476.7,8020.98,854.26,131476.7,21780.47,854.26,66768,432,476,481,7234
855.77,293725.65,259483.03,855.77,293725.65,355416.74,855.77,293725.65,248612.35,855.77,293725.65,279539.42,855.77,135074.09,54619.18,855.77,135074.09,28506.01,855.77,135074.09,8255.73,855.77,135074.09,22385.19,855.77,68368,440,485,492,7402
857.29,294804.54,260637.73,857.29,294804.54,356871.53,857.29,294804.54,249303.29,857.29,294804.54,280854.46,857.29,135638.54,54804.5,857.29,135638.54,28592.52,857.29,135638.54,8275.41,857.29,135638.54,22458.73,857.29,68384,442,485,490,7420
858.8,294406.07,260030.46,858.8,294406.07,356435.19,858.8,294406.07,248936.26,858.8,294406.07,280196.75,858.8,135307.73,54705.93,858.8,135307.73,28539.57,858.8,135307.73,8260.42,858.8,135307.73,22423.32,858.8,68064,441,484,491,7358
860.31,294379.7,260140.57,860.31,294379.7,356163.78,860.31,294379.7,248782.4,860.31,294379.7,280223.14,860.31,135402.99,54768.37,860.31,135402.99,28551.15,860.31,135402.99,8271.85,860.31,135402.99,22400.46,860.31,67664,438,481,490,7326
861.83,294698.11,260824.13,861.83,294698.11,356864.88,861.83,294698.11,249385.45,861.83,294698.11,280993.79,861.83,135446.63,54772.31,861.83,135446.63,28569.95,861.83,135446.63,8279.9,861.83,135446.63,22438.98,861.83,67328,437,481,484,7280
863.34,290138.48,257076.96,863.34,290138.48,351689.76,863.34,290138.48,245536.1,863.34,290138.48,276479,863.34,133491.63,54032.33,863.34,133491.63,28167.88,863.34,133491.63,8151.27,863.34,133491.63,22087.9,863.34,65600,426,473,471,7102
864.85,277549.94,245559.61,864.85,277549.94,336349.08,864.85,277549.94,234858.62,864.85,277549.94,264483.47,864.85,127794.65,51630.92,864.85,127794.65,26971.64,864.85,127794.65,7815.54,864.85,127794.65,21154.59,864.85,62160,409,450,449,6718
866.37,281835.15,248906.74,866.37,281835.15,340889.05,866.37,281835.15,238159.28,866.37,281835.15,268172.15,866.37,129265.68,52223.19,866.37,129265.68,27266.41,866.37,129265.68,7902.68,866.37,129265.68,21364.03,866.37,61872,405,447,451,6670
867.88,285428.88,252231.38,867.88,285428.88,345613.86,867.88,285428.88,241494.42,867.88,285428.88,271673.97,867.88,131159.12,53049.14,867.88,131159.12,27671.33,867.88,131159.12,8017.97,867.88,131159.12,21685.82,867.88,61744,403,444,445,6658
869.39,285646.99,252780.77,869.39,285646.99,346304.93,869.39,285646.99,241569.67,869.39,285646.99,272370.69,869.39,131583.71,53211.21,869.39,131583.71,27698.33,869.39,131583.71,8038.69,869.39,131583.71,21721.58,869.39,60736,400,439,443,6554
870.9,285298.54,252268.4,870.9,285298.54,345583.04,870.9,285298.54,241258.36,870.9,285298.54,271821.76,870.9,131198.97,53099.73,870.9,131198.97,27664.19,870.9,131198.97,8023.1,870.9,131198.97,21637.17,870.9,59408,394,431,432,6404
872.41,283566.91,250776.8,872.41,283566.91,343497.89,872.41,283566.91,239846.76,872.41,283566.91,269935.06,872.41,130568.96,52834.24,872.41,130568.96,27527.33,872.41,130568.96,7979.65,872.41,130568.96,21540.11,872.41,57776,382,424,423,6218
873.93,281805.02,248913.15,873.93,281805.02,341198.34,873.93,281805.02,238262.45,873.93,281805.02,268084.41,873.93,129665.49,52498.12,873.93,129665.49,27352.9,873.93,129665.49,7926.87,873.93,129665.49,21377.99,873.93,56240,373,411,410,6050
875.44,282161.01,249569.43,875.44,282161.01,341698.4,875.44,282161.01,238726.95,875.44,282161.01,268623.96,875.44,129897.19,52626.82,875.44,129897.19,27371.34,875.44,129897.19,7944.85,875.44,129897.19,21376.41,875.44,54944,366,403,403,5906
876.95,282079.92,249693.94,876.95,282079.92,341859.31,876.95,282079.92,238657.74,876.95,282079.92,268875.9,876.95,129891.19,52649.97,876.95,129891.19,27388.62,876.95,129891.19,7940.04,876.95,129891.19,21379.08,876.95,53600,355,391,390,5756
878.46,279305.15,247051.74,878.46,279305.15,338425.19,878.46,279305.15,236076.15,878.46,279305.15,266107.51,878.46,128946.08,52159.19,878.46,128946.08,27160.33,878.46,128946.08,7879.01,878.46,128946.08,21178.07,878.46,51808,345,385,381,5560
879.97,278400.2,246176.03,879.97,278400.2,337247.33,879.97,278400.2,235319.39,879.97,278400.2,265054.14,879.97,128034.38,51935.52,879.97,128034.38,27021.26,879.97,128034.38,7836.84,879.97,128034.38,21036.46,879.97,50192,336,372,370,5384
881.48,278420.4,246384.73,881.48,278420.4,337753.57,881.48,278420.4,235776.89,881.48,278420.4,265195.96,881.48,128483.42,52092.85,881.48,128483.42,27093.34,881.48,128483.42,7874.9,881.48,128483.42,21110.95,881.48,48992,331,360,360,5254
882.99,277791.28,245506.84,882.99,277791.28,336701.31,882.99,277791.28,235059.74,882.99,277791.28,264514.76,882.99,128257.89,51936.41,882.99,128257.89,27055.14,882.99,128257.89,7862.53,882.99,128257.89,21017.94,882.99,47680,323,352,353,5102
884.5,275575.71,243554.59,884.5,275575.71,334393.06,884.5,275575.71,232955.52,884.5,275575.71,262513.48,884.5,126834.29,51427.84,884.5,126834.29,26745.39,884.5,126834.29,7760.29,884.5,126834.29,20787.14,884.5,45824,310,343,336,4912
886.01,273668.7,241891.27,886.01,273668.7,331404.06,886.01,273668.7,231400.9,886.01,273668.7,260574.87,886.01,126261.78,51114.29,886.01,126261.78,26581.43,886.01,126261.78,7732.1,886.01,126261.78,20648.07,886.01,44368,304,335,333,4734
887.52,274185.67,242418.82,887.52,274185.67,332451.11,887.52,274185.67,232039.55,887.52,274185.67,261211.58,887.52,126594.89,51340.98,887.52,126594.89,26645.48,887.52,126594.89,7745.41,887.52,126594.89,20705.73,887.52,43232,292,322,324,4626
889.03,273333.28,241664.65,889.03,273333.28,331674.46,889.03,273333.28,231511.35,889.03,273333.28,260359.62,889.03,125933.13,51068.2,889.03,125933.13,26600.21,889.03,125933.13,7726.04,889.03,125933.13,20585.22,889.03,42016,289,316,313,4482
890.54,269073.85,237655.78,890.54,269073.85,325890.24,890.54,269073.85,227430.48,890.54,269073.85,256044.83,890.54,124222.08,50370.54,890.54,124222.08,26186.19,890.54,124222.08,7601.57,890.54,124222.08,20302.41,890.54,40288,279,306,302,4306
892.05,261724.71,231551.78,892.05,261724.71,317578.53,892.05,261724.71,221465.89,892.05,261724.71,249519.93,892.05,121033.11,48935.37,892.05,121033.11,25453.61,892.05,121033.11,7397.93,892.05,121033.11,19663.02,892.05,38256,266,292,287,4084
893.56,250185.56,221351.5,893.56,250185.56,303062.53,893.56,250185.56,211507.85,893.56,250185.56,238338.34,893.56,115606.91,46757.84,893.56,115606.91,24308.93,893.56,115606.91,7078.78,893.56,115606.91,18743.2,893.56,35440,249,274,269,3784
895.07,233785.76,207422.31,895.07,233785.76,283742.28,895.07,233785.76,198217.44,895.07,233785.76,223061.65,895.07,108249.3,43840.38,895.07,108249.3,22772.32,895.07,108249.3,6633.36,895.07,108249.3,17527.34,895.07,32352,230,252,246,3460
896.58,222795.63,197038.91,896.58,222795.63,270077.61,896.58,222795.63,188116.04,896.58,222795.63,212216.98,896.58,102362.58,41499.97,896.58,102362.58,21594.46,896.58,102362.58,6284.56,896.58,102362.58,16542.69,896.58,29824,216,232,232,3184
898.09,210275.95,186419.53,898.09,210275.95,254782.79,898.09,210275.95,177838.76,898.09,210275.95,200375.06,898.09,97514.97,39403.76,898.09,97514.97,20447.69,898.09,97514.97,5974.27,898.09,97514.97,15693.14,898.09,27488,202,218,211,2934
899.59,205986.14,182270.63,899.59,205986.14,249835.64,899.59,205986.14,174333.2,899.59,205986.14,196596.74,899.59,95298.21,38559.42,899.59,95298.21,20013.26,899.59,95298.21,5840.52,899.59,95298.21,15324.9,899.59,26176,192,206,205,2794
901.1,208963.2,185172.32,901.1,208963.2,252976.32,901.1,208963.2,176845.52,901.1,208963.2,199149.46,901.1,96479.41,39153.91,901.1,96479.41,20295.97,901.1,96479.41,5915.57,901.1,96479.41,15426.25,901.1,25936,191,202,202,2756
902.61,220695.59,195219.05,902.61,220695.59,267705.87,902.61,220695.59,186726.87,902.61,220695.59,210181.46,902.61,102084.09,41362.81,902.61,102084.09,21552.2,902.61,102084.09,6271.41,902.61,102084.09,16377.66,902.61,26784,191,210,210,2840
904.12,221652.22,196391.53,904.12,221652.22,268964.26,904.12,221652.22,187695.23,904.12,221652.22,211403.01,904.12,102351.04,41460.38,904.12,102351.04,21602.5,904.12,102351.04,6281.49,904.12,102351.04,16437.06,904.12,26304,191,206,201,2798
905.63,207942.36,184201.74,905.63,207942.36,252032.07,905.63,207942.36,176252.87,905.63,207942.36,198403.72,905.63,96746.81,39169.46,905.63,96746.81,20322.45,905.63,96746.81,5928.11,905.63,96746.81,15421.88,905.63,24160,177,191,189,2572
907.13,198004.9,175583.12,907.13,198004.9,240140.52,907.13,198004.9,167892.56,907.13,198004.9,188906.21,907.13,91854.94,37201.61,907.13,91854.94,19301.03,907.13,91854.94,5624.23,907.13,91854.94,14632.87,907.13,22416,166,184,174,2394
908.64,196236.66,173891.78,908.64,196236.66,238160.95,908.64,196236.66,165927.28,908.64,196236.66,187055.35,908.64,90867.71,36802.52,908.64,90867.71,19099.11,908.64,90867.71,5573.64,908.64,90867.71,14452.89,908.64,21712,163,175,172,2312
910.15,198688.5,175836.51,910.15,198688.5,240452.49,910.15,198688.5,167843.94,910.15,198688.5,189345.08,910.15,91684.84,37153.33,910.15,91684.84,19307,910.15,91684.84,5631.99,910.15,91684.84,14644.11,910.15,21488,158,174,170,2288
911.65,194365.31,172093.09,911.65,194365.31,235350.78,911.65,194365.31,164401.13,911.65,194365.31,185180.89,911.65,89780.8,36401.76,911.65,89780.8,18850.91,911.65,89780.8,5534.83,911.65,89780.8,14338.93,911.65,20688,155,167,166,2196
913.16,191681.08,169681.06,913.16,191681.08,232404.53,913.16,191681.08,162542.75,913.16,191681.08,183138.52,913.16,88697.71,35955.37,913.16,88697.71,18680.39,913.16,88697.71,5431.37,913.16,88697.71,14054.21,913.16,19936,150,165,161,2122
914.66,190098.85,168077.38,914.66,190098.85,229856.53,914.66,190098.85,160578.18,914.66,190098.85,181052.2,914.66,87923.63,35622.17,914.66,87923.63,18506.06,914.66,87923.63,5386.02,914.66,87923.63,13939.11,914.66,19392,148,155,155,2062
916.17,189150.61,167232.39,916.17,189150.61,228869.82,916.17,189150.61,159845.59,916.17,189150.61,180552.86,916.17,87774.31,35392.87,916.17,87774.31,18404.29,916.17,87774.31,5384.77,916.17,87774.31,13914.45,916.17,19008,144,158,153,2016
917.68,195773.1,173037.36,917.68,195773.1,237189,917.68,195773.1,165172.03,917.68,195773.1,186310.12,917.68,90457.82,36915.68,917.68,90457.82,19095.74,917.68,90457.82,5566.16,917.68,90457.82,14404.11,917.68,19360,147,159,155,2048
919.18,204413.9,180313.78,919.18,204413.9,247494.4,919.18,204413.9,172696.65,919.18,204413.9,194798.82,919.18,94272.61,38126.18,919.18,94272.61,19813.93,919.18,94272.61,5782.54,919.18,94272.61,14975.16,919.18,19824,151,163,162,2104
920.68,203482.82,179439.45,920.68,203482.82,246381.25,920.68,203482.82,171340.63,920.68,203482.82,193359.3,920.68,94532.15,38390.41,920.68,94532.15,19853.45,920.68,94532.15,5796.78,920.68,94532.15,14948.48,920.68,19504,148,159,159,2066
922.19,201712.83,178601.24,922.19,201712.83,243827.28,922.19,201712.83,170512.18,922.19,201712.83,191954.6,922.19,93466.96,37825.72,922.19,93466.96,19622.9,922.19,93466.96,5728.72,922.19,93466.96,14846.27,922.19,19104,146,159,155,2018
923.69,199947.47,177166.99,923.69,199947.47,242774.76,923.69,199947.47,168966.02,923.69,199947.47,190965.45,923.69,92825,37619.93,923.69,92825,19466.13,923.69,92825,5692.2,923.69,92825,14719.89,923.69,18656,144,152,152,1968
925.2,200409.5,178024.73,925.2,200409.5,243862.28,925.2,200409.5,169729.2,925.2,200409.5,190797.22,925.2,92723.86,37735.43,925.2,92723.86,19531.29,925.2,92723.86,5723.35,925.2,92723.86,14731.42,925.2,18400,141,153,151,1942
926.7,189780.7,168160.11,926.7,189780.7,230219.2,926.7,189780.7,160552.87,926.7,189780.7,180972.31,926.7,87551.56,35478.12,926.7,87551.56,18411.84,926.7,87551.56,5387.87,926.7,87551.56,13881.77,926.7,17184,134,146,141,1824
928.2,171012.57,151591.59,928.2,171012.57,207022.32,928.2,171012.57,144308.72,928.2,171012.57,162920.5,928.2,79279.42,32067.57,928.2,79279.42,16626.78,928.2,79279.42,4880.84,928.2,79279.42,12521.4,928.2,15200,124,132,128,1620
929.71,152132.56,134436.35,929.71,152132.56,184918.57,929.71,152132.56,128400.43,929.71,152132.56,145273.57,929.71,69954.74,28277.61,929.71,69954.74,14600.86,929.71,69954.74,4320.19,929.71,69954.74,11089.26,929.71,13328,113,120,112,1416
931.21,128629.67,114569.5,931.21,128629.67,156610.8,931.21,128629.67,109279.54,931.21,128629.67,123339.71,931.21,60008.41,24257.72,931.21,60008.41,12458.57,931.21,60008.41,3656.32,931.21,60008.41,9561.78,931.21,11104,93,104,100,1200
932.71,112188.55,99140.07,932.71,112188.55,135590.71,932.71,112188.55,94743.3,932.71,112188.55,106089.81,932.71,51300.89,20951.86,932.71,51300.89,10859.49,932.71,51300.89,3206.31,932.71,51300.89,8246.5,932.71,9520,84,92,85,1028
934.21,104812.63,92735.45,934.21,104812.63,127097.89,934.21,104812.63,88853.5,934.21,104812.63,99924.25,934.21,48622.49,19478.29,934.21,48622.49,10154.09,934.21,48622.49,2977.88,934.21,48622.49,7664.39,934.21,8720,77,83,77,948
935.71,97147.81,85966.38,935.71,97147.81,117042.06,935.71,97147.81,82336.04,935.71,97147.81,92355.77,935.71,44909.03,18161.01,935.71,44909.03,9401.29,935.71,44909.03,2757.46,935.71,44909.03,7155.83,935.71,8048,71,78,74,870
937.21,99902.26,88883.63,937.21,99902.26,120617.29,937.21,99902.26,84916.92,937.21,99902.26,95788.64,937.21,46790.19,18855.75,937.21,46790.19,9727.17,937.21,46790.19,2868.27,937.21,46790.19,7307.85,937.21,8160,68,79,74,888
938.71,110291.65,98086.04,938.71,110291.65,133673.48,938.71,110291.65,93233.21,938.71,110291.65,104850.6,938.71,51082.21,20683.29,938.71,51082.21,10717.25,938.71,51082.21,3148.82,938.71,51082.21,7962.82,938.71,8960,73,84,76,970
940.21,105658.06,93506.64,940.21,105658.06,127441.7,940.21,105658.06,89209.19,940.21,105658.06,100026.92,940.21,49171.93,19950.9,940.21,49171.93,10277.74,940.21,49171.93,3041.76,940.21,49171.93,7708.3,940.21,8544,73,75,76,938
941.71,97801.97,87301.76,941.71,97801.97,118202.38,941.71,97801.97,82651.67,941.71,97801.97,93601.89,941.71,45448.01,18424.87,941.71,45448.01,9519.52,941.71,45448.01,2834.1,941.71,45448.01,7165.23,941.71,7840,71,71,69,852
943.21,92465.66,81937.39,943.21,92465.66,111386.03,943.21,92465.66,78885.72,943.21,92465.66,88193.32,943.21,43245.76,17412.66,943.21,43245.76,8914.24,943.21,43245.76,2650.88,943.21,43245.76,6679.18,943.21,7280,64,68,69,806
944.71,91205.07,80438.87,944.71,91205.07,110122.82,944.71,91205.07,77209.02,944.71,91205.07,87206.2,944.71,42715,17211.94,944.71,42715,8920.82,944.71,42715,2623.77,944.71,42715,6664.38,944.71,7136,61,64,64,774
946.21,93848.51,83282.78,946.21,93848.51,113426.18,946.21,93848.51,79242.95,946.21,93848.51,89187.16,946.21,43774.52,17647.6,946.21,43774.52,9194.77,946.21,43774.52,2696.16,946.21,43774.52,6836.46,946.21,7248,64,67,67,788
947.71,96671.08,85076.82,947.71,96671.08,116569.35,947.71,96671.08,81943.24,947.71,96671.08,91970.71,947.71,44783.07,18106.07,947.71,44783.07,9374.45,947.71,44783.07,2745.37,947.71,44783.07,6990.66,947.71,7312,64,68,65,808
949.2,97630.51,86712.35,949.2,97630.51,118833.9,949.2,97630.51,83547.67,949.2,97630.51,93358.19,949.2,46138.14,18574.39,949.2,46138.14,9585.04,949.2,46138.14,2843.02,949.2,46138.14,7121.09,949.2,7456,65,69,68,808
950.7,99188.27,87547.21,950.7,99188.27,120397.34,950.7,99188.27,84038.94,950.7,99188.27,94723.21,950.7,46244.34,18803.84,950.7,46244.34,9675.23,950.7,46244.34,2849.27,950.7,46244.34,7160.77,950.7,7440,64,70,67,810
952.2,100917.12,89310.04,952.2,100917.12,122035.56,952.2,100917.12,85279.8,952.2,100917.12,95919.63,952.2,46981.61,18903.19,952.2,46981.61,9783.23,952.2,46981.61,2915.62,952.2,46981.61,7378.88,952.2,7472,66,71,68,812
953.69,101531.69,90105.3,953.69,101531.69,123078.61,953.69,101531.69,85861.21,953.69,101531.69,96961.13,953.69,47627.49,19219.09,953.69,47627.49,9945.74,953.69,47627.49,2920.69,953.69,47627.49,7340.24,953.69,7456,67,70,65,800
955.19,102370.06,90940.39,955.19,102370.06,124069.86,955.19,102370.06,86964.85,955.19,102370.06,97897.58,955.19,48290.46,19429.81,955.19,48290.46,9998.97,955.19,48290.46,2932.94,955.19,48290.46,7442.41,955.19,7392,64,68,68,800
956.68,109138.25,96397.07,956.68,109138.25,132608.84,956.68,109138.25,91870.6,956.68,109138.25,103941.19,956.68,50653.13,20585.06,956.68,50653.13,10639.47,956.68,50653.13,3151.36,956.68,50653.13,7921.78,956.68,7696,68,72,72,840
958.17,106706.67,94982.53,958.17,106706.67,128965.54,958.17,106706.67,90564.73,958.17,106706.67,101609.21,958.17,50062.18,20118.45,958.17,50062.18,10410.13,958.17,50062.18,3092.33,958.17,50062.18,7807.59,958.17,7488,63,70,68,810
959.67,114095.1,100458.92,959.67,114095.1,137570.04,959.67,114095.1,96143.68,959.67,114095.1,108398.98,959.67,52994.66,21399.41,959.67,52994.66,11055.37,959.67,52994.66,3275.12,959.67,52994.66,8032.19,959.67,7824,71,71,71,838
961.16,118216.49,105100.76,961.16,118216.49,142874.08,961.16,118216.49,99504.71,961.16,118216.49,112270.69,961.16,55210.8,22542.4,961.16,55210.8,11572.57,961.16,55210.8,3428.07,961.16,55210.8,8649.29,961.16,8064,74,73,73,860
962.65,123205.89,109003.49,962.65,123205.89,149835.41,962.65,123205.89,104742.76,962.65,123205.89,117347.4,962.65,57515.13,23361.69,962.65,57515.13,12048.75,962.65,57515.13,3594.7,962.65,57515.13,8952.25,962.65,8288,74,81,74,880
964.14,127587.18,112969.69,964.14,127587.18,154476.13,964.14,127587.18,107736.27,964.14,127587.18,121090.52,964.14,59578.97,24168.83,964.14,59578.97,12521.58,964.14,59578.97,3692.46,964.14,59578.97,9274.08,964.14,8352,75,79,73,888
965.63,134087.06,117967.3,965.63,134087.06,161930.27,965.63,134087.06,113204.65,965.63,134087.06,126943.08,965.63,62845.1,25634.19,965.63,62845.1,13230.55,965.63,62845.1,3903.97,965.63,62845.1,9732.09,965.63,8672,76,79,79,918
967.12,149580.45,132048.57,967.12,149580.45,180540.99,967.12,149580.45,126080.28,967.12,149580.45,142679.6,967.12,69601.47,28526.25,967.12,69601.47,14554.21,967.12,69601.47,4301.58,967.12,69601.47,10867.14,967.12,9456,79,86,84,998
968.61,159378.54,140974.11,968.61,159378.54,193341.35,968.61,159378.54,134333.34,968.61,159378.54,150840.4,968.61,74600.16,30091.38,968.61,74600.16,15740.11,968.61,74600.16,4621.18,968.61,74600.16,11474.4,968.61,9920,86,88,87,1040
970.1,165766.95,146139.21,970.1,165766.95,201135.74,970.1,165766.95,139920.52,970.1,165766.95,157021.91,970.1,77084.06,31264.86,970.1,77084.06,16137.79,970.1,77084.06,4775.64,970.1,77084.06,11993.85,970.1,10032,87,94,90,1044
971.58,166030.93,147340.02,971.58,166030.93,201623.19,971.58,166030.93,140181.8,971.58,166030.93,158077.35,971.58,77368.29,31556.3,971.58,77368.29,16297.17,971.58,77368.29,4818.22,971.58,77368.29,12145.02,971.58,9824,86,89,89,1034
973.07,162084.39,143781.26,973.07,162084.39,197877.18,973.07,162084.39,137883.59,973.07,162084.39,154966.51,973.07,76431.52,31010.57,973.07,76431.52,15893.8,973.07,76431.52,4715.16,973.07,76431.52,11796.73,973.07,9472,89,88,85,982
974.55,162584.79,143665.07,974.55,162584.79,198137.22,974.55,162584.79,138467.35,974.55,162584.79,155100.07,974.55,76249.35,31080.69,974.55,76249.35,16084.98,974.55,76249.35,4702.04,974.55,76249.35,12054.66,974.55,9184,84,89,86,972
976.04,168164.84,148793.95,976.04,168164.84,204565.08,976.04,168164.84,142620.81,976.04,168164.84,160714.5,976.04,78662.03,31998.11,976.04,78662.03,16517.54,976.04,78662.03,4879.34,976.04,78662.03,12332.61,976.04,9312,84,88,83,968
977.52,171228.96,150533.35,977.52,171228.96,207609.67,977.52,171228.96,144215.74,977.52,171228.96,162950.72,977.52,79551.62,32474.71,977.52,79551.62,16731.7,977.52,79551.62,4971.98,977.52,79551.62,12510.75,977.52,9168,85,87,84,964
979,175258.77,154137.84,979,175258.77,213006.82,979,175258.77,147397.12,979,175258.77,167169.91,979,81615.41,33146.49,979,81615.41,17159.56,979,81615.41,5061.88,979,81615.41,12742.64,979,9168,84,91,84,958
980.49,181991,159903.59,980.49,181991,220413.88,980.49,181991,152771.2,980.49,181991,172787.91,980.49,85024.11,34606.59,980.49,85024.11,17867.97,980.49,85024.11,5303.92,980.49,85024.11,13310.23,980.49,9248,84,88,83,966
981.97,185671.87,164175.51,981.97,185671.87,225593.68,981.97,185671.87,156143.9,981.97,185671.87,176222.92,981.97,86653.37,35140.92,981.97,86653.37,18231.94,981.97,86653.37,5374.49,981.97,86653.37,13642.94,981.97,9200,86,88,84,966
983.45,188749.57,167212.76,983.45,188749.57,229161.33,983.45,188749.57,158985.21,983.45,188749.57,180038.05,983.45,89158.94,36210.14,983.45,89158.94,18617.48,983.45,89158.94,5529.73,983.45,89158.94,14091.21,983.45,9152,83,87,86,954
984.92,192806.92,170993.92,984.92,192806.92,235931.49,984.92,192806.92,162720.02,984.92,192806.92,184282.3,984.92,90549.06,36851.36,984.92,90549.06,18996,984.92,90549.06,5626.41,984.92,90549.06,14389.58,984.92,9072,86,87,83,946
986.4,195602.45,173152.04,986.4,195602.45,237406.67,986.4,195602.45,165926.62,986.4,195602.45,186054.58,986.4,91717.33,37231.79,986.4,91717.33,19296.96,986.4,91717.33,5720.98,986.4,91717.33,14347.86,986.4,8848,81,87,86,926
987.88,198028.89,175580.27,987.88,198028.89,241055.42,987.88,198028.89,167295.67,987.88,198028.89,189209.79,987.88,92718.1,37631.54,987.88,92718.1,19331.91,987.88,92718.1,5806.61,987.88,92718.1,14639.7,987.88,8656,82,83,78,900
989.35,199508.4,175633.25,989.35,199508.4,242044.57,989.35,199508.4,168223.72,989.35,199508.4,189354.6,989.35,93569.5,37970.23,989.35,93569.5,19663.16,989.35,93569.5,5872.31,989.35,93569.5,14626.29,989.35,8528,79,83,84,884
990.83,202800,178840.51,990.83,202800,246725.74,990.83,202800,171424.47,990.83,202800,192816.88,990.83,95109.08,38826.18,990.83,95109.08,19864.55,990.83,95109.08,5906.7,990.83,95109.08,15099.07,990.83,8256,79,80,79,862
992.3,203296.63,178842.11,992.3,203296.63,248080.82,992.3,203296.63,170887.02,992.3,203296.63,192689.85,992.3,95675.36,38894.11,992.3,95675.36,20071.03,992.3,95675.36,5979.71,992.3,95675.36,15027.27,992.3,8080,76,82,75,842
993.77,205517.15,181356.65,993.77,205517.15,249862.36,993.77,205517.15,173710.92,993.77,205517.15,195730.61,993.77,96781.93,39445.64,993.77,96781.93,20207.81,993.77,96781.93,6021.93,993.77,96781.93,15304.05,993.77,7856,74,79,73,820
995.24,206196.65,182550.25,995.24,206196.65,250336.61,995.24,206196.65,174037.54,995.24,206196.65,195792.23,995.24,97579.14,39389.74,995.24,97579.14,20366.29,995.24,97579.14,6028.76,995.24,97579.14,15330.67,995.24,7664,68,80,74,794
996.71,207208.33,183676.78,996.71,207208.33,251656.8,996.71,207208.33,174852.46,996.71,207208.33,198057.17,996.71,97602.93,39550,996.71,97602.93,20584.5,996.71,97602.93,6056.82,996.71,97602.93,15611.84,996.71,7408,69,74,71,772
998.18,207065.66,182665.12,998.18,207065.66,253155.56,998.18,207065.66,173853.82,998.18,207065.66,197237.66,998.18,98325.66,39787.03,998.18,98325.66,20434.43,998.18,98325.66,6100.28,998.18,98325.66,15566.23,998.18,7136,68,70,66,746
999.64,208538.14,183838.19,999.64,208538.14,253350.9,999.64,208538.14,175369.63,999.64,208538.14,196893.87,999.64,97811.57,39798.33,999.64,97811.57,20647.72,999.64,97811.57,6128.82,999.64,97811.57,15594.96,999.64,6816,69,70,67,716
1001.11,206976.14,182883.68,1001.11,206976.14,251875.73,1001.11,206976.14,174852.86,1001.11,206976.14,197120.13,1001.11,97571.81,39856.92,1001.11,97571.81,20381.38,1001.11,97571.81,6098.24,1001.11,97571.81,15399.26,1001.11,6608,62,65,61,680
1002.57,205655.69,181037.6,1002.57,205655.69,250346.98,1002.57,205655.69,174220.29,1002.57,205655.69,196565.94,1002.57,96835.86,39541.31,1002.57,96835.86,20308.63,1002.57,96835.86,6052.24,1002.57,96835.86,15399.59,1002.57,6320,61,63,64,664
1004.03,202666.12,179841.58,1004.03,202666.12,247921.66,1004.03,202666.12,171577.53,1004.03,202666.12,194402.06,1004.03,96323.6,38641.45,1004.03,96323.6,20090.75,1004.03,96323.6,6020.23,1004.03,96323.6,15260.57,1004.03,6064,58,61,59,626
1005.49,205064.9,180555.15,1005.49,205064.9,248773.95,1005.49,205064.9,172793.73,1005.49,205064.9,194035.51,1005.49,95859.55,39188.78,1005.49,95859.55,20249.97,1005.49,95859.55,6045.85,1005.49,95859.55,15588.1,1005.49,5824,58,59,58,608
1006.95,204533.21,179870.16,1006.95,204533.21,248756.61,1006.95,204533.21,172641.34,1006.95,204533.21,194327.81,1006.95,97022.1,39690.86,1006.95,97022.1,20377.68,1006.95,97022.1,6044.87,1006.95,97022.1,15435.33,1006.95,5584,56,60,52,588
1008.41,204635.87,180871.71,1008.41,204635.87,249083.67,1008.41,204635.87,171630.09,1008.41,204635.87,194954.18,1008.41,96298.01,39652.12,1008.41,96298.01,20534.13,1008.41,96298.01,6038.29,1008.41,96298.01,15420.27,1008.41,5424,55,58,56,566
1009.86,206083.98,179522.04,1009.86,206083.98,249590.59,1009.86,206083.98,172652.58,1009.86,206083.98,193718.94,1009.86,97870.16,39278.99,1009.86,97870.16,20375.98,1009.86,97870.16,6096.43,1009.86,97870.16,15466.1,1009.86,5200,50,55,51,550
1011.32,204535.47,181756.58,1011.32,204535.47,247720.46,1011.32,204535.47,171316.25,1011.32,204535.47,195044.27,1011.32,98224.96,39256,1011.32,98224.96,20562.66,1011.32,98224.96,6054.09,1011.32,98224.96,15634.42,1011.32,4992,50,52,50,522
1012.77,205612.61,183812.71,1012.77,205612.61,248716.93,1012.77,205612.61,173903.67,1012.77,205612.61,195208.11,1012.77,96678.5,39518.22,1012.77,96678.5,20376.58,1012.77,96678.5,6064.46,1012.77,96678.5,15436.8,1012.77,4816,49,51,48,506
1014.22,202635.9,180120.8,1014.22,202635.9,248177.8,1014.22,202635.9,171421.78,1014.22,202635.9,192913.47,1014.22,96200.02,39654.97,1014.22,96200.02,20102.87,1014.22,96200.02,6058.4,1014.22,96200.02,15421.38,1014.22,4592,45,48,45,480
1015.67,205747.78,180695.59,1015.67,205747.78,249988.88,1015.67,205747.78,173233.24,1015.67,205747.78,194554.25,1015.67,98197.16,40154.27,1015.67,98197.16,20362.59,1015.67,98197.16,6042.17,1015.67,98197.16,15604.98,1015.67,4432,46,50,46,468
1017.11,203051.99,179750.94,1017.11,203051.99,249099.29,1017.11,203051.99,172538.71,1017.11,203051.99,193065.82,1017.11,96772.91,39264.42,1017.11,96772.91,20623.73,1017.11,96772.91,6073.09,1017.11,96772.91,15765.26,1017.11,4288,42,46,39,452
1018.56,203510.7,178860.11,1018.56,203510.7,247652.46,1018.56,203510.7,171407.6,1018.56,203510.7,194911.66,1018.56,96711.18,39096.01,1018.56,96711.18,20268.19,1018.56,96711.18,6095.89,1018.56,96711.18,15741.29,1018.56,4144,44,45,46,438
1020,202979.18,179169.3,1020,202979.18,246432.2,1020,202979.18,170240.6,1020,202979.18,192859.98,1020,97484.14,39723.71,1020,97484.14,20076.58,1020,97484.14,6039.08,1020,97484.14,15889.49,1020,3952,40,42,37,418
1021.44,203003.06,178170.88,1021.44,203003.06,249563.4,1021.44,203003.06,171342.03,1021.44,203003.06,191828.58,1021.44,97009.43,39116.71,1021.44,97009.43,20564.21,1021.44,97009.43,6091.03,1021.44,97009.43,15646.68,1021.44,3824,38,42,39,406
1022.88,201815.45,177313.89,1022.88,201815.45,246949.89,1022.88,201815.45,170866.11,1022.88,201815.45,194722.89,1022.88,98380.6,39445.05,1022.88,98380.6,20534.63,1022.88,98380.6,6003.77,1022.88,98380.6,15662.01,1022.88,3680,40,42,34,386
1024.32,203501.8,178814.7,1024.32,203501.8,246203.82,1024.32,203501.8,172809.72,1024.32,203501.8,192826.29,1024.32,95950.21,38905.18,1024.32,95950.21,20049.3,1024.32,95950.21,6086.39,1024.32,95950.21,15395,1024.32,3536,35,40,36,368
1025.75,200695.35,181317.86,1025.75,200695.35,246370.84,1025.75,200695.35,170937.07,1025.75,200695.35,192390.71,1025.75,98737.12,40143.12,1025.75,98737.12,20445.56,1025.75,98737.12,6015.23,1025.75,98737.12,16206.85,1025.75,3392,36,38,34,356
1027.18,201499.88,180630.25,1027.18,201499.88,246117.71,1027.18,201499.88,169835.61,1027.18,201499.88,192864.17,1027.18,97906.2,39628.7,1027.18,97906.2,19943.86,1027.18,97906.2,5957.26,1027.18,97906.2,15152.15,1027.18,3248,35,35,31,342
1028.61,205138.22,178185.75,1028.61,205138.22,247812.96,1028.61,205138.22,170698.96,1028.61,205138.22,191661.99,1028.61,94893.95,38868.99,1028.61,94893.95,20506.74,1028.61,94893.95,6031.39,1028.61,94893.95,15413.56,1028.61,3232,33,35,34,336
1030.04,203418.33,178573.35,1030.04,203418.33,245344.25,1030.04,203418.33,172362.1,1030.04,203418.33,190219.43,1030.04,99143.62,40049.54,1030.04,99143.62,20444.87,1030.04,99143.62,6056.44,1030.04,99143.62,15683.74,1030.04,3024,33,31,34,322
1031.47,204213.95,179998.85,1031.47,204213.95,247801.11,1031.47,204213.95,171927.16,1031.47,204213.95,196142.25,1031.47,97077.07,39237.74,1031.47,97077.07,20200.17,1031.47,97077.07,6067.32,1031.47,97077.07,15985.74,1031.47,2976,27,32,31,310
1032.89,201461.29,177118.05,1032.89,201461.29,247629.5,1032.89,201461.29,172081.52,1032.89,201461.29,193067.07,1032.89,98478.9,38968.64,1032.89,98478.9,20541.61,1032.89,98478.9,6117.17,1032.89,98478.9,15859.33,1032.89,2784,29,31,29,300
1034.31,201531.92,176448.55,1034.31,201531.92,246509,1034.31,201531.92,169529,1034.31,201531.92,193747.43,1034.31,95489.66,39943.39,1034.31,95489.66,20439.78,1034.31,95489.66,6007.11,1034.31,95489.66,15602.88,1034.31,2752,30,31,28,286
1035.73,201187.4,178632.76,1035.73,201187.4,247198.87,1035.73,201187.4,171415.28,1035.73,201187.4,194872.1,1035.73,97930.67,40534.22,1035.73,97930.67,20753.52,1035.73,97930.67,6080.13,1035.73,97930.67,15565.14,1035.73,2640,28,30,28,284
1037.14,200397.93,178131.49,1037.14,200397.93,246786.34,1037.14,200397.93,168853.81,1037.14,200397.93,192975.79,1037.14,99723.74,39685.98,1037.14,99723.74,20182.19,1037.14,99723.74,6105.54,1037.14,99723.74,15942.23,1037.14,2496,29,28,23,270
1038.55,201429.99,172654.28,1038.55,201429.99,241715.99,1038.55,201429.99,166899.13,1038.55,201429.99,191838.09,1038.55,98379.07,40119.13,1038.55,98379.07,20408.42,1038.55,98379.07,6017.87,1038.55,98379.07,16047.65,1038.55,2512,25,32,27,266
1039.96,203177.21,178278.04,1039.96,203177.21,246003.78,1039.96,203177.21,169314.34,1039.96,203177.21,191225.61,1039.96,96959.47,38424.68,1039.96,96959.47,20828.33,1039.96,96959.47,5880.41,1039.96,96959.47,15800.8,1039.96,2448,22,26,24,252
1041.37,200615.3,183035.6,1041.37,200615.3,247149.77,1041.37,200615.3,168558.21,1041.37,200615.3,191308.4,1041.37,98220.15,40180.97,1041.37,98220.15,20462.53,1041.37,98220.15,6045.75,1041.37,98220.15,16370.02,1041.37,2304,27,25,27,244
1042.78,201480.51,178974.71,1042.78,201480.51,246492.12,1042.78,201480.51,171472.78,1042.78,201480.51,189691.76,1042.78,96086.36,39519.39,1042.78,96086.36,19953.42,1042.78,96086.36,6102.26,1042.78,96086.36,15885.25,1042.78,2240,23,22,23,238
1044.18,202068.6,177642.73,1044.18,202068.6,245369.02,1044.18,202068.6,169870.86,1044.18,202068.6,192076.2,1044.18,98821.64,39690.66,1044.18,98821.64,21060.35,1044.18,98821.64,6125.73,1044.18,98821.64,15997.76,1044.18,2144,23,26,25,226
1045.58,197821.58,178382.46,1045.58,197821.58,242417.2,1045.58,197821.58,166947.69,1045.58,197821.58,187530.28,1045.58,99527.68,39811.07,1045.58,99527.68,20320.24,1045.58,99527.68,6013.13,1045.58,99527.68,16173.25,1045.58,2096,21,24,24,222
1046.97,201080.47,174904.31,1046.97,201080.47,245104,1046.97,201080.47,171334.83,1046.97,201080.47,187992.39,1046.97,98550.86,38991.86,1046.97,98550.86,19495.93,1046.97,98550.86,6105.87,1046.97,98550.86,16282.32,1046.97,2032,24,21,21,214
1048.36,198272.93,175161.36,1048.36,198272.93,244496.06,1048.36,198272.93,167862.97,1048.36,198272.93,190974.54,1048.36,96330.52,40962.98,1048.36,96330.52,20931.63,1048.36,96330.52,6245.73,1048.36,96330.52,16430.21,1048.36,1904,22,17,19,208
1049.75,199577.22,177828.42,1049.75,199577.22,248192.18,1049.75,199577.22,171431.71,1049.75,199577.22,191901.17,1049.75,95748.89,40123.35,1049.75,95748.89,20061.67,1049.75,95748.89,6098.29,1049.75,95748.89,15730.18,1049.75,1872,21,25,20,196
1051.14,204282.91,176426.15,1051.14,204282.91,246731.31,1051.14,204282.91,171120.1,1051.14,204282.91,194997.32,1051.14,104046.89,39980.98,1051.14,104046.89,20472.19,1051.14,104046.89,6021.23,1051.14,104046.89,16618.6,1051.14,1808,18,20,18,198
1052.52,204862.09,177728.04,1052.52,204862.09,242849.76,1052.52,204862.09,172301.23,1052.52,204862.09,191295.07,1052.52,96921.39,39160.16,1052.52,96921.39,20559.08,1052.52,96921.39,6179.96,1052.52,96921.39,15908.81,1052.52,1728,15,20,16,186
1053.9,200290.88,177880.71,1053.9,200290.88,238108.04,1053.9,200290.88,166675.63,1053.9,200290.88,187685.16,1053.9,98723.43,39692.93,1053.9,98723.43,21118.67,1053.9,98723.43,5979.38,1053.9,98723.43,16793.16,1053.9,1712,20,19,19,190
1055.28,202139.37,177417.29,1055.28,202139.37,245766.57,1055.28,202139.37,165783.37,1055.28,202139.37,187596.97,1055.28,100680.53,40802.11,1055.28,100680.53,19871.16,1055.28,100680.53,5961.35,1055.28,100680.53,15896.93,1055.28,1632,21,18,19,172
1056.65,196688.3,171163.87,1056.65,196688.3,237227.11,1056.65,196688.3,165158.12,1056.65,196688.3,187679.68,1056.65,99509.16,38272.75,1056.65,99509.16,20503.26,1056.65,99509.16,6150.98,1056.65,99509.16,15855.86,1056.65,1600,19,21,18,174
1058.02,203242.74,176664.84,1058.02,203242.74,247018.1,1058.02,203242.74,173538.03,1058.02,203242.74,189172.09,1058.02,98840.03,38749.78,1058.02,98840.03,20217.28,1058.02,98840.03,6177.5,1058.02,98840.03,16005.34,1058.02,1536,15,15,18,166
1059.39,201181.76,175222.82,1059.39,201181.76,246609.89,1059.39,201181.76,170355.52,1059.39,201181.76,194692.02,1059.39,96983.24,39255.12,1059.39,96983.24,20782.12,1059.39,96983.24,5844.97,1059.39,96983.24,16741.15,1059.39,1520,16,15,17,160
1060.75,202452.04,182538.72,1060.75,202452.04,245597.55,1060.75,202452.04,165944.29,1060.75,202452.04,192495.38,1060.75,100059.87,40988.38,1060.75,100059.87,20795.58,1060.75,100059.87,6253.74,1060.75,100059.87,16274.8,1060.75,1440,16,17,15,156
1062.11,205361.47,179256.2,1062.11,205361.47,252350.96,1062.11,205361.47,174035.15,1062.11,205361.47,196659.72,1062.11,95669.28,40475.47,1062.11,95669.28,20237.73,1062.11,95669.28,5979.33,1062.11,95669.28,16864.78,1062.11,1408,16,16,15,152
1063.46,197571.21,171344.94,1063.46,197571.21,243030.07,1063.46,197571.21,169596.52,1063.46,197571.21,190577.54,1063.46,97402.83,37604.89,1063.46,97402.83,20960.1,1063.46,97402.83,5856.5,1063.46,97402.83,16028.31,1063.46,1424,15,16,11,154
1064.81,198959.31,175865.82,1064.81,198959.31,248699.14,1064.81,198959.31,166983.71,1064.81,198959.31,188300.78,1064.81,101368.3,41060.58,1064.81,101368.3,20851.07,1064.81,101368.3,6255.32,1064.81,101368.3,16680.86,1064.81,1360,15,15,19,150
1066.16,196447.09,168130.39,1066.16,196447.09,242461.73,1066.16,196447.09,171669.98,1066.16,196447.09,184058.54,1066.16,103218.94,39997.34,1066.16,103218.94,20643.79,1066.16,103218.94,5886.7,1066.16,103218.94,16773.08,1066.16,1408,14,13,12,144
1067.5,205563.93,183539.23,1067.5,205563.93,245942.56,1067.5,205563.93,163349.91,1067.5,205563.93,198222.36,1067.5,100231.93,40224.65,1067.5,100231.93,20442.04,1067.5,100231.93,5852.36,1067.5,100231.93,16155.8,1067.5,1264,14,16,15,146
1068.84,205310.94,181046.92,1068.84,205310.94,246373.13,1068.84,205310.94,167981.68,1068.84,205310.94,188512.78,1068.84,102437.7,40712.42,1068.84,102437.7,20027.88,1068.84,102437.7,6238.19,1068.84,102437.7,15102.99,1068.84,1344,13,16,14,140
1070.17,201997.86,177683.3,1070.17,201997.86,239404.87,1070.17,201997.86,172072.25,1070.17,201997.86,190775.76,1070.17,95732.46,40553.33,1070.17,95732.46,19279.45,1070.17,95732.46,6066.38,1070.17,95732.46,16287.81,1070.17,1264,14,12,15,138
1071.5,198590.08,170220.07,1071.5,198590.08,242090.76,1071.5,198590.08,166437.4,1071.5,198590.08,183459.4,1071.5,104446.04,39854.41,1071.5,104446.04,20614.35,1071.5,104446.04,5926.63,1071.5,104446.04,15804.33,1071.5,1264,15,14,17,132
1072.83,201900.52,180126.94,1072.83,201900.52,243468.28,1072.83,201900.52,170229.85,1072.83,201900.52,193982.86,1072.83,97088.36,40101.71,1072.83,97088.36,20754.39,1072.83,97088.36,6243.91,1072.83,97088.36,17236.7,1072.83,1232,13,14,11,136
1074.15,196186.07,182028.32,1074.15,196186.07,244726.96,1074.15,196186.07,163825.48,1074.15,196186.07,188095.93,1074.15,96234.34,38062.84,1074.15,96234.34,19031.42,1074.15,96234.34,6014.65,1074.15,96234.34,16517.84,1074.15,1232,14,17,13,132
1075.47,197839.87,168988.22,1075.47,197839.87,239056.5,1075.47,197839.87,162805.72,1075.47,197839.87,187535.71,1075.47,96814.4,38872.45,1075.47,96814.4,20169.67,1075.47,96814.4,5867.54,1075.47,96814.4,16869.18,1075.47,1216,15,16,13,126
1076.78,199565.34,172256.4,1076.78,199565.34,243679.78,1076.78,199565.34,165954.33,1076.78,199565.34,178558.46,1076.78,98917,42610.4,1076.78,98917,19402.95,1076.78,98917,6087.2,1076.78,98917,15598.45,1076.78,1104,10,14,10,128
1078.08,204856.48,176220.63,1078.08,204856.48,246708.88,1078.08,204856.48,169612.36,1078.08,204856.48,193842.69,1078.08,100390.54,39999.36,1078.08,100390.54,19999.68,1078.08,100390.54,5882.26,1078.08,100390.54,16078.17,1078.08,1104,12,13,12,120
1079.39,198687.78,176363.31,1079.39,198687.78,247801.61,1079.39,198687.78,169665.97,1079.39,198687.78,191990.44,1079.39,103580.83,40461.26,1079.39,103580.83,19826.02,1079.39,103580.83,6574.95,1079.39,103580.83,16993.73,1079.39,1136,14,13,15,124
1080.68,197476.05,181402.42,1080.68,197476.05,236512.02,1080.68,197476.05,165328.79,1080.68,197476.05,190587.35,1080.68,108490.64,40273.04,1080.68,108490.64,21369.37,1080.68,108490.64,5856.03,1080.68,108490.64,16848.93,1080.68,1040,9,11,11,110
1081.98,200841.6,184104.8,1081.98,200841.6,253442.98,1081.98,200841.6,162586.06,1081.98,200841.6,186495.78,1081.98,105201.05,40076.59,1081.98,105201.05,19620.83,1081.98,105201.05,6366.33,1081.98,105201.05,16698.58,1081.98,1040,13,11,13,118
1083.26,196374.92,174282.74,1083.26,196374.92,245468.65,1083.26,196374.92,159554.62,1083.26,196374.92,189010.86,1083.26,106375.86,39004.48,1083.26,106375.86,21275.17,1083.26,106375.86,6094.45,1083.26,106375.86,16399.61,1083.26,1056,10,14,9,108
1084.55,206804.64,181584.56,1084.55,206804.64,249678.77,1084.55,206804.64,174018.54,1084.55,206804.64,199238.62,1084.55,98295.15,39318.06,1084.55,98295.15,20999.42,1084.55,98295.15,6366.84,1084.55,98295.15,16978.25,1084.55,1008,14,9,11,108
1085.82,203128.32,184898.85,1085.82,203128.32,239587.24,1085.82,203128.32,169273.6,1085.82,203128.32,192711.48,1085.82,99566.44,42407.93,1085.82,99566.44,20743.01,1085.82,99566.44,6338.14,1085.82,99566.44,17977.27,1085.82,992,10,13,12,108
1087.09,204624.92,178050.26,1087.09,204624.92,247144.39,1087.09,204624.92,178050.26,1087.09,204624.92,183365.19,1087.09,98075.58,40550.48,1087.09,98075.58,20275.24,1087.09,98075.58,5893.97,1087.09,98075.58,17446.14,1087.09,896,10,11,11,106
1088.36,205280.16,180646.54,1088.36,205280.16,246336.19,1088.36,205280.16,164224.13,1088.36,205280.16,191594.82,1088.36,102310.45,37642.52,1088.36,102310.45,21716.84,1088.36,102310.45,6273.75,1088.36,102310.45,16890.88,1088.36,912,8,9,10,102
1089.62,198216.88,171982.29,1089.62,198216.88,241941.19,1089.62,198216.88,171982.29,1089.62,198216.88,195301.93,1089.62,105997.04,42806.5,1089.62,105997.04,20893.65,1089.62,105997.04,5860.41,1089.62,105997.04,15288.03,1089.62,864,7,8,7,100
