Wavelength,WMS_47,WMS_48,WMS_49,WMS_50,WMS_51,WMS_52,WMS_53,WMS_54,WMS_55,WMS_56,WMS_59,WMS_60,WMS_61,WMS_62,WMS_64,WMS_65,WMS_66,WMS_67,WMS_68,WMS_69,WMS_70,WMS_71
277,0,0,0,0,0,0,0,0,0,0,0,0,0,0,0,0,0,0,0,0,0,0
278,0,0,0,0,0,0,0,0,0,0,0,0,0,0,0,0,0,0,0,0,0,0
279,0,0,0,0,0,0,0,0,0,0,0,0,0,0,0,0,0,0,0,0,0,0
280,0,0,0,0,0,0,0,0,0,0,0,0,0,0,0,0,0,0,0,0,0,0
281,0,0,0,0,0,0,0,0,0,0,0,0,0,0,0,0,0,0,0,0,0,0
282,0,0,0,0,0,0,0,0,0,0,0,0,0,0,0,0,0,0,0,0,0,0
283,0,0,0,0,0,0,0,0,0,0,0,0,0,0,0,0,0,0,0,0,0,0
284,0,0,0,0,0,0,0,0,0,0,0,0,0,0,0,0,0,0,0,0,0,0
285,0,0,0,0,0,0,0,0,0,0,0,0,0,0,0,0,0,0,0,0,0,0
286,0,0,0,0,0,0,0,0,0,0,0,0,0,0,0,0,0,0,0,0,0,0
287,0.000578696,0.000881699,0.00098826,0.00098826,0.001469007,0.00117139,0.001968917,0.003760709,0.003522368,0.003763707,0.003966961,0.00462571,0.007061384,0.004444874,0.010008026,0.006828339,0.006460131,0.005332611,0.00616335,0.009696712,0.011456728,0.009887992
288,0.001342993,0.001736097,0.001716067,0.001716067,0.002542343,0.002271161,0.002937059,0.003739326,0.003405715,0.003547758,0.003925839,0.004394943,0.006844729,0.004325373,0.010060523,0.00682893,0.006362273,0.005119866,0.006131664,0.00990782,0.010855235,0.009864303
289,0.002176909,0.002590495,0.002508384,0.002508384,0.003594118,0.003484595,0.003826181,0.003713524,0.003346347,0.003395342,0.003807224,0.004092601,0.006648851,0.004233657,0.010212895,0.006775588,0.006298215,0.004706718,0.006231814,0.010212835,0.010133758,0.009737825
290,0.002246529,0.002590495,0.002572894,0.002572894,0.003572558,0.003598259,0.003747162,0.003709104,0.003403633,0.003458874,0.003729732,0.004021026,0.006669629,0.004261441,0.01031277,0.006721655,0.006332015,0.004506315,0.00636365,0.010306742,0.010013775,0.009635034
291,0.002373047,0.002525756,0.002612008,0.002612008,0.003608894,0.00363835,0.003720353,0.003796673,0.003498425,0.003444396,0.003554533,0.003938272,0.006796038,0.004398645,0.01032658,0.006618939,0.006527174,0.004536066,0.006378754,0.010410622,0.010238391,0.00962761
292,0.002429946,0.002461016,0.002586612,0.002586612,0.003666791,0.003564778,0.003772564,0.003888661,0.003535933,0.003366385,0.003456827,0.003927093,0.006901669,0.004508064,0.010240514,0.006570156,0.006688534,0.004766219,0.00626202,0.010420595,0.010582991,0.009722976
293,0.002378096,0.002419547,0.002511446,0.002511446,0.003693121,0.003565315,0.003818595,0.003809352,0.003625625,0.003214776,0.003379062,0.004053818,0.006932092,0.004538519,0.010203272,0.00626267,0.006636348,0.004850049,0.006197703,0.010290513,0.010855033,0.009696261
294,0.002269348,0.002442818,0.002461677,0.002461677,0.003661555,0.003639424,0.003812416,0.003638056,0.00367781,0.003141178,0.003399003,0.004191722,0.006856884,0.004459555,0.010252095,0.006003966,0.006422801,0.004703726,0.006250119,0.010150458,0.010782475,0.00957418
295,0.002156313,0.002490736,0.00245703,0.00245703,0.003683062,0.003673567,0.003879012,0.00353483,0.003579114,0.003184006,0.00349233,0.004203377,0.006813106,0.00451777,0.010252669,0.006015527,0.006459893,0.004701729,0.006221553,0.010087126,0.010492124,0.00921924
296,0.002152026,0.002515383,0.002502153,0.002502153,0.003736135,0.0036336,0.003951786,0.0036029,0.003428234,0.003300432,0.003565717,0.004077128,0.006844536,0.00465495,0.010204419,0.006285792,0.00671053,0.004846056,0.006140569,0.01016385,0.01027433,0.008986381
297,0.002285424,0.002476705,0.002571488,0.002571488,0.003761264,0.003593279,0.003937033,0.003881443,0.003303295,0.003414686,0.00352388,0.003880641,0.006848518,0.004682852,0.010243248,0.006349773,0.006893235,0.004906315,0.006200883,0.01030931,0.010246168,0.008902717
298,0.002423109,0.002413379,0.002595701,0.002595701,0.003733321,0.003592924,0.003849506,0.004091916,0.003329236,0.003412515,0.003408655,0.003810403,0.006821071,0.004573574,0.010330327,0.006143489,0.006825302,0.004822247,0.00634218,0.010378046,0.010435798,0.009051912
298,0.002560794,0.002350053,0.002619914,0.002619914,0.003705378,0.00359257,0.003761979,0.004302389,0.003355178,0.003410344,0.00329343,0.003740165,0.006793623,0.004464296,0.010417406,0.005937205,0.006757369,0.004738179,0.006483477,0.010446781,0.010625429,0.009201108
299,0.002469198,0.002359378,0.002548292,0.002548292,0.003701508,0.003549838,0.003778264,0.004104324,0.003433389,0.003307947,0.003382001,0.003972559,0.006828192,0.00451853,0.01049124,0.006331368,0.006779532,0.004943533,0.006331085,0.010515784,0.010264572,0.009583284
300,0.002276136,0.002474068,0.002572537,0.002572537,0.003657139,0.003563564,0.003789534,0.003748005,0.003551451,0.003375781,0.003437193,0.004097115,0.006788356,0.004533742,0.010542379,0.006700356,0.006831579,0.005139799,0.006116917,0.010384546,0.009926933,0.0098172
301,0.002174669,0.002579433,0.002668403,0.002668403,0.003616642,0.003620022,0.003784518,0.003589752,0.003591301,0.003546013,0.003403814,0.003989277,0.006713951,0.004494721,0.010519684,0.006675182,0.006861463,0.00513071,0.00605514,0.010184306,0.00995015,0.009668939
302,0.002197434,0.002674846,0.002746147,0.002746147,0.003622678,0.003661547,0.003705585,0.003526228,0.003566253,0.00356303,0.003409336,0.003954705,0.006680017,0.004491786,0.010340122,0.006594588,0.006841731,0.004992525,0.006074153,0.010153749,0.010186585,0.009577559
303,0.002321665,0.002664895,0.002728024,0.002728024,0.003669213,0.003646614,0.003631669,0.003620958,0.003501355,0.003409814,0.003448236,0.004027971,0.006720487,0.004527873,0.010183254,0.006539169,0.006792114,0.00486343,0.006154943,0.010323432,0.010399803,0.009634439
304,0.002475055,0.002631583,0.002638953,0.002638953,0.003711979,0.003675793,0.003667093,0.003610414,0.003371939,0.003427529,0.003558061,0.004170924,0.006783958,0.004592448,0.01011295,0.006586726,0.0068176,0.004743744,0.006204589,0.010576034,0.010558391,0.010033699
305,0.002504214,0.002608223,0.002568005,0.002568005,0.00370821,0.003719904,0.003776434,0.003505141,0.003307421,0.003598459,0.003628985,0.004240611,0.006806959,0.004620937,0.010199514,0.006689702,0.006892702,0.004753154,0.006173445,0.010658952,0.010503763,0.010376078
306,0.002546156,0.002511912,0.002580497,0.002580497,0.003745258,0.003742339,0.003961351,0.00368576,0.003326246,0.00369442,0.003711834,0.004269531,0.006788325,0.004548841,0.010267203,0.00675539,0.006665528,0.004802104,0.006176345,0.010531519,0.0101898,0.010455034
307,0.00255894,0.00243896,0.002663937,0.002663937,0.003786075,0.003720664,0.004036927,0.003971651,0.003409589,0.003619451,0.003723759,0.004228764,0.00674669,0.004448257,0.010248328,0.006718101,0.006363254,0.004841643,0.006210388,0.010321168,0.009930466,0.010191611
308,0.002541028,0.002526467,0.002601446,0.002601446,0.003778666,0.003657722,0.003978447,0.003855205,0.00334505,0.003542628,0.003650363,0.004194459,0.006763876,0.004286896,0.010482366,0.006509408,0.006246698,0.004854791,0.006299818,0.010357136,0.010047137,0.010135834
309,0.002394608,0.002653763,0.002451382,0.002451382,0.003730839,0.003659212,0.003839184,0.003640774,0.003402847,0.003500604,0.003683014,0.004113137,0.006777877,0.00434692,0.010662638,0.006458247,0.006679889,0.004835729,0.006366149,0.010556609,0.010440201,0.010250807
310,0.002278883,0.002620601,0.00244725,0.00244725,0.003731239,0.00370197,0.003833977,0.003828682,0.003608526,0.003460433,0.003800986,0.004025352,0.006733058,0.004467721,0.010589997,0.00657849,0.006927362,0.004843059,0.006377092,0.010509763,0.010457261,0.010158135
311,0.002382623,0.002612073,0.002426453,0.002426453,0.003788453,0.003740485,0.003851322,0.003831916,0.003692493,0.003431285,0.003807201,0.00407607,0.006929974,0.004469548,0.010660802,0.00666351,0.007012796,0.004846454,0.00649657,0.010340144,0.010399996,0.010138862
312,0.002602087,0.002636709,0.002409789,0.002409789,0.003845267,0.003736243,0.003873872,0.003647242,0.003570782,0.003442309,0.003695443,0.004214572,0.00717171,0.004350573,0.010804247,0.006628286,0.006850758,0.004842519,0.006605104,0.010217371,0.010325671,0.010212261
313,0.002649613,0.002567827,0.002478103,0.002478103,0.003820628,0.003686598,0.003877419,0.003570637,0.003543995,0.003474042,0.003611238,0.00434331,0.007273511,0.004294738,0.010728827,0.006643554,0.006694467,0.005003848,0.006555306,0.010266028,0.010424084,0.010119357
314,0.002477674,0.00247431,0.002563083,0.002563083,0.003739175,0.003641194,0.003858414,0.003678705,0.003638919,0.003494751,0.003638791,0.004333544,0.007133576,0.004357878,0.010509962,0.006694046,0.006700213,0.005169112,0.006396973,0.010437458,0.010596821,0.009953053
315,0.002377688,0.002463907,0.002593112,0.002593112,0.003676035,0.003552278,0.003794445,0.003758816,0.00374507,0.003591596,0.003684972,0.004228437,0.007068469,0.004416359,0.010464101,0.006755954,0.006765313,0.005289978,0.00613981,0.010799749,0.010561082,0.009755757
316,0.002449642,0.00254702,0.002538161,0.002538161,0.003694347,0.003508765,0.00374948,0.003730858,0.003756297,0.003667732,0.003703601,0.004133094,0.007143297,0.004411701,0.010637104,0.00676737,0.006824666,0.005245581,0.006040981,0.010990611,0.010352607,0.009724764
317,0.002495235,0.002551088,0.002500379,0.002500379,0.003730798,0.003588757,0.003775972,0.003680076,0.003682723,0.003633421,0.003643844,0.004157303,0.007220898,0.004330938,0.010645122,0.006697766,0.006875579,0.005090525,0.005979803,0.010753881,0.010075934,0.009913539
318,0.002468875,0.002472041,0.002517547,0.002517547,0.003748935,0.003712261,0.003847428,0.003657252,0.003597922,0.003522974,0.003565459,0.004276855,0.00722367,0.004254834,0.010480136,0.006616745,0.006867138,0.004979866,0.006017454,0.01032629,0.010007736,0.010133307
319,0.002257931,0.002511079,0.002564687,0.002564687,0.003752638,0.003709328,0.003856745,0.003672932,0.003576225,0.003379698,0.003561855,0.004385038,0.007386486,0.004495021,0.010599934,0.006524728,0.0067611,0.004873032,0.006217418,0.010114973,0.010378402,0.010157042
320,0.002175143,0.002656357,0.002553985,0.002553985,0.003718736,0.00368402,0.003802273,0.003798549,0.003565841,0.003337334,0.003544875,0.004293874,0.007409703,0.004771017,0.010781569,0.006537055,0.006746035,0.004735799,0.006439242,0.010369226,0.010786724,0.00992963
321,0.002276939,0.00268355,0.002513312,0.002513312,0.00369927,0.003785149,0.00380994,0.003885662,0.003492354,0.003327799,0.003453113,0.004214079,0.007272877,0.004730723,0.010678421,0.006560379,0.006828567,0.004594742,0.006498755,0.010407205,0.010756181,0.009898253
322,0.002332316,0.002558964,0.002503863,0.002503863,0.00365672,0.003750468,0.003752594,0.003881528,0.003447389,0.003265559,0.00335635,0.004239083,0.007202405,0.004636244,0.010713682,0.006650856,0.006732303,0.004782496,0.006526839,0.010564821,0.010774437,0.010166861
323,0.002285898,0.002407186,0.002535087,0.002535087,0.003633636,0.003614658,0.00368758,0.003790281,0.00347591,0.003212854,0.003351348,0.004343882,0.007268758,0.004582059,0.010852091,0.006718009,0.006553506,0.005111305,0.006495412,0.010684457,0.010823236,0.010466846
324,0.002386907,0.002378203,0.002564789,0.002564789,0.003635019,0.003469373,0.003677034,0.003721638,0.003494843,0.003250945,0.003524442,0.004341341,0.007429638,0.004546281,0.011137374,0.006837396,0.00652513,0.005242986,0.006390859,0.010656153,0.010833422,0.010508677
325,0.002534334,0.002500998,0.002563267,0.002563267,0.003659485,0.003459897,0.003731502,0.003744242,0.003485254,0.003341742,0.003702538,0.004234001,0.007524164,0.004564687,0.011284249,0.00688963,0.006675551,0.005045858,0.006317734,0.010508213,0.010794809,0.010250522
326,0.002520574,0.002533405,0.002566825,0.002566825,0.003597777,0.003474029,0.003772742,0.003738526,0.003394388,0.00352953,0.003846187,0.004150525,0.007667668,0.004536238,0.011365923,0.006851553,0.006782374,0.005005796,0.006239813,0.010433742,0.01072846,0.010037737
327,0.002359388,0.002443017,0.002571904,0.002571904,0.003511603,0.003497637,0.003759514,0.003710206,0.003313111,0.003626522,0.00381174,0.004174389,0.007716646,0.004489382,0.011300723,0.006761241,0.006738776,0.005162862,0.006235019,0.010507212,0.010700724,0.010083107
328,0.002059098,0.002338773,0.00234272,0.00234272,0.003550433,0.003523556,0.003657556,0.003803233,0.003303546,0.003539135,0.003757002,0.00416962,0.007841592,0.004440086,0.011238102,0.007017021,0.006647286,0.005095732,0.006322696,0.010660342,0.010791915,0.01021672
329,0.001924092,0.002370759,0.002222493,0.002222493,0.003677131,0.003471281,0.003617367,0.0039051,0.003399376,0.00331265,0.003672353,0.004187483,0.007869837,0.004403794,0.011226268,0.007107713,0.006608589,0.004867304,0.006476708,0.010765225,0.010637037,0.010296914
330,0.001928191,0.002416601,0.002336529,0.002336529,0.003678825,0.003416696,0.003665907,0.003885619,0.003423495,0.003270543,0.003607997,0.004233977,0.007822113,0.004369942,0.011211854,0.006852315,0.006617784,0.004863073,0.00653825,0.010790448,0.010363233,0.010288865
331,0.002109375,0.002349057,0.002361144,0.002361144,0.003639147,0.003291022,0.003726947,0.003767905,0.003362189,0.003273282,0.003539179,0.004270923,0.00782215,0.004496425,0.011335633,0.006808758,0.006747651,0.004882069,0.006672363,0.010701527,0.010325009,0.01056399
332,0.002286461,0.00223567,0.002271723,0.002271723,0.003597775,0.003219935,0.003739448,0.003669671,0.003276764,0.003318127,0.003534717,0.004261374,0.007869911,0.004656761,0.011473825,0.007020599,0.006868323,0.004905296,0.006744935,0.010587384,0.010560589,0.010847165
333,0.00220768,0.00218794,0.002211311,0.002211311,0.003517304,0.003145297,0.003602024,0.003592568,0.003185068,0.00331758,0.003587391,0.004195306,0.008187852,0.004723314,0.011606265,0.007214585,0.006995033,0.004978558,0.006673088,0.010572341,0.010723273,0.010853094
334,0.001951814,0.002253598,0.002240321,0.002240321,0.003478205,0.003141747,0.003452099,0.003613699,0.003178796,0.003272188,0.003644526,0.004138788,0.008458032,0.004629531,0.011600512,0.007196732,0.007001069,0.005028592,0.006528668,0.010671441,0.010650376,0.010575847
335,0.001968717,0.002271407,0.002291949,0.002291949,0.003445638,0.00304878,0.003345569,0.003498091,0.003118787,0.003163096,0.003572356,0.004115549,0.00859941,0.004389393,0.011916693,0.007037495,0.006858028,0.005057391,0.006299801,0.010868222,0.010546913,0.010505613
336,0.001969516,0.002189297,0.002242591,0.002242591,0.003353333,0.002942362,0.003389062,0.003471092,0.00291663,0.003169894,0.003457079,0.004090704,0.008599555,0.004343201,0.011998195,0.006885433,0.006596164,0.005112517,0.00631719,0.010813157,0.010520909,0.010723752
337,0.001697545,0.002155036,0.002170615,0.002170615,0.003254496,0.00292536,0.003389158,0.003580831,0.00276821,0.003240392,0.003471106,0.00403258,0.008728501,0.004443366,0.011757763,0.006874754,0.006483379,0.00518888,0.006419024,0.01066041,0.010525472,0.01073488
338,0.001500701,0.002013932,0.002149848,0.002149848,0.00317636,0.002841459,0.003291936,0.00360622,0.002808989,0.00317047,0.003502327,0.00393553,0.008919924,0.00449412,0.011785346,0.006898957,0.006491368,0.005253632,0.006572628,0.010561942,0.010549777,0.010840485
339,0.001575828,0.001907089,0.002201058,0.002201058,0.00319706,0.002774561,0.003194617,0.00352187,0.002998186,0.003030049,0.003519521,0.003896603,0.0089824,0.004444709,0.012053361,0.006933838,0.006612143,0.005242021,0.006624397,0.010616221,0.010569519,0.010934961
340,0.001590197,0.001869914,0.002201793,0.002201793,0.003147585,0.002674137,0.003041575,0.003442229,0.00302763,0.002986532,0.003449707,0.003965108,0.009083177,0.00436914,0.01219297,0.006978865,0.006591306,0.005105005,0.006575201,0.010822997,0.010556588,0.010863636
341,0.00152944,0.001939582,0.002151319,0.002151319,0.003077409,0.002640611,0.00298585,0.003446937,0.002867876,0.003083437,0.003362699,0.00407254,0.009121478,0.004342983,0.012064564,0.006989011,0.006449695,0.0049796,0.006474237,0.010975495,0.010523916,0.010697834
342,0.001382518,0.001930108,0.002120972,0.002120972,0.002985731,0.002514181,0.002908347,0.003454448,0.002736624,0.003123286,0.00330265,0.004153751,0.009084706,0.00436298,0.012010018,0.00695585,0.006276188,0.004917482,0.006399209,0.010994397,0.010440034,0.010641609
343,0.001296354,0.001850965,0.002141099,0.002141099,0.00296423,0.002421277,0.002886568,0.00345725,0.002765127,0.003066229,0.003329609,0.004127531,0.009009633,0.004409135,0.012083877,0.006912542,0.006244292,0.004980769,0.006425145,0.010860801,0.010388825,0.010751186
344,0.001224844,0.001778041,0.001986419,0.001986419,0.002937274,0.002301684,0.002798969,0.003418635,0.002771204,0.002988934,0.00341548,0.004007832,0.009105174,0.004368334,0.012130142,0.006816409,0.006119149,0.004927216,0.006361963,0.010821488,0.01026038,0.010770335
345,0.001182491,0.001717029,0.001851605,0.001851605,0.002912778,0.002235205,0.002703216,0.003435862,0.002682955,0.002946141,0.003433491,0.003937139,0.00936452,0.004325539,0.012247116,0.006796244,0.006120954,0.004869943,0.006247463,0.010920323,0.010082523,0.010717724
346,0.001125484,0.001649799,0.001891598,0.001891598,0.002893736,0.002195416,0.002673281,0.003494506,0.002617132,0.002923588,0.003392591,0.003959924,0.009453253,0.004369701,0.012391685,0.006828906,0.006216006,0.004929509,0.006222081,0.010924873,0.009981901,0.010755541
347,0.000986979,0.001569823,0.001914691,0.001914691,0.002816316,0.002130485,0.002640309,0.003412469,0.002443819,0.002852753,0.003271246,0.003964226,0.009525673,0.00440597,0.012494494,0.00687497,0.006273203,0.004899275,0.006258417,0.010971582,0.009941781,0.010724001
348,0.000905482,0.001557076,0.001897792,0.001897792,0.002757938,0.002105343,0.00263727,0.003271787,0.00233633,0.002804472,0.0031908,0.003945743,0.009509361,0.004398078,0.012452733,0.006888373,0.006235348,0.004809475,0.006320137,0.011013742,0.010002283,0.010654644
349,0.000840616,0.001533428,0.001882758,0.001882758,0.002669404,0.002004002,0.002583055,0.003209574,0.002322241,0.002734756,0.003156032,0.003916526,0.009536437,0.004281297,0.0124242,0.006970014,0.006165541,0.004734514,0.006272433,0.011026502,0.009938425,0.010734697
350,0.000857249,0.001522526,0.001884624,0.001884624,0.002639249,0.001927804,0.002531879,0.003288042,0.002415642,0.002713321,0.00320171,0.003905793,0.009579826,0.004172407,0.012437428,0.007038252,0.006133588,0.004749355,0.006163009,0.010997103,0.009814064,0.010884106
351,0.000769388,0.001458302,0.001835583,0.001835583,0.002555206,0.001767031,0.00240575,0.003272373,0.002388462,0.002712324,0.003244746,0.003956794,0.009710969,0.004067128,0.012469303,0.006960826,0.00608711,0.004689301,0.006307312,0.010872421,0.009754399,0.011129954
352,0.000604222,0.001369265,0.001753426,0.001753426,0.002460257,0.001626074,0.002291292,0.003191626,0.002278414,0.002718917,0.003181879,0.003970052,0.009870555,0.004076843,0.012442923,0.006900039,0.005999196,0.004640388,0.006456971,0.010815845,0.009576128,0.011249238
353,0.00054355,0.001333551,0.001722175,0.001722175,0.002419196,0.001569691,0.002251786,0.003205016,0.002288946,0.002705073,0.003121654,0.003921575,0.009942387,0.004082945,0.012397894,0.006984917,0.005925805,0.004666368,0.006352903,0.01085455,0.009333162,0.011272083
354,0.000425879,0.001283257,0.001643067,0.001643067,0.002361508,0.001465806,0.002175407,0.003188911,0.002312443,0.002629002,0.003089219,0.003833431,0.010002782,0.004090583,0.012506239,0.007028555,0.005806398,0.004674616,0.006282273,0.010866703,0.009195188,0.011198948
355,0.000368881,0.001268677,0.00159521,0.00159521,0.002344882,0.001418304,0.002138535,0.003159416,0.002325408,0.002566775,0.003117008,0.003793764,0.009991345,0.004092118,0.012659612,0.006987314,0.00576038,0.004656883,0.00631571,0.01084015,0.009300181,0.011102968
356,0.000277481,0.001217422,0.001567276,0.001567276,0.002307586,0.001320906,0.002050563,0.003158666,0.002273746,0.002505089,0.003097974,0.003746982,0.010006223,0.004060601,0.012751332,0.006943073,0.005784612,0.004657358,0.006279186,0.010839128,0.009368697,0.010923939
357,0.00024308,0.001180747,0.001587199,0.001587199,0.002286916,0.001271011,0.001999464,0.003187411,0.00220912,0.00250563,0.003051149,0.003739867,0.010032539,0.004027549,0.012689678,0.006940071,0.005854862,0.004675567,0.006209225,0.010864658,0.00933222,0.010840891
358,0.000202747,0.00110591,0.001568852,0.001568852,0.002200048,0.001159132,0.001933563,0.003175732,0.002170684,0.002512968,0.002945659,0.003734741,0.010018804,0.004011325,0.012611631,0.00690821,0.00592095,0.004653527,0.006157401,0.010826741,0.009379747,0.010714073
359,0.000157058,0.001027868,0.001482141,0.001482141,0.002109176,0.001076618,0.001862743,0.003069089,0.002155184,0.002518043,0.002876991,0.00368512,0.009963842,0.004003346,0.012657939,0.006846627,0.00584,0.004560998,0.006162106,0.010784853,0.009346782,0.010746716
360,0.000117299,0.000987988,0.0014337,0.0014337,0.002084501,0.001056088,0.001806724,0.00300287,0.002113494,0.002516322,0.002866988,0.003633509,0.00994893,0.00397854,0.01272064,0.006813903,0.005763211,0.004508716,0.006148674,0.010806413,0.009229813,0.010823128
361,4.19E-05,0.000959519,0.001372888,0.001372888,0.00200297,0.000957975,0.001728679,0.002962739,0.002053531,0.002495991,0.002874665,0.003597397,0.010037478,0.003924836,0.012695274,0.006739557,0.005592827,0.004453995,0.006093987,0.01084963,0.009158835,0.01087232
362,6.36E-06,0.000970929,0.001360518,0.001360518,0.001946113,0.000880392,0.001706653,0.002988827,0.002035258,0.002477381,0.002892346,0.003612895,0.010140939,0.003895938,0.012607207,0.006697934,0.005499232,0.004451556,0.006052732,0.010871288,0.009204825,0.0108451
363,-0.000100596,0.000947042,0.001348993,0.001348993,0.001882122,0.000790489,0.00170632,0.003018954,0.001986613,0.002439651,0.002922512,0.003563183,0.010207858,0.003908005,0.01252085,0.006689802,0.005465255,0.004445703,0.005979066,0.010842843,0.00920931,0.010825452
364,-0.00017196,0.000911744,0.001349839,0.001349839,0.00187499,0.000778171,0.001728012,0.003022992,0.001956239,0.002420532,0.002934998,0.003497974,0.010171317,0.00394897,0.01252256,0.006723294,0.005524873,0.004442289,0.005946654,0.01079274,0.009167805,0.010833025
365,-0.000176606,0.00087594,0.001332558,0.001332558,0.001833211,0.000728729,0.001646632,0.002974224,0.001937584,0.002375626,0.002957611,0.003432459,0.010131513,0.003889987,0.012484921,0.006722344,0.005481589,0.00439259,0.00589296,0.010730053,0.009079496,0.010766931
366,-0.000183232,0.000823653,0.00128588,0.00128588,0.001786883,0.000633627,0.001534799,0.002887747,0.001934,0.002352572,0.0029376,0.003443878,0.010086134,0.003790207,0.012481908,0.006674823,0.005374389,0.004369633,0.005899978,0.0107332,0.009022048,0.010665565
367,-0.000256575,0.000771872,0.00125733,0.00125733,0.0017752,0.000575649,0.001526038,0.002854077,0.001918698,0.002355305,0.002907461,0.003455603,0.010044017,0.003790376,0.012518244,0.006661742,0.005370092,0.004392962,0.005928277,0.01074893,0.009011403,0.010637866
368,-0.000316527,0.000724351,0.00121524,0.00121524,0.001740011,0.000526568,0.001511344,0.002848651,0.001871393,0.002380861,0.002837624,0.003452719,0.01006356,0.003743971,0.012537921,0.006634649,0.00538787,0.004389695,0.00593304,0.010738516,0.008949329,0.010707761
369,-0.000303136,0.00072861,0.001201701,0.001201701,0.001716504,0.000535466,0.001505411,0.002876895,0.001839389,0.002403684,0.002797925,0.00343811,0.01012522,0.003697398,0.012521261,0.006620638,0.005409946,0.004363099,0.005909505,0.010712373,0.008897898,0.010805355
370,-0.000337246,0.000746388,0.001212608,0.001212608,0.001660907,0.000512226,0.001471275,0.002916844,0.001858343,0.002360778,0.002749542,0.003414132,0.01005928,0.003612344,0.012487521,0.006586733,0.005330747,0.004324936,0.005825544,0.010675511,0.00886019,0.010607272
371,-0.000384748,0.000759907,0.001237054,0.001237054,0.001628816,0.000480089,0.001443071,0.002928549,0.001909301,0.002295049,0.002740858,0.003404764,0.009931681,0.003573863,0.012470441,0.006566839,0.00522947,0.004313369,0.005765119,0.010664791,0.008873912,0.010311594
371,-0.000412846,0.000732244,0.001221564,0.001221564,0.001616671,0.0004752,0.001453048,0.002904491,0.001876809,0.002249474,0.002729222,0.003358718,0.009943585,0.003590013,0.012352512,0.00655376,0.005258161,0.0042973,0.005765726,0.010625332,0.008812985,0.010391684
372,-0.000440945,0.00070458,0.001206074,0.001206074,0.001604527,0.000470311,0.001463024,0.002880433,0.001844318,0.002203898,0.002717586,0.003312672,0.009955489,0.003606164,0.012234583,0.00654068,0.005286851,0.004281232,0.005766333,0.010585873,0.008752059,0.010471774
373,-0.00047944,0.00065911,0.001199294,0.001199294,0.001600605,0.000427776,0.001445012,0.002858369,0.001796179,0.00218891,0.00271631,0.003278465,0.009945677,0.00360935,0.012163764,0.006515563,0.005306604,0.004231612,0.005786485,0.010539908,0.008717112,0.010585363
374,-0.000489837,0.000641304,0.001208004,0.001208004,0.001608828,0.000390129,0.001417023,0.002860363,0.001780531,0.002219497,0.002726669,0.003290303,0.00992396,0.003596386,0.012210873,0.006503525,0.005297667,0.00419806,0.00580603,0.010533402,0.008743092,0.010618863
375,-0.00050769,0.000628516,0.001199691,0.001199691,0.001587261,0.000321709,0.001370542,0.002864105,0.001751756,0.002249503,0.00272944,0.0033053,0.009879089,0.003585504,0.012212537,0.006489768,0.005282131,0.004154072,0.005810756,0.010504152,0.008691463,0.010573963
376,-0.000515146,0.000633534,0.001182667,0.001182667,0.001557472,0.000290935,0.00135205,0.002865854,0.001738629,0.002248923,0.002721851,0.003308459,0.009855935,0.003587586,0.01216709,0.006488048,0.005275532,0.004143636,0.005795936,0.010481409,0.008613855,0.010495563
377,-0.000540799,0.000573919,0.001138168,0.001138168,0.001495119,0.000239663,0.001316127,0.002805263,0.001685619,0.002227055,0.002741805,0.003305509,0.009802029,0.003568982,0.012051513,0.006487035,0.0052063,0.004135948,0.005699889,0.010424747,0.008551612,0.010434334
378,-0.000564834,0.000541305,0.001119327,0.001119327,0.001463383,0.000217239,0.001302386,0.00272452,0.00167186,0.002177498,0.002744162,0.003278429,0.009784503,0.003546856,0.012011949,0.006449897,0.005144612,0.004114519,0.005609111,0.010324105,0.008499521,0.010356127
379,-0.000570671,0.000573325,0.001127961,0.001127961,0.00146421,0.000215313,0.001306074,0.002706116,0.001697984,0.002149228,0.002718976,0.003257458,0.009797728,0.003545417,0.012042516,0.006412053,0.005145557,0.00409034,0.00559956,0.010257382,0.008432064,0.010260748
380,-0.000617704,0.000572315,0.001131354,0.001131354,0.001452684,0.000204415,0.00127602,0.002728072,0.001726949,0.002125982,0.002675205,0.003213082,0.009784113,0.003521654,0.012044838,0.006343676,0.005101455,0.004082357,0.005586252,0.010195262,0.008442732,0.010218708
381,-0.000658901,0.000539285,0.001126112,0.001126112,0.001440331,0.000195443,0.001242278,0.002768433,0.00172979,0.002131006,0.002656619,0.003189678,0.009757274,0.003499331,0.012016593,0.006313144,0.005056408,0.004098552,0.005582494,0.010199866,0.008520857,0.010272047
382,-0.00068006,0.000508617,0.001112863,0.001112863,0.001440268,0.000163573,0.001237953,0.002792103,0.001708706,0.002134339,0.002651969,0.003176413,0.009711762,0.003465458,0.011981037,0.006261697,0.00499812,0.004098457,0.005557226,0.010159773,0.008532403,0.010313871
383,-0.000660023,0.000510979,0.001104856,0.001104856,0.001452558,0.000140676,0.00126737,0.002775412,0.001684782,0.002132648,0.002665905,0.003186553,0.00969309,0.003453908,0.011973726,0.006240783,0.004984879,0.004082168,0.005535715,0.010115075,0.008465824,0.010302356
384,-0.000666456,0.000479671,0.001089223,0.001089223,0.001451372,0.000120755,0.001243676,0.002722973,0.001654335,0.002140076,0.002651384,0.003199731,0.009583753,0.00347404,0.011884026,0.006211964,0.004940929,0.003990418,0.00549666,0.010001624,0.008362246,0.010217309
385,-0.000706778,0.000450257,0.001082046,0.001082046,0.001424091,0.000100862,0.001193717,0.0026968,0.001641439,0.002144067,0.002614751,0.003183418,0.009476051,0.003471706,0.011739881,0.006177542,0.004886258,0.003899352,0.00546736,0.009901139,0.008271204,0.010065381
386,-0.00072063,0.000454511,0.001082496,0.001082496,0.001410285,7.80E-05,0.00119687,0.002706375,0.001635066,0.00213894,0.002606575,0.003164066,0.009459013,0.00343769,0.011678125,0.006151025,0.004862295,0.003883747,0.005455604,0.009869409,0.008217163,0.009986986
387,-0.000755018,0.000453728,0.001085851,0.001085851,0.00138503,4.48E-05,0.001196091,0.002702308,0.001627787,0.002126927,0.002581986,0.003126873,0.009431218,0.003373434,0.011579021,0.006095974,0.00481135,0.003876027,0.005393406,0.009795213,0.008224745,0.009932065
388,-0.000775553,0.000448689,0.001088757,0.001088757,0.001373582,3.44E-05,0.001192159,0.002688667,0.00162688,0.002120041,0.002565573,0.003109032,0.009420461,0.003343194,0.011541673,0.006067441,0.004784368,0.003883913,0.005342964,0.009752747,0.008286368,0.00995554
389,-0.000794967,0.000410669,0.001087545,0.001087545,0.001367857,9.02E-06,0.001171163,0.002646633,0.001606654,0.002121547,0.002540469,0.003078004,0.009347785,0.003301072,0.011452883,0.006034053,0.004733659,0.00386774,0.005292159,0.009642985,0.008204539,0.009851411
390,-0.000806722,0.000388729,0.001094231,0.001094231,0.001360456,-7.89E-06,0.001164019,0.002609405,0.001591017,0.002136287,0.002522153,0.00304496,0.009247808,0.00327126,0.011345245,0.006003923,0.004691172,0.003817285,0.005268365,0.009555358,0.008062251,0.009716587
391,-0.000819599,0.000399772,0.001105036,0.001105036,0.001347332,-9.75E-06,0.001173939,0.00260057,0.001594698,0.002142635,0.002512527,0.003025102,0.009209749,0.003253331,0.011289048,0.005978647,0.004672413,0.00379089,0.005244933,0.009535028,0.008063413,0.009709367
392,-0.000840213,0.000403479,0.001109822,0.001109822,0.001333844,-7.80E-06,0.001176808,0.002611695,0.001594794,0.002137914,0.002505073,0.003001337,0.009181262,0.003238419,0.011226528,0.005940535,0.004651544,0.003753604,0.005215009,0.009513777,0.008046224,0.009655773
393,-0.000847951,0.000396144,0.001103803,0.001103803,0.001333479,-3.98E-06,0.001169757,0.002631656,0.001591208,0.002126845,0.002507245,0.002997429,0.009190835,0.003241436,0.011220203,0.005927698,0.004649436,0.003742714,0.005208516,0.009512856,0.008027872,0.009609398
394,-0.000864062,0.000383463,0.00110114,0.00110114,0.001334076,-1.13E-05,0.001150228,0.002627615,0.001573573,0.002106,0.002487129,0.002976297,0.009142701,0.003223199,0.011189109,0.005899229,0.004629502,0.003717687,0.005184402,0.009525026,0.007974773,0.009570794
395,-0.000872435,0.000378116,0.001104497,0.001104497,0.001335038,-2.25E-05,0.00113775,0.002603614,0.001559524,0.002096226,0.002464842,0.002959072,0.009084995,0.003201945,0.011164339,0.005883597,0.004611677,0.00370355,0.005166781,0.009538117,0.007940027,0.009578565
396,-0.000897154,0.000364875,0.001109361,0.001109361,0.001330392,-3.43E-05,0.001128862,0.002580356,0.001541679,0.002075722,0.00242883,0.002927371,0.009028022,0.003164504,0.011125639,0.005846757,0.004567924,0.003666388,0.005148055,0.009573761,0.007856383,0.009590557
397,-0.000916279,0.000347743,0.00110451,0.00110451,0.001321938,-4.81E-05,0.001120096,0.002586017,0.001533491,0.002070411,0.002420805,0.002907617,0.009018331,0.00314716,0.011094129,0.005818836,0.004534977,0.003641938,0.005123299,0.009586953,0.007798183,0.009573752
398,-0.00091906,0.000338506,0.001098151,0.001098151,0.001319093,-6.13E-05,0.00110774,0.002590936,0.001529099,0.002075828,0.002426504,0.002902339,0.009007907,0.003146002,0.011076548,0.005812123,0.004527958,0.003640512,0.005099647,0.009577593,0.00778888,0.009552726
399,-0.000917269,0.000335838,0.001079036,0.001079036,0.001309426,-7.54E-05,0.001094838,0.00256815,0.001512358,0.002066207,0.002423646,0.002891306,0.008993635,0.003138741,0.011052958,0.005787465,0.00450761,0.003641226,0.00507168,0.009573694,0.007767263,0.009541357
400,-0.000912699,0.000342406,0.00106628,0.00106628,0.001302605,-7.64E-05,0.001094293,0.002540445,0.001500009,0.002051168,0.002415088,0.002885551,0.008989786,0.00313264,0.01104695,0.00576952,0.004494281,0.003643367,0.005067363,0.009579156,0.007754949,0.009551013
401,-0.000911431,0.000333479,0.00106037,0.00106037,0.001301737,-6.61E-05,0.001102113,0.00250583,0.001496211,0.002045248,0.002403083,0.002860952,0.008959345,0.003132892,0.0110421,0.005738308,0.004471798,0.003629822,0.005046458,0.009531187,0.007759009,0.009545139
402,-0.000901309,0.000328414,0.001073094,0.001073094,0.001316508,-4.82E-05,0.001120135,0.002502811,0.001506724,0.002048086,0.002403746,0.00284334,0.008912033,0.003125895,0.01101137,0.005720056,0.004456643,0.003612455,0.005026723,0.00945102,0.007750197,0.009528525
403,-0.000887884,0.000338845,0.001078972,0.001078972,0.001325326,-4.16E-05,0.001129792,0.002506702,0.001508686,0.002041805,0.002407855,0.002844571,0.008891313,0.003112543,0.010979482,0.00571507,0.00445064,0.003610773,0.005023577,0.009424284,0.00772501,0.00952744
404,-0.000862095,0.000358545,0.001101998,0.001101998,0.001350217,-1.25E-05,0.001152724,0.002510964,0.001513601,0.00204062,0.002409285,0.002841985,0.008840531,0.003107383,0.010922209,0.005689072,0.004442647,0.003608554,0.005007785,0.009363302,0.007707952,0.009489409
405,-0.000849732,0.000367815,0.001119145,0.001119145,0.00136629,9.97E-06,0.001165999,0.002511335,0.001516555,0.002045717,0.002406604,0.002838166,0.008810468,0.003115574,0.010896824,0.005668061,0.004440657,0.003608018,0.004995139,0.009329057,0.007716081,0.009452463
406,-0.000829683,0.000383109,0.001141133,0.001141133,0.001392783,5.00E-05,0.001198053,0.002504093,0.001533984,0.002045786,0.002408885,0.002839271,0.008755116,0.003119763,0.010822372,0.005641902,0.00442693,0.003596834,0.004980298,0.009298483,0.007726934,0.009379583
407,-0.000821997,0.000389133,0.001145974,0.001145974,0.001403202,6.76E-05,0.001216832,0.002496481,0.00154846,0.002040759,0.002413847,0.002844195,0.008729827,0.00311576,0.010773304,0.005636756,0.004415194,0.003586186,0.004978102,0.009302156,0.007729657,0.009343648
408,-0.000782579,0.000409382,0.001167968,0.001167968,0.001427406,0.000105095,0.001246611,0.002494411,0.00155254,0.002055654,0.002419645,0.002844389,0.008661815,0.003102649,0.010690549,0.005606133,0.0043964,0.003558774,0.004950082,0.009269457,0.007703483,0.009286278
409,-0.000747687,0.000430566,0.001186923,0.001186923,0.001453736,0.000141166,0.001271854,0.002502861,0.001545649,0.002075527,0.00241316,0.002835395,0.008583666,0.003082464,0.010620832,0.005562871,0.00438496,0.003540489,0.004914378,0.009218321,0.007659642,0.009246707
410,-0.000744527,0.000437525,0.001188725,0.001188725,0.001466282,0.000157287,0.001286097,0.002505769,0.001549155,0.002075477,0.002405838,0.00283113,0.008548239,0.003071387,0.010584803,0.005545084,0.004380579,0.00353897,0.004904498,0.009203556,0.007644698,0.009228571
411,-0.000729981,0.000453186,0.001200372,0.001200372,0.00148401,0.000186442,0.001307716,0.002508916,0.001562853,0.002074417,0.002406888,0.002823376,0.008484052,0.003060481,0.010537598,0.005530358,0.004367035,0.003521188,0.004887673,0.00918197,0.007619207,0.00919367
412,-0.000718595,0.000461889,0.001210217,0.001210217,0.001489193,0.000199478,0.001315091,0.002509155,0.001573046,0.002073408,0.00241526,0.002819886,0.008455292,0.003060651,0.010526422,0.005533419,0.004357873,0.003504925,0.004880727,0.009175148,0.007608658,0.009176903
413,-0.000683464,0.000484911,0.001224527,0.001224527,0.001516358,0.000237992,0.001340191,0.002517936,0.001590549,0.002072095,0.002411646,0.002797862,0.008389056,0.003051443,0.010468522,0.005493273,0.004345929,0.003493259,0.004868637,0.009163819,0.007593157,0.009107933
414,-0.000654212,0.000499848,0.001237488,0.001237488,0.001546658,0.000278602,0.00136255,0.002525509,0.001597141,0.00208071,0.002399655,0.002778727,0.008325499,0.003043189,0.01040298,0.005441794,0.004336339,0.003495223,0.004853519,0.009147411,0.007586685,0.009058878
415,-0.000648704,0.000500464,0.001245984,0.001245984,0.001554974,0.000293732,0.001367185,0.002524539,0.001596423,0.002089628,0.002399649,0.002778126,0.008299418,0.003044313,0.010384162,0.00543352,0.004329528,0.003492589,0.004843545,0.009135511,0.007585166,0.009062027
416,-0.000623042,0.000508682,0.001261582,0.001261582,0.001573212,0.000330711,0.001381582,0.002524249,0.001593751,0.002102237,0.002398174,0.002778866,0.008231117,0.003045186,0.010340761,0.005412381,0.004320976,0.003482773,0.004826417,0.009122872,0.007582851,0.00904776
417,-0.000602889,0.000516283,0.001268685,0.001268685,0.001583132,0.000352558,0.001391346,0.00252493,0.001591798,0.002105928,0.002396704,0.002780207,0.008188898,0.003044935,0.010316176,0.005399516,0.004319234,0.003475591,0.004819263,0.009122133,0.007582054,0.009030344
418,-0.00057007,0.000537678,0.00128354,0.00128354,0.001609878,0.000395805,0.001412642,0.002540155,0.001613984,0.002114132,0.002397206,0.002779695,0.008125526,0.003041115,0.010267918,0.005373324,0.004308603,0.003455747,0.004812361,0.009112442,0.007577482,0.00902944
419,-0.000545273,0.000563681,0.001293931,0.001293931,0.001637433,0.000438387,0.001433814,0.002556514,0.001643187,0.002122698,0.002407716,0.002773291,0.008081185,0.003029484,0.010232416,0.005351983,0.004301046,0.003447926,0.004808518,0.009104719,0.007560629,0.009020146
420,-0.000533142,0.00057589,0.001296569,0.001296569,0.001648163,0.000459571,0.001443453,0.002558329,0.001648251,0.002126751,0.002416255,0.00276874,0.008057997,0.003021421,0.010220588,0.005343967,0.004302378,0.003452768,0.004804423,0.00910595,0.007547551,0.00899434
421,-0.000504367,0.000597868,0.001306648,0.001306648,0.001669364,0.00050105,0.001465006,0.002565739,0.001662123,0.00214252,0.002424978,0.00276369,0.008008462,0.003019086,0.010185753,0.005323146,0.004300943,0.003453246,0.004791182,0.009091698,0.007543405,0.008976686
422,-0.000487724,0.000607637,0.001314088,0.001314088,0.001679835,0.000521345,0.001476919,0.002571334,0.001670932,0.002154236,0.002425162,0.002763191,0.007982115,0.003024815,0.010162747,0.005310339,0.004298176,0.003448883,0.004782034,0.009076214,0.007552338,0.008984837
423,-0.000448556,0.000628065,0.001331491,0.001331491,0.001711078,0.000570473,0.001510465,0.002578445,0.001684538,0.002167758,0.002433395,0.002769773,0.007913622,0.003029895,0.010116914,0.005283005,0.004298084,0.003443163,0.004768135,0.009029211,0.007561919,0.00895965
424,-0.000405686,0.00065468,0.00134705,0.00134705,0.001743352,0.00061937,0.001546659,0.002594149,0.001700022,0.002180908,0.002440564,0.002768631,0.007851659,0.003023639,0.010069642,0.005260859,0.004302899,0.003441033,0.00475705,0.008979609,0.007565259,0.008916454
425,-0.000385341,0.000670636,0.001352647,0.001352647,0.001754855,0.000639435,0.001561221,0.002608336,0.001710708,0.002192252,0.002439684,0.002760409,0.007831841,0.003018032,0.010045196,0.005253241,0.004305041,0.003440259,0.004750717,0.008961528,0.00756795,0.008906596
426,-0.000348824,0.000699617,0.001371645,0.001371645,0.001781194,0.000676228,0.001592687,0.002621869,0.001727047,0.002205898,0.00244564,0.002756355,0.007785568,0.003019905,0.010001637,0.005237021,0.004306688,0.003435139,0.004742898,0.008918216,0.007563421,0.008870301
427,-0.000332652,0.000712642,0.001385046,0.001385046,0.001796031,0.000692957,0.001609591,0.002621214,0.0017327,0.0022082,0.002452477,0.002760524,0.007759114,0.003027385,0.009982523,0.00522842,0.004306194,0.003430794,0.004741412,0.008892986,0.0075562,0.008843864
428,-0.000294567,0.000738129,0.001405691,0.001405691,0.001828137,0.00073321,0.001644322,0.002632489,0.001747378,0.00221878,0.002462446,0.002776181,0.007708119,0.003032542,0.009936729,0.0052074,0.004311471,0.003431711,0.004734174,0.008850177,0.007582317,0.008794462
429,-0.000272655,0.000750591,0.001412935,0.001412935,0.001845406,0.000756735,0.00166215,0.002644419,0.001756402,0.002227059,0.002465579,0.002787668,0.007683579,0.003030219,0.00991005,0.005194982,0.004317242,0.003436974,0.004728421,0.008832599,0.007615656,0.008771496
430,-0.00022514,0.000774669,0.001443849,0.001443849,0.001886415,0.000815522,0.001701644,0.002660278,0.001777458,0.002247833,0.002474295,0.002789197,0.007628629,0.003028774,0.009856976,0.005189021,0.004317912,0.003433647,0.004726919,0.008797782,0.007655324,0.008726461
431,-0.000183581,0.000792999,0.001470756,0.001470756,0.001922611,0.000866936,0.001733477,0.002665013,0.001792883,0.002267811,0.002485787,0.002783704,0.007590556,0.003031035,0.009825922,0.005185558,0.004318828,0.003431402,0.004731313,0.00879005,0.007667542,0.008715647
432,-0.000167626,0.000799714,0.001473993,0.001473993,0.001935068,0.000883087,0.001743644,0.00266582,0.001796276,0.002275295,0.002491695,0.00278817,0.007582891,0.003032418,0.009821262,0.005175638,0.004324845,0.003437747,0.004731457,0.008799557,0.00767343,0.008726905
433,-0.000134976,0.00081569,0.00148005,0.00148005,0.00195852,0.000911861,0.0017678,0.002669381,0.001807582,0.002283178,0.002501534,0.002798677,0.007561946,0.003040347,0.009816816,0.005179023,0.004334997,0.003446716,0.004736055,0.008813703,0.00768914,0.008739478
434,-0.000118281,0.000824951,0.00148287,0.00148287,0.001969514,0.000924483,0.00178179,0.002672136,0.001815494,0.002283576,0.002505466,0.002804718,0.007548665,0.003046891,0.00981703,0.005192329,0.004339132,0.00344934,0.00474051,0.008818342,0.00769896,0.008740795
435,-8.18E-05,0.000843814,0.001497424,0.001497424,0.002002834,0.000965783,0.00181615,0.002683084,0.001835452,0.002292146,0.002525035,0.002820997,0.007532678,0.003065306,0.009816003,0.005214033,0.004365724,0.0034631,0.004753753,0.008827794,0.007729752,0.008748127
436,-3.92E-05,0.000864949,0.001517576,0.001517576,0.002036805,0.001014144,0.001857285,0.002695464,0.001854491,0.002305379,0.002544311,0.002837353,0.007524045,0.00308648,0.009812057,0.005221847,0.004396794,0.003484546,0.004772031,0.008841202,0.007775522,0.008762174
437,-1.63E-05,0.00087648,0.001525992,0.001525992,0.002048451,0.001033828,0.00187805,0.00269965,0.001861485,0.002310441,0.002547949,0.002843471,0.007518117,0.003095783,0.009809352,0.005221263,0.004405407,0.003494857,0.004781522,0.008849796,0.007800321,0.008770206
438,2.17E-05,0.000898063,0.001544465,0.001544465,0.002080091,0.00107744,0.001914141,0.002715387,0.001880672,0.002324022,0.002561471,0.002861208,0.00750468,0.003114475,0.009810906,0.005233228,0.004431026,0.003511003,0.00480409,0.008874556,0.007841468,0.008790828
439,3.68E-05,0.000908115,0.00155452,0.00155452,0.002100084,0.001101368,0.001929468,0.002726938,0.001892865,0.002332541,0.002571356,0.002872828,0.007497171,0.003123864,0.009815165,0.005245778,0.004448032,0.003516837,0.004817168,0.008890722,0.007857816,0.008803417
440,8.92E-05,0.000934061,0.001574903,0.001574903,0.002142115,0.001158974,0.001967493,0.002752952,0.001917179,0.002359765,0.002597639,0.002890497,0.007474864,0.003150399,0.009823854,0.005263846,0.004482943,0.0035403,0.004843059,0.008927533,0.007901367,0.008836679
441,0.000143622,0.00096021,0.00159122,0.00159122,0.002180225,0.001216499,0.002007951,0.002778381,0.001943611,0.002383457,0.00262567,0.002904126,0.007458789,0.003177272,0.009829878,0.005274223,0.004515417,0.003563376,0.004866466,0.008959883,0.007951467,0.008868847
442,0.000160764,0.000970463,0.001597209,0.001597209,0.002196297,0.001240346,0.002025711,0.002789349,0.001957924,0.002388444,0.002637303,0.002911706,0.007457513,0.003186998,0.009831473,0.005279082,0.004529986,0.003568823,0.00487706,0.008971589,0.007974363,0.008880342
443,0.000199385,0.000994922,0.001611787,0.001611787,0.002228219,0.001293991,0.002059676,0.002813945,0.001983074,0.002406182,0.002656934,0.002927149,0.007443329,0.003204924,0.009834699,0.005290242,0.004562086,0.003583332,0.00490123,0.008999818,0.008020254,0.008900525
444,0.000220865,0.001009128,0.001620376,0.001620376,0.002244068,0.001323789,0.002075882,0.002827574,0.001993912,0.002418933,0.002664931,0.002935013,0.00743042,0.003213124,0.00983633,0.005296544,0.004579616,0.003592395,0.004914807,0.009016341,0.008043248,0.008909213
445,0.00027383,0.001040516,0.001646079,0.001646079,0.002291424,0.001392677,0.002118217,0.002853223,0.002025166,0.002451178,0.002684379,0.002957094,0.007393175,0.003238819,0.009844887,0.005310633,0.004625603,0.003614899,0.004938485,0.009064865,0.008099321,0.008933448
446,0.000326456,0.001071288,0.001669382,0.001669382,0.002339649,0.001461389,0.002159405,0.00288111,0.00206282,0.00248238,0.002707083,0.002978729,0.007357972,0.00326183,0.009857208,0.00532114,0.004667165,0.003636926,0.004962075,0.009115027,0.008154157,0.008973865
447,0.000347596,0.001084877,0.00167557,0.00167557,0.002356366,0.001491011,0.002174464,0.002896977,0.002080056,0.002494088,0.002718337,0.002986147,0.007347106,0.003267347,0.009862604,0.005323862,0.00468027,0.003645512,0.004975565,0.009133189,0.008175913,0.008998734
448,0.000388067,0.001110503,0.001687798,0.001687798,0.002389326,0.001545699,0.002206581,0.002926104,0.002107417,0.002519021,0.002736192,0.003000393,0.007328594,0.003284801,0.009875254,0.005327808,0.004711879,0.003661983,0.005002661,0.009163397,0.008214131,0.009031663
449,0.000407399,0.00112254,0.001693837,0.001693837,0.00240557,0.001570765,0.002223639,0.002939363,0.002117541,0.002532246,0.002742794,0.003007221,0.007320948,0.003296737,0.009882509,0.005329033,0.004730381,0.003669868,0.005016266,0.009175444,0.008230591,0.009039724
450,0.000460855,0.001157584,0.001710431,0.001710431,0.002445446,0.00163655,0.002266214,0.002971393,0.002150942,0.00256532,0.002765705,0.003026724,0.0072864,0.003320673,0.009895991,0.005333756,0.004776548,0.003698292,0.00504222,0.009189929,0.008283095,0.009059366
451,0.000517884,0.001194656,0.001731314,0.001731314,0.002488082,0.00170827,0.002311668,0.003003059,0.002186644,0.00259848,0.002790298,0.003049909,0.007241722,0.003341229,0.009892012,0.005341114,0.004812207,0.003724181,0.005060821,0.009198422,0.008339257,0.009069557
452,0.000540788,0.001208722,0.001741643,0.001741643,0.002507085,0.001739272,0.002331606,0.003015954,0.002199067,0.002611792,0.002798582,0.003060417,0.007223948,0.003349786,0.009881806,0.005344975,0.004820199,0.00372953,0.005067074,0.009204476,0.008359376,0.009068166
453,0.000582734,0.001238423,0.001763739,0.001763739,0.002546856,0.001801748,0.002370496,0.003041076,0.002225515,0.002639302,0.002815698,0.003077358,0.007191168,0.003362373,0.009867005,0.005348719,0.004842333,0.003739323,0.00508455,0.009211808,0.008393288,0.009071081
454,0.000601776,0.001254059,0.001775505,0.001775505,0.002567623,0.001833222,0.002389449,0.003053302,0.00223954,0.0026535,0.002824529,0.00308379,0.007176163,0.003366403,0.00986241,0.005348602,0.004856474,0.003743767,0.005095773,0.009213086,0.008407081,0.009075387
455,0.000658379,0.001293539,0.001800898,0.001800898,0.002616811,0.001902358,0.002440361,0.00308108,0.00227627,0.00268504,0.002844939,0.003097814,0.007140553,0.003383305,0.00985059,0.005347607,0.00488659,0.003764483,0.005114358,0.009216544,0.00845728,0.00907735
456,0.000720057,0.001332923,0.001823617,0.001823617,0.002662684,0.001970657,0.002490552,0.003104535,0.002308186,0.002713668,0.002863757,0.003112335,0.007102447,0.003401016,0.009840647,0.005349845,0.00491662,0.003783015,0.00512827,0.009221299,0.008507214,0.009074141
457,0.000744175,0.001348463,0.001832712,0.001832712,0.002680136,0.002001296,0.002508784,0.003112437,0.002317397,0.002724955,0.002870996,0.003119264,0.007084947,0.003405855,0.009837929,0.00535296,0.004930674,0.003785275,0.005134819,0.009223875,0.008520741,0.009073275
458,0.00078796,0.0013799,0.001852984,0.001852984,0.002717627,0.00206205,0.00255059,0.003135398,0.00234113,0.002746277,0.002885358,0.003137531,0.007054554,0.003420501,0.00983309,0.005352929,0.004951512,0.0038007,0.005152768,0.009228829,0.008552057,0.00908285
459,0.000807628,0.001395797,0.001864163,0.001864163,0.002737667,0.002092165,0.002574166,0.003150456,0.002355653,0.002756313,0.002892481,0.003148868,0.007041661,0.003430308,0.009830968,0.005349783,0.004958295,0.003813865,0.005164169,0.009231206,0.008569845,0.009093291
460,0.00086926,0.001437016,0.001889427,0.001889427,0.002787405,0.002164682,0.002626119,0.003178235,0.002386614,0.002783572,0.002910353,0.003171392,0.007006153,0.003445989,0.009828674,0.005353288,0.004991575,0.003834419,0.005188691,0.009243475,0.00862423,0.009097779
461,0.000936883,0.00147883,0.001913941,0.001913941,0.002838457,0.002238498,0.002678549,0.003199014,0.002417262,0.002811525,0.002932319,0.003189457,0.006976263,0.003463488,0.009830727,0.005362368,0.00503369,0.003853785,0.005213698,0.009260416,0.008682556,0.009104073
462,0.000962541,0.001495321,0.00192437,0.00192437,0.002859812,0.002269912,0.002702599,0.003207073,0.002431472,0.002822255,0.002943536,0.003196335,0.006968988,0.003475111,0.009832953,0.005364795,0.005049308,0.003865762,0.005225583,0.009267465,0.008704285,0.009116321
463,0.001013972,0.001528983,0.001946844,0.001946844,0.002902686,0.00233748,0.002750877,0.003227238,0.002457466,0.002846101,0.002965155,0.003216409,0.006949579,0.003494713,0.009834178,0.005374087,0.005082624,0.003884599,0.005246022,0.009280851,0.008747735,0.009130147
464,0.001039744,0.001546155,0.001958888,0.001958888,0.002924205,0.002373634,0.002775104,0.003239344,0.00246925,0.002859217,0.002975558,0.003229605,0.006937445,0.003502692,0.009833177,0.005380952,0.005100321,0.00389146,0.005254575,0.009287187,0.008769456,0.009131727
465,0.001105495,0.001592836,0.001989278,0.001989278,0.002981225,0.00246184,0.002837691,0.003270176,0.002499832,0.002888918,0.003001399,0.003257778,0.006909797,0.003529059,0.009829684,0.005391291,0.005145727,0.003915317,0.005288375,0.009302755,0.008837244,0.009150377
466,0.001175048,0.001640745,0.002020313,0.002020313,0.003041057,0.00255269,0.002899104,0.003304185,0.002529435,0.002918211,0.003027366,0.003284023,0.006884499,0.003554104,0.009834334,0.005404651,0.005191892,0.003939827,0.005323244,0.009328831,0.008902089,0.009175576
467,0.001204623,0.001659145,0.002033004,0.002033004,0.003065388,0.002591487,0.002922157,0.003319468,0.00254024,0.002930919,0.003037897,0.003295292,0.006874714,0.00356076,0.009841477,0.005414536,0.005210348,0.00394734,0.005332867,0.009345675,0.008920865,0.009183705
468,0.001263252,0.001697743,0.002056463,0.002056463,0.003113187,0.002667254,0.002974382,0.003343051,0.002565443,0.00295656,0.003056905,0.003319312,0.006854475,0.003582184,0.009852183,0.005433525,0.005250139,0.003965063,0.005359426,0.009376438,0.008966366,0.009193948
469,0.001292305,0.00171794,0.002067233,0.002067233,0.003136655,0.002704223,0.003003554,0.003351351,0.002579841,0.002969493,0.003065384,0.003332064,0.006844022,0.003596953,0.009855747,0.005442628,0.005271474,0.003975273,0.005376362,0.009390356,0.00899309,0.009196063
470,0.001366774,0.001763343,0.002095738,0.002095738,0.003196844,0.002800767,0.00306946,0.003381822,0.002615633,0.002999699,0.003093896,0.003361002,0.006819484,0.00362715,0.009873456,0.005464071,0.005325271,0.004001404,0.005412597,0.009439741,0.009062902,0.009227121
471,0.001443319,0.00181026,0.002124103,0.002124103,0.00325681,0.002898927,0.00313205,0.003415509,0.002648017,0.003027549,0.003121114,0.003393057,0.006800824,0.003656086,0.009895807,0.005488354,0.005379212,0.004034607,0.005448842,0.009495618,0.009130261,0.00927057
472,0.001474448,0.001831972,0.002134732,0.002134732,0.003280054,0.002937513,0.003157905,0.003427026,0.002659008,0.003038125,0.003128298,0.003408925,0.006796248,0.003669595,0.009904014,0.005500298,0.005400691,0.004051889,0.005465788,0.00951603,0.009154532,0.009285077
473,0.001536681,0.001871163,0.0021554,0.0021554,0.003327287,0.003015905,0.003209411,0.003447433,0.002682064,0.003060393,0.003145143,0.0034357,0.006787693,0.003695262,0.009925644,0.005526212,0.005442561,0.004078581,0.005498133,0.009557391,0.009201421,0.009320772
474,0.001567785,0.001888641,0.002165439,0.002165439,0.003351275,0.003055712,0.003235062,0.003456324,0.002694129,0.003072084,0.003154805,0.003446607,0.006783715,0.00370742,0.009939067,0.005540184,0.005462951,0.00408799,0.005513531,0.009578341,0.00922404,0.00934196
475,0.001643214,0.001929781,0.00218995,0.00218995,0.003410853,0.003146032,0.003298626,0.003487548,0.002722499,0.003101224,0.003183416,0.003478718,0.006785203,0.003742457,0.009976296,0.005574057,0.005514366,0.00412122,0.005556784,0.009633356,0.009297621,0.009393888
476,0.001715071,0.001967738,0.002210865,0.002210865,0.003469336,0.00322832,0.003357937,0.003515304,0.002754888,0.003129508,0.003210976,0.003511805,0.006792038,0.003782123,0.010020756,0.005611909,0.005568826,0.004157286,0.005599239,0.009694529,0.009380919,0.009450912
477,0.001742603,0.001982034,0.002217309,0.002217309,0.00349223,0.003260093,0.003379335,0.003520727,0.002770973,0.003140343,0.003219586,0.003523686,0.006793407,0.003798911,0.01004141,0.005629859,0.005592263,0.004169532,0.005613839,0.009721637,0.009413256,0.009477195
478,0.001790617,0.002008543,0.002233095,0.002233095,0.003535874,0.003320196,0.003422578,0.003538319,0.002797537,0.003159601,0.003236907,0.003550682,0.006803715,0.003829364,0.010083236,0.005659978,0.005639031,0.004196888,0.005644982,0.009779901,0.009473881,0.009529099
479,0.001811099,0.002020757,0.002242437,0.002242437,0.003556625,0.003348526,0.003444423,0.003550488,0.002808016,0.003168024,0.003245618,0.003565797,0.006812655,0.003843029,0.010104409,0.005672145,0.005662364,0.004211998,0.005661526,0.009811058,0.009502169,0.00955472
480,0.001865319,0.002053223,0.002263072,0.002263072,0.0036095,0.003415388,0.003496796,0.003575336,0.002835062,0.003188593,0.00327451,0.003601085,0.006836976,0.003883135,0.010159117,0.005712952,0.005716119,0.004249032,0.005706168,0.009887205,0.009570519,0.00963079
481,0.001925731,0.002089264,0.002280587,0.002280587,0.003662155,0.003479883,0.003551582,0.003597377,0.002865242,0.003212606,0.003302221,0.003634564,0.006864432,0.003927491,0.010212663,0.005755144,0.005765202,0.004285619,0.005747434,0.009955834,0.00964351,0.009703794
482,0.001952405,0.002105051,0.002286809,0.002286809,0.003682686,0.003505847,0.00357584,0.003606739,0.002878855,0.003224473,0.003309751,0.00364787,0.006876507,0.003945407,0.010232675,0.005768697,0.005783863,0.004300282,0.005760601,0.009979473,0.009676439,0.009726349
483,0.002004834,0.002136813,0.002303111,0.002303111,0.003724933,0.003561501,0.003621904,0.003624853,0.002905522,0.003245124,0.003326949,0.003675952,0.006894121,0.003977653,0.01026212,0.005796452,0.005821812,0.004329649,0.005789657,0.010011189,0.009737209,0.009762597
484,0.002030589,0.002152788,0.002313192,0.002313192,0.003746649,0.00359119,0.00364371,0.003633605,0.002918576,0.003253908,0.003336616,0.003690729,0.006899659,0.003991983,0.010271552,0.005810655,0.0058411,0.004344352,0.005805546,0.010019266,0.009765049,0.009776291
485,0.002098291,0.002199002,0.00234627,0.00234627,0.003801594,0.003662738,0.00370664,0.003657269,0.002949049,0.00327772,0.003356798,0.003725331,0.006910752,0.004027688,0.010280176,0.005839801,0.005892303,0.004380048,0.005834386,0.010036018,0.009831402,0.00980148
486,0.002165681,0.002245905,0.002379762,0.002379762,0.003855994,0.003731571,0.003768308,0.003677986,0.002981397,0.003303081,0.003371058,0.003756664,0.006915566,0.004060453,0.010292658,0.005865441,0.005939988,0.004410711,0.005859701,0.0100554,0.00989718,0.009822985
487,0.002191123,0.002262568,0.002390258,0.002390258,0.003877166,0.003758545,0.003788852,0.00368379,0.002996327,0.003313414,0.003374803,0.003768171,0.006914826,0.004071843,0.010305949,0.005876137,0.005955759,0.004420381,0.005872066,0.010066106,0.009924446,0.009832992
488,0.002237158,0.002293127,0.002407655,0.002407655,0.003915704,0.00381535,0.003830546,0.003698499,0.003022124,0.003334836,0.003388091,0.003787123,0.006908908,0.004092374,0.010322989,0.00589737,0.005987613,0.004443653,0.005894641,0.010093258,0.009975623,0.009857473
489,0.002257751,0.002307021,0.002414556,0.002414556,0.003933071,0.00384518,0.003851697,0.003707402,0.003032991,0.003345925,0.003397634,0.003794569,0.006903731,0.004101515,0.010326738,0.005907906,0.006003697,0.004457254,0.005904851,0.010109703,0.009999533,0.009871945
490,0.00231776,0.002348704,0.002437869,0.002437869,0.003981615,0.003911071,0.003909333,0.003732732,0.003065673,0.003370672,0.003416921,0.003825668,0.006903939,0.004128171,0.010343612,0.005935543,0.006049954,0.004493555,0.005930175,0.010140243,0.010068687,0.009904388
491,0.002381939,0.002398442,0.002466011,0.002466011,0.004034481,0.00398027,0.003970685,0.003760117,0.003105364,0.003396675,0.003437215,0.003859685,0.006902805,0.004160202,0.010359296,0.005968508,0.006103698,0.004527962,0.005964158,0.01016806,0.010135057,0.009924359
492,0.002406702,0.002420393,0.002477739,0.002477739,0.004056169,0.004013408,0.003995551,0.003771075,0.003123241,0.00340902,0.003447765,0.00387005,0.006896285,0.004174716,0.010361856,0.005984373,0.006127267,0.004539668,0.005983027,0.010181784,0.010156181,0.009926359
493,0.002456383,0.002460585,0.00250069,0.00250069,0.004098675,0.004078626,0.004044975,0.003796109,0.00315743,0.003434551,0.003466675,0.003895814,0.006891086,0.004202935,0.010377249,0.006018087,0.006173908,0.004569919,0.00601806,0.010214171,0.010206652,0.009951728
494,0.002481301,0.002478827,0.002511911,0.002511911,0.004119492,0.004110706,0.004069534,0.003810184,0.003173742,0.003447737,0.003475035,0.003911212,0.006892407,0.004216639,0.010390083,0.006035936,0.00619698,0.004588463,0.006034223,0.010232835,0.010235997,0.009975096
495,0.002546622,0.002529289,0.002540993,0.002540993,0.004175156,0.004192569,0.0041342,0.003848984,0.003219427,0.00348444,0.003502533,0.003950188,0.006892397,0.004251904,0.010425396,0.006087629,0.006259985,0.00464148,0.006081912,0.010291296,0.010313412,0.010012095
496,0.002613369,0.002580826,0.002572234,0.002572234,0.004235323,0.004279524,0.004202101,0.00388819,0.003268239,0.003523978,0.003536598,0.00399383,0.006895384,0.004292949,0.010466612,0.006147292,0.006334583,0.004698388,0.006140073,0.01035337,0.010395656,0.010051632
497,0.002639713,0.002600143,0.002585615,0.002585615,0.004260645,0.004316694,0.004229895,0.003902672,0.003287677,0.003539999,0.003551526,0.004013895,0.006899702,0.004312434,0.010485348,0.006173111,0.006369248,0.004720823,0.006166709,0.010375648,0.01042983,0.010077538
498,0.002699754,0.00264578,0.002612542,0.002612542,0.00431007,0.004393046,0.004288214,0.003940669,0.003330141,0.003574702,0.003580605,0.004056144,0.006910561,0.004355768,0.010517439,0.006228131,0.006437984,0.00476916,0.006219364,0.010424175,0.010499081,0.010122652
499,0.002733451,0.002672101,0.002626087,0.002626087,0.004334175,0.004432227,0.004318739,0.003964185,0.003353166,0.003593385,0.003594758,0.004078329,0.006917101,0.004379617,0.010530794,0.006257332,0.006472055,0.004795062,0.006245382,0.010450424,0.010534158,0.010141861
500,0.002819076,0.002733408,0.002659848,0.002659848,0.004395829,0.004532141,0.004397751,0.004010393,0.00341288,0.003638641,0.003632893,0.004136618,0.006919821,0.004437393,0.010567505,0.006336404,0.006561797,0.004867165,0.00631063,0.010496874,0.010622225,0.01018599
501,0.002903945,0.002791893,0.002694279,0.002694279,0.004461541,0.004634314,0.004474359,0.004056749,0.0034736,0.00368493,0.003673722,0.004196203,0.0069208,0.004493012,0.010604135,0.006419497,0.006659639,0.00493915,0.006380433,0.010541605,0.01071379,0.010229278
502,0.002936887,0.002815393,0.002708495,0.002708495,0.004489703,0.004675755,0.004502481,0.004080413,0.003497631,0.003704646,0.003690568,0.004219683,0.0069256,0.004514705,0.010617408,0.006452719,0.006701812,0.004964934,0.006411006,0.010566136,0.010752364,0.010247647
503,0.003010045,0.002870041,0.002740538,0.002740538,0.004555173,0.004776713,0.004575564,0.004135457,0.003561657,0.00375538,0.003735279,0.004280904,0.006946965,0.004584398,0.010689818,0.006548794,0.006807191,0.005042081,0.006496112,0.010655929,0.010861363,0.010326591
504,0.00308226,0.002920106,0.002770652,0.002770652,0.004616865,0.004871368,0.00464893,0.00419177,0.003627065,0.003804927,0.003782559,0.004348385,0.006984359,0.004662153,0.010786549,0.006654445,0.006914119,0.005129765,0.006591654,0.010765748,0.010977466,0.010432758
505,0.003114259,0.002939024,0.002782938,0.002782938,0.004641249,0.004906505,0.004677335,0.004216702,0.003652477,0.003823457,0.003801974,0.004378125,0.007005187,0.004691909,0.010824145,0.006697242,0.006957839,0.005166086,0.006632663,0.010810304,0.011023145,0.010478348
506,0.003171949,0.002981638,0.00280712,0.00280712,0.004690414,0.004977585,0.004733297,0.004267197,0.003707161,0.003865361,0.003842725,0.004438641,0.007045187,0.00475433,0.010900505,0.006785263,0.007051025,0.005239113,0.006711249,0.010904506,0.011113784,0.010561276
507,0.003197639,0.003005335,0.002819017,0.002819017,0.004715195,0.005013527,0.004760854,0.00429276,0.003736433,0.003888737,0.003864061,0.004469417,0.007064359,0.004786997,0.010939269,0.006830486,0.007100492,0.005275819,0.006748826,0.010954152,0.011158744,0.010598614
508,0.003261115,0.003058292,0.002848942,0.002848942,0.004775768,0.005099229,0.004830378,0.004352329,0.003810023,0.003943448,0.003913643,0.004545598,0.007120918,0.004873339,0.011035884,0.006940588,0.007224925,0.005370879,0.00685117,0.011077108,0.011279172,0.010713338
509,0.003327268,0.003108948,0.00287779,0.00287779,0.004834975,0.005185458,0.004900345,0.004413837,0.003880713,0.003997133,0.003965332,0.004619118,0.007180136,0.004962894,0.011133721,0.007054568,0.007348688,0.005468098,0.006953686,0.011202794,0.011406867,0.010837315
510,0.003355635,0.003130344,0.002888609,0.002888609,0.004858391,0.005221927,0.004928345,0.004441339,0.003907086,0.004019482,0.003988776,0.004647233,0.007201966,0.004998772,0.011173707,0.00710367,0.007397483,0.005506962,0.006991434,0.011255171,0.011459095,0.010883906
511,0.003411342,0.003177669,0.002911537,0.002911537,0.004908634,0.005293412,0.004987276,0.004494392,0.003964306,0.004064619,0.004032222,0.004711923,0.007244617,0.005067116,0.011258396,0.007200551,0.007498664,0.005586586,0.007074599,0.011351935,0.011561271,0.010976145
512,0.003438682,0.003203597,0.002923646,0.002923646,0.004935462,0.005328428,0.005018207,0.004519943,0.003995153,0.004087408,0.004052225,0.004748499,0.007265437,0.005099581,0.011303099,0.007248331,0.007551049,0.005627344,0.007120016,0.011396321,0.011611221,0.011021794
513,0.003511395,0.003267411,0.002957463,0.002957463,0.005003608,0.005427357,0.005099239,0.004586628,0.00407275,0.004145212,0.004109545,0.004837246,0.007324833,0.00519275,0.011409348,0.007370422,0.007681314,0.005731379,0.007226636,0.011520003,0.01174022,0.011136254
514,0.003591923,0.003334362,0.002993273,0.002993273,0.005077559,0.005533502,0.005184869,0.004657989,0.004149965,0.004207054,0.004167988,0.004927064,0.007392129,0.005295735,0.011512764,0.0074933,0.007814198,0.005841396,0.007336262,0.011642616,0.011870749,0.011249461
515,0.003627078,0.003363426,0.003007373,0.003007373,0.005110191,0.005575734,0.005220398,0.004688216,0.004180431,0.004233881,0.004189112,0.004964711,0.00742085,0.005338017,0.011554633,0.007541865,0.007869203,0.005888136,0.007384685,0.011685934,0.011922227,0.011293857
516,0.003697677,0.003422017,0.003041263,0.003041263,0.005177871,0.005665141,0.005297348,0.00474557,0.004246421,0.004286214,0.00423444,0.005040291,0.007464225,0.005419444,0.011626257,0.007634427,0.007976032,0.005983277,0.007479199,0.011765032,0.01202694,0.01136573
517,0.003733121,0.003451544,0.003061052,0.003061052,0.005212921,0.005712316,0.005338769,0.004772698,0.004281945,0.004311721,0.004258643,0.005078224,0.007478879,0.005458588,0.011656011,0.007678424,0.008027855,0.006031677,0.007525291,0.011800813,0.012080175,0.011393208
518,0.003818799,0.00352377,0.003101706,0.003101706,0.005292347,0.005825731,0.005432806,0.004838034,0.004361493,0.004375879,0.004318379,0.005170826,0.007529663,0.005561326,0.011740855,0.00779591,0.008156846,0.006140063,0.007632075,0.01190072,0.012218709,0.01148386
519,0.003898808,0.003591124,0.00313708,0.00313708,0.005366525,0.005934584,0.005518526,0.004905932,0.004437999,0.004440783,0.004376083,0.005260159,0.007588133,0.005659662,0.011837103,0.007913435,0.008286132,0.006245768,0.007738779,0.012008959,0.012354931,0.011592187
520,0.003928584,0.00361578,0.003151589,0.003151589,0.005396325,0.005977197,0.00555163,0.004935623,0.004470482,0.004467034,0.004398254,0.005294823,0.007610473,0.005694404,0.011878262,0.007957471,0.008338249,0.006291488,0.00778479,0.012053071,0.012405855,0.011637339
521,0.003994119,0.003670406,0.003180119,0.003180119,0.005457525,0.006063104,0.00562079,0.004990339,0.004529838,0.004517881,0.004440612,0.005366434,0.007658461,0.005770172,0.011959489,0.008045463,0.008441746,0.006381264,0.007869822,0.012139667,0.012507901,0.011724291
522,0.004029878,0.003700376,0.003194139,0.003194139,0.005488924,0.006106398,0.005656845,0.005015365,0.004556713,0.004542476,0.004460798,0.005403382,0.007684109,0.005811198,0.011999558,0.00808942,0.008493127,0.00642532,0.007908843,0.012182152,0.012559024,0.01176609
523,0.004116431,0.003773001,0.003231921,0.003231921,0.005566602,0.006217798,0.005747246,0.005079747,0.004631152,0.004605571,0.004516054,0.005495606,0.007741434,0.005909757,0.012102312,0.008197056,0.00862159,0.006534382,0.008013823,0.012291666,0.012695186,0.011872232
524,0.004202952,0.003845797,0.003270312,0.003270312,0.005645428,0.00632803,0.005837696,0.005146536,0.004708879,0.004668831,0.0045714,0.005586076,0.007800036,0.006003629,0.012198833,0.008303222,0.008747658,0.006638352,0.00812092,0.012398785,0.01282687,0.011967941
525,0.004238679,0.003875938,0.003284942,0.003284942,0.005677975,0.006370157,0.0058738,0.005173969,0.004739041,0.004693591,0.004591675,0.005621269,0.007826961,0.006039969,0.012232668,0.00834571,0.008796645,0.006677318,0.008162057,0.012438874,0.012873515,0.011999308
526,0.004327164,0.003954591,0.003331136,0.003331136,0.005760899,0.006481846,0.005971132,0.005233232,0.004812752,0.004755339,0.004641371,0.00571507,0.007876342,0.006128924,0.012309915,0.008439807,0.008918201,0.006775694,0.00826175,0.012537048,0.013002651,0.012090402
527,0.00441556,0.004030743,0.003376887,0.003376887,0.005842282,0.006593964,0.006066306,0.005286617,0.004886799,0.004819683,0.004695734,0.005806989,0.007922947,0.006220195,0.012391704,0.00852451,0.00904067,0.006872317,0.008356669,0.012640387,0.013136357,0.012192767
528,0.004451197,0.004058382,0.003391073,0.003391073,0.005873288,0.00663652,0.006100251,0.00530817,0.004917296,0.004847038,0.004720676,0.0058403,0.007947096,0.006258851,0.01243008,0.008557605,0.009090571,0.006909529,0.008393032,0.012685642,0.013187572,0.012235405
529,0.004520667,0.004113848,0.003418549,0.003418549,0.005933983,0.006722204,0.006165605,0.005356087,0.00497328,0.004894945,0.004765129,0.005908886,0.007995602,0.006333654,0.012507947,0.008630803,0.009186744,0.006990958,0.008473977,0.012777039,0.013292381,0.01232131
530,0.004554499,0.004141675,0.003431837,0.003431837,0.005963673,0.006765332,0.006197014,0.005382449,0.004998767,0.004915497,0.00478464,0.005944162,0.00801996,0.006369802,0.012547437,0.008670907,0.009233016,0.007035175,0.008518558,0.012823182,0.013345976,0.012364576
531,0.004638506,0.004216444,0.003469425,0.003469425,0.006040639,0.006870106,0.006286912,0.005441993,0.005064138,0.004972495,0.004837659,0.006034366,0.008080333,0.006459861,0.012644976,0.008767339,0.009347411,0.007132481,0.008620825,0.012929527,0.013466456,0.012461296
532,0.00472405,0.004292078,0.003508467,0.003508467,0.006117827,0.006973049,0.006376974,0.005496665,0.005131071,0.005032819,0.004894807,0.006123247,0.008141164,0.006548993,0.012740028,0.008859699,0.009462608,0.00722347,0.008716682,0.01303825,0.013590173,0.01256314
533,0.004759418,0.004320771,0.00352321,0.00352321,0.006147739,0.007014346,0.006408547,0.005518156,0.005158119,0.005056697,0.004918445,0.006157198,0.00816598,0.006584214,0.012777033,0.00889573,0.00950968,0.007261369,0.008754855,0.013086772,0.013647006,0.012611531
534,0.004829058,0.004377218,0.003552779,0.003552779,0.006206582,0.007095618,0.006474977,0.005561392,0.005210066,0.005103825,0.004964332,0.006228222,0.008221109,0.006655194,0.01285262,0.008973944,0.009604114,0.0073389,0.008835506,0.013185021,0.013757404,0.012709177
535,0.00486333,0.004404972,0.003567604,0.003567604,0.006235512,0.007135592,0.006509834,0.005583137,0.005234965,0.005127075,0.004986579,0.006265294,0.008251422,0.006690952,0.012891202,0.009016127,0.009651474,0.007378531,0.008877984,0.013234748,0.013810969,0.012758432
536,0.004951822,0.004480149,0.003604212,0.003604212,0.006306622,0.007238068,0.006592891,0.005629089,0.005301524,0.005179983,0.005045194,0.00635447,0.00832017,0.006780168,0.012984138,0.0091144,0.009773469,0.007474442,0.008976948,0.013350156,0.0139364,0.01288183
537,0.005044624,0.004560088,0.003640528,0.003640528,0.006378158,0.007340704,0.006675514,0.005677932,0.005367644,0.005234104,0.005103842,0.006445364,0.008382045,0.006871428,0.013073669,0.009208622,0.0098938,0.007568907,0.009069471,0.013459633,0.014053901,0.012995102
538,0.005083205,0.004592603,0.003655061,0.003655061,0.006407516,0.007380839,0.006709936,0.005702569,0.005392103,0.005258567,0.005126124,0.006484154,0.008405485,0.00690923,0.013108846,0.009246754,0.009939497,0.007607095,0.009105508,0.013503428,0.014099538,0.013034231
539,0.005163301,0.004657186,0.003684676,0.003684676,0.006466723,0.007464131,0.006778883,0.005743083,0.005441162,0.005302676,0.005172401,0.006554917,0.008450792,0.006980467,0.013173225,0.009319598,0.01003138,0.007679508,0.009183469,0.013579607,0.014191627,0.013112026
540,0.005204815,0.004689254,0.003699758,0.003699758,0.006496572,0.007507289,0.006813408,0.005758959,0.00546576,0.005322321,0.005196396,0.00658689,0.008472659,0.0070139,0.013202426,0.00935431,0.010077565,0.007713734,0.009225393,0.01361199,0.014238079,0.013150693
541,0.005301613,0.004770531,0.00373772,0.00373772,0.006572147,0.007614927,0.006899671,0.005805537,0.005531913,0.005378896,0.005257327,0.00667152,0.008527739,0.007098661,0.013293179,0.009443751,0.010192858,0.007802856,0.009322197,0.013720804,0.014363829,0.01325965
542,0.005394185,0.004850811,0.003775577,0.003775577,0.006646529,0.007721525,0.006984826,0.005856495,0.005600472,0.005434764,0.005321587,0.006762521,0.008584191,0.007183123,0.013387051,0.009538752,0.010308265,0.007892854,0.00941378,0.013844434,0.014491949,0.013375553
543,0.005431474,0.004881881,0.003790554,0.003790554,0.006675186,0.007763642,0.007018244,0.005876753,0.005627477,0.005453702,0.005348911,0.006800866,0.008607428,0.007216259,0.013419372,0.009579025,0.010354564,0.007927956,0.009450483,0.013891632,0.014540771,0.013421166
544,0.005522901,0.004960703,0.003827555,0.003827555,0.006748113,0.007870041,0.00710074,0.005922572,0.005691829,0.005502927,0.005416005,0.006892783,0.008660435,0.007298866,0.013504608,0.009669322,0.010472179,0.00801368,0.009544236,0.014003035,0.014663442,0.013537606
545,0.005611053,0.005041025,0.003864885,0.003864885,0.006821453,0.00797661,0.007185468,0.005965494,0.005752484,0.005554354,0.005481953,0.006980464,0.008714543,0.007380507,0.013593329,0.009755842,0.010589744,0.008098959,0.009640241,0.014112517,0.014783003,0.013649831
546,0.005645067,0.005073595,0.003880192,0.003880192,0.006850522,0.008018898,0.007221117,0.005982854,0.005775791,0.005575495,0.005508132,0.007014572,0.008738882,0.007412676,0.013629136,0.009792337,0.010635993,0.008133618,0.009679194,0.014157794,0.014828715,0.013691229
547,0.005715512,0.005140461,0.003910784,0.003910784,0.006909215,0.008101548,0.007289999,0.006016118,0.005825578,0.005615693,0.005562765,0.007081812,0.008779392,0.007476262,0.013698838,0.009861682,0.010729839,0.008203943,0.009755377,0.014249254,0.014919387,0.013774381
548,0.005751943,0.005174757,0.00392607,0.00392607,0.006938837,0.008141911,0.007323233,0.006032021,0.005852058,0.005634752,0.005591221,0.007114943,0.008795563,0.00750768,0.013732734,0.009894531,0.010777435,0.008239609,0.009792606,0.014295437,0.014964347,0.013816136
549,0.005839379,0.005259671,0.003965744,0.003965744,0.007017514,0.008249353,0.007408043,0.00607676,0.005918192,0.005685655,0.005660251,0.007201995,0.008839262,0.00758193,0.013821277,0.009977654,0.010893798,0.00832264,0.009887969,0.014410677,0.015078817,0.013919502
550,0.005929674,0.005350562,0.004008111,0.004008111,0.0070987,0.008362639,0.007499691,0.006121371,0.005982157,0.005737887,0.005734684,0.007295097,0.00888487,0.007658738,0.01390835,0.010065662,0.011012004,0.008407627,0.009986405,0.01452088,0.015190423,0.014022363
551,0.005968963,0.005390834,0.004026091,0.004026091,0.007130831,0.008408845,0.007539763,0.006137145,0.006006467,0.005758274,0.005768543,0.007334278,0.00890295,0.007692714,0.013940776,0.010103396,0.011061443,0.008445249,0.010026708,0.014562027,0.015232519,0.014063611
552,0.006047021,0.005467821,0.004061928,0.004061928,0.007196975,0.00850434,0.007620538,0.00617068,0.006057117,0.005797059,0.005836702,0.007411154,0.008942431,0.007760188,0.014008185,0.010183101,0.011157927,0.00852206,0.010105059,0.014644678,0.015320051,0.014138743
553,0.00608579,0.005504535,0.004079787,0.004079787,0.007230989,0.00855363,0.007661242,0.006188442,0.006083456,0.005815458,0.005871,0.007448848,0.008963833,0.007793686,0.014043168,0.010225073,0.011204971,0.008561251,0.010143108,0.014686182,0.015365487,0.014172625
554,0.006186764,0.005607478,0.004124938,0.004124938,0.007318343,0.008675739,0.007764552,0.006232268,0.006151724,0.005869122,0.005958541,0.007544273,0.00901705,0.007877696,0.014135646,0.010323741,0.011326276,0.008654421,0.010248389,0.014794697,0.015485893,0.014277063
555,0.006291582,0.005711263,0.004170636,0.004170636,0.007407788,0.008797935,0.007869869,0.006276007,0.006220561,0.00592609,0.006045708,0.007641815,0.009071415,0.007961787,0.014222696,0.010423083,0.011449575,0.008745347,0.0103528,0.014901007,0.015598102,0.014379313
556,0.006334195,0.005748819,0.004189041,0.004189041,0.007443894,0.008847311,0.007912582,0.006293682,0.006247469,0.005947793,0.006079635,0.007681626,0.009093965,0.007995365,0.01425225,0.010465728,0.011498612,0.008782291,0.010389979,0.014940307,0.015635341,0.014411007
557,0.006441514,0.005854286,0.004240148,0.004240148,0.007535195,0.008969333,0.008019002,0.006332337,0.006311443,0.0060004,0.006165143,0.00777896,0.009146341,0.008084015,0.014327053,0.010555579,0.011610258,0.008872065,0.01048444,0.01502879,0.015733631,0.014491986
558,0.006544404,0.005962094,0.004293046,0.004293046,0.007626012,0.009090787,0.008124097,0.006365139,0.006374486,0.006046172,0.006248423,0.007871353,0.009193274,0.008168535,0.014400941,0.010641432,0.011719436,0.008956594,0.010576602,0.015115981,0.015832346,0.014568351
559,0.006582589,0.006001993,0.004313242,0.004313242,0.007661633,0.009139594,0.008165485,0.006376961,0.006400465,0.006061038,0.006280121,0.007906225,0.009210378,0.008197984,0.01442958,0.010680081,0.011766006,0.008988295,0.010611481,0.01515399,0.01587001,0.014595431
560,0.006662556,0.00608171,0.004351674,0.004351674,0.007730722,0.009232616,0.00824756,0.006400989,0.006449214,0.006099438,0.0063443,0.007976903,0.00924735,0.008255179,0.014477284,0.010750767,0.011852564,0.009046933,0.010681629,0.015221519,0.01594822,0.01465536
561,0.006704338,0.006121528,0.004369911,0.004369911,0.00776419,0.00927683,0.008288246,0.006413197,0.006471985,0.006122972,0.006376781,0.008012709,0.009267217,0.008282925,0.014496349,0.010782805,0.011892553,0.009073871,0.010716897,0.01525104,0.015988766,0.014688208
562,0.006803528,0.006217911,0.004417037,0.004417037,0.00784298,0.009386182,0.008381422,0.006437536,0.006524097,0.006166857,0.00645502,0.00809388,0.00931099,0.008347916,0.014552237,0.010856618,0.011981265,0.009146511,0.010789753,0.015324777,0.016080239,0.01476877
563,0.006897438,0.006312615,0.004463726,0.004463726,0.007917231,0.009489287,0.00846872,0.006458008,0.006571238,0.006202778,0.006522877,0.008168783,0.009348179,0.0084103,0.014607518,0.010922894,0.012062975,0.009213791,0.010853096,0.015390656,0.016156127,0.014824838
564,0.00693394,0.006350756,0.004481526,0.004481526,0.007946159,0.009527255,0.008503529,0.00646635,0.006589039,0.006218348,0.006544975,0.008198322,0.009361461,0.008435438,0.014625977,0.010947396,0.01209596,0.00923537,0.010878852,0.015412318,0.016181088,0.014833192
565,0.007005654,0.006426599,0.004516955,0.004516955,0.008000525,0.009603087,0.008568994,0.00647996,0.006619853,0.006244982,0.006591239,0.008247836,0.009378142,0.008480666,0.014655012,0.010989169,0.012155728,0.00927539,0.010924166,0.015448198,0.016239421,0.01485701
566,0.007040867,0.006464301,0.004534584,0.004534584,0.008025962,0.00964095,0.008599651,0.006485228,0.006632866,0.006256045,0.006615406,0.00826781,0.009381541,0.008500756,0.014665588,0.011006442,0.01218251,0.009293831,0.010943725,0.015462416,0.016272793,0.014872473
567,0.007127557,0.006556025,0.004576653,0.004576653,0.008084888,0.009729337,0.008669273,0.006489238,0.006664161,0.006285689,0.00665868,0.008319882,0.009389247,0.008544046,0.014680283,0.011051255,0.012239264,0.009328084,0.010989515,0.015482446,0.016328406,0.014889623
568,0.00721198,0.006642172,0.004615927,0.004615927,0.008137692,0.009810082,0.008732317,0.00648918,0.00668813,0.006309196,0.006683878,0.008365386,0.009391892,0.008577445,0.01468785,0.011085908,0.012288855,0.009357736,0.011032212,0.01550076,0.01636836,0.014900008
569,0.007244925,0.006674298,0.004630761,0.004630761,0.008157007,0.009840302,0.008756396,0.006490381,0.006693818,0.006314123,0.006689969,0.008378794,0.00939023,0.008587644,0.014691299,0.011093018,0.012308474,0.009371575,0.011048676,0.015513263,0.016386074,0.014908705
570,0.007311894,0.006748557,0.004667318,0.004667318,0.008197288,0.009900913,0.008808498,0.006488638,0.006705186,0.006335307,0.006709066,0.008405538,0.009386907,0.008606863,0.014694592,0.011105982,0.012344689,0.00938682,0.011073738,0.015533222,0.016426876,0.014921025
571,0.007371524,0.006817236,0.004699823,0.004699823,0.008227916,0.009949273,0.008847684,0.006482834,0.006713279,0.006353368,0.006722087,0.008426492,0.009381467,0.008620696,0.014697274,0.011117254,0.012371527,0.009392087,0.011085578,0.015545262,0.016465911,0.014931524
572,0.00739713,0.006843783,0.004710605,0.004710605,0.008237578,0.009967241,0.008858846,0.006479974,0.00671569,0.006355172,0.006722101,0.00843411,0.00937769,0.008625509,0.014700112,0.011122674,0.01238177,0.00939595,0.011088821,0.015549846,0.016481858,0.014938402
573,0.007440197,0.006889601,0.004730029,0.004730029,0.008251927,0.009992896,0.008876311,0.006472882,0.006715465,0.006359054,0.006718691,0.008448215,0.009368776,0.00863603,0.014700279,0.01113044,0.012397018,0.009399482,0.011093882,0.015562801,0.016499677,0.014935522
574,0.007457656,0.006908872,0.004738671,0.004738671,0.008256612,0.010000582,0.008882615,0.00646865,0.006712829,0.006361132,0.006715268,0.008454701,0.00936364,0.008641738,0.014697607,0.011132785,0.012402023,0.009399152,0.011095699,0.015571173,0.016501548,0.014925764
575,0.007491616,0.006949501,0.004759065,0.004759065,0.00826099,0.010006092,0.008888291,0.006450465,0.006702321,0.00635736,0.006701792,0.008451269,0.009348636,0.008641062,0.014692922,0.011124759,0.012402221,0.009388655,0.011092494,0.015573664,0.016512021,0.014915056
576,0.007508629,0.006977206,0.004774439,0.004774439,0.008251048,0.009994204,0.008877651,0.006428452,0.006686839,0.006348509,0.006679392,0.008434194,0.009329235,0.008629462,0.014682776,0.011111962,0.012397394,0.009370858,0.011080378,0.01556824,0.016524394,0.014904035
577,0.007509142,0.006983553,0.00477806,0.00477806,0.008241413,0.009984493,0.008867637,0.006420393,0.006679228,0.006345507,0.006667045,0.008427036,0.009319702,0.008624246,0.014674644,0.011109536,0.012397373,0.009363229,0.011073283,0.015568697,0.016528167,0.014893964
578,0.00749475,0.006989356,0.004786792,0.004786792,0.008207806,0.009937009,0.008828709,0.006390318,0.006655583,0.006333636,0.006629757,0.008399724,0.009292386,0.00860267,0.014647189,0.01108601,0.012378624,0.009330191,0.011049384,0.015568844,0.016534749,0.014874659
579,0.00746099,0.006979304,0.004788514,0.004788514,0.008158317,0.009863782,0.008771473,0.006358047,0.006626833,0.006315798,0.006589546,0.008364261,0.009257387,0.008569727,0.014617077,0.011049028,0.012348279,0.009284707,0.011016344,0.0155591,0.016535805,0.014847998
580,0.007442134,0.006969798,0.004785125,0.004785125,0.008132802,0.009828328,0.008743153,0.006347794,0.006614118,0.006306829,0.006574275,0.008348954,0.009240172,0.008553143,0.014606286,0.011033146,0.012336663,0.009264631,0.011000108,0.015549665,0.01653405,0.014830571
581,0.007397375,0.006947947,0.004776823,0.004776823,0.008075094,0.009749863,0.008683188,0.006321272,0.006586806,0.006283847,0.006540682,0.008311702,0.009200621,0.008514757,0.014579319,0.010996714,0.012310587,0.009220201,0.010964754,0.015527535,0.016520061,0.014797443
582,0.007371471,0.006935603,0.004771909,0.004771909,0.008042901,0.009706852,0.008651543,0.006305004,0.006572208,0.006269833,0.006522361,0.008289757,0.009178285,0.008492954,0.014563143,0.010976164,0.012296128,0.009195846,0.010945636,0.01551484,0.016507827,0.014781742
583,0.007304642,0.006905421,0.004754566,0.004754566,0.007956401,0.009592687,0.008561146,0.006264552,0.006533333,0.006234993,0.006471079,0.008231436,0.009118127,0.008437942,0.014507901,0.010921925,0.012254656,0.009132961,0.010895468,0.015474797,0.016478922,0.014729833
584,0.007233806,0.006874988,0.004733677,0.004733677,0.007861876,0.009472622,0.008460426,0.006220278,0.006488121,0.006197734,0.006417086,0.008166916,0.009045933,0.008377944,0.014429728,0.010859413,0.012201673,0.009065434,0.010837524,0.015406641,0.016435294,0.014654329
585,0.007203895,0.006862391,0.004725218,0.004725218,0.007821659,0.00942371,0.008418458,0.006200188,0.006467188,0.0061813,0.006396055,0.008138772,0.00901156,0.008351154,0.014390621,0.010830588,0.012175701,0.009036437,0.01081063,0.015365833,0.016408337,0.014615033
586,0.00715477,0.006841939,0.004706212,0.004706212,0.007739968,0.009333006,0.008333472,0.006163974,0.006428809,0.006148494,0.006355056,0.008084049,0.008926054,0.00829388,0.014296587,0.010772103,0.012122544,0.00897561,0.010758548,0.015259668,0.016348564,0.01452061
587,0.007135555,0.006834082,0.004695665,0.004695665,0.007698494,0.009291214,0.008290454,0.00614785,0.006411363,0.006132121,0.006335088,0.008057469,0.00887492,0.008263396,0.014241662,0.010742443,0.012095359,0.008943779,0.01073336,0.015194311,0.016315747,0.014465483
588,0.007091948,0.006805116,0.004670955,0.004670955,0.007590904,0.009181543,0.008174268,0.006100493,0.006352283,0.006088877,0.006264202,0.007991046,0.008733302,0.008178876,0.014074769,0.010649568,0.012007645,0.008852558,0.010648552,0.015007432,0.016191766,0.014288061
589,0.007035546,0.00676205,0.004648414,0.004648414,0.007477445,0.009057951,0.008053289,0.006043483,0.006287812,0.006044295,0.006199995,0.007916237,0.008591314,0.008086957,0.013928349,0.010559373,0.011919848,0.008762904,0.010561979,0.014859129,0.016085155,0.014141696
590,0.007003537,0.006740094,0.004640036,0.004640036,0.007430101,0.009002236,0.008005479,0.006017706,0.006264974,0.006026583,0.006186706,0.00788127,0.008539809,0.008049074,0.013893897,0.010532393,0.01189258,0.008732641,0.010535028,0.014832348,0.016069709,0.014117626
591,0.006905882,0.006672105,0.004608395,0.004608395,0.007308312,0.008844996,0.007873056,0.00596347,0.006209279,0.005978947,0.006150117,0.007804714,0.00845411,0.007960176,0.013820321,0.010464916,0.011827043,0.00865072,0.010463338,0.014779485,0.01601271,0.014057169
592,0.006789997,0.006589542,0.004565789,0.004565789,0.007175318,0.008668479,0.007724879,0.005912198,0.006151281,0.00592796,0.00610594,0.00772958,0.008383376,0.007876702,0.013736112,0.01039227,0.011746559,0.008555723,0.010386328,0.014709778,0.015930079,0.013975495
593,0.006739756,0.006553012,0.004546445,0.004546445,0.007116769,0.008593488,0.007661313,0.005889384,0.00612614,0.005906897,0.006085062,0.007696034,0.008346836,0.007844242,0.013691027,0.010360122,0.011704346,0.008512385,0.010354056,0.014666153,0.015889,0.01393021
594,0.006625946,0.006463291,0.004505362,0.004505362,0.006989666,0.0084291,0.007520301,0.005835333,0.006069466,0.005863292,0.006041984,0.00762023,0.008266428,0.007765442,0.0135944,0.010287362,0.011613976,0.008422587,0.010275613,0.014578581,0.015805891,0.013834447
595,0.006562378,0.0064101,0.004483622,0.004483622,0.006921112,0.008339703,0.007442854,0.005804096,0.006037932,0.00584075,0.006019783,0.007577972,0.008222561,0.007719102,0.013542857,0.010246751,0.011565818,0.008376126,0.010229441,0.014534634,0.01576386,0.013783969
596,0.006373228,0.00625935,0.004416016,0.004416016,0.00673187,0.008079817,0.007226069,0.005723367,0.005951205,0.005775009,0.005953138,0.007458636,0.00811064,0.007587034,0.013396466,0.010134201,0.011428348,0.0082404,0.010099749,0.014416204,0.015638745,0.013643837
597,0.006149535,0.00608598,0.004335648,0.004335648,0.006516944,0.007783416,0.006982451,0.005629506,0.005849832,0.005696058,0.005875532,0.007317799,0.007989648,0.007436312,0.013228303,0.010005088,0.011265137,0.008084736,0.009948155,0.014282894,0.015485198,0.01348422
598,0.006051424,0.006010169,0.004301147,0.004301147,0.006422705,0.007657503,0.006878173,0.005585135,0.005803654,0.005660306,0.005842372,0.007254038,0.007936709,0.007371319,0.013154987,0.009947913,0.011191237,0.008018335,0.00988008,0.014224067,0.015414737,0.013414257
599,0.00580828,0.005834882,0.004214787,0.004214787,0.006192646,0.007346971,0.006635138,0.005482144,0.005690304,0.005562482,0.005760969,0.007098783,0.007799613,0.007200693,0.012979094,0.009810202,0.011009942,0.007848323,0.009711639,0.014067735,0.015244676,0.013242254
600,0.005582151,0.005688711,0.004133129,0.004133129,0.005984489,0.007066548,0.006426325,0.005387322,0.005584917,0.00545893,0.005682784,0.006952856,0.007667069,0.007037458,0.012814638,0.009675867,0.010843108,0.007692621,0.009550611,0.013919611,0.015086595,0.01307348
601,0.005501056,0.005642015,0.00410333,0.00410333,0.005912153,0.006970744,0.006356269,0.005351121,0.0055467,0.00541745,0.005652842,0.006898425,0.007618682,0.006979855,0.012752759,0.009622068,0.01078367,0.007640533,0.009489951,0.013868994,0.015028113,0.013006747
602,0.005367709,0.005568045,0.004056129,0.004056129,0.005790745,0.006809064,0.006240357,0.005288841,0.005479284,0.005343135,0.005600888,0.006803433,0.007533148,0.006877375,0.012647164,0.009528955,0.010676008,0.007546948,0.009386714,0.013777002,0.014929304,0.012900509
603,0.005315458,0.005540771,0.004038728,0.004038728,0.005741673,0.006743187,0.006194502,0.005262764,0.005450084,0.005310299,0.005578877,0.006762874,0.007496001,0.006832498,0.012603448,0.00948964,0.010627783,0.007505451,0.009344137,0.013735629,0.014888977,0.012861004
604,0.005218556,0.005494627,0.004006461,0.004006461,0.005646468,0.00661722,0.006109719,0.005205535,0.005396407,0.005241446,0.005529252,0.006680045,0.007420133,0.006740773,0.012499245,0.009404383,0.010524847,0.007426158,0.009249055,0.013647085,0.01480287,0.012754775
605,0.005154331,0.005467203,0.003986443,0.003986443,0.005580383,0.006529337,0.006049479,0.005158989,0.005355391,0.00518961,0.005478903,0.006616296,0.00736523,0.006673177,0.012407078,0.009332856,0.010440992,0.007363773,0.009165875,0.013571645,0.014727701,0.01265861
606,0.005134756,0.005458648,0.003981291,0.003981291,0.005560431,0.006501546,0.006028167,0.005143594,0.005338854,0.005173791,0.005456168,0.006594815,0.007349048,0.00665243,0.012375397,0.009307273,0.010411849,0.007339184,0.009135201,0.013543374,0.014698313,0.012629169
607,0.005097354,0.005444319,0.003970456,0.003970456,0.005517422,0.006443842,0.005985297,0.005111678,0.005304371,0.00514123,0.005402997,0.006546034,0.00730395,0.006598374,0.012294643,0.009229299,0.010334341,0.007279318,0.009063197,0.013460375,0.014632508,0.01256024
608,0.005069746,0.005432918,0.003962482,0.003962482,0.005481588,0.006394965,0.005949455,0.005077323,0.005271921,0.005115683,0.005345837,0.006497532,0.007256655,0.006545149,0.012211728,0.009144377,0.010252156,0.007220052,0.008986678,0.013380064,0.014568665,0.012483585
609,0.005059967,0.005427292,0.003960191,0.003960191,0.00546881,0.006375998,0.005935171,0.00505949,0.005257416,0.005106879,0.005319114,0.00647633,0.007238278,0.006525232,0.012177885,0.009111845,0.010218337,0.007196064,0.008951489,0.01335448,0.014541238,0.012446419
610,0.005040832,0.005418125,0.003955408,0.003955408,0.005443839,0.00633984,0.005906285,0.00502814,0.005225747,0.005088245,0.005270388,0.006433727,0.00719844,0.006483619,0.012110397,0.009044238,0.0101528,0.007151697,0.008885513,0.013297755,0.01448866,0.012383449
611,0.005031477,0.005414583,0.003952916,0.003952916,0.005431646,0.006322648,0.005891682,0.005014623,0.005208583,0.005078415,0.005248387,0.006412327,0.00717698,0.006461923,0.012076751,0.009009164,0.010121083,0.007131318,0.008854726,0.013266613,0.014463509,0.012357646
612,0.005006335,0.005400698,0.003947821,0.003947821,0.005398822,0.006276396,0.005856506,0.004979709,0.005172836,0.005052678,0.005188044,0.00635741,0.0071222,0.006407436,0.011991107,0.00892551,0.01003923,0.007071162,0.008773629,0.013187115,0.014389074,0.012272425
613,0.00498003,0.005385205,0.003939982,0.003939982,0.005364841,0.006230744,0.005822476,0.004945275,0.005136054,0.005028118,0.005127327,0.006301259,0.007066125,0.006349533,0.011903412,0.008841368,0.009953995,0.007007586,0.008694992,0.013110318,0.014316736,0.012179602
614,0.004969512,0.005380056,0.003934748,0.003934748,0.005351491,0.006214151,0.005809019,0.00493224,0.005117856,0.005019465,0.005104951,0.006278624,0.007043369,0.006324421,0.011867717,0.008805807,0.009918895,0.006983786,0.008666665,0.013081877,0.014293682,0.012146197
615,0.004942193,0.005365607,0.003926053,0.003926053,0.005318724,0.006174115,0.005773491,0.004894352,0.005077602,0.004992977,0.005048977,0.006223752,0.006986692,0.00626725,0.011780271,0.008724556,0.0098366,0.006925297,0.008584529,0.013004738,0.014227836,0.012059086
616,0.004918734,0.005355449,0.003921583,0.003921583,0.005286881,0.006134592,0.005740104,0.004857003,0.00504055,0.004964003,0.004993427,0.006170133,0.006930421,0.006213938,0.011695252,0.008645595,0.009760146,0.00686879,0.00850272,0.012926034,0.014164565,0.011979192
617,0.004912077,0.005354591,0.003920573,0.003920573,0.005274455,0.006118512,0.005728789,0.004844505,0.005025554,0.004952863,0.004971474,0.006148751,0.006908071,0.006192685,0.011661984,0.008612321,0.009730886,0.006846974,0.008474721,0.01289603,0.014144085,0.011953004
618,0.004894547,0.005349561,0.003915936,0.003915936,0.005251535,0.006088827,0.005705821,0.004815265,0.004997332,0.004929907,0.004933865,0.006105734,0.006862219,0.006149541,0.011600147,0.00854789,0.009676701,0.006801844,0.008420518,0.012836614,0.014097715,0.011894885
619,0.004883676,0.005345388,0.003912309,0.003912309,0.00524104,0.006075221,0.005694168,0.004798523,0.004984106,0.00491809,0.00491821,0.006084098,0.006838715,0.00612765,0.011571578,0.008516733,0.009651776,0.006778531,0.008394314,0.012807203,0.014071824,0.011862953
620,0.004863172,0.005339888,0.003907572,0.003907572,0.005214508,0.006044313,0.005664684,0.004764242,0.004953093,0.00489758,0.004882099,0.006042392,0.006788502,0.006073883,0.0115046,0.008446621,0.009594781,0.006727755,0.008341548,0.012747603,0.014026215,0.011792735
621,0.004847353,0.005339284,0.003905863,0.003905863,0.005189765,0.006018562,0.005639222,0.00473899,0.004925265,0.004881253,0.004847902,0.006007341,0.006739818,0.006030501,0.011442586,0.008384163,0.009543926,0.006687644,0.00829601,0.012693668,0.013987818,0.011726095
622,0.004841165,0.005340008,0.003905265,0.003905265,0.005181059,0.006010114,0.00563159,0.004731278,0.004915225,0.004873618,0.004834159,0.005992361,0.006717845,0.006018996,0.011418981,0.008360659,0.009525141,0.006674995,0.008277033,0.012669921,0.013969138,0.01169774
623,0.004828664,0.005344239,0.00390315,0.00390315,0.00515892,0.005990102,0.005613285,0.004711567,0.004897568,0.004854722,0.004806287,0.005956602,0.006667584,0.005981781,0.011365248,0.008303961,0.009484886,0.006641529,0.008233033,0.012617898,0.013930682,0.011645213
624,0.004821475,0.005351059,0.003901235,0.003901235,0.005138951,0.005972863,0.005594026,0.004693038,0.004880657,0.004839753,0.004783845,0.005926754,0.006614505,0.005942963,0.011313776,0.00824806,0.009455007,0.006609659,0.008192904,0.012568894,0.013901783,0.011600298
625,0.004820598,0.005354372,0.003900835,0.003900835,0.005132415,0.005967188,0.005585439,0.004686508,0.004871361,0.004836046,0.004775533,0.005917686,0.006589713,0.005929853,0.011292432,0.008225352,0.009446599,0.006598606,0.0081778,0.012548165,0.01389266,0.011579556
626,0.004825507,0.005363612,0.00389948,0.00389948,0.005116045,0.00596112,0.005568362,0.004676325,0.004860792,0.004828504,0.004758128,0.00589807,0.006542097,0.005903852,0.011246172,0.008184366,0.009427189,0.006576501,0.00815054,0.012501841,0.013872199,0.011529404
627,0.004831292,0.005369538,0.003898525,0.003898525,0.005106211,0.005960727,0.005559871,0.004672672,0.004859517,0.004824668,0.004749035,0.005887522,0.006519273,0.00589096,0.011221256,0.008166087,0.009416188,0.00656545,0.008138384,0.012476247,0.013860861,0.011499994
628,0.004840901,0.005370703,0.003897649,0.003897649,0.005082753,0.005951789,0.005537252,0.004659949,0.004853323,0.004812815,0.00472892,0.0058647,0.00647011,0.005867344,0.011184377,0.008135201,0.009397995,0.006546657,0.008115612,0.012443601,0.013846562,0.011459216
629,0.004831769,0.005359959,0.003895902,0.003895902,0.005059472,0.005927124,0.005512379,0.004651766,0.004844655,0.004803258,0.004712013,0.0058491,0.006437826,0.005850956,0.011173626,0.008111849,0.009389064,0.006534525,0.008101228,0.012443385,0.013848249,0.01144594
630,0.004818813,0.005353976,0.003894075,0.003894075,0.005049813,0.005911003,0.005501635,0.004652652,0.004840908,0.00480172,0.004706128,0.005845774,0.006431882,0.005845291,0.011174837,0.008101105,0.009387327,0.006530134,0.008097459,0.012450222,0.013852896,0.011444031
631,0.004783689,0.005337912,0.003887389,0.003887389,0.005024592,0.005868255,0.005470665,0.004654025,0.004835055,0.004796917,0.00469396,0.005837621,0.006415327,0.005833492,0.011178973,0.008079913,0.009389784,0.006523862,0.008095716,0.012466137,0.013872322,0.011453666
632,0.004751088,0.005323554,0.00387974,0.00387974,0.004998744,0.005826567,0.005441303,0.004661367,0.004837103,0.004793576,0.004687952,0.005832152,0.006403676,0.005827995,0.011193739,0.008063559,0.009401394,0.00652318,0.008102005,0.012488676,0.013897704,0.011465289
633,0.004740656,0.005319278,0.00387695,0.00387695,0.004988459,0.005811507,0.005432166,0.004668222,0.004841255,0.0047935,0.004688228,0.005831509,0.006402635,0.005828632,0.01120558,0.008057654,0.009408809,0.006524377,0.008106269,0.012502138,0.013908308,0.011465369
634,0.00471808,0.005311958,0.003871845,0.003871845,0.004969318,0.005781666,0.005412934,0.004677867,0.004844806,0.004794265,0.004689213,0.005835002,0.006399842,0.005830581,0.011227838,0.008051237,0.009428637,0.00652915,0.008121279,0.012529849,0.013932131,0.011482481
635,0.004705936,0.005308915,0.00386953,0.00386953,0.004960462,0.005766885,0.005402838,0.004680657,0.004844205,0.004795106,0.004689922,0.005839138,0.00639809,0.005831893,0.011238256,0.008050726,0.009441051,0.006532725,0.008132025,0.012544099,0.013945349,0.011499513
636,0.004683829,0.005309564,0.003866164,0.003866164,0.004938996,0.005733279,0.005381518,0.004693132,0.004853251,0.004800934,0.004698372,0.005851408,0.00639392,0.005840015,0.011275805,0.00805241,0.009474928,0.006539693,0.008156926,0.01258775,0.01399339,0.011544893
637,0.004667652,0.005315342,0.003863266,0.003863266,0.004919832,0.005704506,0.005361898,0.004710988,0.004869442,0.004807111,0.004711358,0.005866914,0.006396912,0.005853764,0.011325547,0.008056597,0.009516775,0.006551428,0.008191182,0.012641311,0.014053075,0.011600756
638,0.004661438,0.005317429,0.003861421,0.003861421,0.004913278,0.005694558,0.005353503,0.00471916,0.004875985,0.004808301,0.004716604,0.005874287,0.006402322,0.005860702,0.011348158,0.008058589,0.009537158,0.006559769,0.008211285,0.012665471,0.014077939,0.011628271
639,0.00464831,0.005320836,0.003857929,0.003857929,0.004895686,0.005668361,0.005335685,0.004744231,0.004886661,0.004815904,0.004725562,0.005900598,0.006410775,0.005883633,0.011405648,0.008069118,0.009590317,0.006578686,0.008261363,0.012725603,0.014137359,0.011685945
640,0.004636261,0.005324303,0.003855194,0.003855194,0.004877037,0.005642446,0.005320033,0.004770558,0.004894952,0.004824343,0.004732686,0.005929152,0.006415001,0.005908625,0.011461953,0.008079014,0.009642574,0.006596322,0.008310399,0.012784969,0.014196693,0.01174245
641,0.004631127,0.005326451,0.003854104,0.003854104,0.004869428,0.005632778,0.005313806,0.004779985,0.004899111,0.00482637,0.004736098,0.005938767,0.006416183,0.005917625,0.01148338,0.008080373,0.009662054,0.006603383,0.008329459,0.012808363,0.014221471,0.011768796
642,0.00462277,0.005329677,0.003849404,0.003849404,0.00485028,0.005610865,0.005294434,0.004808335,0.004909503,0.004835228,0.00474333,0.005961409,0.006416554,0.005942376,0.011539994,0.008088994,0.009709362,0.006618294,0.008376631,0.012864206,0.014286848,0.01182261
643,0.004615,0.005333687,0.003843843,0.003843843,0.004829623,0.005587448,0.005272174,0.004835776,0.004921093,0.004843652,0.004752014,0.005986748,0.006409393,0.005964338,0.011586762,0.008097046,0.009752048,0.006629818,0.0084205,0.012900309,0.014345734,0.011863566
644,0.004610454,0.005336621,0.003841893,0.003841893,0.004820504,0.005576276,0.005263059,0.004844293,0.004926449,0.004845244,0.004756878,0.00599906,0.006403044,0.005970549,0.011598344,0.008097835,0.009766906,0.006633493,0.008436259,0.012903963,0.014364021,0.011877054
645,0.004606433,0.005340785,0.003837437,0.003837437,0.004801452,0.005559435,0.005243907,0.004864837,0.004933402,0.004848368,0.004762333,0.006019799,0.006382114,0.005982344,0.011608291,0.008094313,0.009790523,0.006637304,0.008457466,0.012900504,0.014393473,0.011877672
646,0.004606958,0.005342016,0.003834931,0.003834931,0.004791519,0.005553766,0.005233869,0.004876863,0.004935,0.004849902,0.004762924,0.006028227,0.006367534,0.005987929,0.011606657,0.008090002,0.009799282,0.00663744,0.008462915,0.012893391,0.014404638,0.011864801
647,0.004608878,0.005336225,0.003829256,0.003829256,0.004763347,0.005536275,0.005205378,0.004900743,0.004940789,0.004853738,0.004764969,0.0060402,0.006326644,0.005994322,0.011606679,0.008080867,0.00981324,0.00662912,0.008467995,0.012890799,0.01442448,0.011845244
648,0.00459659,0.005312833,0.003820078,0.003820078,0.004729941,0.005501359,0.005168992,0.004915636,0.004941452,0.004854261,0.004761342,0.00604413,0.006295477,0.005993154,0.011611843,0.008056509,0.009807332,0.006607108,0.008459015,0.012908489,0.014436628,0.011849631
649,0.004582907,0.005296461,0.003814069,0.003814069,0.004714773,0.005478264,0.005151058,0.004918675,0.004937924,0.00485248,0.00475626,0.006044514,0.006290619,0.005991177,0.011615349,0.008036976,0.009796225,0.006593553,0.008450404,0.012921658,0.014440099,0.011860704
650,0.004532678,0.005247001,0.003792638,0.003792638,0.004671215,0.005412719,0.005098794,0.004916381,0.004922523,0.00484614,0.004728811,0.006034032,0.006264702,0.005966382,0.011578518,0.007990764,0.00975075,0.00655163,0.00840363,0.012904879,0.01441259,0.011821805
651,0.004463364,0.005178162,0.003764431,0.003764431,0.004615528,0.005331189,0.005031855,0.004904212,0.004896679,0.004833785,0.004687671,0.006000257,0.006223617,0.005920947,0.011507703,0.007932112,0.009669274,0.006493897,0.008329247,0.012846713,0.014349158,0.011742217
652,0.004430595,0.005142412,0.003751646,0.003751646,0.004588231,0.00529211,0.004999246,0.004897375,0.004882708,0.00482599,0.004668897,0.005977347,0.006203591,0.005898331,0.011477225,0.007900138,0.009622164,0.006464533,0.008293028,0.012818495,0.014316707,0.011712603
653,0.004358893,0.005061597,0.003720276,0.003720276,0.004527962,0.005205955,0.004924655,0.004878322,0.004854085,0.004804075,0.004620255,0.005922804,0.0061561,0.005843602,0.011398212,0.007834265,0.009521266,0.006401148,0.008205689,0.012738046,0.014234915,0.011609849
654,0.00431996,0.005016532,0.00370169,0.00370169,0.00449499,0.00515888,0.004882672,0.004866106,0.004839432,0.004789956,0.004590387,0.00589117,0.006128636,0.005811489,0.011349678,0.007800364,0.009467477,0.006367127,0.00815457,0.012685814,0.014185574,0.01153671
655,0.00420436,0.004885864,0.003647517,0.003647517,0.004399779,0.005021793,0.004765931,0.004830631,0.004786114,0.004748332,0.004488879,0.005794957,0.006045719,0.005718308,0.011166841,0.007685721,0.009280523,0.006255011,0.007982462,0.012505019,0.013998739,0.011339853
656,0.004065766,0.004735814,0.003589794,0.003589794,0.004291375,0.004864039,0.004638349,0.004771474,0.004704298,0.004697631,0.004360941,0.005657672,0.005931675,0.005590574,0.01093627,0.007525011,0.009042516,0.006106803,0.00776262,0.012276582,0.013754263,0.011114461
657,0.004003838,0.004671367,0.003567659,0.003567659,0.00424521,0.004796295,0.004585527,0.004735576,0.004661147,0.004674435,0.004304644,0.005584967,0.005873083,0.005523908,0.010840003,0.007445044,0.008937674,0.006036692,0.007663765,0.012176708,0.013647282,0.011012787
658,0.003854152,0.004521845,0.003502035,0.003502035,0.004130009,0.0046313,0.004458693,0.004637389,0.004547969,0.004601497,0.004171351,0.005407648,0.005739129,0.005353066,0.010595244,0.007247271,0.008663547,0.005863003,0.007417481,0.011922294,0.013381955,0.010748014
659,0.003711566,0.00438413,0.003433184,0.003433184,0.004020189,0.004475682,0.004341876,0.00454018,0.0044352,0.004512894,0.004049833,0.005233015,0.005616592,0.005186356,0.010354297,0.00705164,0.008389057,0.005692572,0.007171002,0.011665255,0.013121563,0.010486925
660,0.003656738,0.004331491,0.003407821,0.003407821,0.003979405,0.004417317,0.004299071,0.004505259,0.004392459,0.004474034,0.00400531,0.005162995,0.005569418,0.005123821,0.010261841,0.006973816,0.008283852,0.005625718,0.007071954,0.011562757,0.013019516,0.010388935
661,0.003538167,0.004212893,0.003350702,0.003350702,0.003888186,0.004284485,0.004201432,0.00442138,0.004292967,0.004384872,0.003896618,0.004999581,0.005451463,0.004972064,0.010034926,0.006775564,0.00802331,0.005468336,0.006839424,0.011317162,0.012753692,0.010149023
662,0.003434148,0.00410858,0.003303431,0.003303431,0.003808579,0.004165986,0.004113814,0.004339145,0.004200087,0.004302827,0.003799683,0.004845502,0.005337651,0.004826647,0.009813263,0.006582837,0.007775013,0.005319798,0.006623365,0.011074509,0.012499232,0.009913738
663,0.003393872,0.004070226,0.003287917,0.003287917,0.003779408,0.004121954,0.004081031,0.004305867,0.004163958,0.004271084,0.003766917,0.004784816,0.005294621,0.004770452,0.00972606,0.006510537,0.007682051,0.005261789,0.006540787,0.010974954,0.012408549,0.009820374
664,0.003325025,0.003999028,0.003258057,0.003258057,0.003725602,0.004041164,0.004024365,0.004244225,0.004096102,0.004213719,0.003712356,0.004673164,0.005215058,0.004665441,0.009566896,0.006372821,0.007503884,0.005150042,0.006384218,0.010786132,0.012222992,0.009641471
665,0.003296455,0.003966183,0.003243711,0.003243711,0.003700967,0.004004406,0.004000482,0.004215861,0.004064375,0.004188097,0.003690561,0.004622198,0.005178526,0.004616624,0.009494933,0.006307404,0.007418677,0.005096304,0.006310227,0.010696866,0.012128119,0.009555932
666,0.00322736,0.003889404,0.0032135,0.0032135,0.003645475,0.003921507,0.003947302,0.004148932,0.003992818,0.004121619,0.003640734,0.004510101,0.005090869,0.004509763,0.009321058,0.006160626,0.00722642,0.004981229,0.006143894,0.010493574,0.011922785,0.009362018
667,0.003166424,0.003824797,0.003192635,0.003192635,0.003598709,0.00385259,0.00390668,0.004090193,0.003935244,0.00406045,0.003605337,0.004414548,0.00501557,0.004420043,0.009166379,0.006038192,0.007064871,0.004884591,0.00600443,0.010316376,0.011743536,0.009193631
668,0.003146013,0.003804125,0.003187635,0.003187635,0.0035828,0.003829814,0.003895355,0.004070019,0.003917502,0.004040137,0.003597972,0.004380125,0.004991396,0.004388369,0.009113613,0.005997121,0.007010373,0.004849291,0.005957308,0.010253204,0.011674749,0.009133619
669,0.003102984,0.003765042,0.003179669,0.003179669,0.0035515,0.003779132,0.003872845,0.004028231,0.003879333,0.003995009,0.003595036,0.004310952,0.004943143,0.004323829,0.009005889,0.005927343,0.006899268,0.004779647,0.00586589,0.010121825,0.011535877,0.009014949
670,0.00307467,0.003743366,0.00318093,0.00318093,0.003531207,0.003743836,0.003863586,0.004000184,0.003857119,0.003957634,0.003605419,0.004264129,0.004908746,0.004277722,0.008926418,0.00589245,0.006823566,0.004735016,0.005804142,0.010023574,0.011432565,0.008923933
671,0.003068975,0.003740099,0.003185155,0.003185155,0.003526305,0.003736445,0.003865514,0.003993751,0.003855332,0.003945075,0.003611373,0.004252054,0.004898429,0.004264482,0.008901904,0.005886263,0.006804471,0.004724729,0.005786689,0.009993529,0.011399337,0.008891575
672,0.003064265,0.003738802,0.003196526,0.003196526,0.003519865,0.003726878,0.003874,0.003978457,0.003857067,0.003924567,0.003637402,0.004235511,0.004880988,0.004247478,0.008863578,0.005885722,0.006781153,0.004713867,0.005762086,0.009947324,0.011350283,0.00884854
673,0.003070427,0.003747816,0.003214845,0.003214845,0.003521191,0.003729027,0.003892746,0.003969772,0.003870877,0.003914513,0.003676004,0.004235106,0.004876622,0.004249537,0.008848506,0.005914214,0.006786826,0.004719139,0.005764782,0.009930567,0.011335396,0.008831801
674,0.003075602,0.00375486,0.003226017,0.003226017,0.003524056,0.003733353,0.003904933,0.003969949,0.003881167,0.003912408,0.003694532,0.004239168,0.004879381,0.00425536,0.008847248,0.00593706,0.006796724,0.004724985,0.005774629,0.009929971,0.011336336,0.008825739
675,0.003091221,0.003776179,0.003249101,0.003249101,0.003532335,0.003746377,0.003929274,0.003977708,0.003902988,0.00391054,0.003734926,0.004253494,0.004892326,0.004270803,0.008857234,0.005986578,0.006828074,0.004747916,0.005806745,0.009945011,0.011351471,0.008842559
676,0.003101665,0.003790454,0.003261013,0.003261013,0.003537749,0.003755075,0.003941428,0.00398529,0.00391452,0.003910777,0.003756793,0.004263759,0.004902513,0.004280423,0.008868478,0.006013248,0.006849525,0.004764999,0.005829014,0.009960646,0.011365666,0.008865442
677,0.003127563,0.003826571,0.003293663,0.003293663,0.003554972,0.003781095,0.003973809,0.004004912,0.003955116,0.003920863,0.003810304,0.004297413,0.004927213,0.004315872,0.008911492,0.006098055,0.006921483,0.00480803,0.005890383,0.010013186,0.011424654,0.008918577
678,0.003158523,0.003867759,0.0033278,0.0033278,0.003575467,0.003811128,0.004008098,0.004032254,0.004007843,0.003942094,0.003868837,0.004346021,0.004963263,0.004365385,0.008973764,0.006210704,0.007018691,0.00486621,0.005970067,0.010089633,0.011505025,0.008978847
679,0.003174029,0.003887104,0.0033412,0.0033412,0.003584155,0.003823839,0.004022161,0.004047557,0.004031505,0.003953476,0.003895726,0.00437124,0.0049848,0.004389069,0.009004267,0.006265217,0.007065394,0.004898443,0.006010652,0.010129176,0.011540602,0.009008863
680,0.003207431,0.003935815,0.003372671,0.003372671,0.003605804,0.003856823,0.004055725,0.00409417,0.004099918,0.00398458,0.003967922,0.004439357,0.005039025,0.004458867,0.009100921,0.006407151,0.007198997,0.004984313,0.006123532,0.010246427,0.011663101,0.009106281
681,0.003238895,0.003988034,0.003401818,0.003401818,0.003626367,0.003890232,0.004090032,0.004149179,0.004177403,0.004023666,0.00404876,0.004521406,0.005101928,0.004542716,0.009221753,0.006571393,0.007362543,0.005087285,0.006259171,0.010389725,0.01182072,0.009228889
682,0.003252465,0.004010887,0.003412894,0.003412894,0.003633969,0.003903368,0.004104838,0.004172877,0.004210137,0.004043029,0.004084289,0.004560558,0.005132143,0.004580451,0.009276433,0.006648214,0.00743919,0.00513662,0.006322517,0.010455316,0.011891418,0.009284096
683,0.003281547,0.004073365,0.003441505,0.003441505,0.003654642,0.003937603,0.004138477,0.004241047,0.00430739,0.004089571,0.00419932,0.004671953,0.005215276,0.004690024,0.009438714,0.006866121,0.007658285,0.005276006,0.0065014,0.010642738,0.012092007,0.009452938
684,0.003330105,0.004161965,0.00346995,0.00346995,0.003678264,0.003985383,0.004180215,0.004330133,0.004424959,0.004145281,0.004347308,0.004805481,0.00531152,0.004823651,0.00963181,0.007133889,0.007926918,0.005453368,0.006721106,0.010849631,0.012320659,0.009650118
685,0.003363149,0.004210941,0.003480858,0.003480858,0.003688816,0.004012065,0.00420312,0.004374748,0.004478008,0.004173812,0.004415794,0.004866767,0.005354846,0.004885439,0.009717304,0.007260571,0.008053101,0.005540679,0.006825275,0.010934693,0.012419419,0.009733663
686,0.00345059,0.004304827,0.003517015,0.003517015,0.003714634,0.004085441,0.004250384,0.004465187,0.004597101,0.004235838,0.004545882,0.005004853,0.005438014,0.005022706,0.009884459,0.007529196,0.008309013,0.005708634,0.007036936,0.011110625,0.012622981,0.009896288
687,0.003504988,0.004349739,0.003542262,0.003542262,0.003729901,0.004132135,0.004274744,0.004511011,0.004663144,0.004269333,0.004607484,0.005081653,0.005477855,0.005098184,0.009966119,0.007671139,0.008438742,0.005789278,0.007144428,0.011201495,0.012727782,0.009975367
688,0.003587157,0.004410271,0.003580182,0.003580182,0.003750786,0.004197716,0.004295399,0.004599993,0.00479451,0.004364358,0.00475388,0.005242389,0.005567247,0.005257692,0.010172789,0.00798764,0.008733393,0.005973591,0.007397579,0.011437914,0.012971704,0.010181503
689,0.003607752,0.004424152,0.003583308,0.003583308,0.003747849,0.004203636,0.004277465,0.00466613,0.004893178,0.004452604,0.004896433,0.005383344,0.005652293,0.005391857,0.01037165,0.008279264,0.009006963,0.006140338,0.007638842,0.011671478,0.013200169,0.010396511
690,0.003600576,0.004422412,0.003573759,0.003573759,0.003739294,0.004190668,0.004263234,0.004689108,0.004926523,0.00447932,0.004954194,0.005440364,0.005687787,0.005441993,0.010445501,0.008396328,0.00911561,0.006203415,0.007734446,0.011759493,0.013289513,0.010484463
691,0.003552868,0.00440448,0.003538617,0.003538617,0.003707048,0.004143002,0.004211963,0.004743853,0.005015016,0.004537491,0.00511324,0.005570102,0.005755935,0.005561474,0.010615344,0.008687945,0.009377266,0.006353608,0.007952749,0.011931323,0.013489919,0.010651874
692,0.00348744,0.004375935,0.003496776,0.003496776,0.003663721,0.004080391,0.004148785,0.004796182,0.005100609,0.004588971,0.005277241,0.005684998,0.005805482,0.005673835,0.010757911,0.008973143,0.009611864,0.006493615,0.008155412,0.012065751,0.013657288,0.010785975
693,0.003462543,0.004363583,0.003480529,0.003480529,0.003644086,0.004052477,0.004122647,0.004816743,0.005131055,0.004608997,0.005339957,0.005727177,0.005822374,0.005716851,0.010804486,0.009083789,0.009693454,0.006546506,0.008235376,0.012116365,0.013713595,0.010840617
694,0.003386385,0.004306037,0.003436572,0.003436572,0.00358941,0.003965501,0.004049327,0.004847582,0.005183021,0.004653019,0.005479966,0.005807102,0.005862786,0.005795444,0.010920508,0.009331593,0.009876361,0.006645638,0.008401565,0.012245874,0.0138355,0.010962253
695,0.003282673,0.004223295,0.00338497,0.00338497,0.00352703,0.00385793,0.00396485,0.004855845,0.005207772,0.004682021,0.005597355,0.005857299,0.005898282,0.005846108,0.011017526,0.009529934,0.010017153,0.006709241,0.008531076,0.012358179,0.013930184,0.011071652
696,0.003230222,0.004185749,0.003361078,0.003361078,0.003499692,0.003809421,0.003927554,0.004853829,0.005211004,0.004687027,0.005637451,0.005869749,0.005910258,0.005861195,0.011045096,0.009591115,0.010056626,0.006726603,0.008574363,0.012391589,0.013959271,0.011114057
697,0.003117232,0.004098362,0.003299418,0.003299418,0.003425606,0.003693212,0.003838206,0.004842748,0.005213958,0.004687456,0.005720723,0.00588118,0.005910647,0.005874708,0.011062367,0.009724836,0.010129841,0.006753397,0.008651151,0.012409152,0.013983104,0.011139852
698,0.003020913,0.00400966,0.00323842,0.00323842,0.003347176,0.003584786,0.003750409,0.00482183,0.005201684,0.004674536,0.005770968,0.005864811,0.005872508,0.005858051,0.011028666,0.009813499,0.010160123,0.00674709,0.008681422,0.012360041,0.013957009,0.011095896
699,0.002985133,0.003970799,0.00321519,0.00321519,0.003315493,0.00354406,0.003714664,0.004809976,0.005189687,0.004666194,0.005778036,0.005849459,0.005845955,0.00584297,0.011005265,0.009829623,0.010156663,0.00673135,0.008678193,0.012326776,0.013936167,0.011068549
700,0.002905835,0.003882357,0.003168625,0.003168625,0.00324979,0.003452406,0.00363874,0.004774657,0.00515311,0.00464647,0.005773912,0.005804805,0.005790583,0.00579724,0.010945182,0.009836977,0.010126576,0.006685508,0.008655464,0.012256299,0.013877472,0.011005556
701,0.002862316,0.003832777,0.00314529,0.00314529,0.00321577,0.003401478,0.003598561,0.004751192,0.005128532,0.004635088,0.00576272,0.005775503,0.005761762,0.005766592,0.010908501,0.009828206,0.010099949,0.006655406,0.008635964,0.012219087,0.013839618,0.01096991
702,0.00273874,0.003705225,0.003081971,0.003081971,0.003129312,0.003269905,0.003493961,0.00468162,0.005048732,0.004585684,0.005708514,0.005677249,0.005678142,0.005675199,0.010798647,0.009771632,0.010002046,0.00655841,0.008549052,0.012114464,0.013721885,0.010868436
703,0.002606949,0.003574554,0.003014825,0.003014825,0.003040446,0.003133513,0.003387717,0.004600624,0.004951053,0.004519637,0.005625026,0.005555817,0.005577172,0.005560288,0.01065505,0.009668483,0.009866041,0.006433309,0.008432871,0.011974152,0.013578464,0.010734456
704,0.002555215,0.003521856,0.002987663,0.002987663,0.003004018,0.003077766,0.003345894,0.004565734,0.004908595,0.004491612,0.00558455,0.005503336,0.005531002,0.005506121,0.010584625,0.009613136,0.009801311,0.0063751,0.008384101,0.011901252,0.013514922,0.010666304
705,0.002424257,0.00338751,0.002921643,0.002921643,0.002913171,0.002938478,0.003243565,0.004476587,0.004789855,0.004411737,0.00546528,0.00536055,0.00540912,0.005361467,0.010404886,0.009455568,0.00961639,0.006218447,0.008228093,0.01170092,0.013319345,0.010473612
706,0.002288248,0.003250038,0.002855739,0.002855739,0.002823376,0.002796085,0.003142239,0.0043742,0.004661793,0.004319567,0.005325646,0.005203914,0.005278478,0.005204873,0.010208241,0.009267826,0.009405088,0.006046938,0.008039873,0.011483797,0.013096472,0.010259752
707,0.002231462,0.003194213,0.002828695,0.002828695,0.002788001,0.002737235,0.003101418,0.004326073,0.004610013,0.004279245,0.005264807,0.005137582,0.005223549,0.005138766,0.010120911,0.009182304,0.009313978,0.005973873,0.007958893,0.011394104,0.013005635,0.010170432
708,0.002091021,0.003054722,0.002761033,0.002761033,0.002698559,0.002593706,0.003000212,0.004213543,0.004476767,0.00418685,0.005106448,0.004960685,0.00508557,0.004968369,0.009881262,0.00895419,0.00907108,0.005783773,0.007747742,0.011144863,0.012749922,0.009929233
709,0.001954294,0.00291519,0.002692711,0.002692711,0.002607642,0.002454741,0.002897299,0.004099073,0.004334412,0.004087785,0.004934015,0.004778371,0.004940571,0.004786811,0.009622632,0.008702595,0.008803006,0.005579281,0.007518904,0.010876526,0.012471277,0.009680137
710,0.001901222,0.002859325,0.002665005,0.002665005,0.002570791,0.002400455,0.002854772,0.004049004,0.004273524,0.004040793,0.004859102,0.004706622,0.004878623,0.004709542,0.00951632,0.008593592,0.00868672,0.005491823,0.007420236,0.010767739,0.012357506,0.009582919
711,0.001777416,0.002722062,0.00259216,0.00259216,0.002473305,0.002261315,0.002750005,0.003923335,0.004114452,0.003924195,0.004670974,0.004510014,0.004717627,0.004513703,0.009243979,0.008308494,0.008390024,0.005272671,0.007158066,0.01047149,0.012039408,0.009314524
712,0.001660846,0.002592825,0.002515373,0.002515373,0.002373448,0.002123956,0.002644626,0.00379553,0.003952476,0.003804772,0.004480728,0.00430109,0.004548945,0.00431372,0.00896367,0.008013471,0.008086459,0.005048097,0.006884693,0.010133171,0.01170207,0.009021384
713,0.001615012,0.002544986,0.002483726,0.002483726,0.002334227,0.002071451,0.002601485,0.003743327,0.003888683,0.003754955,0.004403695,0.004217024,0.004479309,0.004232308,0.00884939,0.007894545,0.007963303,0.004955217,0.006774822,0.009982314,0.011569058,0.008899421
714,0.001537553,0.002463495,0.002421211,0.002421211,0.002257957,0.001976183,0.002521793,0.003644931,0.003765716,0.003658228,0.004264558,0.004057348,0.004330918,0.004075584,0.008611641,0.007667064,0.007726777,0.004785827,0.006564441,0.00968098,0.011302314,0.008639928
715,0.001505928,0.002429844,0.002390343,0.002390343,0.002220907,0.00193342,0.00248524,0.003598739,0.003706541,0.003611318,0.004202454,0.003981737,0.004252162,0.004000274,0.008488173,0.007558509,0.007613406,0.004709317,0.00646393,0.009530503,0.011168582,0.008502397
716,0.001465723,0.002368513,0.002319467,0.002319467,0.002137862,0.00185495,0.00240472,0.003486089,0.003581533,0.00349646,0.004046521,0.003807845,0.004050732,0.003822307,0.008170778,0.007291618,0.007341943,0.004521955,0.006217045,0.009139338,0.010832668,0.008156066
717,0.001453089,0.002307356,0.002258643,0.002258643,0.002061516,0.001793438,0.002329856,0.003370116,0.003464946,0.003389156,0.003877766,0.003638645,0.00384388,0.003652079,0.007837749,0.007018414,0.007057332,0.004319871,0.005958766,0.008749562,0.010486414,0.007788718
718,0.001449036,0.002273876,0.002237826,0.002237826,0.002031166,0.001767632,0.00229896,0.003320601,0.003414193,0.0033498,0.003802839,0.003567726,0.003759703,0.003584509,0.007698647,0.006903548,0.006930814,0.00422864,0.005846862,0.008600474,0.010342341,0.00763017
719,0.001390817,0.002170668,0.002181241,0.002181241,0.001954877,0.001674404,0.002209552,0.003185238,0.003256316,0.003252749,0.003591601,0.003369052,0.003565089,0.003389517,0.007342776,0.006565116,0.006582524,0.003986004,0.005547425,0.00822216,0.009912274,0.007276929
720,0.001284207,0.002059583,0.002117164,0.002117164,0.001873754,0.001548651,0.002113003,0.003040567,0.003074386,0.003139259,0.003387648,0.003157237,0.003406496,0.003180987,0.00702244,0.0062218,0.006237683,0.003752445,0.005254853,0.007881718,0.009479966,0.0069858
721,0.001231764,0.002018227,0.002088855,0.002088855,0.001838571,0.00149032,0.002074965,0.002981744,0.002999578,0.003083464,0.003320006,0.003073176,0.003358339,0.003099878,0.006918874,0.006102047,0.006114613,0.003670293,0.005149813,0.007770503,0.009333651,0.006889363
722,0.001140268,0.001941734,0.00202448,0.00202448,0.001759224,0.001386893,0.001993979,0.002867965,0.002853999,0.002946145,0.003161127,0.00290276,0.003223757,0.002931223,0.006658349,0.005839336,0.005837406,0.003485506,0.004907759,0.007460631,0.008991789,0.006599584
723,0.00108149,0.001879327,0.001964103,0.001964103,0.001689783,0.001314085,0.00192521,0.00277514,0.00272856,0.002827677,0.003006004,0.002755029,0.003075656,0.002781801,0.006390644,0.005586874,0.005576214,0.003313724,0.004679146,0.00713696,0.008663215,0.006302336
724,0.001061765,0.001852059,0.001939792,0.001939792,0.001664507,0.001286374,0.001899388,0.002737272,0.002673894,0.002790733,0.002942119,0.002693653,0.00301398,0.002719924,0.006279896,0.005477372,0.005469158,0.003244576,0.004587547,0.007011946,0.008530188,0.006198432
725,0.000997116,0.001781688,0.001886919,0.001886919,0.001601596,0.001207422,0.001831838,0.00263047,0.002542368,0.002695736,0.002786212,0.00254342,0.002890319,0.002571988,0.006021007,0.005211437,0.005197913,0.003072416,0.004356285,0.006711706,0.00816882,0.005928041
726,0.000925055,0.001710263,0.001837617,0.001837617,0.001536424,0.001118041,0.001763968,0.002510009,0.002411357,0.002595764,0.00263225,0.002394711,0.00277803,0.002429578,0.005757242,0.004941743,0.004921889,0.002894849,0.004119777,0.006408929,0.007794451,0.005654986
727,0.000897919,0.001681941,0.001816876,0.001816876,0.001508885,0.001079899,0.001737825,0.002458481,0.002357205,0.002553846,0.002570309,0.002334859,0.002727725,0.002373227,0.005641619,0.004828481,0.004810055,0.002820294,0.004022932,0.006281377,0.007648423,0.005548419
728,0.000837303,0.001621445,0.001774422,0.001774422,0.001456996,0.00100447,0.001685433,0.002356553,0.002246989,0.002473113,0.002435136,0.002214994,0.002631303,0.002254918,0.005410744,0.004598095,0.004570322,0.002669232,0.003816773,0.006016138,0.007326359,0.005314436
729,0.000803823,0.001589272,0.001752709,0.001752709,0.001432647,0.000967184,0.001659183,0.002306154,0.002190926,0.002434298,0.002361903,0.002154983,0.002585186,0.002192959,0.005295491,0.004480972,0.004442422,0.002592725,0.003707458,0.005878451,0.007150323,0.005187021
730,0.000711701,0.001506751,0.001691935,0.001691935,0.001368106,0.000859645,0.001591323,0.002175673,0.002043692,0.002331184,0.002180819,0.002000707,0.002479774,0.002037815,0.00502251,0.004191948,0.004123204,0.002401856,0.003451137,0.005551126,0.006726907,0.004908134
731,0.000599194,0.001419018,0.001628338,0.001628338,0.001301895,0.000733952,0.001520943,0.002050696,0.001895454,0.002221621,0.002022494,0.001848414,0.002398416,0.001891115,0.004791558,0.003921542,0.003826664,0.002227982,0.003220615,0.005276954,0.006335495,0.004678762
732,0.000545329,0.001381632,0.001603802,0.001603802,0.001275874,0.000678509,0.001492174,0.002005799,0.001838386,0.002176358,0.00197202,0.001790386,0.002376352,0.0018376,0.004718335,0.003823036,0.003721443,0.002168471,0.0031371,0.00519242,0.006191463,0.004600861
733,0.000433828,0.001310731,0.001548645,0.001548645,0.001222033,0.000564581,0.001439499,0.001914614,0.001728043,0.002074406,0.001861826,0.001680604,0.002327592,0.001729154,0.004554963,0.003624046,0.003509351,0.002046864,0.002966151,0.00498494,0.005899429,0.004421465
734,0.000353719,0.001260656,0.001504113,0.001504113,0.001180252,0.000482248,0.00140198,0.001844266,0.001652794,0.001989286,0.001774854,0.00159889,0.002284797,0.001647129,0.004417718,0.003475524,0.003352698,0.001956604,0.002838495,0.004800818,0.005684598,0.004268104
735,0.000331245,0.001244095,0.001490201,0.001490201,0.001166292,0.000458401,0.001388367,0.001820207,0.001630821,0.001960856,0.001747602,0.00156893,0.002268699,0.001620036,0.004370619,0.003427487,0.003302915,0.001928438,0.002798275,0.004739641,0.005617767,0.004216237
736,0.000273522,0.001205368,0.00146254,0.00146254,0.001134042,0.000403114,0.00135909,0.001760147,0.001570912,0.001897668,0.001688608,0.001507314,0.00224464,0.001561321,0.004281551,0.003319083,0.003190391,0.001866486,0.002701913,0.004618218,0.005447374,0.004119612
737,0.000221502,0.001171738,0.001439579,0.001439579,0.001109057,0.000354246,0.001335058,0.00170729,0.001514215,0.001846797,0.001638196,0.001460611,0.002232355,0.001513735,0.004213302,0.003226909,0.003096119,0.001813835,0.002621219,0.00453141,0.005301121,0.004047635
738,0.000204732,0.001160274,0.001430367,0.001430367,0.00110236,0.00033682,0.00132669,0.001690434,0.001495456,0.001830685,0.001619524,0.001445565,0.002228032,0.001497772,0.004187022,0.003195103,0.003064587,0.001794969,0.002596665,0.004504848,0.00525843,0.004020418
739,0.000164069,0.001130426,0.001414134,0.001414134,0.001088592,0.000297652,0.001313808,0.001656368,0.00146143,0.001794404,0.001588646,0.001409874,0.002227232,0.001465504,0.004146963,0.003131003,0.002996342,0.001756785,0.002549628,0.004458166,0.005172063,0.00398396
740,0.000124439,0.001109194,0.001403332,0.001403332,0.001077185,0.000264311,0.001305031,0.001630718,0.00143526,0.001763444,0.001566606,0.001381519,0.002232507,0.001441432,0.004121671,0.003084484,0.002948894,0.001727571,0.002512445,0.004427898,0.005104065,0.003960228
741,0.000108703,0.001106344,0.001399552,0.001399552,0.001072851,0.000252714,0.001300768,0.00162228,0.001424358,0.001752652,0.001556772,0.001373809,0.002234259,0.001433665,0.004110158,0.003070257,0.002938158,0.001717676,0.002497746,0.00441775,0.005079743,0.003945737
742,8.23E-05,0.001087337,0.001390391,0.001390391,0.001065056,0.000223505,0.001291341,0.001602908,0.001403657,0.001729787,0.001536872,0.001353767,0.002239299,0.001420896,0.004098367,0.003037422,0.002903649,0.001696681,0.002468569,0.00440088,0.005032394,0.00393359
743,6.52E-05,0.001069561,0.001382723,0.001382723,0.001060365,0.000200981,0.001284835,0.001586772,0.001388955,0.001713909,0.001522982,0.001337941,0.002243893,0.001411351,0.004090107,0.003011026,0.002872971,0.001680437,0.002448018,0.004384082,0.005003819,0.003928541
744,5.89E-05,0.001067943,0.001380436,0.001380436,0.001059132,0.000196068,0.001283493,0.001581569,0.001384051,0.001710105,0.001519158,0.001334448,0.002245199,0.001406808,0.004082124,0.003003238,0.002866064,0.001675294,0.002441944,0.004374004,0.004998269,0.003921148
745,4.24E-05,0.001058601,0.001375515,0.001375515,0.001055083,0.000184302,0.001280971,0.001572093,0.001373602,0.00169738,0.001509019,0.00132389,0.002248071,0.00139679,0.004065444,0.002979614,0.002848941,0.001666108,0.002428063,0.004363862,0.004979081,0.003901769
746,2.85E-05,0.001050546,0.001372092,0.001372092,0.0010502,0.000175201,0.001277545,0.001561415,0.001366978,0.001688071,0.001498288,0.001312104,0.002248979,0.001390166,0.004053685,0.002960184,0.002831282,0.001655767,0.002414779,0.004358159,0.004958277,0.003884277
747,2.48E-05,0.001050214,0.001371303,0.001371303,0.001048135,0.000172953,0.001275298,0.00155501,0.0013659,0.001687684,0.001493873,0.001307383,0.002248321,0.001389017,0.004050623,0.002956591,0.002823841,0.001649469,0.002409302,0.004352522,0.004951112,0.00387877
748,2.16E-05,0.001045515,0.001369154,0.001369154,0.001043588,0.000165571,0.001273359,0.001548737,0.001359375,0.001684282,0.001482899,0.00130041,0.002247104,0.00138383,0.004040999,0.002944541,0.002812177,0.001643324,0.002399998,0.004337199,0.004934603,0.003869347
749,2.22E-05,0.001041146,0.001367794,0.001367794,0.001041105,0.000160437,0.001273665,0.001548869,0.001353928,0.001681267,0.001476341,0.001298157,0.002246546,0.001379792,0.004034437,0.002936085,0.002807955,0.001643478,0.002396172,0.004327514,0.00492526,0.00386543
750,1.60E-05,0.001036496,0.001365986,0.001365986,0.00104016,0.000154013,0.00127467,0.001547586,0.001349038,0.001674437,0.00146801,0.001292565,0.002238603,0.00137129,0.004019468,0.002917013,0.002793516,0.001638857,0.002386173,0.004312924,0.004913718,0.003850815
751,9.37E-06,0.001033545,0.001363814,0.001363814,0.001040421,0.000151097,0.001274834,0.001539451,0.001344472,0.001670124,0.001462634,0.001285876,0.002230041,0.001367335,0.004007939,0.002901038,0.002781528,0.001629381,0.002372712,0.004302339,0.004898813,0.003834453
752,9.51E-06,0.001030877,0.001362089,0.001362089,0.001039144,0.00014947,0.0012743,0.00153273,0.001339348,0.001669627,0.001459029,0.001282524,0.002228863,0.001367844,0.004004816,0.002895679,0.002779756,0.001624678,0.002365422,0.004296658,0.004886107,0.00382879
753,2.29E-06,0.001025602,0.001358519,0.001358519,0.00103655,0.000148721,0.001272159,0.001522482,0.001334957,0.001662667,0.001449053,0.001275669,0.002222801,0.001363534,0.003992669,0.002883737,0.002768296,0.001619897,0.002355697,0.004279816,0.004872555,0.003822352
754,-5.15E-06,0.001024851,0.001357311,0.001357311,0.001035952,0.000148576,0.001268637,0.001516721,0.001331742,0.001655555,0.001446589,0.001269562,0.002215568,0.001355641,0.003976766,0.002871855,0.002756326,0.001615966,0.002349494,0.004263573,0.004864187,0.003815945
755,-5.23E-06,0.001026708,0.001357949,0.001357949,0.00103667,0.000147552,0.001266722,0.001514488,0.001327794,0.001654904,0.001450495,0.00126696,0.00221322,0.001352568,0.003969889,0.002866556,0.002754044,0.001612113,0.002345727,0.004258491,0.004856663,0.003810313
756,5.96E-06,0.001038132,0.001357006,0.001357006,0.001036143,0.000151799,0.001265265,0.001510935,0.001326102,0.001651092,0.00145564,0.001260042,0.002210241,0.001351917,0.00397031,0.002862943,0.002751815,0.001607086,0.002344398,0.004243769,0.004858376,0.003803664
757,4.35E-05,0.00108623,0.001349101,0.001349101,0.001031708,0.000175125,0.001277023,0.001519131,0.001335345,0.001648995,0.001474561,0.001266357,0.002198601,0.001359957,0.003973549,0.002883446,0.002768182,0.001622081,0.002358147,0.004203575,0.004878536,0.003786786
758,6.97E-05,0.001124759,0.001342778,0.001342778,0.001028518,0.00019318,0.001288322,0.001528647,0.001342331,0.001650059,0.001492242,0.001276989,0.00218759,0.001365575,0.00396949,0.002902263,0.002784496,0.001638248,0.002369459,0.00417302,0.004889459,0.003770925
759,0.000192164,0.001254647,0.001394442,0.001394442,0.001042575,0.000296687,0.001340982,0.001555061,0.001377266,0.001649131,0.001507968,0.001306067,0.002125706,0.001373502,0.003895189,0.002922581,0.002818009,0.001658901,0.002379216,0.00407589,0.004895168,0.003673768
760,0.000374477,0.001382527,0.001471614,0.001471614,0.00106931,0.000445192,0.001392899,0.00156991,0.001404839,0.001659633,0.001504395,0.001314632,0.002044909,0.001372522,0.003803515,0.002915853,0.002824667,0.001659275,0.002371843,0.003989951,0.004883534,0.003579571
761,0.000460606,0.001419047,0.001490798,0.001490798,0.001078799,0.000508245,0.001403456,0.001567861,0.001404463,0.001672127,0.001502776,0.001304749,0.002014984,0.001369235,0.003782083,0.002907622,0.002814126,0.001655164,0.002366025,0.003970587,0.004877113,0.003566671
762,0.000628923,0.001455029,0.001518257,0.001518257,0.001095177,0.000624355,0.001417045,0.001556409,0.001402215,0.001685811,0.001480016,0.001290046,0.001950676,0.001356248,0.00374435,0.002881164,0.002796281,0.001633875,0.002340131,0.003972881,0.00483858,0.003543845
763,0.000687223,0.001415098,0.001517466,0.001517466,0.001100525,0.000658442,0.001404729,0.001539985,0.001388013,0.001683058,0.001456024,0.001278079,0.001922787,0.001342438,0.003738616,0.002853147,0.002777848,0.001609533,0.002318878,0.0040228,0.004803881,0.003548925
764,0.000663335,0.001375705,0.0015084,0.0015084,0.001098984,0.000639472,0.001389381,0.001532965,0.001375684,0.001679114,0.001453173,0.001270933,0.001929282,0.001338328,0.003749183,0.002843357,0.002766721,0.001602368,0.002317702,0.004051061,0.004801293,0.00356393
765,0.000536212,0.001267501,0.001472781,0.001472781,0.001091491,0.000549136,0.001351059,0.001514695,0.001348596,0.001673664,0.001436154,0.00125232,0.001968137,0.001329951,0.003782139,0.002823551,0.00274646,0.001589037,0.002314657,0.004123761,0.00479279,0.00361096
766,0.000379664,0.001172749,0.001433249,0.001433249,0.001081002,0.000439221,0.001323664,0.001500186,0.001327503,0.001669563,0.001414681,0.001242732,0.002015131,0.001328643,0.0038191,0.002807718,0.002729635,0.001582604,0.002308849,0.004182334,0.004800279,0.003663732
767,0.000326351,0.001146807,0.00142027,0.00142027,0.001076464,0.000400672,0.001319241,0.001496928,0.001321167,0.001666969,0.001407374,0.001244611,0.002029766,0.001331602,0.003833673,0.002801901,0.002721943,0.001582338,0.002304908,0.004196467,0.004813685,0.003684479
768,0.000239921,0.001106335,0.001398956,0.001398956,0.001068576,0.000335771,0.00130826,0.001490411,0.00131106,0.001660578,0.001407857,0.001241565,0.002056276,0.001332325,0.003857068,0.00279612,0.002715517,0.001579877,0.002301885,0.004214373,0.004820866,0.003715477
769,0.000206805,0.001091805,0.001390619,0.001390619,0.001065225,0.00030942,0.001301702,0.001487153,0.001307289,0.001656782,0.001415646,0.00123664,0.002068151,0.001330088,0.003865892,0.002796155,0.002716782,0.001577682,0.002302802,0.004218147,0.00481464,0.003725728
770,0.000133021,0.001061853,0.001379085,0.001379085,0.001058404,0.000256519,0.001293694,0.001481048,0.001312571,0.001647991,0.001418431,0.001237095,0.002094888,0.001334947,0.003888048,0.002793179,0.002720213,0.001577383,0.002312579,0.004223617,0.004819403,0.003741465
771,7.87E-05,0.001038186,0.001374978,0.001374978,0.00105599,0.000220705,0.001290228,0.001478776,0.001321289,0.00164236,0.001412907,0.001238784,0.002115004,0.001341086,0.00390718,0.002795261,0.0027265,0.001585523,0.002321001,0.004233319,0.004838046,0.00375037
772,6.50E-05,0.001029941,0.001374069,0.001374069,0.001057045,0.000211442,0.00128821,0.001479351,0.001320954,0.001641723,0.001412387,0.001235093,0.002120256,0.001340128,0.00391298,0.002800356,0.002730621,0.001591767,0.002320562,0.004241326,0.0048457,0.003753789
773,4.24E-05,0.001020885,0.001375525,0.001375525,0.001060507,0.000194819,0.001290064,0.001482679,0.001317393,0.001642869,0.001417819,0.001234771,0.002131616,0.001344219,0.00392299,0.002806371,0.002736447,0.001596407,0.002327112,0.004250662,0.004860759,0.00375557
774,3.08E-05,0.001019471,0.00137649,0.00137649,0.001061779,0.000186661,0.001295128,0.001486067,0.001316069,0.00164433,0.00142511,0.001242758,0.002142024,0.001353547,0.003935919,0.00281249,0.002745305,0.001598108,0.00233675,0.004259481,0.004885736,0.003762399
775,2.81E-05,0.001018868,0.00137509,0.00137509,0.001060644,0.000185864,0.00129632,0.001486703,0.001317969,0.001644008,0.001426447,0.001247376,0.002146324,0.001357827,0.003944639,0.002817688,0.002752458,0.001601411,0.002339398,0.00426697,0.004903309,0.003770867
776,2.71E-05,0.001022281,0.001376527,0.001376527,0.001063992,0.000185261,0.001302316,0.001488341,0.00132568,0.001650739,0.001432324,0.001252381,0.002150021,0.001366495,0.003954003,0.002826535,0.002770767,0.001605309,0.002351705,0.004279541,0.004924331,0.003792522
777,2.47E-05,0.001025183,0.001381007,0.001381007,0.001070777,0.000189269,0.001309462,0.00149424,0.001333179,0.001656461,0.001439098,0.001251689,0.002151496,0.001374481,0.003962928,0.002837988,0.002785705,0.001609699,0.002368193,0.004293904,0.004944249,0.003813681
778,2.05E-05,0.001024069,0.00138265,0.00138265,0.00107308,0.00019308,0.001311805,0.001499137,0.001334867,0.00165513,0.001441333,0.001250609,0.002153574,0.001378079,0.003971208,0.002845792,0.002789487,0.001613494,0.002375023,0.004303184,0.004960718,0.003821654
779,2.14E-05,0.001027629,0.001386702,0.001386702,0.001079417,0.00019985,0.001319226,0.001499833,0.001341536,0.001659152,0.001451052,0.001259935,0.0021585,0.00138353,0.003991607,0.002868207,0.002805942,0.001626873,0.002393049,0.004325094,0.005001969,0.003846886
780,2.92E-05,0.00103171,0.001391947,0.001391947,0.001085147,0.000206557,0.001326695,0.001498707,0.001351415,0.001666077,0.001464133,0.001274823,0.00216328,0.00139036,0.004010376,0.002883884,0.002829132,0.001640368,0.002407234,0.004344684,0.005035454,0.003866596
781,3.18E-05,0.001031116,0.001394784,0.001394784,0.001086844,0.000210307,0.001329087,0.001501784,0.001356315,0.00166765,0.001469729,0.001279305,0.002165211,0.001395337,0.004017027,0.002884951,0.002839648,0.00164428,0.002410223,0.004351644,0.005044158,0.003869046
782,4.57E-05,0.001035086,0.001399018,0.001399018,0.001091809,0.000217779,0.001336169,0.001508494,0.00136758,0.001673168,0.001477726,0.001285988,0.002166058,0.001405797,0.004026879,0.002901636,0.002860241,0.001654559,0.002426073,0.004364262,0.005068313,0.003883296
783,6.02E-05,0.001044802,0.001406577,0.001406577,0.001099431,0.000230106,0.001343109,0.001518246,0.001381073,0.00168112,0.001486947,0.001291821,0.002160139,0.001414921,0.004034557,0.002925951,0.002881844,0.001668167,0.002445967,0.004375532,0.005099568,0.003895351
784,6.33E-05,0.001049953,0.001412739,0.001412739,0.001103784,0.000238711,0.001345359,0.001524363,0.0013882,0.001685126,0.001493767,0.001295452,0.002155305,0.001418561,0.004039034,0.002934648,0.00289337,0.001675407,0.002453,0.004381145,0.005115373,0.003895606
785,7.34E-05,0.001066442,0.001421421,0.001421421,0.001111313,0.000259744,0.001355136,0.001539397,0.001401246,0.001695198,0.001505163,0.001308275,0.002143545,0.001427782,0.00404751,0.002954976,0.002917599,0.001687633,0.002469595,0.0043853,0.005153629,0.003887842
786,9.20E-05,0.001082117,0.001428804,0.001428804,0.00111848,0.000282695,0.001366948,0.001550144,0.00141534,0.001704111,0.001518204,0.00132294,0.002134091,0.001437166,0.004053575,0.00297204,0.002944073,0.001701995,0.002485558,0.004384769,0.005191736,0.003890587
787,0.000103516,0.001086455,0.001433667,0.001433667,0.00112247,0.000293217,0.001371232,0.001551974,0.001423515,0.001706957,0.00152667,0.001328414,0.002131563,0.00144097,0.00405564,0.002977472,0.002957845,0.001711371,0.00249196,0.004385696,0.005207392,0.003901354
788,0.000122879,0.001099924,0.001443729,0.001443729,0.001131412,0.00031861,0.001384319,0.0015622,0.001438122,0.001717589,0.001542576,0.001338882,0.002120108,0.001452093,0.004066699,0.003003606,0.002981909,0.001733574,0.002513349,0.004401052,0.005259739,0.00391496
789,0.000137109,0.001108264,0.001453295,0.001453295,0.001140825,0.000337939,0.001395641,0.00157472,0.001447607,0.001728636,0.00155487,0.00135047,0.002113003,0.001465243,0.004091308,0.00303226,0.003008765,0.001753668,0.00254208,0.004433953,0.005307013,0.003929218
790,0.000143535,0.001107473,0.001457662,0.001457662,0.001145286,0.000342398,0.001398161,0.001578844,0.00145066,0.001731897,0.001559724,0.001357064,0.002114826,0.001471076,0.004106924,0.003040214,0.003025329,0.001760937,0.002555824,0.004452424,0.005317597,0.003940635
791,0.000152641,0.001112587,0.001463892,0.001463892,0.001154865,0.000349623,0.001407274,0.001591292,0.001460455,0.001748504,0.001579966,0.00137388,0.002128449,0.001486105,0.004141978,0.003069986,0.003064691,0.001777073,0.002580259,0.004506213,0.005370937,0.003980401
792,0.000158933,0.001121499,0.001467798,0.001467798,0.001163368,0.000355583,0.001415649,0.001600631,0.00147559,0.001761525,0.001600747,0.001387593,0.002147336,0.001500175,0.00417068,0.003100713,0.003098488,0.001790189,0.002601374,0.004549756,0.005422404,0.004012361
793,0.000162543,0.001124507,0.00146984,0.00146984,0.001166755,0.000358778,0.001417432,0.001601647,0.001483983,0.001761202,0.001606138,0.001391085,0.002154424,0.00150505,0.004179944,0.003109619,0.003109486,0.001794438,0.002611797,0.00455798,0.005431115,0.004015973
794,0.000174882,0.001134486,0.001479566,0.001479566,0.001174444,0.000372678,0.001427302,0.00160842,0.001498474,0.001767327,0.001614342,0.001400223,0.002149207,0.001518522,0.004183892,0.00313674,0.003133162,0.001805301,0.00262924,0.004569103,0.005463957,0.004020416
795,0.000183609,0.001141458,0.001487251,0.001487251,0.001178748,0.000383384,0.001435391,0.001614179,0.001504572,0.001773775,0.001617156,0.00140587,0.002136903,0.001527121,0.004178576,0.003154954,0.003145838,0.001811914,0.00263626,0.004572002,0.005488087,0.004021246
796,0.000195588,0.001147275,0.001497693,0.001497693,0.001189967,0.000401498,0.001448376,0.001624705,0.001518796,0.001787439,0.00163268,0.001421305,0.002132133,0.001535454,0.00419757,0.003176659,0.003173925,0.001829403,0.00266141,0.00460223,0.005538544,0.00404802
797,0.000200984,0.001151516,0.00150474,0.00150474,0.001199502,0.00041446,0.001458202,0.001632587,0.001532424,0.001800048,0.001650344,0.001434372,0.002142384,0.001542383,0.00423354,0.003194338,0.003201579,0.001844786,0.002691173,0.004631898,0.005586901,0.004078682
798,0.000203127,0.001156912,0.001509029,0.001509029,0.001202121,0.000420014,0.00146313,0.001635701,0.001537925,0.00180544,0.001655299,0.001437652,0.0021451,0.001549578,0.004245198,0.003208527,0.003213822,0.001849293,0.002702804,0.004634234,0.005608931,0.004083399
799,0.000221113,0.001173076,0.001520043,0.001520043,0.001213429,0.000433416,0.001471782,0.001643454,0.001554362,0.001814649,0.001671637,0.001450701,0.0021467,0.001564038,0.004249399,0.003232826,0.003241165,0.001856482,0.002721228,0.004651128,0.005635466,0.004109147
800,0.000241356,0.001186828,0.001529176,0.001529176,0.001224175,0.000447738,0.001478838,0.001655492,0.001568362,0.001821789,0.001684594,0.001463299,0.00214017,0.001575435,0.004253986,0.003247988,0.00326013,0.00187215,0.002732091,0.004667353,0.005667516,0.004121426
801,0.000245756,0.001189814,0.001531585,0.001531585,0.001226234,0.000454211,0.001482171,0.001662892,0.001571428,0.001825113,0.001686167,0.001466127,0.002134756,0.001579567,0.004266031,0.003253038,0.003263995,0.001885136,0.002736163,0.00466902,0.005695061,0.004112675
802,0.000254348,0.001192599,0.001540936,0.001540936,0.001237041,0.000467814,0.001494894,0.001675064,0.001578326,0.001834376,0.001693707,0.001474066,0.002139468,0.001583942,0.004288571,0.003265193,0.003283481,0.001902229,0.002755167,0.004696623,0.005731176,0.004126413
803,0.000257392,0.001190956,0.001549541,0.001549541,0.001248408,0.000474249,0.001507121,0.001683551,0.001587976,0.001841243,0.00170161,0.001484555,0.002153075,0.001591494,0.004310433,0.00328176,0.003301427,0.001906916,0.002771497,0.004735675,0.005752312,0.004157718
804,0.000256245,0.001189512,0.001551204,0.001551204,0.001251027,0.000473555,0.001509958,0.001687265,0.001593792,0.001842171,0.001703545,0.001489935,0.002156558,0.001598805,0.004321801,0.003291222,0.003303752,0.001907497,0.002772894,0.004748792,0.005764879,0.004166532
805,0.000250742,0.001187562,0.001553923,0.001553923,0.00125732,0.000478158,0.001516487,0.001691089,0.001596374,0.001850576,0.001702391,0.001493588,0.002166845,0.001608054,0.004335538,0.003300525,0.003315682,0.001909564,0.002777225,0.004764889,0.00577829,0.004185015
806,0.000249357,0.001192978,0.001557916,0.001557916,0.001262435,0.000486746,0.00152268,0.001692075,0.001600156,0.00185799,0.001697523,0.001494281,0.002167462,0.001615266,0.004332457,0.003297227,0.003320772,0.001918375,0.00277988,0.004757478,0.005781183,0.004191459
807,0.000252327,0.0011989,0.001560853,0.001560853,0.001263875,0.000490037,0.00152518,0.00169295,0.001607171,0.001857928,0.001695743,0.0014967,0.002161274,0.001620539,0.004327006,0.003294087,0.003316259,0.001925701,0.002779603,0.004747087,0.005783232,0.004188235
808,0.000269891,0.001213895,0.001576405,0.001576405,0.001270139,0.000503357,0.001536209,0.001684984,0.001606532,0.001858404,0.001700222,0.001491032,0.002136284,0.001615444,0.004297087,0.003292707,0.003306057,0.001918443,0.002764851,0.004705199,0.005760844,0.004132584
809,0.00029307,0.001234708,0.001584854,0.001584854,0.001275491,0.00052857,0.001546276,0.001678942,0.00159827,0.001854616,0.001696055,0.001485048,0.002107755,0.001602115,0.004256973,0.003282788,0.003301521,0.001904003,0.002749209,0.004651896,0.005737563,0.004074085
810,0.000301655,0.00124645,0.001580686,0.001580686,0.001276019,0.000543755,0.001547813,0.001681741,0.001597662,0.00185029,0.001685631,0.001487149,0.002098027,0.001599153,0.004241326,0.00327111,0.003302674,0.001904146,0.002748042,0.004630091,0.005738719,0.004068014
811,0.000340996,0.001277967,0.001585928,0.001585928,0.00127892,0.000575912,0.001560121,0.001683332,0.001592317,0.001851346,0.001681716,0.001484522,0.002060805,0.001594179,0.004176413,0.003244087,0.003291223,0.001892198,0.002733482,0.004574612,0.005719049,0.004014966
812,0.000384891,0.00131019,0.001602786,0.001602786,0.001284223,0.000612832,0.001572165,0.001676448,0.001590382,0.001853927,0.001677434,0.001476745,0.002014314,0.001582712,0.004114262,0.003214157,0.003268964,0.001876087,0.0027105,0.004506521,0.005667243,0.003937716
813,0.000398029,0.001322639,0.001610235,0.001610235,0.001287152,0.00063278,0.001573438,0.001670773,0.001593185,0.001851125,0.001666643,0.001473697,0.001995316,0.001573258,0.004101376,0.003199572,0.003259311,0.001872068,0.002700912,0.004472104,0.005636264,0.003907442
814,0.000441312,0.001341209,0.001621571,0.001621571,0.001291499,0.000672863,0.001583937,0.001668646,0.001593772,0.001849281,0.001653814,0.001459581,0.001937186,0.001551639,0.004063642,0.003170999,0.003208159,0.001854048,0.002665966,0.004402201,0.00558783,0.003847781
815,0.000479567,0.001351161,0.001625458,0.001625458,0.001295005,0.000699304,0.001591756,0.001663252,0.001585081,0.001847125,0.001636344,0.001444091,0.001887045,0.00153256,0.004007931,0.003141793,0.003156298,0.001828009,0.002629234,0.004350022,0.005537461,0.003803028
816,0.000487677,0.00135499,0.001625457,0.001625457,0.001297092,0.00070561,0.001590349,0.00165431,0.001578605,0.001844011,0.001620912,0.001439669,0.001876036,0.001525644,0.003977068,0.003126575,0.003145935,0.001815971,0.002617859,0.00433333,0.005504549,0.003787662
817,0.000495747,0.001342295,0.001627061,0.001627061,0.001301531,0.00070459,0.001587868,0.00163332,0.001560136,0.001839941,0.001593824,0.00141569,0.001857878,0.00149677,0.003921992,0.003069004,0.003099076,0.001788009,0.002574632,0.004286701,0.005438101,0.00373429
818,0.00048,0.001323787,0.001622908,0.001622908,0.00130152,0.000693418,0.001582808,0.00161167,0.001538616,0.001827011,0.001560886,0.001384396,0.001847291,0.001470364,0.003886975,0.003003216,0.003035837,0.001751867,0.002527521,0.004244907,0.005355758,0.003694712
819,0.000464292,0.001321802,0.001617151,0.001617151,0.001299158,0.000689573,0.001578823,0.001602067,0.00152909,0.001815038,0.001539602,0.001372659,0.001843853,0.001465915,0.003876171,0.002979781,0.003009094,0.001731648,0.002512262,0.004233049,0.005306952,0.003693141
820,0.000461884,0.001329506,0.001608288,0.001608288,0.001293223,0.000687351,0.001578805,0.001575357,0.001502142,0.001788564,0.001506544,0.001339265,0.001806635,0.001445653,0.003813984,0.002931677,0.002949112,0.001703233,0.002456092,0.00415095,0.005214633,0.003610965
821,0.000475362,0.001324343,0.001610716,0.001610716,0.001287603,0.000691688,0.001580393,0.001547579,0.001469712,0.001771586,0.001472163,0.001305928,0.001764613,0.001407066,0.003718513,0.002856605,0.002873502,0.00166503,0.002386862,0.004036876,0.005098806,0.003502637
822,0.000475539,0.001309492,0.001616248,0.001616248,0.001285556,0.000694402,0.001578013,0.001536908,0.001454704,0.00176911,0.001449556,0.001294249,0.001756372,0.001384291,0.003674425,0.002806202,0.002831132,0.001635022,0.002358543,0.003993044,0.005026492,0.003474916
823,0.000435292,0.001276455,0.001603126,0.001603126,0.00127832,0.000654768,0.001568136,0.001502553,0.001404476,0.001745059,0.001396309,0.001245322,0.00173032,0.00134842,0.003599517,0.002710155,0.002740571,0.00157594,0.002278071,0.00389013,0.004865528,0.003416635
824,0.000390878,0.001253969,0.00158189,0.00158189,0.001266258,0.000606721,0.00155816,0.001459158,0.001358719,0.001711001,0.00134654,0.001193681,0.001698442,0.001312439,0.003527694,0.002624016,0.002647332,0.001525368,0.002190892,0.003774379,0.004705893,0.003319672
825,0.000386886,0.001249667,0.00157931,0.00157931,0.001259385,0.000601022,0.001555682,0.001439446,0.001348182,0.001698517,0.001327411,0.001179288,0.001684374,0.001289554,0.003486689,0.002583522,0.002602283,0.001503871,0.002155867,0.003717711,0.004634908,0.00325327
826,0.000371892,0.001240854,0.001567876,0.001567876,0.001245978,0.000587465,0.001536196,0.001403988,0.001315533,0.00166201,0.001264802,0.001138291,0.001648752,0.001238795,0.003368014,0.002476216,0.002478138,0.001446478,0.002064175,0.003578826,0.004422653,0.003134192
827,0.000347499,0.001220436,0.001552515,0.001552515,0.001230808,0.000572484,0.001517279,0.001360609,0.001267643,0.001619465,0.001203936,0.00109101,0.001609323,0.001189928,0.003241351,0.002371762,0.002358807,0.001384525,0.001971048,0.003438063,0.004224965,0.003034983
828,0.000334111,0.001204528,0.001546006,0.001546006,0.001222172,0.000565362,0.001515368,0.001332977,0.001241865,0.001600944,0.001186548,0.001070332,0.00159145,0.001168935,0.003192358,0.002334119,0.002318571,0.001358467,0.001934588,0.003379517,0.004168548,0.002988451
829,0.00030787,0.001179871,0.00153285,0.00153285,0.001210933,0.000547689,0.001510633,0.001287787,0.001199934,0.001569328,0.001146107,0.001033184,0.001565878,0.001134091,0.003115467,0.002252492,0.002241688,0.001311839,0.001870646,0.003278373,0.004049042,0.002905297
830,0.000295018,0.001171122,0.001526204,0.001526204,0.001208332,0.000537138,0.001507809,0.001270229,0.001183782,0.001556233,0.001123055,0.001016713,0.00155818,0.00112024,0.003087568,0.002208508,0.002205041,0.001291269,0.001843163,0.003235774,0.003985954,0.002868675
831,0.000278208,0.00116226,0.001511156,0.001511156,0.00119885,0.000513378,0.001498904,0.001225727,0.0011403,0.001517415,0.001077129,0.000977485,0.001533144,0.001080549,0.00301224,0.002131505,0.002114093,0.001238748,0.001766231,0.003133915,0.003833193,0.00278528
832,0.000254065,0.001147685,0.001498404,0.001498404,0.001189639,0.000487581,0.001489762,0.00119388,0.001103232,0.001482086,0.001039867,0.000936594,0.001512188,0.001045923,0.002940049,0.002068569,0.002024059,0.001190249,0.00169607,0.003054693,0.003695004,0.00272461
833,0.000233879,0.001133222,0.001494052,0.001494052,0.001187308,0.000474994,0.001486701,0.001188977,0.001093492,0.00147248,0.001025479,0.000918461,0.00150857,0.001037136,0.002915285,0.002038651,0.001988326,0.001173701,0.001675359,0.003034731,0.003646488,0.002710715
834,0.000198712,0.001105246,0.001486922,0.001486922,0.001180528,0.000453955,0.001479991,0.001163638,0.001060093,0.001448414,0.000992589,0.000897957,0.001501026,0.001019447,0.002878658,0.001974707,0.001920713,0.001141495,0.001617075,0.002984646,0.003547159,0.002664145
835,0.000178649,0.001088571,0.001482628,0.001482628,0.00117488,0.000437286,0.001477935,0.001132099,0.001035008,0.001421935,0.000970674,0.000883158,0.001493916,0.000999316,0.002852759,0.001928949,0.001872217,0.001111117,0.001575944,0.0029366,0.003470147,0.002617845
836,0.000173566,0.001085409,0.001481113,0.001481113,0.001173681,0.000429069,0.001479526,0.001120995,0.001033583,0.001409915,0.000967262,0.000870729,0.001490733,0.000988087,0.002838725,0.001917217,0.001855601,0.001096397,0.001572385,0.002918675,0.003443947,0.002604219
837,0.000156143,0.001070597,0.001480035,0.001480035,0.001168052,0.00041044,0.001477865,0.001110426,0.001013532,0.001386652,0.000946107,0.000850855,0.001493322,0.000968756,0.002809678,0.001882569,0.001816207,0.001077014,0.001542868,0.002875525,0.00336599,0.002574895
838,0.000134063,0.00105174,0.001477675,0.001477675,0.001165755,0.000391386,0.001477279,0.001098556,0.000994701,0.001371261,0.000927944,0.000837815,0.001496269,0.000959425,0.002785222,0.001851375,0.001783704,0.00106707,0.001511242,0.002848094,0.003301997,0.002558312
839,0.000124323,0.001044533,0.001474878,0.001474878,0.00116789,0.000382744,0.001479945,0.001086152,0.000994497,0.001367113,0.000927523,0.000832219,0.001493445,0.000958198,0.002775778,0.001843097,0.001773979,0.001061789,0.001505575,0.002845887,0.003289761,0.002557427
840,0.000109236,0.001035148,0.001471657,0.001471657,0.001169462,0.000369274,0.001478576,0.001070142,0.00098585,0.001354967,0.000920056,0.000817711,0.001502354,0.000950819,0.002767213,0.001819749,0.001752824,0.001043801,0.001494215,0.002825883,0.003254939,0.002538121
841,9.87E-05,0.001029878,0.001470498,0.001470498,0.001168702,0.000359589,0.001477396,0.001060004,0.00097833,0.001345024,0.000907037,0.000807126,0.001518069,0.000943642,0.002767039,0.001796745,0.001732574,0.001029422,0.001482125,0.002804774,0.003225788,0.002528048
842,9.35E-05,0.001026787,0.001469763,0.001469763,0.001168504,0.000354732,0.001480251,0.001053472,0.000979251,0.001343079,0.000901065,0.000805454,0.00152205,0.000942619,0.002765986,0.001788811,0.001723754,0.001027751,0.001475728,0.002801463,0.003219221,0.002536395
843,7.65E-05,0.001016774,0.001470518,0.001470518,0.001173252,0.000345438,0.001482444,0.001045853,0.000966024,0.001330488,0.000898034,0.00079966,0.001531142,0.000945205,0.002764244,0.001779835,0.001694979,0.001027722,0.001464672,0.002799401,0.003186284,0.002542137
844,6.34E-05,0.001006631,0.001471877,0.001471877,0.001178488,0.000339962,0.001486184,0.00104272,0.000949387,0.00132202,0.000891186,0.000797886,0.001540807,0.000947969,0.00275786,0.001769516,0.001678924,0.00102698,0.00145771,0.002797429,0.003155199,0.002535379
845,6.21E-05,0.00100341,0.001471746,0.001471746,0.001178778,0.000338924,0.001490586,0.001040674,0.0009469,0.001324199,0.000881396,0.000800235,0.001545362,0.000947122,0.002752165,0.001760239,0.001682822,0.001024594,0.001455408,0.002794208,0.003150485,0.002531225
846,4.99E-05,0.000999717,0.00147623,0.00147623,0.001181496,0.000334811,0.0014943,0.00102569,0.000958397,0.001317531,0.000878873,0.000793179,0.001555026,0.000941815,0.002746752,0.001745432,0.001678333,0.001014637,0.001435585,0.002782785,0.003128291,0.002519911
847,4.03E-05,0.000994796,0.001480772,0.001480772,0.001184882,0.000330905,0.001497372,0.00101916,0.000963166,0.00130849,0.000879631,0.000783008,0.001558727,0.000937645,0.002742128,0.001740598,0.001664349,0.001006557,0.001417749,0.002761558,0.003104795,0.002501067
848,4.15E-05,0.000990347,0.001480699,0.001480699,0.001185839,0.000330075,0.001501131,0.001025568,0.000953952,0.001308296,0.000873123,0.000782241,0.00155732,0.000937937,0.002737221,0.001741294,0.001658753,0.001006048,0.001417434,0.002748532,0.003098778,0.002489382
849,5.33E-05,0.000992412,0.001481568,0.001481568,0.001188473,0.00033545,0.001509401,0.001019266,0.000942474,0.001296876,0.000868624,0.000774188,0.001553229,0.000941727,0.002721956,0.001731175,0.001650196,0.001003418,0.001414272,0.002729556,0.003076644,0.002484974
850,5.71E-05,0.001001408,0.001483147,0.001483147,0.001190338,0.000341858,0.001515918,0.001004249,0.000942975,0.001288057,0.000866696,0.000764446,0.001548437,0.000943956,0.002706707,0.001719952,0.001633858,0.000997165,0.001411656,0.002719707,0.003057394,0.002488291
851,5.04E-05,0.001003888,0.001483785,0.001483785,0.001190526,0.000342059,0.001517925,0.00100194,0.000945739,0.001290464,0.00086276,0.000761991,0.001546328,0.000942686,0.002701817,0.001719544,0.001620481,0.000993035,0.001411886,0.002715808,0.003054263,0.002484333
852,4.45E-05,0.001004543,0.001492024,0.001492024,0.001191523,0.000346081,0.001523791,0.001008438,0.000946621,0.001293809,0.000853542,0.0007621,0.001557095,0.000942541,0.002690407,0.001706365,0.00160734,0.000980533,0.001398961,0.00270014,0.003027928,0.002468008
853,4.51E-05,0.000999512,0.001500543,0.001500543,0.001194872,0.000346738,0.001526344,0.001008944,0.00093858,0.001291015,0.000846517,0.000759085,0.001559241,0.00093937,0.002681111,0.001691192,0.001598686,0.000971488,0.001375842,0.002674182,0.002994742,0.002456579
854,4.48E-05,0.000996307,0.001501464,0.001501464,0.001197411,0.000343575,0.001525037,0.001000643,0.000932422,0.001287284,0.000844772,0.000753508,0.00154851,0.000935071,0.002678334,0.001688787,0.001589796,0.000970816,0.001365879,0.002659995,0.002984762,0.002457516
855,4.87E-05,0.000991403,0.00149857,0.00149857,0.001202948,0.000342699,0.001525205,0.000980735,0.000923972,0.001273391,0.000827843,0.000748201,0.001538686,0.000934724,0.002669263,0.001667614,0.001572908,0.000958939,0.001362408,0.002650104,0.002970918,0.002435626
856,4.98E-05,0.000991324,0.001494087,0.001494087,0.001209056,0.000350018,0.001533085,0.000969675,0.000922173,0.001267241,0.000818165,0.000746797,0.001537195,0.000931461,0.002655849,0.001647085,0.001562874,0.000952323,0.001360099,0.002653043,0.002954285,0.002415129
857,4.68E-05,0.000992944,0.001493417,0.001493417,0.001212166,0.000355051,0.001539491,0.00097022,0.000922666,0.001271252,0.000823672,0.000745123,0.001534799,0.000924247,0.002648728,0.001645324,0.001560838,0.000956912,0.001351298,0.002651687,0.002941517,0.002417461
858,4.44E-05,0.000997079,0.001498356,0.001498356,0.001219412,0.000360842,0.001547081,0.00098861,0.000915929,0.001270398,0.000828625,0.000737958,0.001525224,0.000918901,0.002637239,0.001634408,0.001543391,0.000952812,0.001337924,0.002636964,0.002908744,0.002397807
859,4.92E-05,0.000998107,0.001504299,0.001504299,0.001223634,0.000366861,0.001553873,0.000990977,0.000913171,0.001261993,0.000817675,0.000729751,0.001515109,0.000922347,0.002625032,0.001623524,0.001533327,0.000938523,0.001328669,0.002621336,0.00288194,0.002374766
860,5.34E-05,0.000996619,0.001504633,0.001504633,0.001223721,0.000372121,0.001559481,0.0009755,0.000917643,0.001258454,0.000807279,0.000727036,0.001512172,0.000923925,0.002617195,0.001621796,0.001538673,0.000932922,0.001323988,0.002619075,0.002875142,0.002373712
861,5.14E-05,0.00099619,0.001505416,0.001505416,0.001231498,0.000374672,0.001562641,0.000954409,0.000911734,0.001256698,0.000804466,0.000728879,0.001506097,0.000911477,0.002592769,0.001608341,0.001528889,0.000922826,0.001314173,0.002600589,0.002866258,0.002369638
862,5.04E-05,0.00099554,0.001507706,0.001507706,0.001242805,0.000375487,0.001565813,0.000946527,0.000905983,0.001256461,0.000806348,0.000729108,0.001508582,0.00090547,0.002577589,0.001594226,0.001516814,0.000925478,0.001309369,0.00258274,0.00285702,0.002374029
863,5.55E-05,0.000993832,0.001509549,0.001509549,0.001246423,0.000379013,0.001571432,0.000944258,0.000910613,0.001254439,0.000800647,0.000724779,0.001514206,0.00091349,0.002578999,0.001591836,0.001519868,0.000932624,0.001309698,0.002581117,0.002849866,0.00238144
864,5.03E-05,0.000992954,0.001520294,0.001520294,0.001253325,0.000383137,0.001583635,0.00094056,0.000911133,0.001252189,0.000791515,0.000716868,0.001509174,0.000911776,0.002580855,0.001581963,0.001503664,0.000935574,0.001299872,0.002567947,0.002820587,0.002362347
865,4.37E-05,0.000997352,0.001530369,0.001530369,0.001257155,0.000386018,0.001594178,0.000939905,0.000902305,0.001249507,0.000790126,0.000710332,0.001500144,0.000900155,0.002573349,0.001569859,0.001483549,0.000925863,0.001285768,0.002546562,0.00280986,0.002338181
866,4.75E-05,0.001000919,0.001531542,0.001531542,0.001257702,0.000388301,0.001598138,0.00094068,0.000897587,0.001247053,0.000792168,0.000707379,0.001501769,0.000898268,0.002565396,0.001565236,0.001482692,0.000920348,0.00128182,0.002536724,0.00282126,0.002340518
867,5.45E-05,0.000999932,0.001525559,0.001525559,0.001259904,0.000394524,0.001600939,0.000932325,0.000893515,0.001240818,0.000789462,0.000703676,0.001503348,0.000901963,0.002556352,0.001554076,0.001467285,0.000916899,0.001276389,0.00252545,0.002793552,0.002310453
868,5.95E-05,0.001002542,0.001524636,0.001524636,0.001263991,0.00039914,0.00160542,0.000922424,0.000891191,0.001235733,0.000783897,0.000698997,0.00149675,0.000905603,0.002546521,0.001543432,0.001456735,0.0009093,0.001275454,0.002521681,0.002749668,0.002289078
869,6.13E-05,0.001009706,0.001530869,0.001530869,0.001266422,0.000399816,0.001611059,0.000921653,0.000888221,0.001234428,0.00078308,0.000695069,0.001490197,0.000903661,0.002537781,0.001539325,0.001460737,0.000899636,0.001276001,0.002519348,0.002744891,0.002300105
870,5.84E-05,0.001006475,0.001540136,0.001540136,0.001269832,0.000404744,0.00161624,0.000915798,0.000884721,0.001233485,0.00077605,0.000694617,0.001482016,0.000896562,0.002530645,0.001539735,0.001447791,0.00089772,0.001267664,0.002499422,0.002715305,0.0023038
871,5.14E-05,0.000997307,0.001547495,0.001547495,0.00127458,0.000411283,0.001621304,0.000911697,0.000882071,0.001241849,0.000770481,0.000692083,0.001480516,0.000894297,0.002519778,0.001534863,0.001423402,0.000896841,0.001253351,0.002476424,0.002687111,0.002273529
872,4.89E-05,0.000998532,0.00155182,0.00155182,0.001278348,0.000413572,0.001626824,0.000912679,0.000879952,0.001249853,0.000771125,0.000686073,0.001480646,0.000897189,0.002507305,0.001525473,0.001415959,0.000888214,0.001247922,0.002471019,0.002683726,0.002250589
873,6.40E-05,0.00099898,0.001554122,0.001554122,0.001284374,0.00042577,0.001633708,0.000905438,0.000888041,0.001239454,0.00076302,0.000689755,0.001475198,0.000893646,0.002492118,0.001503343,0.001401443,0.000879009,0.001230647,0.002451972,0.002669402,0.002248293
874,7.58E-05,0.001004601,0.00155579,0.00155579,0.001291507,0.000434461,0.001641346,0.000893944,0.000894641,0.001219836,0.000752129,0.000694334,0.001468391,0.000888739,0.002486697,0.001488976,0.001398175,0.000873867,0.00122278,0.002430898,0.002630316,0.002258035
875,7.01E-05,0.001011,0.001559479,0.001559479,0.001296383,0.000433244,0.001647623,0.000890675,0.000891034,0.001218621,0.000749986,0.000689221,0.001467163,0.000890267,0.002483991,0.001487348,0.001401981,0.000869303,0.001226758,0.002423466,0.002602168,0.002247133
876,7.56E-05,0.001010228,0.00155631,0.00155631,0.001301207,0.00043431,0.001656571,0.00088644,0.00087979,0.001214495,0.000747139,0.000670661,0.001470061,0.000893422,0.002472365,0.001472969,0.00138244,0.000862172,0.00120878,0.002397447,0.002610274,0.002212173
877,8.77E-05,0.001005493,0.001558368,0.001558368,0.001305336,0.00044229,0.001662648,0.000879568,0.00087018,0.001213396,0.000735354,0.000659405,0.001467942,0.000895569,0.002455351,0.00146292,0.001361622,0.000857512,0.001190899,0.002374019,0.002615743,0.002196645
878,8.86E-05,0.001007928,0.001567285,0.001567285,0.001309516,0.000447986,0.001666054,0.000873661,0.000868206,0.001215208,0.000724272,0.000661595,0.001461696,0.000896088,0.002447256,0.001465623,0.001364151,0.00085542,0.001194974,0.002369177,0.002584959,0.002205175
879,8.83E-05,0.001015602,0.001578094,0.001578094,0.001316362,0.000460921,0.001673526,0.000877839,0.000862414,0.001213731,0.000716709,0.000665561,0.001459782,0.000888159,0.00244451,0.001453754,0.00136266,0.000853614,0.001190004,0.002350464,0.002533641,0.002191704
880,9.13E-05,0.001018984,0.001579165,0.001579165,0.001324769,0.000468299,0.001680646,0.000879772,0.000860996,0.001200343,0.000721426,0.000659101,0.00145338,0.000883082,0.002434868,0.001435853,0.001347655,0.000848778,0.001171897,0.002333954,0.002503742,0.002174198
881,9.54E-05,0.001017128,0.001578343,0.001578343,0.001330511,0.000468437,0.001683699,0.000871618,0.000863396,0.001190245,0.000722625,0.000650867,0.001442646,0.000886454,0.002419877,0.001432524,0.001336673,0.000843656,0.001162835,0.002331314,0.002494375,0.002178693
882,0.000101742,0.00102398,0.001583936,0.001583936,0.001342024,0.000480969,0.001697542,0.000857916,0.000866925,0.001183711,0.000724113,0.000648686,0.001438708,0.000887132,0.002400261,0.001420489,0.001308873,0.00083338,0.001157637,0.002319032,0.002478194,0.002166941
883,0.000103014,0.001030782,0.001590732,0.001590732,0.001347136,0.000493095,0.001711159,0.000849868,0.000869845,0.001189149,0.00071626,0.000655024,0.001433309,0.000881179,0.002382906,0.001419055,0.00128353,0.00083896,0.001154869,0.002287959,0.002466349,0.00214152
884,0.000102084,0.001028876,0.001591115,0.001591115,0.001346476,0.000492826,0.001713986,0.000847368,0.000871635,0.001191023,0.000708117,0.000655308,0.001421113,0.000877919,0.002370177,0.001426329,0.001275002,0.000849694,0.001148238,0.002266528,0.002461317,0.002132345
885,0.000103888,0.001027344,0.001603918,0.001603918,0.001346108,0.000493324,0.001717629,0.00084448,0.000862308,0.001191556,0.000702588,0.000649811,0.001407145,0.000872718,0.002354479,0.00141224,0.001269661,0.000852298,0.001130131,0.002240834,0.002443779,0.002119926
886,0.000106623,0.001027719,0.00161634,0.00161634,0.0013464,0.00049409,0.001718446,0.000844091,0.00085119,0.001190215,0.000705202,0.000644029,0.001405373,0.000870775,0.00235151,0.001390877,0.001272846,0.000844169,0.001118653,0.002236572,0.002431273,0.002116681
887,0.000117326,0.001026556,0.001616727,0.001616727,0.001352815,0.000504001,0.001726361,0.000847479,0.000861697,0.001188863,0.000709214,0.000634886,0.001410354,0.000870127,0.002343896,0.001372886,0.001270281,0.000821191,0.001112385,0.002228649,0.002398765,0.002073893
888,0.000135334,0.001037826,0.001610707,0.001610707,0.00135958,0.000521342,0.001736087,0.000848337,0.000870227,0.00119143,0.000696408,0.000635915,0.001414762,0.000868848,0.002334276,0.001366597,0.001256068,0.000804943,0.001113004,0.002215273,0.002379471,0.002055679
889,0.000145375,0.001050634,0.001616721,0.001616721,0.001360222,0.000529538,0.001738714,0.000845419,0.000857132,0.001194009,0.000682205,0.000640304,0.001412416,0.000866274,0.0023293,0.001356938,0.001247605,0.000803542,0.001108415,0.002205556,0.002380181,0.002077008
890,0.00014905,0.001054862,0.001630889,0.001630889,0.001374786,0.000549523,0.001750972,0.00084591,0.000852055,0.001182936,0.000686803,0.000633247,0.001390638,0.000865243,0.002319751,0.001359329,0.001246035,0.000809354,0.001103891,0.002176899,0.002365675,0.002066358
891,0.00015982,0.001049152,0.001641813,0.001641813,0.001392408,0.000575462,0.001766208,0.000845876,0.000861997,0.001167287,0.000692861,0.000628534,0.00136051,0.000857752,0.002294131,0.001354633,0.001245206,0.000814925,0.001098485,0.002128913,0.002334923,0.00200521
892,0.000176955,0.001052022,0.001644583,0.001644583,0.001396109,0.000589614,0.001771812,0.000842434,0.000863921,0.001165291,0.000680117,0.000635268,0.001349813,0.000848719,0.002273083,0.001337887,0.001237484,0.000813284,0.001093013,0.002099867,0.002319387,0.001976041
893,0.000208922,0.001106756,0.001660932,0.001660932,0.00140364,0.000630837,0.001796219,0.000843623,0.000885536,0.001156545,0.000684398,0.000642424,0.001325947,0.000844744,0.002239345,0.001329304,0.001232217,0.000807365,0.001080869,0.002040313,0.002320976,0.001908064
894,0.000248028,0.001162916,0.001679562,0.001679562,0.001404317,0.000679104,0.001822533,0.000841005,0.000891914,0.001158285,0.000699556,0.000631301,0.001290365,0.00084554,0.002213507,0.001343475,0.001249181,0.000806988,0.001085255,0.001979432,0.00233841,0.001865928
895,0.000272303,0.001167211,0.001684613,0.001684613,0.001401166,0.0007003,0.001830044,0.000833755,0.000878601,0.001166776,0.000697692,0.000619756,0.001267953,0.000841279,0.002200359,0.001349484,0.001263692,0.000810888,0.001096314,0.001949059,0.00233872,0.001862601
896,0.000327268,0.001197411,0.001705908,0.001705908,0.001419012,0.000740148,0.001842187,0.000825725,0.000867967,0.001170032,0.000693579,0.000614106,0.00124409,0.000830395,0.002178309,0.001341178,0.001252827,0.00082833,0.001076672,0.001955825,0.002356557,0.001875539
897,0.000375033,0.001219192,0.001727627,0.001727627,0.001443281,0.000776741,0.001845456,0.000833656,0.000871566,0.001170011,0.000679519,0.000625573,0.001236245,0.000826419,0.002157538,0.001328684,0.001228205,0.00082638,0.001057247,0.001951537,0.002355375,0.00187531
898,0.000392108,0.001215069,0.001733103,0.001733103,0.001446552,0.000794682,0.001844094,0.000842368,0.000872485,0.001175224,0.000667707,0.000631147,0.001229852,0.000829064,0.002145668,0.001330504,0.001228958,0.000810888,0.001068522,0.001910111,0.002336665,0.001858817
899,0.000435939,0.001242403,0.001742822,0.001742822,0.001449852,0.000827989,0.001863009,0.000865976,0.00089137,0.001174328,0.000654604,0.000632256,0.001214254,0.000842068,0.002112358,0.001330042,0.001242143,0.000787145,0.001051696,0.001914415,0.002311525,0.001824558
900,0.000451692,0.001255948,0.001744733,0.001744733,0.00144966,0.000844227,0.001875906,0.000848312,0.000904767,0.001180306,0.000664451,0.000626615,0.001182599,0.00083923,0.002087425,0.001315178,0.001225643,0.000781965,0.001020671,0.00193576,0.0022925,0.001791801
901,0.00044069,0.001238034,0.001742399,0.001742399,0.001449439,0.000845101,0.001868524,0.00081575,0.000900198,0.001192393,0.00067559,0.000625438,0.00116015,0.000826033,0.002083931,0.001302596,0.001196712,0.000785036,0.001017748,0.001911374,0.002279905,0.001776811
902,0.000438051,0.001218355,0.001734012,0.001734012,0.001465971,0.000820242,0.001859745,0.000805054,0.000888556,0.001202417,0.000672091,0.000637344,0.001141931,0.000814197,0.002071769,0.0012797,0.001193444,0.000764785,0.001016986,0.00190516,0.002217534,0.001778855
903,0.000437515,0.001217331,0.001724518,0.001724518,0.001484124,0.00081254,0.001862846,0.000821139,0.000878334,0.001184817,0.000642136,0.000626653,0.001138053,0.000827454,0.0020648,0.001268544,0.001203961,0.000755913,0.001007395,0.001919281,0.002166203,0.001797472
904,0.000428616,0.001218072,0.001721079,0.001721079,0.001485524,0.000830571,0.001867344,0.000815357,0.000875185,0.001169281,0.000626819,0.000602879,0.001129943,0.000839349,0.002066501,0.001267703,0.001188815,0.000770363,0.000995643,0.00191523,0.002164649,0.001799055
905,0.000480406,0.00127054,0.001734201,0.001734201,0.001505644,0.000877109,0.001902301,0.000796142,0.000912559,0.001145516,0.000629813,0.000607245,0.001109193,0.00084953,0.002061477,0.001287559,0.001188557,0.000791878,0.000995839,0.001861106,0.002188631,0.001752459
906,0.000519048,0.001321279,0.001761302,0.001761302,0.001515956,0.000931507,0.001940664,0.000795526,0.000917312,0.00115387,0.000642804,0.000634112,0.001095608,0.000838552,0.00206894,0.001296174,0.001179088,0.000779234,0.000990145,0.001827623,0.002185309,0.001715861
907,0.000497001,0.001320291,0.001771842,0.001771842,0.001507549,0.000957398,0.001948569,0.000808345,0.000881541,0.001170455,0.000637483,0.00063284,0.001094663,0.000829288,0.002083127,0.001284092,0.00115473,0.000759524,0.000972503,0.001844212,0.002156451,0.001727442
908,0.000522961,0.00129862,0.001789314,0.001789314,0.001511695,0.000987926,0.001953433,0.000819697,0.000883732,0.001195102,0.00064625,0.000624195,0.00107391,0.000822845,0.002063744,0.001285667,0.00115582,0.000763269,0.000980163,0.001854667,0.00214893,0.001749708
909,0.000585162,0.001298435,0.001791798,0.001791798,0.001531521,0.00098684,0.001957303,0.000816855,0.000918124,0.001203744,0.000632527,0.000612996,0.001056153,0.000819812,0.002026458,0.001275799,0.001160513,0.000769103,0.000990112,0.001852436,0.0021547,0.001717644
910,0.000599356,0.001318933,0.00178735,0.00178735,0.001538794,0.000981116,0.001964213,0.00081548,0.000914555,0.001204324,0.000604716,0.000609172,0.001058204,0.000813957,0.00202274,0.001252276,0.001139758,0.000751481,0.000974759,0.00185634,0.002139133,0.001674896
911,0.000603441,0.001355175,0.001795847,0.001795847,0.001551998,0.000995382,0.002001962,0.000827724,0.0009067,0.00118822,0.000614034,0.000607199,0.001066036,0.000795653,0.001986968,0.001257482,0.001114994,0.000735983,0.000940653,0.001811874,0.00210649,0.001649957
912,0.000603187,0.001361742,0.001818256,0.001818256,0.001559425,0.001023345,0.00201841,0.000834829,0.000913293,0.001167219,0.000639742,0.000603394,0.001063307,0.00079591,0.001962295,0.001267442,0.001119919,0.00073084,0.000929014,0.001773243,0.002072716,0.001653463
913,0.000613041,0.001352565,0.001827721,0.001827721,0.001560921,0.001031319,0.002004019,0.000828316,0.000924172,0.001162901,0.000628321,0.000597737,0.001054795,0.000808617,0.001969677,0.001248672,0.001128853,0.000723574,0.000936128,0.001782984,0.002056018,0.001639159
914,0.000624425,0.001358802,0.001823954,0.001823954,0.001559183,0.001049061,0.002000701,0.000804656,0.000902683,0.001158952,0.000602939,0.000597533,0.001030648,0.000818178,0.00198895,0.001232658,0.001125959,0.000730339,0.000950602,0.00176645,0.002073039,0.001577848
915,0.000625219,0.001370614,0.001822474,0.001822474,0.001561791,0.001064733,0.002014545,0.000798345,0.000900605,0.001179919,0.000596129,0.000578763,0.000990053,0.000808248,0.001964505,0.001216132,0.001097674,0.00074557,0.000935165,0.001720895,0.002061789,0.001585561
916,0.000624482,0.001367011,0.001834225,0.001834225,0.001567634,0.001070637,0.002017316,0.000809181,0.000930894,0.001200518,0.000603281,0.000554541,0.000965093,0.000801465,0.001928169,0.001196849,0.001081215,0.00074677,0.000912368,0.001701615,0.00201682,0.001640281
917,0.00060065,0.001339421,0.001840263,0.001840263,0.001579938,0.001061981,0.002022324,0.000819286,0.000922284,0.001180218,0.000577993,0.00056623,0.000992479,0.000775507,0.00186976,0.001183087,0.001063838,0.000710285,0.000897064,0.00169157,0.001975629,0.001666071
918,0.000564161,0.001307961,0.001840796,0.001840796,0.00158938,0.001038463,0.002032482,0.000807971,0.000869855,0.001131467,0.000556403,0.000600604,0.001038556,0.000755374,0.001871952,0.001175033,0.001025881,0.000684484,0.000889305,0.001700396,0.001893124,0.001644377
919,0.000550768,0.001300487,0.001847042,0.001847042,0.001592361,0.001029504,0.002040403,0.000797388,0.000856325,0.001123615,0.000567253,0.000599066,0.001032287,0.000754417,0.001896215,0.001161458,0.000988841,0.000696368,0.000874051,0.001699987,0.001806843,0.001651612
920,0.000531952,0.001289528,0.001847703,0.001847703,0.001613643,0.001038889,0.002041031,0.000753616,0.000808002,0.001122755,0.000567132,0.000544973,0.001025549,0.000760794,0.001895761,0.00112728,0.001013957,0.000699705,0.000866528,0.001704067,0.001802381,0.001651241
921,0.000557647,0.001292418,0.001849256,0.001849256,0.001634758,0.001054416,0.002050472,0.000720703,0.000815037,0.001128516,0.000567836,0.000508345,0.001039098,0.000777363,0.001879119,0.001115011,0.001021384,0.000699761,0.00086484,0.001674056,0.001844918,0.001574109
922,0.000588766,0.001298795,0.001856394,0.001856394,0.001637572,0.001051599,0.002067206,0.000720979,0.000856864,0.001127285,0.000579512,0.000524271,0.001053116,0.000786598,0.001887195,0.001123345,0.000966655,0.000708363,0.000855422,0.001639554,0.001805636,0.001504582
923,0.000586931,0.001311734,0.00186057,0.00186057,0.001635376,0.001079268,0.002106611,0.000731718,0.000882015,0.00113276,0.000574366,0.000541391,0.001000908,0.000756111,0.001880592,0.001128516,0.000935096,0.000713699,0.000851864,0.001584403,0.001807549,0.00140976
924,0.000567908,0.001332709,0.001863483,0.001863483,0.001647533,0.001103765,0.002126552,0.000733188,0.00085346,0.001133785,0.000523878,0.000536611,0.00094937,0.000722261,0.00184977,0.001127963,0.000953191,0.000698443,0.000839826,0.001565371,0.001797835,0.001434243
925,0.000581838,0.001347122,0.001869358,0.001869358,0.001664699,0.001097776,0.002123822,0.000724197,0.000841582,0.001128104,0.000490211,0.000530638,0.000964059,0.000728133,0.001833628,0.001130572,0.000948117,0.000686454,0.000821927,0.001566987,0.001746926,0.001484021
926,0.000654603,0.001390219,0.001889868,0.001889868,0.001675978,0.001121473,0.002150598,0.000762616,0.000868655,0.001119282,0.000509327,0.00052789,0.000989088,0.000756403,0.00185403,0.001106401,0.000976442,0.00069215,0.000808764,0.001573129,0.001884312,0.001526212
927,0.000728526,0.001431305,0.001930329,0.001930329,0.00168684,0.001186035,0.002188327,0.000804724,0.000920701,0.001121794,0.000543047,0.000547762,0.000963811,0.000750713,0.001852768,0.001075374,0.001014127,0.000703499,0.0008405,0.001564019,0.001964681,0.00153334
928,0.000743614,0.001443708,0.001956155,0.001956155,0.001703587,0.001220909,0.002196551,0.000799422,0.000933797,0.001127447,0.000523982,0.000564409,0.000928194,0.000722625,0.001814962,0.001071129,0.001018414,0.000697162,0.0008675,0.001550384,0.001856754,0.001548057
929,0.000779512,0.00149236,0.00201572,0.00201572,0.00170702,0.001305309,0.002269258,0.000753006,0.000942223,0.001179326,0.000561665,0.000580479,0.000887648,0.000714872,0.001876619,0.001146691,0.001101605,0.000690509,0.000884787,0.001625468,0.001976666,0.001467357
930,0.000836422,0.001549085,0.002075795,0.002075795,0.001711582,0.001381174,0.002340531,0.000736898,0.000930364,0.001231507,0.000675708,0.000576797,0.000940186,0.000736477,0.002043416,0.001244518,0.001181412,0.0007639,0.000914051,0.001793742,0.002188295,0.001452372
931,0.000872523,0.001569561,0.002102132,0.002102132,0.00172946,0.001407514,0.00234732,0.000761904,0.000923175,0.001237462,0.000733003,0.000573691,0.000997653,0.000737747,0.002110749,0.001262539,0.001182315,0.000837607,0.000953029,0.001873298,0.002172084,0.001532805
932,0.001008128,0.00163655,0.002163868,0.002163868,0.001740874,0.00142584,0.002374858,0.000845843,0.000981354,0.001203265,0.000786677,0.000686511,0.001055232,0.000835268,0.002196924,0.001281953,0.001258073,0.000932948,0.000998698,0.001935006,0.002272913,0.001684952
933,0.001096474,0.001691315,0.002189428,0.002189428,0.001749682,0.001430812,0.002360378,0.000830352,0.001018059,0.001163135,0.00073563,0.000759721,0.001044698,0.00089432,0.002244599,0.001310537,0.001303134,0.00090777,0.001050256,0.001947576,0.002341848,0.001746118
934,0.001085314,0.001699567,0.002179588,0.002179588,0.001764955,0.001443798,0.00232515,0.000755929,0.000989394,0.001163157,0.000688203,0.000717003,0.001034052,0.00085712,0.002273433,0.001337725,0.001273339,0.00086096,0.001095123,0.001977992,0.002293743,0.001735569
935,0.001181914,0.001707683,0.002199513,0.002199513,0.001768346,0.001506182,0.002338216,0.000694866,0.00117932,0.001183257,0.000748144,0.000690265,0.000944493,0.000896185,0.002215239,0.001346935,0.001382082,0.00080307,0.001072913,0.002119988,0.002361408,0.001880216
936,0.001277607,0.001738805,0.002205861,0.002205861,0.001777127,0.001552946,0.002333172,0.000790968,0.001264737,0.001215704,0.000808655,0.000730928,0.000923857,0.000977071,0.002068778,0.001309911,0.001442501,0.000801258,0.000985808,0.002098922,0.002405972,0.001962569
937,0.00126554,0.001770062,0.002182446,0.002182446,0.001797789,0.001550312,0.002279833,0.000873709,0.001131562,0.001228071,0.000761797,0.000755611,0.000982135,0.000981694,0.002009345,0.001290866,0.001364381,0.000810525,0.00096578,0.001966277,0.002334767,0.001889726
938,0.00118669,0.00174369,0.002104146,0.002104146,0.001781639,0.001549181,0.002239831,0.000913856,0.001093161,0.001200955,0.000695569,0.000695569,0.000983628,0.000921781,0.001948407,0.001254202,0.001231423,0.000830341,0.000922192,0.001874802,0.002099396,0.001768027
939,0.001207659,0.001731574,0.002053506,0.002053506,0.00176754,0.001598005,0.002265463,0.000862577,0.001127394,0.001171461,0.000689236,0.000624135,0.000926467,0.000874623,0.002090391,0.00126051,0.001196362,0.000803123,0.000885479,0.001970772,0.002046756,0.001744077
940,0.001295412,0.001777088,0.002057751,0.002057751,0.001790253,0.001645325,0.002277757,0.000853892,0.001066853,0.00118145,0.000702273,0.000637425,0.000926091,0.000892001,0.002233877,0.001284439,0.001216138,0.000765356,0.000872324,0.002025574,0.002158282,0.001768985
941,0.001370614,0.001784144,0.002102054,0.002102054,0.001851307,0.001699062,0.002396495,0.000900988,0.001074877,0.001279123,0.000806509,0.000688893,0.000969051,0.000977084,0.002412305,0.001249917,0.001264459,0.000824343,0.000919953,0.002057066,0.002216725,0.001808285
942,0.001358173,0.001769188,0.002162216,0.002162216,0.001883722,0.001732706,0.002471845,0.00093249,0.001229148,0.00132262,0.00075589,0.000753926,0.001007674,0.001034322,0.00235349,0.001280668,0.001280473,0.000909714,0.000987031,0.002114241,0.002220085,0.001794037
943,0.001358283,0.001792688,0.00218232,0.00218232,0.001877797,0.001759935,0.002440753,0.00090821,0.001314855,0.001278433,0.000614072,0.000780781,0.001002961,0.001023855,0.002259734,0.001369869,0.001267943,0.00089833,0.000993326,0.002194725,0.002276527,0.001765396
944,0.001416462,0.001849265,0.002150457,0.002150457,0.001839233,0.001817985,0.002432976,0.000807813,0.001157469,0.001211194,0.000619338,0.000811287,0.000952371,0.001042246,0.002077996,0.001416808,0.001346156,0.000815275,0.000947198,0.00227369,0.002255581,0.001899663
945,0.001477108,0.001866437,0.002127101,0.002127101,0.001854834,0.00181107,0.002476036,0.000743282,0.001058461,0.001240233,0.000731249,0.000775341,0.000869524,0.001026469,0.002031435,0.001381284,0.00133699,0.000818271,0.000890588,0.002137531,0.002331354,0.002018107
946,0.001479686,0.001850533,0.002155712,0.002155712,0.001903073,0.001773332,0.00249578,0.000754868,0.001202547,0.001292325,0.000696074,0.000735743,0.000832553,0.000981833,0.002072857,0.001388021,0.00123708,0.000892939,0.000886402,0.002002891,0.002484515,0.001973644
947,0.001484866,0.001873107,0.002158961,0.002158961,0.001906174,0.001727677,0.00248794,0.000820567,0.001132274,0.001340833,0.000695892,0.000658184,0.00087305,0.00096554,0.002154002,0.001390546,0.001278828,0.000847395,0.000965359,0.00205502,0.002118511,0.002003076
948,0.001466897,0.001868963,0.002143344,0.002143344,0.00189607,0.001746796,0.002432109,0.000907466,0.000969031,0.001279478,0.00068575,0.000653663,0.000888934,0.000903234,0.002200741,0.001306801,0.001312421,0.000717491,0.000995428,0.002096545,0.001893119,0.001920177
949,0.001446325,0.001826341,0.002153089,0.002153089,0.001931106,0.001773832,0.002403862,0.000940252,0.001020148,0.001221707,0.000640614,0.000687104,0.00082735,0.000812586,0.002207755,0.001227266,0.001204357,0.000707799,0.000942353,0.001951301,0.002186892,0.001763382
950,0.00137316,0.001823453,0.002157253,0.002157253,0.001926514,0.001830283,0.002369533,0.000883657,0.001026369,0.001265922,0.000670629,0.000681235,0.000765258,0.000787703,0.002098369,0.001249984,0.00126185,0.000791036,0.000882965,0.001867242,0.002337754,0.00173361
951,0.001332506,0.001835407,0.002166782,0.002166782,0.001898448,0.001836782,0.00237818,0.000859177,0.001021268,0.001339904,0.000662973,0.000610713,0.000815159,0.000926853,0.001932132,0.001336848,0.001357223,0.000861195,0.000867746,0.001982666,0.002188101,0.001785016
952,0.001344444,0.001807627,0.002181893,0.002181893,0.001910009,0.001813866,0.002392909,0.00092408,0.001061062,0.0013119,0.000580166,0.000579501,0.000865568,0.001000237,0.001882296,0.00132146,0.001287039,0.000838426,0.00085884,0.002036905,0.002181359,0.001709399
953,0.001392752,0.001747801,0.002183299,0.002183299,0.001922766,0.001799836,0.002449456,0.000900453,0.0010349,0.001271997,0.000601953,0.000590984,0.000893059,0.000911896,0.001951922,0.001283122,0.001224675,0.000782862,0.000915254,0.002113501,0.001976906,0.001572848
954,0.001407765,0.001759558,0.002166384,0.002166384,0.001939155,0.001795027,0.002528341,0.00076502,0.001028978,0.001290724,0.000639443,0.000629958,0.000853917,0.000807804,0.00194798,0.001191891,0.00121257,0.000766838,0.000866508,0.0020634,0.001908649,0.001528594
955,0.00138641,0.001803361,0.002163172,0.002163172,0.001954348,0.001781331,0.002565409,0.000718116,0.001089011,0.001321351,0.000572339,0.000626237,0.000837692,0.000865438,0.001824578,0.001123611,0.001192643,0.000783609,0.000752443,0.00199094,0.002038102,0.001545276
956,0.001245084,0.001859114,0.002182815,0.002182815,0.001991135,0.001769805,0.002536863,0.000668967,0.001072411,0.001216822,0.000608079,0.000587665,0.000825715,0.000830586,0.001830172,0.001075658,0.001159614,0.000784387,0.00082676,0.001925019,0.001738199,0.001572856
957,0.001213931,0.001845358,0.002183073,0.002183073,0.001996385,0.001773733,0.00247742,0.000710305,0.00094848,0.001091471,0.000680201,0.000587767,0.000814371,0.000763311,0.001915888,0.001110337,0.001107051,0.000774341,0.000921219,0.001791523,0.001504626,0.001520809
958,0.001302748,0.001819652,0.002160476,0.002160476,0.001980041,0.001775492,0.002483589,0.000753888,0.000901182,0.001101276,0.000649482,0.00062272,0.000798779,0.000788521,0.001872608,0.00112469,0.001067591,0.000780288,0.000827297,0.001651489,0.001700408,0.001457863
959,0.00131203,0.001786694,0.00216125,0.00216125,0.001918375,0.00177099,0.002511866,0.000803363,0.00095004,0.001168156,0.000562006,0.000632204,0.000778225,0.000877879,0.001772472,0.001210723,0.001061583,0.000833545,0.000709888,0.001576163,0.001829837,0.001497558
960,0.001279483,0.001757656,0.002187611,0.002187611,0.001912662,0.001773489,0.002544137,0.000794402,0.001051656,0.001184839,0.000465199,0.000583476,0.000767198,0.000917014,0.001670358,0.001204096,0.00111777,0.000795598,0.000745217,0.001693641,0.001746176,0.001509098
961,0.001326469,0.001735869,0.002190601,0.002190601,0.00195227,0.001782249,0.002554299,0.00077955,0.001057117,0.001144446,0.000425149,0.000560218,0.000761133,0.000892002,0.001625101,0.001125788,0.001140504,0.000710342,0.000804032,0.001746412,0.001728868,0.001417995
962,0.001251412,0.00165369,0.002213376,0.002213376,0.001981834,0.001726477,0.002536578,0.000731952,0.001003007,0.001173538,0.000476588,0.000542246,0.00083724,0.000883782,0.001695529,0.001030498,0.001123387,0.000645799,0.000769793,0.001556857,0.00163783,0.001126779
963,0.001133673,0.001617711,0.002217061,0.002217061,0.001998622,0.001686,0.002499601,0.000697865,0.000977129,0.001190524,0.000573835,0.00052915,0.000877831,0.000849096,0.001858924,0.001020405,0.000996845,0.000677136,0.000671949,0.001395426,0.001633668,0.001146794
964,0.001137977,0.001642123,0.00220096,0.00220096,0.002025456,0.001710055,0.002490508,0.000696523,0.001010822,0.001138026,0.000579592,0.000510768,0.000836249,0.000797618,0.001906634,0.001027294,0.000910154,0.00068776,0.00066716,0.00147632,0.001703236,0.001366923
965,0.001097388,0.001649221,0.002176041,0.002176041,0.002037489,0.001689828,0.00247733,0.000702463,0.001011565,0.001142981,0.000486045,0.000448669,0.000779727,0.00075398,0.001734182,0.000973277,0.000823581,0.000662658,0.000593927,0.001457394,0.001742205,0.001474783
966,0.001023297,0.001596289,0.002145097,0.002145097,0.002009956,0.001620765,0.002482367,0.000657492,0.000931384,0.00121403,0.00036289,0.000435763,0.00083117,0.000768527,0.001531245,0.000902809,0.000816852,0.000617152,0.000588277,0.001360622,0.00162979,0.001335926
967,0.000994099,0.001560672,0.002122971,0.002122971,0.001997224,0.001595984,0.002491487,0.00060524,0.000884153,0.001227624,0.000339041,0.000466573,0.000897553,0.000775235,0.00154847,0.000893247,0.000810006,0.000607371,0.000651071,0.00136367,0.001547975,0.001309338
968,0.000955495,0.001520707,0.002101904,0.002101904,0.002019093,0.001553188,0.002504915,0.00053276,0.000926795,0.00118343,0.000385363,0.000496621,0.00085878,0.000779264,0.001563792,0.000885187,0.000851785,0.000592064,0.000646478,0.001321564,0.001225426,0.00121534
969,0.000919042,0.001506581,0.002129202,0.002129202,0.002056241,0.001538506,0.00253437,0.000572289,0.00096571,0.001104639,0.000422705,0.00046294,0.000802948,0.00076147,0.001529841,0.000873959,0.000858579,0.000603903,0.000576786,0.00131403,0.001116227,0.00123316
970,0.000891997,0.001496802,0.00215544,0.00215544,0.002058788,0.001541838,0.002559516,0.000632043,0.00091475,0.001083635,0.000389876,0.000430023,0.000852273,0.000746355,0.001497794,0.000861229,0.000816749,0.000621268,0.00057448,0.001351649,0.00124776,0.001318389
971,0.000824392,0.00149573,0.002170559,0.002170559,0.002088568,0.001556052,0.002586403,0.000602796,0.000819631,0.001077097,0.00038342,0.000381585,0.000903782,0.000735931,0.001541609,0.000885949,0.000802907,0.000641569,0.000508579,0.001354936,0.001313295,0.001345137
972,0.000830777,0.001512391,0.00219033,0.00219033,0.002097109,0.001578818,0.00260309,0.000555713,0.000806692,0.001085623,0.000424895,0.000394477,0.000887227,0.000752511,0.001641702,0.000880181,0.000805729,0.000639941,0.000525985,0.00129705,0.001260967,0.001258234
973,0.000877722,0.001520346,0.00222122,0.00222122,0.002078416,0.001590704,0.002618036,0.000597632,0.000837913,0.001079683,0.000439995,0.00042289,0.000868487,0.0007644,0.001665932,0.000836964,0.000780563,0.000635376,0.000606985,0.001273497,0.001274636,0.001229813
974,0.000932012,0.001536195,0.002273696,0.002273696,0.002070284,0.00163211,0.002663696,0.000557528,0.000869864,0.001061692,0.000452475,0.000501973,0.000819996,0.000739094,0.001654945,0.000850094,0.000743381,0.000641555,0.000569839,0.001283877,0.001270802,0.00114613
975,0.000885441,0.001556752,0.002270628,0.002270628,0.002087144,0.001639475,0.00269556,0.000553142,0.000876421,0.0010515,0.000434808,0.000509691,0.000840982,0.000690387,0.001630398,0.000885539,0.000726128,0.00065565,0.000547121,0.001271067,0.001255013,0.001145762
976,0.000831525,0.001569415,0.002245974,0.002245974,0.002093445,0.001617319,0.00269671,0.00063078,0.000882246,0.001053358,0.000419761,0.000466738,0.00089172,0.000678875,0.001641069,0.000864638,0.000720891,0.000659003,0.000642549,0.001224325,0.001256726,0.001200655
977,0.000805967,0.001547195,0.002245868,0.002245868,0.002103994,0.001586026,0.002649621,0.000656268,0.000940108,0.001079338,0.000406187,0.000458558,0.000889875,0.000744626,0.001583358,0.000817436,0.0007336,0.000609757,0.000709252,0.001181295,0.001199496,0.001251677
978,0.000830831,0.001491196,0.002283248,0.002283248,0.002124401,0.001589937,0.002599481,0.000609905,0.000961831,0.001092741,0.000398439,0.000448095,0.000858884,0.000790437,0.001567655,0.000827699,0.000729203,0.00057493,0.000650968,0.001259086,0.001243885,0.001279086
979,0.000827337,0.001470079,0.002296081,0.002296081,0.00214056,0.001602986,0.002597579,0.000615692,0.000931519,0.001082023,0.000389217,0.00040286,0.000880474,0.000758985,0.001620336,0.000864265,0.000706858,0.000592703,0.000621409,0.001333165,0.001347219,0.001310366
979,0.000823842,0.001448962,0.002308913,0.002308913,0.002156719,0.001616035,0.002595677,0.00062148,0.000901207,0.001071306,0.000379995,0.000357624,0.000902064,0.000727533,0.001673017,0.00090083,0.000684514,0.000610476,0.00059185,0.001407243,0.001450553,0.001341646
980,0.000744245,0.001433516,0.002273484,0.002273484,0.002144218,0.001601453,0.002608235,0.000671523,0.000929767,0.001061122,0.000394088,0.000374086,0.00086797,0.00074406,0.00161579,0.000896033,0.000726981,0.000569195,0.00060148,0.001307026,0.001326186,0.001205861
981,0.000695256,0.001409088,0.002261019,0.002261019,0.002130044,0.001589261,0.002673767,0.000673741,0.000914805,0.001089372,0.000347315,0.000480766,0.000904919,0.000787682,0.001563372,0.000944224,0.000796298,0.00054599,0.000615727,0.001229423,0.001249845,0.001159887
982,0.000721262,0.001452508,0.00228308,0.00228308,0.002132865,0.001597908,0.002713441,0.000604769,0.000859948,0.001117444,0.00032352,0.00053796,0.000972959,0.000805077,0.001633055,0.000968031,0.000793461,0.000595607,0.000653386,0.001243188,0.001267486,0.001327207
983,0.000716659,0.00150491,0.002282176,0.002282176,0.002137359,0.001604165,0.00270014,0.000583621,0.000848614,0.001107082,0.00036059,0.000504935,0.000969954,0.000795375,0.001697929,0.000938848,0.000763774,0.000627148,0.000686429,0.001234341,0.0012371,0.001404717
984,0.000791672,0.001446276,0.002294109,0.002294109,0.002137881,0.001567497,0.002686092,0.000545612,0.000887417,0.001085441,0.000433851,0.000495008,0.00096659,0.000798069,0.001749134,0.000947491,0.000782808,0.000607675,0.000671079,0.00130423,0.00140435,0.001472966
985,0.00078753,0.001379457,0.002323249,0.002323249,0.002143009,0.001534408,0.002738782,0.000528916,0.000980411,0.001017865,0.000443166,0.000513079,0.001004602,0.000785762,0.001729048,0.000959756,0.00077717,0.000515056,0.000631475,0.001416103,0.001444473,0.001445109
986,0.000703773,0.001423674,0.002339551,0.002339551,0.002152109,0.001544244,0.00279222,0.000529079,0.001023268,0.000961569,0.00041629,0.000508051,0.001042974,0.000761059,0.001722631,0.000934196,0.00072281,0.000473451,0.000640265,0.001449239,0.00128696,0.001426514
987,0.000657418,0.001429,0.002324703,0.002324703,0.002191827,0.001541659,0.002801586,0.000560204,0.000975293,0.000963592,0.000385455,0.000474304,0.001078893,0.000809907,0.001703617,0.000891637,0.000716619,0.000498085,0.000637996,0.001448032,0.001120212,0.001310931
988,0.0006762,0.001418076,0.002321286,0.002321286,0.002231931,0.001534218,0.0027649,0.000568568,0.000848426,0.001043305,0.000422408,0.000440437,0.001075858,0.000867131,0.00174058,0.000891589,0.000769617,0.00057684,0.000636537,0.001360373,0.001265238,0.001298933
989,0.000657579,0.001446043,0.00234902,0.00234902,0.002241418,0.001539197,0.002772284,0.000545972,0.000812391,0.001064698,0.000463318,0.000435288,0.001075275,0.000850805,0.001790139,0.00090854,0.000774447,0.000589357,0.000646136,0.001307057,0.001419501,0.001383924
990,0.000774896,0.001466482,0.00237341,0.00237341,0.002216546,0.001542554,0.002815314,0.000570745,0.000836082,0.001050233,0.00050382,0.000433444,0.001119706,0.000848643,0.001823087,0.000953486,0.000743639,0.000628184,0.000653972,0.001404955,0.001273353,0.001440141
991,0.000839502,0.001463664,0.002370808,0.002370808,0.002207194,0.001547672,0.002854774,0.000611001,0.0009196,0.001038245,0.000469566,0.000466792,0.001126876,0.000835427,0.001832979,0.000954777,0.000731442,0.00067807,0.000691121,0.001489452,0.001119758,0.001377651
992,0.000768169,0.001468374,0.00237155,0.00237155,0.002232202,0.001554412,0.002858588,0.000603888,0.000943391,0.001062117,0.000435722,0.000496834,0.001089033,0.000808046,0.001859483,0.000928073,0.000754881,0.000701646,0.000730032,0.001422736,0.001266574,0.001343937
993,0.000713296,0.001438748,0.002368138,0.002368138,0.002255381,0.00155006,0.002856228,0.00058906,0.000981655,0.001065288,0.000376185,0.000572654,0.001090977,0.000842951,0.001836502,0.000926186,0.000786235,0.000723619,0.000683865,0.001336553,0.001273804,0.001358141
994,0.000703344,0.001424504,0.002372579,0.002372579,0.002262906,0.001543795,0.002824797,0.000610822,0.000981035,0.001034911,0.000398248,0.000547319,0.001140352,0.000913125,0.001805398,0.000947281,0.000771517,0.000703462,0.000708887,0.001373464,0.001228387,0.001398431
995,0.000676933,0.001444596,0.002381173,0.002381173,0.002272259,0.001548622,0.002799541,0.000640298,0.000965944,0.001025235,0.000446003,0.000476207,0.001149939,0.000921013,0.001823779,0.000943558,0.000748884,0.000684908,0.000818988,0.001429842,0.001322556,0.001390804
996,0.000576032,0.00143035,0.002383698,0.002383698,0.002265423,0.001571383,0.002851759,0.000622324,0.000942909,0.001046038,0.000460361,0.000480142,0.001184783,0.000872395,0.001876832,0.000987351,0.000811842,0.000671702,0.000861713,0.001510697,0.00121729,0.001515105
997,0.000517548,0.001406194,0.002366427,0.002366427,0.002261971,0.001593546,0.002909993,0.000643105,0.00100194,0.001079076,0.000472387,0.000568908,0.001223357,0.00083742,0.001884242,0.001021113,0.000894898,0.000655223,0.00078339,0.001520601,0.001190761,0.00160162
998,0.000533554,0.001416376,0.002355224,0.002355224,0.002274709,0.001597775,0.002890752,0.000711335,0.001068913,0.001081635,0.000517809,0.000582628,0.001236674,0.000858951,0.001856978,0.001007361,0.000892363,0.000633396,0.000772443,0.001506028,0.001363665,0.001556207
999,0.000616046,0.001413938,0.002428326,0.002428326,0.002289296,0.001595058,0.00290818,0.000589488,0.000997844,0.001102602,0.000611696,0.000553229,0.001279041,0.000932465,0.001809522,0.000987239,0.000853246,0.000625004,0.000765255,0.001538714,0.001443982,0.001609196
1000,0.000713042,0.001423542,0.002455062,0.002455062,0.002305756,0.001580396,0.002934957,0.000541824,0.000897678,0.001120202,0.000601593,0.000509589,0.001271502,0.000980338,0.001874358,0.000954179,0.000847706,0.00057829,0.000814187,0.001570458,0.001418326,0.001596509
1001,0.000743552,0.001445766,0.002397493,0.002397493,0.002320366,0.00157268,0.002925064,0.000684239,0.000935554,0.001119394,0.000543024,0.000509066,0.001234915,0.000976229,0.001959384,0.000927489,0.000878747,0.000518141,0.000859359,0.001554943,0.001485256,0.001485417
1002,0.000707185,0.001451905,0.002401217,0.002401217,0.002338249,0.001598763,0.003005006,0.000794026,0.001021056,0.001051842,0.000464919,0.000502036,0.001202712,0.001004636,0.0019956,0.000945226,0.000861318,0.000562345,0.000894422,0.001566988,0.001496167,0.001520431
1003,0.000627778,0.001434516,0.002447625,0.002447625,0.002352201,0.00159502,0.003059776,0.000705298,0.000990552,0.001134959,0.000514475,0.000487744,0.001220348,0.000984665,0.001889294,0.001026529,0.000912845,0.0006981,0.000887146,0.001611305,0.00148753,0.001674047
1004,0.000615248,0.001433211,0.00243274,0.00243274,0.002362881,0.001557478,0.003024711,0.000649197,0.000912421,0.00128482,0.000583568,0.00047996,0.001233598,0.000932178,0.001831798,0.001063405,0.00101284,0.000729502,0.00088998,0.001628062,0.001534913,0.001681559
1004,0.0006458,0.001453161,0.002454614,0.002454614,0.002358318,0.001577749,0.00305064,0.000639432,0.000915841,0.001269581,0.000578758,0.00056088,0.001257765,0.00098829,0.001933766,0.001069436,0.000946651,0.000738951,0.000911642,0.001613292,0.001564719,0.001689759
1005,0.000676353,0.001473112,0.002476487,0.002476487,0.002353755,0.00159802,0.003076569,0.000629666,0.000919261,0.001254343,0.000573947,0.0006418,0.001281932,0.001044403,0.002035734,0.001075468,0.000880462,0.000748401,0.000933303,0.001598521,0.001594524,0.00169796
1006,0.000635131,0.001472189,0.002497498,0.002497498,0.002383445,0.001643161,0.003029135,0.000603945,0.000945761,0.001149692,0.000558824,0.000664275,0.00129068,0.001111421,0.002142004,0.001039945,0.000901813,0.000751421,0.000875341,0.001636673,0.001671805,0.001579107
1007,0.000641513,0.001494679,0.00253616,0.00253616,0.002412545,0.001699237,0.002952124,0.000628967,0.001011828,0.001069499,0.000555164,0.00055442,0.001284141,0.001090812,0.002152243,0.001017512,0.000981928,0.000762128,0.000779465,0.00170001,0.001735061,0.001542641
1008,0.000719671,0.001538042,0.002575686,0.002575686,0.002407391,0.001730442,0.002948475,0.000669946,0.001054815,0.001078718,0.000561817,0.000503011,0.001293021,0.001059298,0.00215818,0.001036634,0.000974504,0.000779263,0.000763211,0.001710425,0.00175084,0.001633227
1009,0.000710858,0.001545569,0.002549933,0.002549933,0.002414012,0.001769642,0.002958594,0.000668495,0.00103321,0.001138637,0.00050745,0.000519128,0.001280409,0.001088028,0.002087096,0.001082054,0.00092452,0.000723621,0.00084104,0.001710532,0.001594373,0.001624506
1010,0.000648084,0.001518259,0.00250289,0.00250289,0.002416036,0.001765238,0.003015686,0.000693881,0.000998974,0.00116078,0.00051655,0.000562741,0.001305179,0.001126201,0.002113014,0.001095695,0.000904785,0.000748899,0.000920156,0.001809397,0.001536683,0.001688096
1011,0.00067228,0.001526786,0.002521127,0.002521127,0.002406286,0.001752837,0.003059011,0.000761694,0.001029329,0.001132222,0.00058667,0.000538827,0.001351439,0.001104129,0.002215952,0.00108304,0.000927611,0.000846955,0.000905191,0.00191857,0.00165124,0.001850993
1012,0.000686364,0.001602483,0.00255261,0.00255261,0.002484463,0.001693992,0.003073486,0.000704823,0.00102264,0.001072104,0.000606666,0.000522527,0.001422048,0.001147095,0.00221599,0.001078122,0.001075167,0.000885138,0.000884223,0.001972498,0.001859186,0.001825202
1013,0.000667275,0.001597526,0.002543224,0.002543224,0.00254126,0.001692314,0.003047746,0.000661082,0.001064476,0.001074192,0.000610874,0.000624474,0.001395972,0.001161559,0.002093802,0.001103498,0.001153582,0.000785554,0.000983767,0.001905899,0.00187963,0.001826369
1014,0.000658297,0.001525398,0.00252059,0.00252059,0.002510128,0.00173708,0.003050855,0.000742026,0.001143356,0.00110784,0.000665207,0.000718807,0.001345547,0.001110986,0.002074517,0.001121134,0.001107267,0.000745841,0.001089311,0.001894545,0.001806684,0.002016223
1015,0.000703774,0.001596304,0.00259898,0.00259898,0.002411598,0.001764373,0.003091012,0.000785424,0.00116192,0.001143443,0.00073383,0.000755343,0.001364781,0.001106049,0.002193216,0.00125236,0.001093385,0.000795841,0.001068242,0.001875199,0.001768815,0.002078011
1016,0.000776812,0.001608026,0.002615582,0.002615582,0.002398387,0.001809643,0.00312233,0.000704218,0.00114927,0.001203536,0.000698061,0.000692656,0.001347718,0.001087537,0.002258102,0.001327532,0.001164806,0.000931119,0.000969369,0.001897618,0.001914678,0.001947584
1017,0.000795396,0.001476715,0.002531161,0.002531161,0.002452575,0.001872388,0.003116598,0.000660558,0.001196936,0.001261674,0.000648002,0.000687766,0.001260997,0.001023389,0.002185002,0.001289115,0.001203793,0.000976683,0.00099711,0.001928027,0.002025465,0.001945224
1018,0.000759143,0.001467022,0.002601289,0.002601289,0.0025117,0.001839927,0.003145583,0.000748255,0.001183441,0.001275119,0.000780304,0.000643801,0.001295626,0.001047907,0.002037698,0.001233292,0.001241374,0.000833933,0.001019126,0.001840645,0.002011338,0.002274521
1019,0.000801157,0.001546061,0.002626094,0.002626094,0.002570047,0.001793419,0.003092034,0.000872551,0.001238928,0.001295121,0.000934801,0.000609188,0.001451721,0.001181314,0.002092458,0.001273959,0.001097353,0.000732064,0.001021375,0.001991878,0.001789177,0.002235607
1020,0.000898008,0.001503482,0.002496349,0.002496349,0.002623457,0.001842116,0.003003768,0.000865489,0.001355577,0.001359814,0.000906937,0.000613651,0.001486466,0.001226054,0.002221422,0.001332033,0.000954739,0.000818511,0.001029349,0.002260903,0.001691931,0.001865036
1020,0.000895783,0.001479597,0.002530794,0.002530794,0.002592823,0.001908869,0.003098145,0.000743553,0.001311429,0.001319984,0.000928052,0.000671517,0.001420373,0.001225002,0.002302294,0.001343742,0.001022296,0.000859177,0.00107532,0.002137571,0.001744339,0.001995312
1021,0.000893559,0.001455712,0.00256524,0.00256524,0.002562189,0.001975622,0.003192522,0.000621616,0.001267281,0.001280154,0.000949167,0.000729383,0.00135428,0.001223949,0.002383167,0.001355452,0.001089853,0.000899843,0.00112129,0.002014239,0.001796747,0.002125588
1022,0.000726152,0.001617317,0.00262486,0.00262486,0.002541291,0.001962634,0.003256917,0.000579789,0.001266984,0.001280309,0.00084227,0.000771049,0.001355317,0.001149206,0.002428467,0.001405747,0.001254139,0.000964414,0.001183548,0.001889123,0.002025761,0.002154802
1023,0.000646312,0.001698792,0.00264719,0.00264719,0.002535835,0.001901619,0.003200167,0.00073886,0.001295461,0.001284956,0.000791248,0.00077714,0.001467874,0.001173126,0.002398642,0.001415085,0.001217032,0.000859659,0.00120904,0.001920584,0.00206433,0.002145829
1024,0.000731654,0.001594775,0.002644347,0.002644347,0.002520644,0.001920345,0.0031734,0.000817823,0.001280088,0.001249618,0.000868237,0.000799431,0.001513301,0.001270736,0.002404389,0.00138584,0.001083195,0.000730997,0.001218243,0.00195383,0.001926291,0.002237918
1025,0.000699882,0.001637333,0.00266227,0.00266227,0.002480913,0.001893242,0.003151345,0.000717873,0.001269448,0.001424266,0.000873046,0.000735977,0.001562664,0.001433746,0.002411845,0.001365112,0.000980903,0.000883212,0.001218831,0.002075223,0.002216611,0.001980256
1026,0.000631903,0.00161288,0.002656282,0.002656282,0.002507354,0.001849528,0.003199351,0.000607897,0.001309081,0.001503821,0.000712752,0.000716624,0.001582286,0.001402542,0.002476567,0.001357272,0.001053533,0.001142384,0.001139444,0.002161425,0.00244279,0.001947913
1027,0.000681037,0.001441852,0.002629527,0.002629527,0.002558335,0.001851643,0.003242644,0.000676834,0.001343981,0.001373391,0.000624638,0.000783016,0.001597972,0.001305937,0.00253958,0.001340915,0.001094619,0.001120681,0.001068673,0.00215948,0.002240609,0.00226532
1028,0.000684893,0.001515701,0.002631314,0.002631314,0.002562572,0.001972945,0.003180719,0.000682554,0.001261068,0.001175222,0.000531294,0.000686629,0.001401851,0.001226385,0.002562447,0.0013375,0.001139042,0.001032096,0.001199886,0.002313187,0.001887294,0.002301997
1029,0.000818936,0.001692324,0.002684253,0.002684253,0.002543855,0.002023571,0.00312517,0.000715899,0.001195815,0.001183937,0.000607248,0.000584906,0.001296145,0.001288751,0.002432797,0.001364139,0.001239136,0.000958258,0.00129931,0.002314454,0.001979253,0.002137143
1030,0.000998257,0.001624069,0.002708648,0.002708648,0.002571882,0.001955009,0.003174841,0.000812459,0.001248374,0.00126039,0.000688432,0.00064596,0.001402247,0.001334065,0.002343294,0.001377836,0.001335893,0.0009513,0.00119675,0.00216007,0.002222347,0.002253018
1030,0.001177579,0.001555815,0.002733044,0.002733044,0.00259991,0.001886447,0.003224512,0.00090902,0.001300934,0.001336843,0.000769617,0.000707015,0.001508349,0.001379378,0.002253791,0.001391532,0.001432649,0.000944342,0.00109419,0.002005685,0.002465441,0.002368894
1031,0.001118236,0.001520373,0.002626606,0.002626606,0.002664798,0.001933354,0.003283467,0.000862964,0.001316005,0.001253561,0.000924038,0.000751125,0.001622743,0.00127252,0.002493548,0.001441168,0.001490591,0.000934284,0.001092481,0.001952227,0.002388357,0.002123483
1032,0.000968101,0.001787529,0.002599523,0.002599523,0.002700573,0.002004308,0.003201132,0.000792428,0.001354409,0.001274311,0.001037324,0.000876465,0.001575954,0.001226914,0.002594359,0.001536654,0.001641556,0.001003032,0.001251766,0.00220614,0.002385378,0.002169447
1033,0.000964531,0.001850123,0.00269995,0.00269995,0.002687889,0.002013928,0.00316209,0.000806869,0.001196171,0.001363359,0.000802941,0.000894106,0.001426375,0.001343257,0.002460343,0.001527536,0.001555871,0.001090568,0.001384111,0.002445984,0.002245484,0.002178339
1034,0.001051753,0.00161012,0.002721021,0.002721021,0.002704318,0.0019995,0.003264337,0.000845789,0.001014599,0.001348375,0.000609693,0.000830517,0.001437979,0.001398348,0.002465272,0.001472567,0.001377163,0.001099297,0.001355461,0.002378457,0.002031484,0.001895856
1035,0.000999781,0.001619833,0.002742961,0.002742961,0.002625061,0.001918295,0.003432267,0.000819736,0.001035657,0.001379647,0.000660885,0.000878065,0.001462997,0.001343765,0.002473867,0.001365719,0.001322452,0.001037483,0.001440686,0.002346532,0.002088242,0.001898287
1036,0.00091414,0.001707978,0.002724212,0.002724212,0.002527689,0.001892871,0.003441698,0.000962734,0.001221904,0.001427745,0.000854796,0.001002549,0.001470363,0.001184445,0.00267773,0.001398106,0.001427142,0.00097726,0.001462326,0.002373806,0.002363434,0.00231236
1037,0.000967692,0.001546406,0.002704593,0.002704593,0.002526001,0.001934225,0.003385447,0.001170707,0.001205521,0.001429587,0.000804267,0.001015897,0.001464316,0.0011348,0.002877926,0.001482373,0.001407835,0.000987581,0.001370092,0.002365477,0.002367869,0.002441518
1038,0.000925708,0.001612613,0.002765074,0.002765074,0.00264668,0.00217512,0.00336152,0.001167792,0.001172927,0.00154895,0.000729226,0.001168977,0.001797279,0.001234217,0.003026963,0.001491996,0.001277894,0.000908511,0.001386376,0.002317072,0.002857548,0.002577423
1039,0.000963057,0.001719131,0.002642931,0.002642931,0.002662144,0.002294025,0.003239876,0.000939527,0.001193378,0.001514112,0.000783858,0.001132931,0.001797648,0.001442195,0.002896697,0.001574627,0.001297473,0.000877384,0.001433923,0.002585635,0.00322097,0.002491758
1040,0.000977205,0.001600559,0.00260521,0.00260521,0.002626323,0.002174739,0.003235449,0.000801957,0.001263487,0.001310607,0.00094544,0.001071916,0.001387916,0.001436907,0.00278521,0.001621152,0.00152691,0.001170073,0.001470171,0.002755238,0.003075002,0.002435638
1041,0.00085847,0.001603247,0.002769732,0.002769732,0.002697405,0.002136087,0.00338499,0.000681765,0.001296934,0.001259463,0.001027878,0.001186679,0.001316826,0.001372704,0.00275283,0.001510402,0.001626132,0.001404498,0.00156739,0.002616204,0.003050857,0.002471929
1042,0.000950264,0.001811716,0.002726696,0.002726696,0.002700361,0.002075506,0.003454383,0.001007755,0.001366688,0.001415359,0.000922442,0.001031113,0.001490589,0.001433861,0.002788799,0.001722552,0.001634542,0.001362444,0.001488356,0.002551613,0.003035579,0.002581411
1043,0.000972104,0.001889308,0.002666483,0.002666483,0.002718242,0.002140611,0.003311015,0.001353849,0.001501964,0.00145556,0.000767669,0.000826531,0.001660724,0.001578647,0.002816707,0.001944771,0.001550073,0.001201009,0.001458721,0.002643481,0.002834353,0.002577504
1044,0.000783414,0.001761119,0.002813828,0.002813828,0.002804248,0.002227646,0.003247794,0.001253759,0.001600933,0.00128872,0.000800767,0.000892278,0.001586006,0.001598073,0.002776265,0.00184409,0.001556417,0.001316054,0.001605338,0.002660905,0.002624261,0.002500407
1045,0.001041756,0.001515929,0.002875804,0.002875804,0.002763936,0.002249968,0.003359623,0.001038092,0.001501938,0.001323965,0.000832942,0.000778577,0.001519011,0.00164815,0.002804244,0.001524051,0.001515896,0.001519232,0.001604658,0.002803023,0.002745203,0.002639826
1046,0.001282012,0.001431284,0.002769245,0.002769245,0.002584637,0.002084693,0.003475641,0.001008353,0.001552926,0.00132582,0.001137851,0.001126981,0.00162024,0.001663272,0.003043124,0.001545619,0.001904616,0.001293269,0.001620403,0.002783655,0.002865736,0.003022562
1047,0.00116112,0.001604338,0.002669138,0.002669138,0.002577512,0.002071517,0.003409546,0.001143821,0.001696216,0.001222503,0.001205106,0.001366904,0.001671051,0.001594163,0.003014721,0.001871222,0.002147105,0.001135348,0.001777435,0.002665948,0.002723604,0.002932798
1048,0.001247005,0.001745035,0.002590221,0.002590221,0.002623368,0.002158903,0.003402483,0.001193451,0.001590553,0.001319418,0.000966527,0.001078975,0.001628358,0.001540584,0.002815861,0.001955899,0.001954011,0.001291523,0.001771425,0.002692304,0.002791973,0.002676812
1049,0.001137324,0.001669135,0.002777418,0.002777418,0.002635869,0.002220091,0.0033555,0.001183225,0.001392191,0.001401445,0.001044549,0.001029111,0.001762124,0.001579167,0.002769894,0.001939988,0.001894684,0.001207889,0.001573382,0.002955546,0.00260068,0.002161265
1050,0.000900171,0.001460383,0.002883458,0.002883458,0.002713987,0.002199351,0.003406701,0.001059752,0.001524334,0.001556762,0.001320637,0.001257659,0.001830801,0.001451579,0.002928206,0.001897916,0.002322565,0.001146657,0.001606843,0.00312469,0.002902602,0.002028744
1051,0.000858583,0.001468229,0.002723384,0.002723384,0.002825461,0.002204808,0.003497823,0.000996135,0.001749176,0.001726966,0.001280124,0.001248141,0.001723017,0.001231828,0.002933626,0.001956431,0.002616678,0.001325234,0.001832338,0.003056946,0.003464186,0.002155785
1052,0.000769882,0.001692508,0.002492559,0.002492559,0.00277177,0.00217525,0.003516171,0.000765065,0.00160051,0.00175426,0.001167757,0.001336659,0.001981618,0.001181469,0.003240072,0.002138351,0.002283614,0.001232523,0.002016567,0.003065013,0.003258189,0.002494194
1053,0.00087214,0.001977727,0.002640509,0.002640509,0.002800562,0.002162372,0.003521272,0.001198747,0.001683888,0.001729718,0.00100204,0.00139086,0.001912858,0.001492568,0.003272484,0.002288218,0.00176783,0.001059251,0.002045045,0.003207373,0.003457686,0.002523955
1054,0.000856078,0.001825429,0.002929101,0.002929101,0.002950762,0.002180067,0.003540177,0.001598951,0.001867527,0.0016024,0.000957287,0.001136214,0.001520163,0.001551966,0.003076102,0.002196098,0.001840553,0.00130539,0.001985936,0.003078728,0.004274808,0.002191646
1055,0.000690645,0.001604344,0.002998992,0.002998992,0.002907005,0.002175626,0.003481207,0.001398021,0.001594281,0.001356712,0.001006396,0.000925402,0.001562614,0.001469658,0.003148334,0.002077515,0.001801881,0.001453512,0.001857082,0.002883535,0.004124851,0.002040943
1056,0.00109419,0.001773692,0.003095632,0.003095632,0.00286304,0.002289828,0.003487255,0.000978216,0.00190113,0.001594462,0.001196281,0.000897096,0.001425612,0.001471714,0.003528522,0.001718701,0.001994635,0.001524877,0.001533016,0.002712619,0.003612042,0.002405404
1057,0.001252848,0.00196714,0.002861909,0.002861909,0.002947058,0.002241784,0.003365776,0.001276353,0.001910858,0.001949559,0.001245592,0.000971684,0.001539856,0.001707457,0.003477929,0.001879767,0.001686806,0.001443461,0.001735105,0.002846469,0.00339975,0.002977251
1058,0.000842526,0.001770157,0.002601437,0.002601437,0.003031284,0.0020751,0.003179279,0.001793364,0.001340491,0.001821219,0.001154127,0.000863767,0.00183355,0.001858836,0.00311938,0.002281065,0.001147551,0.001438803,0.002132408,0.002956041,0.003550311,0.003033933
1058,0.000963974,0.001686799,0.002618858,0.002618858,0.002889174,0.002239801,0.003307763,0.001575976,0.001550485,0.001525019,0.001125731,0.001077348,0.002015598,0.00184136,0.00312362,0.002300478,0.001468273,0.001373792,0.002039072,0.002945911,0.003984031,0.003295608
1059,0.001085421,0.001603441,0.002636279,0.002636279,0.002747064,0.002404502,0.003436248,0.001358588,0.001760479,0.001228818,0.001097335,0.00129093,0.002197646,0.001823884,0.00312786,0.00231989,0.001788995,0.001308781,0.001945736,0.00293578,0.004417751,0.003557282
1060,0.001368662,0.001475296,0.002736167,0.002736167,0.002723973,0.002327067,0.003315164,0.001179076,0.001800933,0.001174113,0.001149665,0.001351054,0.002079388,0.001635846,0.003376647,0.002350727,0.002517807,0.001242589,0.001734369,0.003111094,0.003890975,0.003787267
1061,0.001305301,0.001577362,0.002821088,0.002821088,0.002810899,0.002166039,0.003309424,0.001089037,0.00174231,0.001647147,0.001236828,0.001133791,0.001799596,0.001541089,0.003497802,0.002210737,0.002766092,0.001485741,0.001667269,0.003265367,0.002876227,0.003679337
1062,0.001080148,0.001724213,0.002823541,0.002823541,0.002778806,0.002247147,0.003553254,0.000961121,0.001853228,0.001878686,0.001243267,0.001069985,0.001820112,0.001616894,0.003374409,0.002059324,0.002606286,0.001730073,0.001718201,0.003234195,0.002821976,0.003603096
1063,0.000961764,0.0020606,0.002621279,0.002621279,0.002677875,0.002324676,0.003511411,0.001174362,0.001724581,0.00189305,0.001337503,0.001140638,0.001940279,0.00197809,0.003021627,0.002140787,0.002574947,0.001641747,0.001871433,0.003631576,0.003161634,0.003247841
1064,0.001213952,0.00171593,0.00275302,0.00275302,0.002684436,0.002382355,0.003396236,0.001301151,0.001671871,0.00152562,0.001520955,0.001484451,0.001820047,0.002111406,0.002853785,0.002210016,0.002336957,0.001441607,0.002074265,0.003960878,0.003392882,0.003134452
1065,0.001560677,0.001414319,0.002814643,0.002814643,0.002744147,0.002415921,0.00334546,0.001338377,0.001693158,0.001527644,0.001611571,0.001401154,0.001709445,0.001862016,0.002820354,0.002094392,0.00219764,0.001640028,0.002066636,0.003689828,0.003593993,0.003569921
1066,0.001761983,0.001646913,0.002539809,0.002539809,0.002728456,0.002388227,0.003124186,0.00158997,0.00152759,0.001679923,0.001606534,0.001108501,0.001818726,0.001764702,0.002725376,0.002142416,0.00242478,0.001705931,0.001958475,0.00351803,0.003957765,0.003839765
1067,0.001241087,0.001784658,0.002638314,0.002638314,0.002769819,0.002664884,0.003100375,0.001446869,0.001615399,0.001709262,0.000951438,0.000992148,0.001676791,0.001697323,0.0030905,0.002075245,0.002664401,0.001672171,0.001804886,0.003646999,0.003462542,0.003134577
1068,0.000989241,0.001903891,0.002857934,0.002857934,0.002552261,0.002438055,0.003337098,0.001532742,0.001237,0.001669972,0.000810258,0.001183192,0.001564843,0.001421666,0.003720291,0.002116953,0.002592495,0.001614596,0.002040938,0.003452821,0.003683718,0.002756792
1069,0.001225699,0.002037057,0.002709186,0.002709186,0.002353519,0.001919807,0.003541703,0.001609301,0.000971459,0.001769184,0.001278195,0.001270284,0.001673393,0.001390773,0.003830035,0.002413716,0.002540585,0.00145095,0.00215628,0.003213263,0.004869125,0.003292486
1070,0.0009918,0.001956141,0.002714159,0.002714159,0.002429388,0.001932738,0.003707047,0.001205293,0.001337694,0.001784746,0.001237255,0.001342633,0.001642672,0.001665473,0.003770091,0.002553576,0.002573063,0.001245216,0.001990141,0.00346865,0.004974362,0.003230932
1071,0.000667816,0.002091642,0.002941848,0.002941848,0.002796805,0.002243113,0.003598641,0.000920738,0.00129163,0.001993502,0.001187978,0.001708675,0.001613421,0.001855101,0.003693313,0.002233833,0.002432188,0.000997817,0.001884414,0.003314206,0.004145023,0.002870824
1072,0.000488447,0.002145153,0.002854385,0.002854385,0.002812025,0.002495772,0.00336826,0.001046171,0.001411084,0.001875561,0.001617642,0.001500667,0.001806645,0.001633637,0.003827536,0.002158774,0.002162714,0.001398061,0.001949369,0.003381579,0.003349089,0.002908307
1073,0.000402806,0.002004274,0.00272155,0.00272155,0.002800527,0.002401525,0.003416984,0.001014059,0.002076365,0.001582012,0.001852578,0.001308297,0.002051306,0.001478005,0.003793719,0.002470524,0.002202151,0.001921012,0.001849703,0.003856121,0.003366499,0.003111411
1074,0.000406451,0.002026299,0.002898894,0.002898894,0.003065357,0.002352064,0.00342234,0.000975968,0.002209893,0.001599599,0.001649513,0.001617627,0.002104212,0.001458766,0.003608846,0.00239773,0.002337709,0.002002057,0.001745494,0.003853458,0.003245267,0.00297848
1075,0.000639077,0.00195313,0.003112025,0.003112025,0.002901648,0.002175788,0.003506416,0.001039821,0.001992063,0.001693083,0.001459662,0.001613345,0.002334462,0.001325421,0.003208839,0.00246198,0.002886482,0.001834764,0.00208822,0.003481758,0.003551454,0.003512034
1076,0.001135561,0.00151983,0.00282604,0.00282604,0.002776379,0.002568136,0.003501937,0.001450079,0.001804553,0.001845554,0.001246408,0.00150421,0.002494287,0.001898052,0.003225673,0.002508171,0.002932483,0.001554215,0.002163972,0.003441916,0.004160586,0.003855553
1077,0.001207708,0.001467367,0.002614639,0.002614639,0.002890217,0.002933552,0.003388483,0.001863165,0.002144214,0.001887517,0.00108215,0.00156018,0.002153675,0.002076932,0.003567981,0.002314044,0.002501939,0.001776499,0.001636847,0.003974711,0.004736663,0.003241778
1078,0.001012352,0.001753008,0.002725009,0.002725009,0.002700786,0.002779804,0.003358229,0.001967937,0.002320026,0.001852906,0.001144358,0.001411673,0.001830582,0.001569073,0.003678321,0.002210769,0.002438609,0.002030994,0.001480906,0.004178311,0.005131029,0.002950969
1078,0.000816995,0.002038649,0.00283538,0.00283538,0.002511355,0.002626057,0.003327974,0.002072709,0.002495839,0.001818295,0.001206567,0.001263166,0.001507489,0.001061215,0.00378866,0.002107493,0.00237528,0.00228549,0.001324965,0.00438191,0.005525394,0.002660161
1079,0.000551386,0.001938444,0.003015516,0.003015516,0.002549086,0.002506008,0.003352166,0.001337445,0.00194861,0.001708985,0.000990094,0.001614202,0.001787286,0.001617186,0.003395302,0.00217962,0.002105485,0.001845906,0.001837735,0.004298174,0.004524919,0.002873827
1080,0.000859086,0.001808931,0.002830053,0.002830053,0.002759623,0.002235791,0.003416787,0.001367926,0.001961671,0.001514709,0.000995833,0.001790131,0.002160152,0.00228543,0.00342867,0.002697587,0.002897488,0.001368908,0.002199415,0.003801998,0.003808735,0.002577042
1081,0.001570708,0.00186742,0.002743219,0.002743219,0.002862508,0.002026631,0.003475846,0.002105441,0.001894948,0.001589442,0.001417897,0.001200483,0.002240567,0.002009965,0.004107326,0.00274132,0.002983073,0.001454605,0.001983355,0.003951546,0.003608326,0.003496787
1082,0.001520549,0.002036387,0.002893988,0.002893988,0.002665457,0.002216701,0.003503544,0.001739723,0.001598651,0.00176108,0.001429491,0.001010511,0.002045136,0.001785685,0.004303968,0.002794225,0.002127586,0.001309631,0.001878677,0.004005082,0.003489587,0.004450402
1083,0.001332077,0.002117557,0.00276599,0.00276599,0.002538327,0.002465763,0.003512612,0.001402235,0.001929368,0.001773019,0.001241231,0.00123508,0.001862359,0.001949144,0.004248683,0.00324924,0.002248312,0.001041543,0.001838968,0.003496629,0.003855548,0.003973821
1084,0.00166958,0.001806939,0.002752907,0.002752907,0.002765476,0.002626,0.003536812,0.001921995,0.001741056,0.001720624,0.001908695,0.001480407,0.002228269,0.001873083,0.003617623,0.003107841,0.002419356,0.001040013,0.002070413,0.003890742,0.004118338,0.003038613
1085,0.001315107,0.001586295,0.002943893,0.002943893,0.002818634,0.002498794,0.00345112,0.001845534,0.001302011,0.002003716,0.002478886,0.001433148,0.002702583,0.001969712,0.003945551,0.002565404,0.002297333,0.001629994,0.002645889,0.004299823,0.004040827,0.003134485
1086,0.000885011,0.002037152,0.003015276,0.003015276,0.002620561,0.002278032,0.003570432,0.000998721,0.001758004,0.002046473,0.002225464,0.001402306,0.002300776,0.002053843,0.004745006,0.002480577,0.001945852,0.001813395,0.002699914,0.004044736,0.004108122,0.003722065
1087,0.001335365,0.002316866,0.003010586,0.003010586,0.00272361,0.002095651,0.003790568,0.001085616,0.002134013,0.001741805,0.002257575,0.001439479,0.001973342,0.001801823,0.004640759,0.002341773,0.001766711,0.001673372,0.002449618,0.004283134,0.004149757,0.003755146
1087,0.001785718,0.00259658,0.003005897,0.003005897,0.002826658,0.00191327,0.004010705,0.001172511,0.002510022,0.001437136,0.002289685,0.001476652,0.001645909,0.001549804,0.004536513,0.00220297,0.001587571,0.00153335,0.002199322,0.004521531,0.004191392,0.003788226
1088,0.001515332,0.00251855,0.002705406,0.002705406,0.002791109,0.002269663,0.003989815,0.002062683,0.002125274,0.001819721,0.001974503,0.00164909,0.00154512,0.001343881,0.004506732,0.003037558,0.002536251,0.001793562,0.002607418,0.00508594,0.006215157,0.002989813
1089,0.001244945,0.00244052,0.002404915,0.002404915,0.002755561,0.002626057,0.003968926,0.002952855,0.001740525,0.002202307,0.001659321,0.001821528,0.001444331,0.001137958,0.004476952,0.003872146,0.003484932,0.002053774,0.003015514,0.00565035,0.008238921,0.002191399
1090,0.001244945,0.00244052,0.002404915,0.002404915,0.002755561,0.002626057,0.003968926,0.002952855,0.001740525,0.002202307,0.001659321,0.001821528,0.001444331,0.001137958,0.004476952,0.003872146,0.003484932,0.002053774,0.003015514,0.00565035,0.008238921,0.002191399
1091,0.001244945,0.00244052,0.002404915,0.002404915,0.002755561,0.002626057,0.003968926,0.002952855,0.001740525,0.002202307,0.001659321,0.001821528,0.001444331,0.001137958,0.004476952,0.003872146,0.003484932,0.002053774,0.003015514,0.00565035,0.008238921,0.002191399
1092,0.001244945,0.00244052,0.002404915,0.002404915,0.002755561,0.002626057,0.003968926,0.002952855,0.001740525,0.002202307,0.001659321,0.001821528,0.001444331,0.001137958,0.004476952,0.003872146,0.003484932,0.002053774,0.003015514,0.00565035,0.008238921,0.002191399
1093,0.001244945,0.00244052,0.002404915,0.002404915,0.002755561,0.002626057,0.003968926,0.002952855,0.001740525,0.002202307,0.001659321,0.001821528,0.001444331,0.001137958,0.004476952,0.003872146,0.003484932,0.002053774,0.003015514,0.00565035,0.008238921,0.002191399
1094,0.001244945,0.00244052,0.002404915,0.002404915,0.002755561,0.002626057,0.003968926,0.002952855,0.001740525,0.002202307,0.001659321,0.001821528,0.001444331,0.001137958,0.004476952,0.003872146,0.003484932,0.002053774,0.003015514,0.00565035,0.008238921,0.002191399
