Wavelength,WMS_04,WMS_05,WMS_06,WMS_07,WMS_09,WMS_13,WMS_14,WMS_15,WMS_16,WMS_17,WMS_18,WMS_19,WMS_20,WMS_22,WMS_23,WMS_24,WMS_25,WMS_26,WMS_27,WMS_29,WMS_30,WMS_31,WMS_32,WMS_33,WMS_34,WMS_35,WMS_36,WMS_37,WMS_38,WMS_39,WMS_47,WMS_48,WMS_49,WMS_50,WMS_51,WMS_52,WMS_53,WMS_54,WMS_55,WMS_56,WMS_59,WMS_60,WMS_61,WMS_62,WMS_64,WMS_65,WMS_66,WMS_67,WMS_68,WMS_69,WMS_70,WMS_71
401,0.005242299,0.00493803,0.003884789,0.004122692,0.003960088,0.002785761,0.002528268,0.002314448,0.003753965,0.015557096,0.002361594,0.003215395,0.003097955,0.003475042,0.001742324,0.0019658,0.001742324,0.00374363,0.001280567,0.008377248,0.004178756,0.003485382,0.010158286,0.009236547,0.014759713,0.009029642,0.009065378,0.001956477,0.00692029,0.009029642,-0.000911431,0.000333479,0.00106037,0.00106037,0.001301737,-6.61185E-05,0.001102113,0.00250583,0.001496211,0.002045248,0.002403083,0.002860952,0.008959345,0.003132892,0.0110421,0.005738308,0.004471798,0.003629822,0.005046458,0.009531187,0.007759009,0.009545139
402,0.005266569,0.004941789,0.003890292,0.004120869,0.003955508,0.002874794,0.002514828,0.002316221,0.003738747,0.015530077,0.002366443,0.003201911,0.003089944,0.00347231,0.001742934,0.001970057,0.001742934,0.003703807,0.001290999,0.008482136,0.004169771,0.003472845,0.010140877,0.009263031,0.014700574,0.009021525,0.009044561,0.001954083,0.006898451,0.009021525,-0.000901309,0.000328414,0.001073094,0.001073094,0.001316508,-4.82483E-05,0.001120135,0.002502811,0.001506724,0.002048086,0.002403746,0.00284334,0.008912033,0.003125895,0.01101137,0.005720056,0.004456643,0.003612455,0.005026723,0.00945102,0.007750197,0.009528525
403,0.005288152,0.004969903,0.003918949,0.004149238,0.00398207,0.002915421,0.002517247,0.002327673,0.003745576,0.015500504,0.002377908,0.003201339,0.00309453,0.003469292,0.001743635,0.00197234,0.001743635,0.003701173,0.001302191,0.008545,0.004185741,0.003505995,0.010143942,0.009276992,0.014647459,0.009039083,0.009058146,0.001952554,0.006909126,0.009039083,-0.000887884,0.000338845,0.001078972,0.001078972,0.001325326,-4.1609E-05,0.001129792,0.002506702,0.001508686,0.002041805,0.002407855,0.002844571,0.008891313,0.003112543,0.010979482,0.00571507,0.00445064,0.003610773,0.005023577,0.009424284,0.00772501,0.00952744
404,0.005316748,0.004997215,0.003947026,0.004179931,0.004009861,0.002950897,0.002520106,0.002337475,0.003755756,0.015494468,0.002390163,0.003201623,0.003100107,0.003471634,0.001746538,0.001974355,0.001746538,0.003711795,0.0013106,0.008578347,0.0042099,0.003530105,0.010146996,0.009290733,0.014623641,0.00904543,0.009065868,0.001956988,0.006922344,0.00904543,-0.000862095,0.000358545,0.001101998,0.001101998,0.001350217,-1.24983E-05,0.001152724,0.002510964,0.001513601,0.00204062,0.002409285,0.002841985,0.008840531,0.003107383,0.010922209,0.005689072,0.004442647,0.003608554,0.005007785,0.009363302,0.007707952,0.009489409
405,0.00535781,0.005023104,0.003974073,0.004214756,0.004039838,0.002977216,0.002523748,0.002344341,0.003771895,0.015530277,0.002403823,0.00320343,0.003107447,0.003483503,0.001753357,0.001975896,0.001753357,0.003745985,0.001314061,0.00855922,0.004248617,0.003538141,0.010150032,0.009304082,0.014651906,0.009031848,0.009063167,0.001972025,0.006940082,0.009031848,-0.000849732,0.000367815,0.001119145,0.001119145,0.00136629,9.97307E-06,0.001165999,0.002511335,0.001516555,0.002045717,0.002406604,0.002838166,0.008810468,0.003115574,0.010896824,0.005668061,0.004440657,0.003608018,0.004995139,0.009329057,0.007716081,0.009452463
406,0.005392916,0.005057573,0.004012004,0.004247717,0.004074248,0.002986859,0.002531999,0.00235062,0.003790613,0.015550554,0.002424332,0.003207414,0.003111092,0.003490004,0.001765534,0.001983108,0.001765534,0.003774409,0.001312737,0.008525475,0.004287733,0.003524664,0.010152504,0.009315701,0.014668123,0.009018422,0.009055522,0.001978314,0.006964828,0.009018422,-0.000829683,0.000383109,0.001141133,0.001141133,0.001392783,5.00106E-05,0.001198053,0.002504093,0.001533984,0.002045786,0.002408885,0.002839271,0.008755116,0.003119763,0.010822372,0.005641902,0.00442693,0.003596834,0.004980298,0.009298483,0.007726934,0.009379583
407,0.005424955,0.005096463,0.004055542,0.00427972,0.004110943,0.002987911,0.002542624,0.002356596,0.00381066,0.015562832,0.00244837,0.00321252,0.003112834,0.00349374,0.001780472,0.001993241,0.001780472,0.003799862,0.001308948,0.008484199,0.004327055,0.003500104,0.010154687,0.009326429,0.014678133,0.009005075,0.009045331,0.001980096,0.006993184,0.009005075,-0.000821997,0.000389133,0.001145974,0.001145974,0.001403202,6.75768E-05,0.001216832,0.002496481,0.00154846,0.002040759,0.002413847,0.002844195,0.008729827,0.00311576,0.010773304,0.005636756,0.004415194,0.003586186,0.004978102,0.009302156,0.007729657,0.009343648
408,0.005431379,0.005122578,0.00406522,0.004310131,0.004119424,0.002956929,0.002548388,0.002366653,0.003825791,0.015610799,0.002454494,0.003222146,0.003117251,0.003492854,0.001786421,0.002005211,0.001786421,0.00383582,0.0013139,0.008463216,0.004364659,0.003523976,0.010150378,0.00934098,0.014707111,0.0090207,0.009036688,0.001993573,0.007027196,0.0090207,-0.000782579,0.000409382,0.001167968,0.001167968,0.001427406,0.000105095,0.001246611,0.002494411,0.00155254,0.002055654,0.002419645,0.002844389,0.008661815,0.003102649,0.010690549,0.005606133,0.0043964,0.003558774,0.004950082,0.009269457,0.007703483,0.009286278
409,0.005449566,0.005148475,0.004080726,0.00434362,0.004138044,0.002935683,0.002552497,0.002374793,0.003838056,0.015649822,0.002462862,0.003229969,0.003120913,0.003494068,0.001791658,0.002014888,0.001791658,0.003868428,0.001322139,0.008449263,0.004399525,0.003535341,0.010158327,0.009352636,0.014731857,0.009029324,0.009033468,0.002003626,0.007052675,0.009029324,-0.000747687,0.000430566,0.001186923,0.001186923,0.001453736,0.000141166,0.001271854,0.002502861,0.001545649,0.002075527,0.00241316,0.002835395,0.008583666,0.003082464,0.010620832,0.005562871,0.00438496,0.003540489,0.004914378,0.009218321,0.007659642,0.009246707
410,0.005504267,0.005175266,0.004116835,0.004386059,0.004188864,0.002945944,0.00255247,0.002376993,0.003842748,0.015659156,0.002479743,0.003232124,0.003122108,0.00350181,0.001795938,0.002017823,0.001795938,0.00389026,0.001338695,0.008452908,0.004426801,0.003505364,0.010201931,0.009355599,0.014742309,0.009014583,0.009045497,0.002002549,0.007053195,0.009014583,-0.000744527,0.000437525,0.001188725,0.001188725,0.001466282,0.000157287,0.001286097,0.002505769,0.001549155,0.002075477,0.002405838,0.00283113,0.008548239,0.003071387,0.010584803,0.005545084,0.004380579,0.00353897,0.004904498,0.009203556,0.007644698,0.009228571
411,0.005542324,0.005208227,0.004146651,0.004417289,0.004223273,0.002945067,0.002555616,0.002385224,0.003845724,0.015687579,0.002494975,0.003233794,0.003121983,0.003508699,0.00180319,0.002021041,0.00180319,0.003905167,0.001357849,0.008455136,0.004452477,0.003508673,0.010222979,0.009361006,0.014756812,0.009032572,0.00904213,0.002005897,0.007058709,0.009032572,-0.000729981,0.000453186,0.001200372,0.001200372,0.00148401,0.000186442,0.001307716,0.002508916,0.001562853,0.002074417,0.002406888,0.002823376,0.008484052,0.003060481,0.010537598,0.005530358,0.004367035,0.003521188,0.004887673,0.00918197,0.007619207,0.00919367
412,0.005567303,0.005246037,0.004171523,0.004439712,0.004244787,0.002935438,0.002561253,0.002398194,0.003847352,0.015731001,0.002508912,0.003235084,0.003120821,0.003514917,0.001812779,0.002024483,0.001812779,0.003914633,0.001379045,0.008456252,0.004476895,0.003538136,0.010226305,0.009368335,0.0147745,0.009076277,0.009026664,0.002012724,0.007068147,0.009076277,-0.000718595,0.000461889,0.001210217,0.001210217,0.001489193,0.000199478,0.001315091,0.002509155,0.001573046,0.002073408,0.00241526,0.002819886,0.008455292,0.003060651,0.010526422,0.005533419,0.004357873,0.003504925,0.004880727,0.009175148,0.007608658,0.009176903
413,0.005589117,0.005271494,0.004193907,0.004462203,0.004253902,0.002958018,0.002566738,0.0024031,0.003837544,0.015758699,0.002523089,0.003238727,0.00312259,0.003517403,0.001819188,0.002027172,0.001819188,0.003916704,0.001405482,0.008497955,0.00449259,0.003539163,0.010215121,0.009389395,0.014800762,0.009091872,0.009046392,0.002017406,0.007062603,0.009091872,-0.000683464,0.000484911,0.001224527,0.001224527,0.001516358,0.000237992,0.001340191,0.002517936,0.001590549,0.002072095,0.002411646,0.002797862,0.008389056,0.003051443,0.010468522,0.005493273,0.004345929,0.003493259,0.004868637,0.009163819,0.007593157,0.009107933
414,0.005612556,0.005296953,0.004216601,0.004487053,0.004265334,0.002983825,0.00257251,0.002407533,0.003828754,0.015787663,0.002537024,0.003243638,0.003125677,0.003519301,0.001824845,0.002029777,0.001824845,0.003917943,0.001433399,0.008544687,0.004507065,0.003540788,0.010207258,0.009411467,0.014825361,0.009102098,0.009069509,0.00202239,0.007055452,0.009102098,-0.000654212,0.000499848,0.001237488,0.001237488,0.001546658,0.000278602,0.00136255,0.002525509,0.001597141,0.00208071,0.002399655,0.002778727,0.008325499,0.003043189,0.01040298,0.005441794,0.004336339,0.003495223,0.004853519,0.009147411,0.007586685,0.009058878
415,0.005647236,0.005332979,0.004243047,0.004524224,0.004299526,0.002999047,0.002579915,0.002416378,0.003835084,0.015836708,0.002549487,0.003253197,0.003133186,0.003521291,0.00182927,0.002032588,0.00182927,0.003921139,0.001464611,0.008583135,0.00452259,0.003569851,0.010229234,0.009427115,0.014833903,0.009108159,0.009080348,0.002030796,0.007052671,0.009108159,-0.000648704,0.000500464,0.001245984,0.001245984,0.001554974,0.000293732,0.001367185,0.002524539,0.001596423,0.002089628,0.002399649,0.002778126,0.008299418,0.003044313,0.010384162,0.00543352,0.004329528,0.003492589,0.004843545,0.009135511,0.007585166,0.009062027
416,0.005687155,0.005364186,0.004270519,0.004557579,0.004330589,0.003013776,0.002587745,0.002425639,0.003834386,0.015872412,0.002562555,0.003259521,0.003138857,0.003525982,0.001835735,0.002039476,0.001835735,0.003923579,0.001497041,0.008629484,0.004542123,0.003592065,0.010249445,0.009446923,0.01484148,0.009139979,0.009085817,0.002038935,0.007048621,0.009139979,-0.000623042,0.000508682,0.001261582,0.001261582,0.001573212,0.000330711,0.001381582,0.002524249,0.001593751,0.002102237,0.002398174,0.002778866,0.008231117,0.003045186,0.010340761,0.005412381,0.004320976,0.003482773,0.004826417,0.009122872,0.007582851,0.00904776
417,0.005732982,0.005389958,0.004299149,0.004586632,0.004358123,0.003027951,0.002596052,0.00243537,0.003825764,0.015893072,0.002576308,0.003262198,0.003142456,0.003533717,0.001844501,0.00205096,0.001844501,0.003925166,0.001530845,0.008684743,0.004566173,0.003606553,0.010267666,0.009471423,0.014847969,0.009200846,0.009085231,0.002046772,0.007043141,0.009200846,-0.000602889,0.000516283,0.001268685,0.001268685,0.001583132,0.000352558,0.001391346,0.00252493,0.001591798,0.002105928,0.002396704,0.002780207,0.008188898,0.003044935,0.010316176,0.005399516,0.004319234,0.003475591,0.004819263,0.009122133,0.007582054,0.009030344
418,0.005768685,0.005425524,0.004327922,0.004622254,0.004384396,0.003055665,0.002601447,0.002447156,0.003820369,0.015926218,0.002590751,0.00327252,0.003148684,0.003542467,0.001855485,0.002061535,0.001855485,0.00392743,0.001567831,0.008742846,0.004585672,0.003601331,0.010297116,0.009485142,0.014861918,0.009214859,0.009103098,0.002055332,0.007028281,0.009214859,-0.00057007,0.000537678,0.00128354,0.00128354,0.001609878,0.000395805,0.001412642,0.002540155,0.001613984,0.002114132,0.002397206,0.002779695,0.008125526,0.003041115,0.010267918,0.005373324,0.004308603,0.003455747,0.004812361,0.009112442,0.007577482,0.00902944
419,0.005803096,0.005464529,0.004357449,0.004659795,0.004410187,0.00308653,0.002606905,0.002459451,0.003815868,0.015964417,0.002605399,0.003284578,0.003155907,0.003551,0.001867195,0.002071515,0.001867195,0.00392928,0.001605993,0.00880168,0.004603706,0.003593537,0.010326449,0.009497846,0.014878531,0.009218565,0.00912684,0.002064155,0.007011815,0.009218565,-0.000545273,0.000563681,0.001293931,0.001293931,0.001637433,0.000438387,0.001433814,0.002556514,0.001643187,0.002122698,0.002407716,0.002773291,0.008081185,0.003029484,0.010232416,0.005351983,0.004301046,0.003447926,0.004808518,0.009104719,0.007560629,0.009020146
420,0.005857437,0.005509441,0.004395162,0.004696843,0.004434774,0.003107107,0.002623104,0.002470533,0.003810568,0.016017837,0.002620024,0.003290318,0.003165522,0.003553558,0.001879633,0.002077771,0.001879633,0.003924035,0.001646762,0.008859143,0.004620536,0.003623867,0.010315855,0.00953591,0.014900145,0.009264669,0.00915477,0.002073511,0.007009082,0.009264669,-0.000533142,0.00057589,0.001296569,0.001296569,0.001648163,0.000459571,0.001443453,0.002558329,0.001648251,0.002126751,0.002416255,0.00276874,0.008057997,0.003021421,0.010220588,0.005343967,0.004302378,0.003452768,0.004804423,0.00910595,0.007547551,0.00899434
421,0.005903612,0.005555665,0.004431478,0.004731665,0.004463971,0.003138279,0.002638467,0.002483744,0.003806921,0.016056269,0.002636733,0.003298484,0.003175104,0.003557896,0.001891731,0.00208586,0.001891731,0.003917823,0.001682988,0.00893392,0.004639242,0.003659374,0.010324142,0.009563577,0.014909995,0.00930175,0.009179338,0.002082197,0.007004659,0.00930175,-0.000504367,0.000597868,0.001306648,0.001306648,0.001669364,0.00050105,0.001465006,0.002565739,0.001662123,0.00214252,0.002424978,0.00276369,0.008008462,0.003019086,0.010185753,0.005323146,0.004300943,0.003453246,0.004791182,0.009091698,0.007543405,0.008976686
422,0.005937014,0.005603938,0.004465609,0.004763009,0.004500376,0.003186021,0.002652523,0.002500285,0.003805859,0.016071258,0.002656703,0.003310441,0.003184634,0.003565016,0.0019033,0.002096816,0.0019033,0.0039101,0.001712109,0.009035777,0.004660879,0.003702977,0.010361958,0.009574986,0.014901447,0.00932472,0.009198648,0.002089836,0.006997593,0.00932472,-0.000487724,0.000607637,0.001314088,0.001314088,0.001679835,0.000521345,0.001476919,0.002571334,0.001670932,0.002154236,0.002425162,0.002763191,0.007982115,0.003024815,0.010162747,0.005310339,0.004298176,0.003448883,0.004782034,0.009076214,0.007552338,0.008984837
423,0.005989778,0.005658024,0.004505903,0.004805438,0.00453813,0.003219674,0.00266729,0.002516047,0.003805096,0.016073584,0.002677944,0.003326078,0.003195451,0.003578089,0.001918551,0.002112382,0.001918551,0.00390878,0.001736138,0.009109315,0.004696105,0.003719786,0.010398238,0.009596786,0.014915003,0.009363325,0.009218821,0.002103806,0.006998151,0.009363325,-0.000448556,0.000628065,0.001331491,0.001331491,0.001711078,0.000570473,0.001510465,0.002578445,0.001684538,0.002167758,0.002433395,0.002769773,0.007913622,0.003029895,0.010116914,0.005283005,0.004298084,0.003443163,0.004768135,0.009029211,0.007561919,0.00895965
424,0.006050906,0.005714443,0.004548913,0.004852717,0.004576324,0.003247613,0.002682362,0.002531485,0.003804507,0.016070206,0.00269972,0.003343206,0.003206833,0.003593638,0.001935384,0.002129917,0.001935384,0.003910106,0.001757815,0.009170754,0.004737231,0.003725027,0.010433699,0.009623239,0.014937815,0.009408338,0.009239623,0.002120472,0.007001996,0.009408338,-0.000405686,0.00065468,0.00134705,0.00134705,0.001743352,0.00061937,0.001546659,0.002594149,0.001700022,0.002180908,0.002440564,0.002768631,0.007851659,0.003023639,0.010069642,0.005260859,0.004302899,0.003441033,0.00475705,0.008979609,0.007565259,0.008916454
425,0.006118587,0.005755155,0.004599283,0.004909816,0.00460097,0.003307461,0.002697361,0.002547879,0.003808366,0.016039506,0.002720447,0.003351805,0.003219581,0.003601711,0.001952585,0.002146826,0.001952585,0.003901774,0.001762768,0.009235674,0.004785848,0.003721937,0.010453383,0.009669352,0.014939194,0.00942427,0.009285924,0.002135428,0.007007837,0.00942427,-0.000385341,0.000670636,0.001352647,0.001352647,0.001754855,0.000639435,0.001561221,0.002608336,0.001710708,0.002192252,0.002439684,0.002760409,0.007831841,0.003018032,0.010045196,0.005253241,0.004305041,0.003440259,0.004750717,0.008961528,0.00756795,0.008906596
426,0.006183746,0.005804151,0.004653331,0.004963938,0.004633249,0.003357587,0.002715202,0.002565782,0.003825287,0.016019557,0.002743728,0.003362594,0.003234767,0.003610857,0.001970442,0.002164673,0.001970442,0.003898059,0.001765404,0.009283431,0.004833805,0.00372925,0.010479138,0.009709627,0.014944152,0.009437142,0.00932539,0.002149456,0.00703272,0.009437142,-0.000348824,0.000699617,0.001371645,0.001371645,0.001781194,0.000676228,0.001592687,0.002621869,0.001727047,0.002205898,0.00244564,0.002756355,0.007785568,0.003019905,0.010001637,0.005237021,0.004306688,0.003435139,0.004742898,0.008918216,0.007563421,0.008870301
427,0.006243543,0.005870753,0.004715193,0.005011733,0.004681752,0.003387052,0.00273908,0.002586892,0.003869967,0.016022453,0.002772436,0.003378038,0.003255138,0.003622279,0.00198969,0.002184517,0.00198969,0.003904155,0.001763117,0.009294714,0.004880363,0.003758672,0.010517791,0.009737498,0.014956718,0.009443512,0.009350334,0.002161511,0.00709807,0.009443512,-0.000332652,0.000712642,0.001385046,0.001385046,0.001796031,0.000692957,0.001609591,0.002621214,0.0017327,0.0022082,0.002452477,0.002760524,0.007759114,0.003027385,0.009982523,0.00522842,0.004306194,0.003430794,0.004741412,0.008892986,0.0075562,0.008843864
428,0.006307564,0.005931283,0.004766689,0.005068747,0.004737374,0.003401708,0.002759456,0.002608656,0.003906737,0.016014164,0.002798479,0.003397108,0.003273731,0.003634755,0.002010843,0.002205571,0.002010843,0.003945166,0.001747951,0.00928456,0.004944345,0.003782131,0.010560751,0.009761035,0.014956051,0.009451256,0.009373013,0.002177486,0.007176318,0.009451256,-0.000294567,0.000738129,0.001405691,0.001405691,0.001828137,0.00073321,0.001644322,0.002632489,0.001747378,0.00221878,0.002462446,0.002776181,0.007708119,0.003032542,0.009936729,0.0052074,0.004311471,0.003431711,0.004734174,0.008850177,0.007582317,0.008794462
429,0.006374066,0.005988246,0.004812098,0.005131176,0.004797178,0.003407665,0.002777774,0.002630805,0.003938861,0.015999307,0.002822957,0.003418307,0.003291281,0.003647849,0.002033114,0.002227338,0.002033114,0.004006684,0.001725223,0.009261816,0.00501856,0.00380209,0.010606239,0.009782026,0.014947613,0.009459807,0.009394363,0.002195765,0.007262142,0.009459807,-0.000272655,0.000750591,0.001412935,0.001412935,0.001845406,0.000756735,0.00166215,0.002644419,0.001756402,0.002227059,0.002465579,0.002787668,0.007683579,0.003030219,0.00991005,0.005194982,0.004317242,0.003436974,0.004728421,0.008832599,0.007615656,0.008771496
430,0.006415689,0.006045597,0.004872839,0.00518939,0.004853592,0.003392554,0.002799453,0.00265238,0.003976622,0.016044719,0.00285728,0.003440055,0.00330758,0.003658331,0.002057765,0.002247924,0.002057765,0.004092384,0.001712909,0.009163539,0.005073426,0.003833738,0.01064575,0.009799334,0.015036868,0.009466107,0.009401554,0.002215372,0.007291454,0.009466107,-0.00022514,0.000774669,0.001443849,0.001443849,0.001886415,0.000815522,0.001701644,0.002660278,0.001777458,0.002247833,0.002474295,0.002789197,0.007628629,0.003028774,0.009856976,0.005189021,0.004317912,0.003433647,0.004726919,0.008797782,0.007655324,0.008726461
431,0.006461385,0.006100975,0.004929459,0.005244103,0.004902479,0.00337595,0.002820173,0.002670538,0.004009233,0.016091022,0.002887023,0.003458169,0.003321236,0.003666774,0.002078314,0.002265853,0.002078314,0.004159278,0.001709375,0.009084131,0.005124332,0.003861239,0.010682446,0.009815666,0.015114417,0.00947701,0.009414569,0.002232683,0.007327081,0.00947701,-0.000183581,0.000792999,0.001470756,0.001470756,0.001922611,0.000866936,0.001733477,0.002665013,0.001792883,0.002267811,0.002485787,0.002783704,0.007590556,0.003031035,0.009825922,0.005185558,0.004318828,0.003431402,0.004731313,0.00879005,0.007667542,0.008715647
432,0.006523187,0.006150667,0.004971563,0.005289616,0.004930561,0.003358926,0.002837552,0.002679072,0.004026165,0.016128914,0.002901939,0.003465842,0.003327601,0.003669891,0.002086757,0.002276433,0.002086757,0.004168252,0.001728939,0.009072151,0.005167484,0.00387481,0.010712214,0.009829888,0.015140899,0.009501423,0.009446736,0.002243216,0.007390948,0.009501423,-0.000167626,0.000799714,0.001473993,0.001473993,0.001935068,0.000883087,0.001743644,0.00266582,0.001796276,0.002275295,0.002491695,0.00278817,0.007582891,0.003032418,0.009821262,0.005175638,0.004324845,0.003437747,0.004731457,0.008799557,0.00767343,0.008726905
433,0.006576537,0.006200801,0.005014847,0.005330064,0.004956024,0.003377761,0.002852199,0.002687984,0.004025576,0.016153824,0.002919196,0.003476445,0.003333033,0.003673978,0.00209675,0.002287738,0.00209675,0.004174355,0.001749403,0.009106829,0.005204772,0.003884213,0.010724433,0.009847908,0.01514805,0.009527703,0.009473231,0.002253928,0.007397728,0.009527703,-0.000134976,0.00081569,0.00148005,0.00148005,0.00195852,0.000911861,0.0017678,0.002669381,0.001807582,0.002283178,0.002501534,0.002798677,0.007561946,0.003040347,0.009816816,0.005179023,0.004334997,0.003446716,0.004736055,0.008813703,0.00768914,0.008739478
434,0.006623512,0.006251268,0.00505902,0.005366692,0.004979513,0.003423648,0.002864786,0.002697181,0.004011767,0.016168939,0.002938221,0.00348926,0.00333776,0.003678798,0.002107911,0.00229959,0.002107911,0.004178292,0.001770546,0.009176706,0.005237637,0.003890472,0.010723414,0.009868793,0.015140619,0.009555392,0.009495448,0.002264775,0.007361442,0.009555392,-0.000118281,0.000824951,0.00148287,0.00148287,0.001969514,0.000924483,0.00178179,0.002672136,0.001815494,0.002283576,0.002505466,0.002804718,0.007548665,0.003046891,0.00981703,0.005192329,0.004339132,0.00344934,0.00474051,0.008818342,0.00769896,0.008740795
435,0.006683814,0.006301616,0.005105816,0.005410011,0.005016244,0.003449937,0.002877994,0.0027142,0.004027406,0.016176825,0.002960132,0.003500388,0.003350141,0.003689544,0.002124736,0.002311197,0.002124736,0.00418366,0.001795552,0.00919318,0.005272815,0.0039082,0.010761086,0.009890403,0.015163942,0.009562568,0.009522309,0.002276626,0.007388255,0.009562568,-8.18083E-05,0.000843814,0.001497424,0.001497424,0.002002834,0.000965783,0.00181615,0.002683084,0.001835452,0.002292146,0.002525035,0.002820997,0.007532678,0.003065306,0.009816003,0.005214033,0.004365724,0.0034631,0.004753753,0.008827794,0.007729752,0.008748127
436,0.006744966,0.006352945,0.005153316,0.005456256,0.005052596,0.003477328,0.00289357,0.002732363,0.004048325,0.016186711,0.002983584,0.003512952,0.003363284,0.003699633,0.002142236,0.002323947,0.002142236,0.004192646,0.001820316,0.00921419,0.005309002,0.003929696,0.010797886,0.009912888,0.015184245,0.009569511,0.009548047,0.002289223,0.007422511,0.009569511,-3.91846E-05,0.000864949,0.001517576,0.001517576,0.002036805,0.001014144,0.001857285,0.002695464,0.001854491,0.002305379,0.002544311,0.002837353,0.007524045,0.00308648,0.009812057,0.005221847,0.004396794,0.003484546,0.004772031,0.008841202,0.007775522,0.008762174
437,0.006803121,0.006408021,0.005202248,0.005510394,0.005081365,0.00351798,0.00291777,0.002751193,0.00407542,0.016207482,0.003011488,0.0035317,0.003375737,0.003704495,0.002159639,0.002341109,0.002159639,0.004214574,0.001842369,0.009277099,0.005347911,0.003960039,0.010813418,0.00993833,0.015178883,0.009585114,0.009567397,0.002304163,0.007455426,0.009585114,-1.63378E-05,0.00087648,0.001525992,0.001525992,0.002048451,0.001033828,0.00187805,0.00269965,0.001861485,0.002310441,0.002547949,0.002843471,0.007518117,0.003095783,0.009809352,0.005221263,0.004405407,0.003494857,0.004781522,0.008849796,0.007800321,0.008770206
438,0.006859583,0.006462719,0.005256663,0.0055641,0.005128321,0.003540534,0.002939825,0.002770848,0.004100968,0.016239819,0.003041856,0.003552734,0.003389156,0.003712126,0.00218014,0.002359957,0.00218014,0.004256335,0.001867285,0.009286472,0.005391178,0.003993668,0.010847954,0.009962422,0.015198648,0.009598317,0.009598234,0.002321928,0.007493182,0.009598317,2.16556E-05,0.000898063,0.001544465,0.001544465,0.002080091,0.00107744,0.001914141,0.002715387,0.001880672,0.002324022,0.002561471,0.002861208,0.00750468,0.003114475,0.009810906,0.005233228,0.004431026,0.003511003,0.00480409,0.008874556,0.007841468,0.008790828
439,0.006914545,0.006517081,0.005315942,0.005617423,0.005191406,0.003547039,0.002959978,0.002791236,0.004125146,0.01628241,0.003074407,0.003575795,0.003403433,0.003722213,0.00220339,0.002380298,0.00220339,0.004315684,0.001894741,0.009248371,0.00543831,0.00403021,0.010899344,0.009985316,0.015240695,0.009609391,0.00963926,0.002342198,0.007535228,0.009609391,3.68021E-05,0.000908115,0.00155452,0.00155452,0.002100084,0.001101368,0.001929468,0.002726938,0.001892865,0.002332541,0.002571356,0.002872828,0.007497171,0.003123864,0.009815165,0.005245778,0.004448032,0.003516837,0.004817168,0.008890722,0.007857816,0.008803417
440,0.00697669,0.006575796,0.005366655,0.005669892,0.005234508,0.003566461,0.002981829,0.002811088,0.004131787,0.016334703,0.003103603,0.003595582,0.003420249,0.00373378,0.002225456,0.002394142,0.002225456,0.004342744,0.001933879,0.00926268,0.005478622,0.004032444,0.010945751,0.010013104,0.015287652,0.009642025,0.009669705,0.0023604,0.007552347,0.009642025,8.92147E-05,0.000934061,0.001574903,0.001574903,0.002142115,0.001158974,0.001967493,0.002752952,0.001917179,0.002359765,0.002597639,0.002890497,0.007474864,0.003150399,0.009823854,0.005263846,0.004482943,0.0035403,0.004843059,0.008927533,0.007901367,0.008836679
441,0.007039113,0.006634243,0.005416683,0.005721304,0.005273878,0.003590544,0.003004565,0.002830175,0.004135684,0.01638558,0.003132533,0.0036151,0.003436889,0.003745025,0.00224695,0.002407905,0.00224695,0.004360772,0.001976492,0.009295322,0.005517963,0.004036028,0.010994135,0.010043146,0.015330937,0.009679431,0.009701896,0.002378142,0.007562994,0.009679431,0.000143622,0.00096021,0.00159122,0.00159122,0.002180225,0.001216499,0.002007951,0.002778381,0.001943611,0.002383457,0.00262567,0.002904126,0.007458789,0.003177272,0.009829878,0.005274223,0.004515417,0.003563376,0.004866466,0.008959883,0.007951467,0.008868847
442,0.007096711,0.006687628,0.005470743,0.005768296,0.005312241,0.003626253,0.003030162,0.00284599,0.004141289,0.016421184,0.003163056,0.003636119,0.003450485,0.003753419,0.002266671,0.002426871,0.002266671,0.004362526,0.002026002,0.009372313,0.005558444,0.004075761,0.011056458,0.010079981,0.015352057,0.009721564,0.009751732,0.002395416,0.007563523,0.009721564,0.000160764,0.000970463,0.001597209,0.001597209,0.002196297,0.001240346,0.002025711,0.002789349,0.001957924,0.002388444,0.002637303,0.002911706,0.007457513,0.003186998,0.009831473,0.005279082,0.004529986,0.003568823,0.00487706,0.008971589,0.007974363,0.008880342
443,0.007159095,0.006745104,0.005523334,0.005817782,0.00535581,0.003665787,0.003055226,0.002866772,0.004152187,0.016462194,0.003194792,0.003659635,0.003468634,0.003762233,0.00228791,0.002447333,0.00228791,0.004370625,0.002072818,0.009442487,0.005599239,0.004120283,0.011110126,0.010122316,0.015377251,0.00975944,0.009794141,0.002416283,0.007579788,0.00975944,0.000199385,0.000994922,0.001611787,0.001611787,0.002228219,0.001293991,0.002059676,0.002813945,0.001983074,0.002406182,0.002656934,0.002927149,0.007443329,0.003204924,0.009834699,0.005290242,0.004562086,0.003583332,0.00490123,0.008999818,0.008020254,0.008900525
444,0.007226461,0.006806838,0.005574396,0.005869863,0.005404796,0.003709302,0.003079737,0.002892724,0.004168597,0.016508829,0.003227789,0.003685748,0.003491524,0.003771485,0.002310731,0.002469352,0.002310731,0.004385328,0.00211683,0.009505565,0.005640361,0.004169789,0.011154783,0.010170375,0.015406684,0.009792885,0.009828821,0.002440888,0.007612431,0.009792885,0.000220865,0.001009128,0.001620376,0.001620376,0.002244068,0.001323789,0.002075882,0.002827574,0.001993912,0.002418933,0.002664931,0.002935013,0.00743042,0.003213124,0.00983633,0.005296544,0.004579616,0.003592395,0.004914807,0.009016341,0.008043248,0.008909213
445,0.007287826,0.006866884,0.00563015,0.005931257,0.005452082,0.003743977,0.003106348,0.002917836,0.004183724,0.016551458,0.003264546,0.003712818,0.003515378,0.00378999,0.002336729,0.002493176,0.002336729,0.004414378,0.00215671,0.009565118,0.005689205,0.004193116,0.01122803,0.010203625,0.015440434,0.009838848,0.009886974,0.002462756,0.00762903,0.009838848,0.00027383,0.001040516,0.001646079,0.001646079,0.002291424,0.001392677,0.002118217,0.002853223,0.002025166,0.002451178,0.002684379,0.002957094,0.007393175,0.003238819,0.009844887,0.005310633,0.004625603,0.003614899,0.004938485,0.009064865,0.008099321,0.008933448
446,0.007348616,0.006926592,0.005685871,0.005993435,0.005498993,0.003776436,0.003132936,0.002942812,0.004198865,0.016596648,0.003302046,0.003740246,0.003539204,0.003809318,0.002363735,0.002516632,0.002363735,0.004444549,0.002197236,0.00962325,0.005738124,0.004212223,0.01130391,0.010234502,0.015475925,0.009888942,0.009948153,0.002484488,0.007643321,0.009888942,0.000326456,0.001071288,0.001669382,0.001669382,0.002339649,0.001461389,0.002159405,0.00288111,0.00206282,0.00248238,0.002707083,0.002978729,0.007357972,0.00326183,0.009857208,0.00532114,0.004667165,0.003636926,0.004962075,0.009115027,0.008154157,0.008973865
447,0.00741452,0.006986654,0.005734636,0.006047015,0.005546044,0.003808015,0.003156359,0.002968165,0.004215932,0.016663349,0.0033387,0.003768501,0.003561459,0.003820364,0.002392361,0.002535232,0.002392361,0.004460931,0.002247693,0.009677732,0.005776386,0.004243129,0.011354768,0.010272139,0.015515897,0.009946377,0.009994095,0.002509323,0.007666558,0.009946377,0.000347596,0.001084877,0.00167557,0.00167557,0.002356366,0.001491011,0.002174464,0.002896977,0.002080056,0.002494088,0.002718337,0.002986147,0.007347106,0.003267347,0.009862604,0.005323862,0.00468027,0.003645512,0.004975565,0.009133189,0.008175913,0.008998734
448,0.007479884,0.007046072,0.005784237,0.006101444,0.005589053,0.00384815,0.003180869,0.002993003,0.004224251,0.016715198,0.00337369,0.003796368,0.00358291,0.003833635,0.00241879,0.002554499,0.00241879,0.004473025,0.00229372,0.009760216,0.005818574,0.004282438,0.011411054,0.010312874,0.015546601,0.010001969,0.010040462,0.002532974,0.007668814,0.010001969,0.000388067,0.001110503,0.001687798,0.001687798,0.002389326,0.001545699,0.002206581,0.002926104,0.002107417,0.002519021,0.002736192,0.003000393,0.007328594,0.003284801,0.009875254,0.005327808,0.004711879,0.003661983,0.005002661,0.009163397,0.008214131,0.009031663
449,0.007544615,0.007104732,0.005834818,0.00615687,0.005627318,0.003898329,0.003206658,0.003017235,0.004222302,0.016749613,0.003406727,0.003823781,0.003603415,0.003849517,0.002442638,0.00257455,0.002442638,0.004480084,0.002334548,0.009875574,0.00586537,0.004331611,0.011473711,0.010357244,0.015566424,0.010055399,0.01008733,0.002555234,0.00764644,0.010055399,0.000407399,0.00112254,0.001693837,0.001693837,0.00240557,0.001570765,0.002223639,0.002939363,0.002117541,0.002532246,0.002742794,0.003007221,0.007320948,0.003296737,0.009882509,0.005329033,0.004730381,0.003669868,0.005016266,0.009175444,0.008230591,0.009039724
450,0.007610341,0.00716242,0.005884553,0.0062113,0.005671695,0.003951247,0.003235377,0.003044347,0.004236334,0.016776851,0.00344248,0.003851114,0.003626171,0.003866933,0.002468166,0.002598858,0.002468166,0.00447733,0.002353935,0.009975623,0.005916563,0.004372261,0.011540767,0.010402182,0.015587007,0.010101228,0.01014768,0.002577431,0.007655046,0.010101228,0.000460855,0.001157584,0.001710431,0.001710431,0.002445446,0.00163655,0.002266214,0.002971393,0.002150942,0.00256532,0.002765705,0.003026724,0.0072864,0.003320673,0.009895991,0.005333756,0.004776548,0.003698292,0.00504222,0.009189929,0.008283095,0.009059366
451,0.007676254,0.007220518,0.005934989,0.006266719,0.0057188,0.004004528,0.003264778,0.003072381,0.004255466,0.016800726,0.003479358,0.003879017,0.003650474,0.003884544,0.002494745,0.002624427,0.002494745,0.00447587,0.002366166,0.010070105,0.00597029,0.00440886,0.01160757,0.010447147,0.015607176,0.010144838,0.010209433,0.002600175,0.007672915,0.010144838,0.000517884,0.001194656,0.001731314,0.001731314,0.002488082,0.00170827,0.002311668,0.003003059,0.002186644,0.00259848,0.002790298,0.003049909,0.007241722,0.003341229,0.009892012,0.005341114,0.004812207,0.003724181,0.005060821,0.009198422,0.008339257,0.009069557
452,0.007741536,0.007284032,0.005992917,0.006332291,0.005774831,0.004054851,0.00329339,0.003101669,0.004281493,0.016812814,0.003519482,0.003911694,0.003682448,0.003900431,0.002526223,0.002651053,0.002526223,0.004505985,0.002366602,0.010152473,0.006035067,0.004431023,0.01166287,0.010491112,0.01562235,0.010186848,0.010253541,0.002627483,0.007699093,0.010186848,0.000540788,0.001208722,0.001741643,0.001741643,0.002507085,0.001739272,0.002331606,0.003015954,0.002199067,0.002611792,0.002798582,0.003060417,0.007223948,0.003349786,0.009881806,0.005344975,0.004820199,0.00372953,0.005067074,0.009204476,0.008359376,0.009068166
453,0.007807627,0.007348125,0.006050468,0.006395319,0.005831263,0.004089938,0.003323106,0.003130093,0.00431173,0.016831426,0.003561506,0.00394341,0.003712741,0.00391772,0.002556317,0.002679538,0.002556317,0.004545885,0.002371165,0.010195596,0.006101866,0.004466426,0.011730049,0.010533469,0.01565815,0.010229009,0.01030343,0.00265344,0.007739454,0.010229009,0.000582734,0.001238423,0.001763739,0.001763739,0.002546856,0.001801748,0.002370496,0.003041076,0.002225515,0.002639302,0.002815698,0.003077358,0.007191168,0.003362373,0.009867005,0.005348719,0.004842333,0.003739323,0.00508455,0.009211808,0.008393288,0.009071081
454,0.007874747,0.007412953,0.006107539,0.006455108,0.005888206,0.004105634,0.003354226,0.003157415,0.004347324,0.016858342,0.003605945,0.003973903,0.003740895,0.003936793,0.00258465,0.00271039,0.00258465,0.004598238,0.002380982,0.010188769,0.006171237,0.004518681,0.011812348,0.010573778,0.0157202,0.01027136,0.010360677,0.002677678,0.007797868,0.01027136,0.000601776,0.001254059,0.001775505,0.001775505,0.002567623,0.001833222,0.002389449,0.003053302,0.00223954,0.0026535,0.002824529,0.00308379,0.007176163,0.003366403,0.00986241,0.005348602,0.004856474,0.003743767,0.005095773,0.009213086,0.008407081,0.009075387
455,0.007935501,0.007474859,0.006162855,0.006513522,0.005941795,0.004131446,0.003384809,0.00318621,0.004367509,0.016879136,0.003646239,0.004004524,0.003765025,0.003952286,0.002613194,0.002736751,0.002613194,0.004630792,0.00237714,0.010220695,0.006239987,0.004561249,0.011878858,0.010615063,0.015762339,0.01030292,0.010413801,0.002701964,0.007831473,0.01030292,0.000658379,0.001293539,0.001800898,0.001800898,0.002616811,0.001902358,0.002440361,0.00308108,0.00227627,0.00268504,0.002844939,0.003097814,0.007140553,0.003383305,0.00985059,0.005347607,0.00488659,0.003764483,0.005114358,0.009216544,0.00845728,0.00907735
456,0.007995216,0.007535873,0.006217551,0.006571313,0.005993988,0.004161389,0.003415092,0.003215202,0.004384242,0.016897393,0.003685272,0.004034884,0.003788366,0.003967301,0.00264157,0.002761874,0.00264157,0.004657288,0.002370152,0.010264753,0.006308307,0.004599663,0.011941454,0.010655756,0.015797972,0.010332109,0.010465256,0.002726088,0.007858655,0.010332109,0.000720057,0.001332923,0.001823617,0.001823617,0.002662684,0.001970657,0.002490552,0.003104535,0.002308186,0.002713668,0.002863757,0.003112335,0.007102447,0.003401016,0.009840647,0.005349845,0.00491662,0.003783015,0.00512827,0.009221299,0.008507214,0.009074141
457,0.008062686,0.007596721,0.006271381,0.006627188,0.006042639,0.00420131,0.003444114,0.003242016,0.004411329,0.016909272,0.003724122,0.004062562,0.003815417,0.003987633,0.002667861,0.002787932,0.002667861,0.004682504,0.002371572,0.010313817,0.006374425,0.004626729,0.012011277,0.01068849,0.015828577,0.010368964,0.010512777,0.002748646,0.007894725,0.010368964,0.000744175,0.001348463,0.001832712,0.001832712,0.002680136,0.002001296,0.002508784,0.003112437,0.002317397,0.002724955,0.002870996,0.003119264,0.007084947,0.003405855,0.009837929,0.00535296,0.004930674,0.003785275,0.005134819,0.009223875,0.008520741,0.009073275
458,0.008128074,0.007656583,0.006325062,0.006684619,0.006093936,0.004231368,0.003472237,0.003269521,0.004441182,0.016928395,0.003762941,0.004092211,0.003841976,0.004005605,0.002696495,0.002816343,0.002696495,0.004717258,0.002376939,0.010344335,0.006440327,0.004659598,0.01207411,0.010725808,0.015860829,0.010402672,0.01055938,0.002771437,0.007935149,0.010402672,0.00078796,0.0013799,0.001852984,0.001852984,0.002717627,0.00206205,0.00255059,0.003135398,0.00234113,0.002746277,0.002885358,0.003137531,0.007054554,0.003420501,0.00983309,0.005352929,0.004951512,0.0038007,0.005152768,0.009228829,0.008552057,0.00908285
459,0.008190704,0.007715141,0.006378543,0.006744112,0.006148739,0.004248351,0.003499168,0.003297941,0.004474701,0.016957123,0.003801721,0.004124474,0.003867884,0.004020452,0.002728232,0.002847872,0.002728232,0.004764654,0.002387535,0.010350267,0.006505943,0.004700159,0.012127678,0.010769203,0.015895265,0.010432211,0.010604764,0.002794539,0.007981343,0.010432211,0.000807628,0.001395797,0.001864163,0.001864163,0.002737667,0.002092165,0.002574166,0.003150456,0.002355653,0.002756313,0.002892481,0.003148868,0.007041661,0.003430308,0.009830968,0.005349783,0.004958295,0.003813865,0.005164169,0.009231206,0.008569845,0.009093291
460,0.008254086,0.007776302,0.006433133,0.006800722,0.006198727,0.004273285,0.003530841,0.003326233,0.004501067,0.016990423,0.003842175,0.004155282,0.003893756,0.004036628,0.002756701,0.002874051,0.002756701,0.004805668,0.002401568,0.010374756,0.006572771,0.004734507,0.012187548,0.01080719,0.015932111,0.010461257,0.010654033,0.002817673,0.008018029,0.010461257,0.00086926,0.001437016,0.001889427,0.001889427,0.002787405,0.002164682,0.002626119,0.003178235,0.002386614,0.002783572,0.002910353,0.003171392,0.007006153,0.003445989,0.009828674,0.005353288,0.004991575,0.003834419,0.005188691,0.009243475,0.00862423,0.009097779
461,0.008317344,0.007837869,0.006487959,0.00685687,0.006247521,0.004300857,0.003563746,0.003354427,0.004525374,0.017024228,0.003882856,0.004185383,0.003919607,0.004053288,0.002784192,0.002898741,0.002784192,0.004843664,0.002416959,0.010406758,0.006639552,0.004766408,0.012249294,0.010843867,0.015968598,0.01049043,0.010704507,0.002840631,0.008051072,0.01049043,0.000936883,0.00147883,0.001913941,0.001913941,0.002838457,0.002238498,0.002678549,0.003199014,0.002417262,0.002811525,0.002932319,0.003189457,0.006976263,0.003463488,0.009830727,0.005362368,0.00503369,0.003853785,0.005213698,0.009260416,0.008682556,0.009104073
462,0.008376944,0.007895235,0.006541645,0.006917552,0.006299636,0.004329726,0.003593945,0.003382046,0.004551703,0.017048527,0.00392048,0.004212991,0.003945356,0.004070594,0.002812241,0.002925458,0.002812241,0.004871515,0.002435102,0.01045549,0.006701984,0.004793419,0.01230988,0.010884564,0.015993748,0.010522465,0.010754758,0.002861717,0.008077645,0.010522465,0.000962541,0.001495321,0.00192437,0.00192437,0.002859812,0.002269912,0.002702599,0.003207073,0.002431472,0.002822255,0.002943536,0.003196335,0.006968988,0.003475111,0.009832953,0.005364795,0.005049308,0.003865762,0.005225583,0.009267465,0.008704285,0.009116321
463,0.008439511,0.007952907,0.006596372,0.006978435,0.006351372,0.004360838,0.003624412,0.003410245,0.004579337,0.017070917,0.003960864,0.004243973,0.003972475,0.004088427,0.002842839,0.002954355,0.002842839,0.004905928,0.002457066,0.010497527,0.006769296,0.004827547,0.012371733,0.010924468,0.016025272,0.010553814,0.010804172,0.002885619,0.00811028,0.010553814,0.001013972,0.001528983,0.001946844,0.001946844,0.002902686,0.00233748,0.002750877,0.003227238,0.002457466,0.002846101,0.002965155,0.003216409,0.006949579,0.003494713,0.009834178,0.005374087,0.005082624,0.003884599,0.005246022,0.009280851,0.008747735,0.009130147
464,0.008506176,0.008011002,0.006652536,0.007039596,0.006402583,0.004395047,0.003655247,0.003439246,0.004608776,0.01709067,0.004005061,0.004279612,0.004001489,0.004106988,0.002876958,0.002986262,0.002876958,0.004949404,0.002484306,0.010530321,0.006843348,0.004871506,0.012435336,0.010963277,0.016065601,0.010584216,0.010852431,0.002913411,0.008151287,0.010584216,0.001039744,0.001546155,0.001958888,0.001958888,0.002924205,0.002373634,0.002775104,0.003239344,0.00246925,0.002859217,0.002975558,0.003229605,0.006937445,0.003502692,0.009833177,0.005380952,0.005100321,0.00389146,0.005254575,0.009287187,0.008769456,0.009131727
465,0.008571121,0.008076102,0.006715787,0.007104286,0.006459923,0.004423352,0.003688472,0.003469115,0.004645716,0.017119474,0.004049137,0.004314381,0.00403014,0.00412544,0.0029095,0.003016051,0.0029095,0.004998046,0.002516009,0.010554184,0.00691113,0.004912258,0.012509272,0.011005823,0.016112378,0.010614326,0.01091319,0.002938217,0.00820331,0.010614326,0.001105495,0.001592836,0.001989278,0.001989278,0.002981225,0.00246184,0.002837691,0.003270176,0.002499832,0.002888918,0.003001399,0.003257778,0.006909797,0.003529059,0.009829684,0.005391291,0.005145727,0.003915317,0.005288375,0.009302755,0.008837244,0.009150377
466,0.008635571,0.008143236,0.006780888,0.007169386,0.006519465,0.004450089,0.00372237,0.003499174,0.004683242,0.017151244,0.004093336,0.004348966,0.004058959,0.004144055,0.002941453,0.00304535,0.002941453,0.005048017,0.002549793,0.010575654,0.006977446,0.00495213,0.012586176,0.011049561,0.016161666,0.010645463,0.01097729,0.002962424,0.008256949,0.010645463,0.001175048,0.001640745,0.002020313,0.002020313,0.003041057,0.00255269,0.002899104,0.003304185,0.002529435,0.002918211,0.003027366,0.003284023,0.006884499,0.003554104,0.009834334,0.005404651,0.005191892,0.003939827,0.005323244,0.009328831,0.008902089,0.009175576
467,0.008700518,0.008208578,0.00684207,0.007227366,0.006581722,0.004479818,0.003755454,0.003528381,0.004702733,0.017184095,0.004139178,0.004384481,0.004090627,0.004164673,0.002972485,0.003076461,0.002972485,0.005094918,0.002590368,0.010601437,0.007048951,0.004993333,0.012660104,0.011093419,0.016215757,0.01068791,0.011035261,0.002990116,0.008291757,0.01068791,0.001204623,0.001659145,0.002033004,0.002033004,0.003065388,0.002591487,0.002922157,0.003319468,0.00254024,0.002930919,0.003037897,0.003295292,0.006874714,0.00356076,0.009841477,0.005414536,0.005210348,0.00394734,0.005332867,0.009345675,0.008920865,0.009183705
468,0.008764854,0.008271727,0.006898471,0.007285841,0.006641727,0.004512779,0.003788945,0.00355769,0.004728402,0.017218619,0.004183674,0.004419795,0.004121377,0.004184773,0.003003921,0.003106628,0.003003921,0.00513655,0.002631206,0.010633682,0.007114367,0.00503245,0.012734661,0.011138098,0.016269011,0.010733037,0.011094903,0.003016663,0.008331663,0.010733037,0.001263252,0.001697743,0.002056463,0.002056463,0.003113187,0.002667254,0.002974382,0.003343051,0.002565443,0.00295656,0.003056905,0.003319312,0.006854475,0.003582184,0.009852183,0.005433525,0.005250139,0.003965063,0.005359426,0.009376438,0.008966366,0.009193948
469,0.008828378,0.008331967,0.006948532,0.007344971,0.006698745,0.004550023,0.003822977,0.003587133,0.00476226,0.017255361,0.004226388,0.004454841,0.004150907,0.004204185,0.003035895,0.003135544,0.003035895,0.005171198,0.002672395,0.010674494,0.007171712,0.005068802,0.012810051,0.011183864,0.016321154,0.010781718,0.011156761,0.003041695,0.008378328,0.010781718,0.001292305,0.00171794,0.002067233,0.002067233,0.003136655,0.002704223,0.003003554,0.003351351,0.002579841,0.002969493,0.003065384,0.003332064,0.006844022,0.003596953,0.009855747,0.005442628,0.005271474,0.003975273,0.005376362,0.009390356,0.00899309,0.009196063
470,0.008899583,0.008395016,0.007006224,0.007408151,0.006753901,0.004581668,0.003854874,0.003617715,0.004786924,0.017307504,0.004271472,0.004490603,0.00418107,0.004223807,0.003068576,0.003163894,0.003068576,0.005214144,0.002717967,0.010721094,0.00722733,0.005120965,0.012884645,0.011230831,0.016370802,0.010822543,0.011215,0.003067732,0.008405076,0.010822543,0.001366774,0.001763343,0.002095738,0.002095738,0.003196844,0.002800767,0.00306946,0.003381822,0.002615633,0.002999699,0.003093896,0.003361002,0.006819484,0.00362715,0.009873456,0.005464071,0.005325271,0.004001404,0.005412597,0.009439741,0.009062902,0.009227121
471,0.008972059,0.008459027,0.007065316,0.007471915,0.006808477,0.004612715,0.003886138,0.003648501,0.004808018,0.017360844,0.004316915,0.004526328,0.004211323,0.004243462,0.003101173,0.003192016,0.003101173,0.00525708,0.00276228,0.010773827,0.007281837,0.005175818,0.012959368,0.011278043,0.016418421,0.010862904,0.011272982,0.003093969,0.008425147,0.010862904,0.001443319,0.00181026,0.002124103,0.002124103,0.00325681,0.002898927,0.00313205,0.003415509,0.002648017,0.003027549,0.003121114,0.003393057,0.006800824,0.003656086,0.009895807,0.005488354,0.005379212,0.004034607,0.005448842,0.009495618,0.009130261,0.00927057
472,0.009034131,0.008523727,0.007115337,0.00752943,0.006863129,0.0046543,0.00391779,0.003677886,0.004823111,0.017381191,0.004358849,0.004559686,0.004240594,0.004262822,0.003131004,0.00321969,0.003131004,0.005276339,0.002782805,0.01086529,0.007331266,0.005209935,0.013037508,0.011324043,0.016454869,0.010921409,0.011338943,0.003119136,0.00844171,0.010921409,0.001474448,0.001831972,0.002134732,0.002134732,0.003280054,0.002937513,0.003157905,0.003427026,0.002659008,0.003038125,0.003128298,0.003408925,0.006796248,0.003669595,0.009904014,0.005500298,0.005400691,0.004051889,0.005465788,0.00951603,0.009154532,0.009285077
473,0.009098775,0.008587036,0.00716911,0.0075885,0.006917984,0.004696933,0.003949834,0.003707451,0.004837774,0.017362915,0.004401012,0.004593049,0.004269076,0.004281555,0.003162032,0.003246949,0.003162032,0.005294068,0.002804635,0.010954637,0.007380652,0.005247341,0.013108966,0.011371335,0.016489898,0.010975858,0.011400258,0.00314375,0.008454546,0.010975858,0.001536681,0.001871163,0.0021554,0.0021554,0.003327287,0.003015905,0.003209411,0.003447433,0.002682064,0.003060393,0.003145143,0.0034357,0.006787693,0.003695262,0.009925644,0.005526212,0.005442561,0.004078581,0.005498133,0.009557391,0.009201421,0.009320772
474,0.009166694,0.008648575,0.00722766,0.007649551,0.006973096,0.004740898,0.003982376,0.003737244,0.004851889,0.017295483,0.004443466,0.004626417,0.004296554,0.004299491,0.003194581,0.003273682,0.003194581,0.00530985,0.002828127,0.011041289,0.007429981,0.005288931,0.013171922,0.011420272,0.016523122,0.011025141,0.011455662,0.003167658,0.008462639,0.011025141,0.001567785,0.001888641,0.002165439,0.002165439,0.003351275,0.003055712,0.003235062,0.003456324,0.002694129,0.003072084,0.003154805,0.003446607,0.006783715,0.00370742,0.009939067,0.005540184,0.005462951,0.00408799,0.005513531,0.009578341,0.00922404,0.00934196
475,0.009240148,0.008712139,0.007286293,0.00770856,0.007024088,0.004787489,0.004016487,0.003767477,0.00487045,0.017254391,0.004485536,0.004659538,0.004326396,0.004318675,0.00322811,0.003300728,0.00322811,0.005332306,0.002852515,0.011126873,0.007480685,0.005318902,0.01324058,0.011465388,0.016554019,0.011073635,0.011516725,0.003192242,0.008474605,0.011073635,0.001643214,0.001929781,0.00218995,0.00218995,0.003410853,0.003146032,0.003298626,0.003487548,0.002722499,0.003101224,0.003183416,0.003478718,0.006785203,0.003742457,0.009976296,0.005574057,0.005514366,0.00412122,0.005556784,0.009633356,0.009297621,0.009393888
476,0.009314792,0.008776605,0.007345265,0.007767237,0.007074225,0.004834303,0.004050621,0.003797739,0.004890163,0.017222677,0.004527434,0.004692766,0.004356532,0.004337568,0.003261652,0.003327806,0.003261652,0.005356086,0.002874854,0.01120996,0.007532003,0.005347081,0.013310273,0.011509196,0.016583862,0.011122115,0.011578488,0.003216808,0.008486022,0.011122115,0.001715071,0.001967738,0.002210865,0.002210865,0.003469336,0.00322832,0.003357937,0.003515304,0.002754888,0.003129508,0.003210976,0.003511805,0.006792038,0.003782123,0.010020756,0.005611909,0.005568826,0.004157286,0.005599239,0.009694529,0.009380919,0.009450912
477,0.009386703,0.008843501,0.007406546,0.007827701,0.007126619,0.004877321,0.004081686,0.003827294,0.004909128,0.017205242,0.004568867,0.004727307,0.004383925,0.004351739,0.003293264,0.003354465,0.003293264,0.005375767,0.002880309,0.011276955,0.007584988,0.005386161,0.013375756,0.011551322,0.016610802,0.01117212,0.011633669,0.003239852,0.008485404,0.01117212,0.001742603,0.001982034,0.002217309,0.002217309,0.00349223,0.003260093,0.003379335,0.003520727,0.002770973,0.003140343,0.003219586,0.003523686,0.006793407,0.003798911,0.01004141,0.005629859,0.005592263,0.004169532,0.005613839,0.009721637,0.009413256,0.009477195
478,0.009455475,0.008911729,0.007467497,0.007889579,0.007178376,0.004921985,0.004113626,0.003856304,0.004927015,0.017205725,0.004608809,0.004760301,0.004410574,0.004366494,0.003324442,0.003381349,0.003324442,0.005393222,0.002881431,0.011359093,0.007633663,0.00542913,0.013434664,0.011593963,0.016634273,0.011219622,0.011691328,0.00326222,0.008489848,0.011219622,0.001790617,0.002008543,0.002233095,0.002233095,0.003535874,0.003320196,0.003422578,0.003538319,0.002797537,0.003159601,0.003236907,0.003550682,0.006803715,0.003829364,0.010083236,0.005659978,0.005639031,0.004196888,0.005644982,0.009779901,0.009473881,0.009529099
479,0.009520561,0.00898152,0.007528062,0.007953114,0.007229388,0.00496858,0.004146595,0.003884673,0.004943638,0.017227242,0.004647,0.00479148,0.004436353,0.004381932,0.003355111,0.0034085,0.003355111,0.005408065,0.002877466,0.011459009,0.007677277,0.005476664,0.013485854,0.01163721,0.016653674,0.011264184,0.011751895,0.003283798,0.008500234,0.011264184,0.001811099,0.002020757,0.002242437,0.002242437,0.003556625,0.003348526,0.003444423,0.003550488,0.002808016,0.003168024,0.003245618,0.003565797,0.006812655,0.003843029,0.010104409,0.005672145,0.005662364,0.004211998,0.005661526,0.009811058,0.009502169,0.00955472
480,0.009595202,0.009050938,0.007589779,0.008015046,0.00728061,0.005008377,0.004178019,0.003914351,0.004960392,0.017320533,0.004685717,0.004821205,0.004461836,0.00439432,0.003383682,0.003432993,0.003383682,0.005426539,0.002870574,0.011539752,0.007722217,0.005495573,0.013538724,0.011661454,0.016664609,0.011299691,0.01179386,0.003304829,0.008522802,0.011299691,0.001865319,0.002053223,0.002263072,0.002263072,0.0036095,0.003415388,0.003496796,0.003575336,0.002835062,0.003188593,0.00327451,0.003601085,0.006836976,0.003883135,0.010159117,0.005712952,0.005716119,0.004249032,0.005706168,0.009887205,0.009570519,0.00963079
481,0.009671844,0.009120546,0.007651174,0.008076402,0.007331048,0.00504618,0.004209309,0.003944111,0.004977184,0.017445519,0.004724343,0.004850342,0.004487038,0.004406049,0.003412388,0.00345662,0.003412388,0.005445329,0.002865221,0.011617066,0.007766649,0.005511462,0.013591045,0.011684505,0.016674712,0.011334465,0.0118342,0.003325816,0.00854884,0.011334465,0.001925731,0.002089264,0.002280587,0.002280587,0.003662155,0.003479883,0.003551582,0.003597377,0.002865242,0.003212606,0.003302221,0.003634564,0.006864432,0.003927491,0.010212663,0.005755144,0.005765202,0.004285619,0.005747434,0.009955834,0.00964351,0.009703794
482,0.00974611,0.009191898,0.007708813,0.008136683,0.007376349,0.005082177,0.004242149,0.003972368,0.004994004,0.017654982,0.004761605,0.004878109,0.004510972,0.004418406,0.003445145,0.003479008,0.003445145,0.005460489,0.002873823,0.01170275,0.00780592,0.005552761,0.013637416,0.011729401,0.016692707,0.011378638,0.011893134,0.003347367,0.008577478,0.011378638,0.001952405,0.002105051,0.002286809,0.002286809,0.003682686,0.003505847,0.00357584,0.003606739,0.002878855,0.003224473,0.003309751,0.00364787,0.006876507,0.003945407,0.010232675,0.005768697,0.005783863,0.004300282,0.005760601,0.009979473,0.009676439,0.009726349
483,0.009823245,0.009264684,0.007773821,0.008201807,0.007426587,0.005122587,0.004275329,0.004001556,0.005009323,0.017853671,0.00480008,0.004908012,0.004536199,0.004432748,0.003479459,0.003505207,0.003479459,0.005470175,0.002880804,0.0117818,0.007861939,0.005590831,0.013689843,0.011769511,0.016704558,0.011412382,0.011950578,0.003369877,0.008596697,0.011412382,0.002004834,0.002136813,0.002303111,0.002303111,0.003724933,0.003561501,0.003621904,0.003624853,0.002905522,0.003245124,0.003326949,0.003675952,0.006894121,0.003977653,0.01026212,0.005796452,0.005821812,0.004329649,0.005789657,0.010011189,0.009737209,0.009762597
484,0.00990349,0.009339024,0.00784681,0.008272178,0.007482172,0.005167779,0.004308877,0.004031753,0.005023015,0.01804069,0.004839869,0.004940231,0.004562827,0.00444924,0.003515462,0.003535537,0.003515462,0.005473929,0.00288603,0.011853662,0.007936103,0.005625405,0.013748832,0.011804436,0.016709753,0.011434828,0.012006406,0.003393426,0.008605711,0.011434828,0.002030589,0.002152788,0.002313192,0.002313192,0.003746649,0.00359119,0.00364371,0.003633605,0.002918576,0.003253908,0.003336616,0.003690729,0.006899659,0.003991983,0.010271552,0.005810655,0.0058411,0.004344352,0.005805546,0.010019266,0.009765049,0.009776291
485,0.009984299,0.00941843,0.007928833,0.008348958,0.007548336,0.005211416,0.004347616,0.004064064,0.005068515,0.018050486,0.004884401,0.004975031,0.004595015,0.004466772,0.003550611,0.003570926,0.003550611,0.005518939,0.002887106,0.011865311,0.008021171,0.005668455,0.013814072,0.011842967,0.016745357,0.011447414,0.012062234,0.003421028,0.00866601,0.011447414,0.002098291,0.002199002,0.00234627,0.00234627,0.003801594,0.003662738,0.00370664,0.003657269,0.002949049,0.00327772,0.003356798,0.003725331,0.006910752,0.004027688,0.010280176,0.005839801,0.005892303,0.004380048,0.005834386,0.010036018,0.009831402,0.00980148
486,0.010064281,0.009500151,0.008012281,0.008426609,0.007616785,0.005251546,0.004386874,0.004096666,0.005119454,0.01801187,0.004929962,0.005010712,0.004627642,0.004484318,0.003585776,0.0036069,0.003585776,0.00557495,0.002883998,0.011845745,0.008106783,0.005712103,0.013884255,0.011881127,0.016794506,0.01145893,0.012117039,0.003449336,0.008740824,0.01145893,0.002165681,0.002245905,0.002379762,0.002379762,0.003855994,0.003731571,0.003768308,0.003677986,0.002981397,0.003303081,0.003371058,0.003756664,0.006915566,0.004060453,0.010292658,0.005865441,0.005939988,0.004410711,0.005859701,0.0100554,0.00989718,0.009822985
487,0.010139669,0.00958811,0.00809365,0.008502105,0.00768582,0.005276106,0.004423471,0.004128572,0.005165142,0.017914113,0.004975804,0.00504811,0.004656846,0.004500895,0.003621865,0.003640669,0.003621865,0.005643418,0.002864605,0.011733995,0.008184144,0.005750192,0.013972326,0.011913871,0.016879381,0.011475076,0.012166852,0.003477038,0.008835214,0.011475076,0.002191123,0.002262568,0.002390258,0.002390258,0.003877166,0.003758545,0.003788852,0.00368379,0.002996327,0.003313414,0.003374803,0.003768171,0.006914826,0.004071843,0.010305949,0.005876137,0.005955759,0.004420381,0.005872066,0.010066106,0.009924446,0.009832992
488,0.010216283,0.009667567,0.00816586,0.008571837,0.007745831,0.005298901,0.004455563,0.004157213,0.005194759,0.017889513,0.005015512,0.005080169,0.004682286,0.004515974,0.003651753,0.003668283,0.003651753,0.005690949,0.00284511,0.011708668,0.008249634,0.005785513,0.014045253,0.011949593,0.016936714,0.011502759,0.01221748,0.003501075,0.008890379,0.011502759,0.002237158,0.002293127,0.002407655,0.002407655,0.003915704,0.00381535,0.003830546,0.003698499,0.003022124,0.003334836,0.003388091,0.003787123,0.006908908,0.004092374,0.010322989,0.00589737,0.005987613,0.004443653,0.005894641,0.010093258,0.009975623,0.009857473
489,0.010294075,0.009738856,0.008229272,0.008636031,0.007797172,0.005319999,0.004483327,0.004182717,0.005208935,0.0179352,0.005049327,0.005107098,0.004704111,0.004529613,0.003675681,0.003689982,0.003675681,0.005718362,0.002825516,0.011766376,0.008303719,0.005818176,0.014103631,0.011988174,0.016967583,0.011541525,0.01226889,0.003521591,0.008907855,0.011541525,0.002257751,0.002307021,0.002414556,0.002414556,0.003933071,0.00384518,0.003851697,0.003707402,0.003032991,0.003345925,0.003397634,0.003794569,0.006903731,0.004101515,0.010326738,0.005907906,0.006003697,0.004457254,0.005904851,0.010109703,0.009999533,0.009871945
490,0.010375064,0.009812089,0.008301235,0.008705335,0.007856493,0.005352447,0.004511098,0.004209021,0.005229521,0.017964388,0.005088403,0.005136923,0.004729456,0.004545277,0.003705738,0.003718083,0.003705738,0.005740141,0.002817576,0.011822757,0.008373899,0.005860588,0.014162424,0.012028287,0.01697343,0.011573126,0.012315344,0.003544594,0.008937087,0.011573126,0.00231776,0.002348704,0.002437869,0.002437869,0.003981615,0.003911071,0.003909333,0.003732732,0.003065673,0.003370672,0.003416921,0.003825668,0.006903939,0.004128171,0.010343612,0.005935543,0.006049954,0.004493555,0.005930175,0.010140243,0.010068687,0.009904388
491,0.010456628,0.009888237,0.00837536,0.008777045,0.007918575,0.005383816,0.004540665,0.004236299,0.005255479,0.017985726,0.005129706,0.005168323,0.004756852,0.004562151,0.003737102,0.00374774,0.003737102,0.005769675,0.002815735,0.011864044,0.008448411,0.005905626,0.014227396,0.012069263,0.016984967,0.011600486,0.012366201,0.003569154,0.008975234,0.011600486,0.002381939,0.002398442,0.002466011,0.002466011,0.004034481,0.00398027,0.003970685,0.003760117,0.003105364,0.003396675,0.003437215,0.003859685,0.006902805,0.004160202,0.010359296,0.005968508,0.006103698,0.004527962,0.005964158,0.01016806,0.010135057,0.009924359
492,0.010538397,0.009974162,0.008452379,0.008854677,0.007986156,0.005404178,0.004576982,0.004266754,0.005297725,0.017987639,0.005176164,0.005203875,0.004789811,0.004582334,0.003769631,0.003779327,0.003769631,0.005831839,0.0028297,0.011849362,0.008529362,0.005954577,0.01431536,0.012112545,0.017033232,0.011616275,0.012436653,0.003598045,0.009039726,0.011616275,0.002406702,0.002420393,0.002477739,0.002477739,0.004056169,0.004013408,0.003995551,0.003771075,0.003123241,0.00340902,0.003447765,0.00387005,0.006896285,0.004174716,0.010361856,0.005984373,0.006127267,0.004539668,0.005983027,0.010181784,0.010156181,0.009926359
493,0.010620618,0.010057412,0.008528278,0.008928707,0.008052917,0.005431784,0.004612966,0.00429773,0.005332082,0.017987511,0.00522286,0.005239057,0.004821761,0.004601252,0.003802583,0.003810759,0.003802583,0.005886432,0.002847496,0.011849859,0.00860431,0.005999253,0.014400875,0.012155552,0.017083929,0.011645104,0.012500538,0.003627418,0.009096389,0.011645104,0.002456383,0.002460585,0.00250069,0.00250069,0.004098675,0.004078626,0.004044975,0.003796109,0.00315743,0.003434551,0.003466675,0.003895814,0.006891086,0.004202935,0.010377249,0.006018087,0.006173908,0.004569919,0.00601806,0.010214171,0.010206652,0.009951728
494,0.010703209,0.010138474,0.008603261,0.00899979,0.008119007,0.005465318,0.004648679,0.004329133,0.005359986,0.017985712,0.005269749,0.005273937,0.004852884,0.004619137,0.003835879,0.003842065,0.003835879,0.005934832,0.002868424,0.011862776,0.008674347,0.006040432,0.014484387,0.012198335,0.017136614,0.011684603,0.012559048,0.003657186,0.009146648,0.011684603,0.002481301,0.002478827,0.002511911,0.002511911,0.004119492,0.004110706,0.004069534,0.003810184,0.003173742,0.003447737,0.003475035,0.003911212,0.006892407,0.004216639,0.010390083,0.006035936,0.00619698,0.004588463,0.006034223,0.010232835,0.010235997,0.009975096
495,0.010785359,0.010216766,0.008674318,0.009077002,0.00818392,0.005492049,0.004681581,0.004359077,0.005393246,0.017955925,0.005314549,0.005313481,0.004881014,0.004638328,0.003868444,0.003875398,0.003868444,0.005980884,0.002901259,0.011911736,0.00874284,0.006091775,0.01456434,0.012250244,0.017177508,0.011723576,0.012626032,0.00368625,0.009187724,0.011723576,0.002546622,0.002529289,0.002540993,0.002540993,0.004175156,0.004192569,0.0041342,0.003848984,0.003219427,0.00348444,0.003502533,0.003950188,0.006892397,0.004251904,0.010425396,0.006087629,0.006259985,0.00464148,0.006081912,0.010291296,0.010313412,0.010012095
496,0.010869087,0.010297981,0.008747516,0.009155782,0.008251291,0.005519638,0.004715025,0.004390083,0.005426201,0.017912383,0.00536086,0.00535322,0.004911344,0.004658315,0.003901939,0.003909341,0.003901939,0.006025686,0.002939941,0.011965011,0.008812704,0.006144547,0.014648805,0.012303481,0.017216427,0.011764331,0.012695043,0.003715619,0.009222391,0.011764331,0.002613369,0.002580826,0.002572234,0.002572234,0.004235323,0.004279524,0.004202101,0.00388819,0.003268239,0.003523978,0.003536598,0.00399383,0.006895384,0.004292949,0.010466612,0.006147292,0.006334583,0.004698388,0.006140073,0.01035337,0.010395656,0.010051632
497,0.010957697,0.010388886,0.00882845,0.009237226,0.008326427,0.005552066,0.004751029,0.004424763,0.005456453,0.017836904,0.005412404,0.005391987,0.004949271,0.004680258,0.003938466,0.003944432,0.003938466,0.006067517,0.002992192,0.012019219,0.008887191,0.00619822,0.014747991,0.012357656,0.017253359,0.011810613,0.012767312,0.003746139,0.009240894,0.011810613,0.002639713,0.002600143,0.002585615,0.002585615,0.004260645,0.004316694,0.004229895,0.003902672,0.003287677,0.003539999,0.003551526,0.004013895,0.006899702,0.004312434,0.010485348,0.006173111,0.006369248,0.004720823,0.006166709,0.010375648,0.01042983,0.010077538
498,0.01104792,0.010477109,0.008906538,0.009318764,0.00840264,0.0055853,0.004789373,0.004459667,0.005485533,0.01778875,0.0054654,0.005433455,0.004987328,0.004702805,0.003975666,0.003980622,0.003975666,0.006114325,0.00305348,0.012071943,0.008960928,0.006256324,0.014846116,0.012413973,0.0173051,0.011862543,0.01284594,0.003780031,0.00925628,0.011862543,0.002699754,0.00264578,0.002612542,0.002612542,0.00431007,0.004393046,0.004288214,0.003940669,0.003330141,0.003574702,0.003580605,0.004056144,0.006910561,0.004355768,0.010517439,0.006228131,0.006437984,0.00476916,0.006219364,0.010424175,0.010499081,0.010122652
499,0.011139217,0.010563543,0.008982728,0.009400363,0.00847957,0.00561907,0.004829277,0.00449472,0.005513831,0.017758813,0.005519364,0.005476722,0.005025471,0.004725754,0.004013314,0.004017543,0.004013314,0.00616445,0.003120792,0.012123679,0.009034165,0.006317383,0.014943534,0.012471716,0.017366716,0.011918239,0.012928807,0.003816171,0.009269588,0.011918239,0.002733451,0.002672101,0.002626087,0.002626087,0.004334175,0.004432227,0.004318739,0.003964185,0.003353166,0.003593385,0.003594758,0.004078329,0.006917101,0.004379617,0.010530794,0.006257332,0.006472055,0.004795062,0.006245382,0.010450424,0.010534158,0.010141861
500,0.011236367,0.010661672,0.009074279,0.009486256,0.008553542,0.005670528,0.004869769,0.004531664,0.005549274,0.017677232,0.005575003,0.005522875,0.005068201,0.004753047,0.0040596,0.00405784,0.0040596,0.006214416,0.003180191,0.012180917,0.009119091,0.006378286,0.015063563,0.012546397,0.017428321,0.011970833,0.013027003,0.003854344,0.009274868,0.011970833,0.002819076,0.002733408,0.002659848,0.002659848,0.004395829,0.004532141,0.004397751,0.004010393,0.00341288,0.003638641,0.003632893,0.004136618,0.006919821,0.004437393,0.010567505,0.006336404,0.006561797,0.004867165,0.00631063,0.010496874,0.010622225,0.01018599
501,0.011332754,0.010759632,0.009164294,0.009572331,0.008629274,0.005720158,0.004911246,0.004569213,0.00558506,0.017582112,0.005631163,0.005569709,0.005110865,0.004780522,0.004105607,0.00409817,0.004105607,0.006266959,0.003238691,0.012233613,0.00920122,0.006439772,0.015188558,0.012623637,0.017496859,0.012026938,0.013128118,0.003893329,0.009270958,0.012026938,0.002903945,0.002791893,0.002694279,0.002694279,0.004461541,0.004634314,0.004474359,0.004056749,0.0034736,0.00368493,0.003673722,0.004196203,0.0069208,0.004493012,0.010604135,0.006419497,0.006659639,0.00493915,0.006380433,0.010541605,0.01071379,0.010229278
502,0.011426645,0.010855761,0.009248838,0.009658307,0.008709473,0.005763351,0.004954951,0.004607945,0.005620769,0.017461746,0.005688333,0.005617776,0.005152815,0.004807888,0.004149903,0.004138161,0.004149903,0.006325539,0.003296066,0.012275035,0.009275392,0.006502637,0.015322362,0.012704769,0.017581577,0.012091617,0.013234159,0.003933961,0.009246592,0.012091617,0.002936887,0.002815393,0.002708495,0.002708495,0.004489703,0.004675755,0.004502481,0.004080413,0.003497631,0.003704646,0.003690568,0.004219683,0.0069256,0.004514705,0.010617408,0.006452719,0.006701812,0.004964934,0.006411006,0.010566136,0.010752364,0.010247647
503,0.011518197,0.010948271,0.009332177,0.009743834,0.008789591,0.005814677,0.00499664,0.004645361,0.005651968,0.01732648,0.005746525,0.005665789,0.005197231,0.004837364,0.00419432,0.004178824,0.00419432,0.006375103,0.003341109,0.012344131,0.009342891,0.006580195,0.015454032,0.012787052,0.017661152,0.012157798,0.013339268,0.003974461,0.009199559,0.012157798,0.003010045,0.002870041,0.002740538,0.002740538,0.004555173,0.004776713,0.004575564,0.004135457,0.003561657,0.00375538,0.003735279,0.004280904,0.006946965,0.004584398,0.010689818,0.006548794,0.006807191,0.005042081,0.006496112,0.010655929,0.010861363,0.010326591
504,0.011608556,0.011038873,0.009414836,0.009829079,0.008869577,0.005870278,0.005037271,0.004682092,0.005680694,0.017183882,0.00580526,0.0057138,0.005242922,0.004867904,0.004238801,0.004219796,0.004238801,0.006419747,0.003379594,0.012428336,0.009406788,0.006665458,0.015584308,0.012869822,0.017737748,0.012224791,0.013443714,0.004014865,0.009140239,0.012224791,0.00308226,0.002920106,0.002770652,0.002770652,0.004616865,0.004871368,0.00464893,0.00419177,0.003627065,0.003804927,0.003782559,0.004348385,0.006984359,0.004662153,0.010786549,0.006654445,0.006914119,0.005129765,0.006591654,0.010765748,0.010977466,0.010432758
505,0.01170553,0.011133477,0.009494392,0.009910308,0.008940794,0.005915411,0.005080715,0.004721032,0.005705099,0.017109761,0.00586322,0.005764505,0.0052835,0.004891301,0.004283145,0.004255629,0.004283145,0.006457993,0.003426386,0.012533,0.009469812,0.006730234,0.015690492,0.012939565,0.017793367,0.012292319,0.01353217,0.004052899,0.009072793,0.012292319,0.003114259,0.002939024,0.002782938,0.002782938,0.004641249,0.004906505,0.004677335,0.004216702,0.003652477,0.003823457,0.003801974,0.004378125,0.007005187,0.004691909,0.010824145,0.006697242,0.006957839,0.005166086,0.006632663,0.010810304,0.011023145,0.010478348
506,0.011803333,0.011226937,0.009573397,0.009993783,0.009013563,0.005965995,0.005123958,0.004760988,0.005730884,0.017059307,0.005921497,0.005814283,0.005325564,0.004916009,0.00432809,0.004293157,0.00432809,0.006493488,0.003468739,0.012647017,0.009536554,0.006788564,0.015797788,0.013005271,0.017841586,0.012363146,0.013624417,0.004091805,0.009026284,0.012363146,0.003171949,0.002981638,0.00280712,0.00280712,0.004690414,0.004977585,0.004733297,0.004267197,0.003707161,0.003865361,0.003842725,0.004438641,0.007045187,0.00475433,0.010900505,0.006785263,0.007051025,0.005239113,0.006711249,0.010904506,0.011113784,0.010561276
507,0.011902609,0.011318365,0.009651422,0.010081249,0.00908909,0.00602627,0.005166845,0.004802749,0.005759121,0.017050927,0.005980334,0.005862416,0.005370271,0.004943045,0.004374103,0.004333697,0.004374103,0.006524094,0.003503197,0.012777664,0.009609905,0.006835438,0.015907061,0.013063799,0.01787665,0.012439837,0.013723406,0.004132261,0.009016996,0.012439837,0.003197639,0.003005335,0.002819017,0.002819017,0.004715195,0.005013527,0.004760854,0.00429276,0.003736433,0.003888737,0.003864061,0.004469417,0.007064359,0.004786997,0.010939269,0.006830486,0.007100492,0.005275819,0.006748826,0.010954152,0.011158744,0.010598614
508,0.012001624,0.01141688,0.009737367,0.010167069,0.00916859,0.006083047,0.005210955,0.004844477,0.00578877,0.017042242,0.006040917,0.005914511,0.005415736,0.004970322,0.004422138,0.004376528,0.004422138,0.006565123,0.00353688,0.012871797,0.009682286,0.00689928,0.01601416,0.013126851,0.017930447,0.012506772,0.013821499,0.004172653,0.009026755,0.012506772,0.003261115,0.003058292,0.002848942,0.002848942,0.004775768,0.005099229,0.004830378,0.004352329,0.003810023,0.003943448,0.003913643,0.004545598,0.007120918,0.004873339,0.011035884,0.006940588,0.007224925,0.005370879,0.00685117,0.011077108,0.011279172,0.010713338
509,0.012100613,0.011517845,0.009826202,0.010252614,0.009249613,0.006138379,0.005255613,0.004886122,0.005819065,0.017036252,0.006102135,0.005968012,0.005461472,0.004997624,0.004470756,0.004420046,0.004470756,0.006610059,0.003569022,0.012953467,0.009754714,0.00696893,0.016119795,0.013191169,0.017989922,0.01257076,0.013918173,0.004212937,0.009043595,0.01257076,0.003327268,0.003108948,0.00287779,0.00287779,0.004834975,0.005185458,0.004900345,0.004413837,0.003880713,0.003997133,0.003965332,0.004619118,0.007180136,0.004962894,0.011133721,0.007054568,0.007348688,0.005468098,0.006953686,0.011202794,0.011406867,0.010837315
510,0.012200673,0.011612878,0.009910441,0.010343459,0.009329287,0.006193482,0.005300938,0.004926815,0.005850289,0.01706774,0.006162324,0.006018704,0.005506677,0.005023958,0.004516153,0.004460263,0.004516153,0.006650342,0.003584908,0.013067687,0.009833022,0.00702366,0.016217774,0.013247776,0.018023192,0.012648521,0.014000847,0.00425213,0.009051162,0.012648521,0.003355635,0.003130344,0.002888609,0.002888609,0.004858391,0.005221927,0.004928345,0.004441339,0.003907086,0.004019482,0.003988776,0.004647233,0.007201966,0.004998772,0.011173707,0.00710367,0.007397483,0.005506962,0.006991434,0.011255171,0.011459095,0.010883906
511,0.012301929,0.011707154,0.00999204,0.010432057,0.009406438,0.006249504,0.005346829,0.004968203,0.005880955,0.017136325,0.006223709,0.006069478,0.005553241,0.005050747,0.004562623,0.004500881,0.004562623,0.006685355,0.003600358,0.013187897,0.00991524,0.007077303,0.016318854,0.013307822,0.01805624,0.012720765,0.014091937,0.004291932,0.009080314,0.012720765,0.003411342,0.003177669,0.002911537,0.002911537,0.004908634,0.005293412,0.004987276,0.004494392,0.003964306,0.004064619,0.004032222,0.004711923,0.007244617,0.005067116,0.011258396,0.007200551,0.007498664,0.005586586,0.007074599,0.011351935,0.011561271,0.010976145
512,0.012404838,0.011800384,0.010069996,0.010517552,0.009480105,0.006306798,0.005393502,0.005010549,0.00591085,0.017256141,0.006286745,0.006120365,0.00560168,0.005078163,0.004610575,0.004542052,0.004610575,0.00671309,0.003615207,0.01331638,0.010002856,0.007129444,0.016424214,0.013372619,0.018088984,0.012785391,0.014194647,0.004332575,0.009139274,0.012785391,0.003438682,0.003203597,0.002923646,0.002923646,0.004935462,0.005328428,0.005018207,0.004519943,0.003995153,0.004087408,0.004052225,0.004748499,0.007265437,0.005099581,0.011303099,0.007248331,0.007551049,0.005627344,0.007120016,0.011396321,0.011611221,0.011021794
513,0.012511044,0.011901467,0.010156558,0.010613004,0.009567983,0.006359062,0.005443787,0.005057632,0.005950653,0.017406566,0.006352554,0.006178902,0.005653798,0.005108097,0.00466435,0.004589899,0.00466435,0.00676144,0.003627789,0.01342486,0.010089472,0.00719635,0.016543313,0.013440366,0.018141806,0.012856387,0.014293683,0.004376442,0.009242116,0.012856387,0.003511395,0.003267411,0.002957463,0.002957463,0.005003608,0.005427357,0.005099239,0.004586628,0.00407275,0.004145212,0.004109545,0.004837246,0.007324833,0.00519275,0.011409348,0.007370422,0.007681314,0.005731379,0.007226636,0.011520003,0.01174022,0.011136254
514,0.012618824,0.012006168,0.010246776,0.010710492,0.009658453,0.006410793,0.005495183,0.005106055,0.00599169,0.017583967,0.006419777,0.006239446,0.005707019,0.00513923,0.004719865,0.004639518,0.004719865,0.006813338,0.003640802,0.013531558,0.010175825,0.007267594,0.01666699,0.013511189,0.018199432,0.012929476,0.014394624,0.004421562,0.009360584,0.012929476,0.003591923,0.003334362,0.002993273,0.002993273,0.005077559,0.005533502,0.005184869,0.004657989,0.004149965,0.004207054,0.004167988,0.004927064,0.007392129,0.005295735,0.011512764,0.0074933,0.007814198,0.005841396,0.007336262,0.011642616,0.011870749,0.011249461
515,0.01273056,0.012119481,0.01034453,0.010803232,0.009740224,0.006467968,0.005547153,0.005154503,0.006023141,0.017874043,0.006490881,0.006299064,0.005760654,0.005173362,0.004775974,0.004688453,0.004775974,0.006851317,0.003660392,0.01366196,0.010262297,0.007339906,0.01679499,0.013595798,0.018251784,0.013004374,0.014513638,0.004468789,0.00949902,0.013004374,0.003627078,0.003363426,0.003007373,0.003007373,0.005110191,0.005575734,0.005220398,0.004688216,0.004180431,0.004233881,0.004189112,0.004964711,0.00742085,0.005338017,0.011554633,0.007541865,0.007869203,0.005888136,0.007384685,0.011685934,0.011922227,0.011293857
516,0.012842005,0.012231637,0.010446914,0.010905771,0.009833499,0.006531041,0.005604708,0.005205645,0.006071273,0.018147665,0.00656647,0.006364188,0.005819018,0.005210237,0.004835418,0.004743288,0.004835418,0.00690734,0.003671013,0.013761933,0.010372867,0.007414148,0.016929914,0.01368183,0.01831423,0.01307034,0.014635575,0.004519743,0.00968577,0.01307034,0.003697677,0.003422017,0.003041263,0.003041263,0.005177871,0.005665141,0.005297348,0.00474557,0.004246421,0.004286214,0.00423444,0.005040291,0.007464225,0.005419444,0.011626257,0.007634427,0.007976032,0.005983277,0.007479199,0.011765032,0.01202694,0.01136573
517,0.012953148,0.012342589,0.010554117,0.011018508,0.009938748,0.006600253,0.005668078,0.005259592,0.006136768,0.018404162,0.006646728,0.006435043,0.005882305,0.005249966,0.004898332,0.004804263,0.004898332,0.006982145,0.0036723,0.013830234,0.010508519,0.007490398,0.017072047,0.013769341,0.01838718,0.013127008,0.014760555,0.004574576,0.009922805,0.013127008,0.003733121,0.003451544,0.003061052,0.003061052,0.005212921,0.005712316,0.005338769,0.004772698,0.004281945,0.004311721,0.004258643,0.005078224,0.007478879,0.005458588,0.011656011,0.007678424,0.008027855,0.006031677,0.007525291,0.011800813,0.012080175,0.011393208
518,0.013062396,0.012464803,0.010669722,0.011126605,0.010039505,0.006671703,0.005729088,0.005312342,0.006200828,0.018407338,0.006725347,0.006502302,0.005942119,0.005286114,0.004963235,0.004864303,0.004963235,0.007074447,0.003646662,0.013816052,0.010629345,0.007577221,0.017228953,0.013856569,0.018503563,0.013199564,0.014880969,0.004629015,0.010040906,0.013199564,0.003818799,0.00352377,0.003101706,0.003101706,0.005292347,0.005825731,0.005432806,0.004838034,0.004361493,0.004375879,0.004318379,0.005170826,0.007529663,0.005561326,0.011740855,0.00779591,0.008156846,0.006140063,0.007632075,0.01190072,0.012218709,0.01148386
519,0.013170625,0.012584384,0.010781213,0.011231384,0.010137235,0.006739094,0.005787979,0.005363945,0.006259631,0.0183651,0.00680292,0.006567699,0.006000092,0.005320942,0.005026469,0.004922204,0.005026469,0.007161734,0.00361462,0.013814092,0.01074403,0.007660797,0.017384866,0.013941206,0.018614581,0.013273743,0.015000769,0.004681853,0.010113352,0.013273743,0.003898808,0.003591124,0.00313708,0.00313708,0.005366525,0.005934584,0.005518526,0.004905932,0.004437999,0.004440783,0.004376083,0.005260159,0.007588133,0.005659662,0.011837103,0.007913435,0.008286132,0.006245768,0.007738779,0.012008959,0.012354931,0.011592187
520,0.013276273,0.012686579,0.010871651,0.011326765,0.010226561,0.00678973,0.005840462,0.00541202,0.006299618,0.018320191,0.006877648,0.006628478,0.006053441,0.005353188,0.005082109,0.004972675,0.005082109,0.007218542,0.003576358,0.013912876,0.010845454,0.007725137,0.017527234,0.014016288,0.018676577,0.013343482,0.015121289,0.004728929,0.010093003,0.013343482,0.003928584,0.00361578,0.003151589,0.003151589,0.005396325,0.005977197,0.00555163,0.004935623,0.004470482,0.004467034,0.004398254,0.005294823,0.007610473,0.005694404,0.011878262,0.007957471,0.008338249,0.006291488,0.00778479,0.012053071,0.012405855,0.011637339
521,0.013387994,0.012789135,0.010964961,0.011424178,0.010315714,0.006839826,0.005893552,0.00546146,0.006343026,0.018316265,0.006950837,0.0066893,0.00610712,0.005386876,0.005136868,0.005024557,0.005136868,0.007276348,0.003551215,0.014007444,0.010953149,0.007799382,0.017661979,0.014096137,0.018730023,0.013409628,0.015240506,0.004776754,0.010109242,0.013409628,0.003994119,0.003670406,0.003180119,0.003180119,0.005457525,0.006063104,0.00562079,0.004990339,0.004529838,0.004517881,0.004440612,0.005366434,0.007658461,0.005770172,0.011959489,0.008045463,0.008441746,0.006381264,0.007869822,0.012139667,0.012507901,0.011724291
522,0.013504298,0.012891963,0.01106044,0.011523123,0.010404737,0.006889513,0.0059471,0.00551193,0.006389013,0.018343258,0.007022865,0.006750153,0.006161049,0.005421652,0.005190961,0.005077504,0.005190961,0.007334906,0.00353597,0.014098833,0.011065575,0.0078811,0.017790975,0.014179582,0.018777019,0.013473064,0.015358741,0.004825147,0.010153081,0.013473064,0.004029878,0.003700376,0.003194139,0.003194139,0.005488924,0.006106398,0.005656845,0.005015365,0.004556713,0.004542476,0.004460798,0.005403382,0.007684109,0.005811198,0.011999558,0.00808942,0.008493127,0.00642532,0.007908843,0.012182152,0.012559024,0.01176609
523,0.013614163,0.013001231,0.011157117,0.011632068,0.010495832,0.00693899,0.006002209,0.005560491,0.006442191,0.018335661,0.00710115,0.006816195,0.006217936,0.00545596,0.005251078,0.005134691,0.005251078,0.007416225,0.003535195,0.014143674,0.011172028,0.007958952,0.017935001,0.014267073,0.018860622,0.01353345,0.015479515,0.004874649,0.010207249,0.01353345,0.004116431,0.003773001,0.003231921,0.003231921,0.005566602,0.006217798,0.005747246,0.005079747,0.004631152,0.004605571,0.004516054,0.005495606,0.007741434,0.005909757,0.012102312,0.008197056,0.00862159,0.006534382,0.008013823,0.012291666,0.012695186,0.011872232
524,0.013724127,0.013110194,0.011252975,0.011737066,0.010585902,0.00698656,0.006057236,0.005610014,0.006490914,0.018371596,0.00717888,0.006881089,0.006274434,0.005490824,0.005311004,0.005189196,0.005311004,0.007489832,0.003545305,0.014208257,0.011279352,0.008030304,0.018076747,0.014353673,0.018935953,0.01359323,0.015597274,0.004924944,0.010262221,0.01359323,0.004202952,0.003845797,0.003270312,0.003270312,0.005645428,0.00632803,0.005837696,0.005146536,0.004708879,0.004668831,0.0045714,0.005586076,0.007800036,0.006003629,0.012198833,0.008303222,0.008747658,0.006638352,0.00812092,0.012398785,0.01282687,0.011967941
525,0.013835524,0.013217226,0.011346609,0.011830561,0.010673081,0.007029497,0.006111773,0.005662248,0.006527402,0.018520488,0.007254101,0.006942219,0.00632944,0.005527135,0.005369347,0.005236353,0.005369347,0.007540363,0.003579398,0.014329752,0.01138991,0.008086454,0.018210143,0.014437344,0.018984287,0.013652088,0.015707184,0.004976976,0.010317261,0.013652088,0.004238679,0.003875938,0.003284942,0.003284942,0.005677975,0.006370157,0.0058738,0.005173969,0.004739041,0.004693591,0.004591675,0.005621269,0.007826961,0.006039969,0.012232668,0.00834571,0.008796645,0.006677318,0.008162057,0.012438874,0.012873515,0.011999308
526,0.013946109,0.013329377,0.01145631,0.011937103,0.010770228,0.007086613,0.006173013,0.005714773,0.006587661,0.01855898,0.007334208,0.007010199,0.006389959,0.005565564,0.005432239,0.005297178,0.005432239,0.007619105,0.003608754,0.014369424,0.011516098,0.008172336,0.018350601,0.01451886,0.019052238,0.013702424,0.015825421,0.005030106,0.010432329,0.013702424,0.004327164,0.003954591,0.003331136,0.003331136,0.005760899,0.006481846,0.005971132,0.005233232,0.004812752,0.004755339,0.004641371,0.00571507,0.007876342,0.006128924,0.012309915,0.008439807,0.008918201,0.006775694,0.00826175,0.012537048,0.013002651,0.012090402
527,0.014056155,0.013444133,0.011573999,0.012050103,0.01087248,0.007150701,0.006237569,0.005767375,0.006659779,0.018536733,0.007416773,0.00708159,0.00645318,0.005604959,0.005497387,0.005364733,0.005497387,0.007712299,0.003635539,0.014367082,0.011648895,0.008273031,0.018494732,0.014599142,0.01913098,0.013748812,0.015947796,0.0050837,0.010574227,0.013748812,0.00441556,0.004030743,0.003376887,0.003376887,0.005842282,0.006593964,0.006066306,0.005286617,0.004886799,0.004819683,0.004695734,0.005806989,0.007922947,0.006220195,0.012391704,0.00852451,0.00904067,0.006872317,0.008356669,0.012640387,0.013136357,0.012192767
528,0.014160296,0.013557302,0.011677474,0.012150242,0.010973174,0.007198574,0.006295457,0.005816389,0.006712862,0.018325044,0.007496505,0.007147109,0.006509552,0.005638227,0.005558354,0.005417087,0.005558354,0.007801526,0.003655972,0.01437149,0.011710942,0.008349022,0.018640563,0.014673288,0.019243347,0.013816874,0.016062669,0.005132385,0.010515638,0.013816874,0.004451197,0.004058382,0.003391073,0.003391073,0.005873288,0.00663652,0.006100251,0.00530817,0.004917296,0.004847038,0.004720676,0.0058403,0.007947096,0.006258851,0.01243008,0.008557605,0.009090571,0.006909529,0.008393032,0.012685642,0.013187572,0.012235405
529,0.014266654,0.013666926,0.011774061,0.012247701,0.011064397,0.007243913,0.006351493,0.005865619,0.006760808,0.018150971,0.00757367,0.007211056,0.00656424,0.005671608,0.00561751,0.005469412,0.00561751,0.007879194,0.003685301,0.01441383,0.011773248,0.008420858,0.018777937,0.014751023,0.019329496,0.013882658,0.016176031,0.005179553,0.010453048,0.013882658,0.004520667,0.004113848,0.003418549,0.003418549,0.005933983,0.006722204,0.006165605,0.005356087,0.00497328,0.004894945,0.004765129,0.005908886,0.007995602,0.006333654,0.012507947,0.008630803,0.009186744,0.006990958,0.008473977,0.012777039,0.013292381,0.01232131
530,0.014376626,0.013770767,0.011859408,0.012340786,0.011140164,0.007285117,0.006404505,0.005915203,0.006800373,0.018038273,0.007646647,0.007272437,0.00661618,0.005705174,0.005673713,0.00552169,0.005673713,0.007938004,0.003729144,0.01451806,0.011835973,0.008485916,0.018901512,0.014834612,0.019372866,0.013944728,0.01628693,0.005224244,0.010383932,0.013944728,0.004554499,0.004141675,0.003431837,0.003431837,0.005963673,0.006765332,0.006197014,0.005382449,0.004998767,0.004915497,0.00478464,0.005944162,0.00801996,0.006369802,0.012547437,0.008670907,0.009233016,0.007035175,0.008518558,0.012823182,0.013345976,0.012364576
531,0.014485859,0.013871401,0.011946345,0.012436518,0.01122482,0.007323957,0.006458701,0.005964145,0.006840943,0.018041456,0.00771846,0.007333868,0.006670829,0.005736886,0.005731523,0.005573387,0.005731523,0.007990614,0.003794767,0.014624368,0.011918103,0.008554474,0.019025028,0.014906198,0.01941507,0.013998516,0.016396543,0.005272226,0.01036349,0.013998516,0.004638506,0.004216444,0.003469425,0.003469425,0.006040639,0.006870106,0.006286912,0.005441993,0.005064138,0.004972495,0.004837659,0.006034366,0.008080333,0.006459861,0.012644976,0.008767339,0.009347411,0.007132481,0.008620825,0.012929527,0.013466456,0.012461296
532,0.014593868,0.01397237,0.012036927,0.012533673,0.01131351,0.007364718,0.006514251,0.00601329,0.006883726,0.018066872,0.00779057,0.007395923,0.006726528,0.005768622,0.005790303,0.005625653,0.005790303,0.008045279,0.003866859,0.014721269,0.012004699,0.008622907,0.01914845,0.014975072,0.019461805,0.014049485,0.016505208,0.005320682,0.010364357,0.014049485,0.00472405,0.004292078,0.003508467,0.003508467,0.006117827,0.006973049,0.006376974,0.005496665,0.005131071,0.005032819,0.004894807,0.006123247,0.008141164,0.006548993,0.012740028,0.008859699,0.009462608,0.00722347,0.008716682,0.01303825,0.013590173,0.01256314
533,0.014693979,0.014084709,0.012152717,0.012635219,0.011410857,0.007427399,0.006577552,0.006065807,0.006941707,0.017959642,0.00786822,0.007462894,0.006783408,0.005805549,0.005852584,0.005684085,0.005852584,0.008133308,0.003932544,0.014736452,0.012075106,0.008680896,0.019271265,0.015054372,0.019548354,0.014099982,0.016609667,0.005364103,0.010406371,0.014099982,0.004759418,0.004320771,0.00352321,0.00352321,0.006147739,0.007014346,0.006408547,0.005518156,0.005158119,0.005056697,0.004918445,0.006157198,0.00816598,0.006584214,0.012777033,0.00889573,0.00950968,0.007261369,0.008754855,0.013086772,0.013647006,0.012611531
534,0.014799357,0.014194989,0.012256116,0.012732574,0.01150059,0.007480521,0.006635382,0.006115479,0.006990744,0.01784654,0.007944314,0.007525861,0.006837993,0.00583991,0.005912343,0.005738434,0.005912343,0.008209529,0.003997862,0.01478101,0.01213763,0.008747133,0.019391604,0.015126036,0.019623864,0.014159365,0.016716691,0.005409726,0.010394347,0.014159365,0.004829058,0.004377218,0.003552779,0.003552779,0.006206582,0.007095618,0.006474977,0.005561392,0.005210066,0.005103825,0.004964332,0.006228222,0.008221109,0.006655194,0.01285262,0.008973944,0.009604114,0.0073389,0.008835506,0.013185021,0.013757404,0.012709177
535,0.014910441,0.01430304,0.012346093,0.012825389,0.011582073,0.007523288,0.006687284,0.006162071,0.007030093,0.017727076,0.008018721,0.007584492,0.006890091,0.005871488,0.00596937,0.005788358,0.00596937,0.008272957,0.00406278,0.014857391,0.012191613,0.008822306,0.019509259,0.015189427,0.019687413,0.014228378,0.016826495,0.005457735,0.010323781,0.014228378,0.00486333,0.004404972,0.003567604,0.003567604,0.006235512,0.007135592,0.006509834,0.005583137,0.005234965,0.005127075,0.004986579,0.006265294,0.008251422,0.006690952,0.012891202,0.009016127,0.009651474,0.007378531,0.008877984,0.013234748,0.013810969,0.012758432
536,0.015012619,0.014402664,0.012435927,0.012916651,0.011663548,0.007568619,0.00674034,0.006210358,0.007064333,0.017709744,0.008088163,0.007644066,0.006944258,0.005903395,0.006028293,0.005837357,0.006028293,0.008325369,0.004133884,0.014964312,0.012264761,0.008891,0.019620985,0.015262497,0.019732317,0.014287244,0.016933144,0.005499748,0.010292812,0.014287244,0.004951822,0.004480149,0.003604212,0.003604212,0.006306622,0.007238068,0.006592891,0.005629089,0.005301524,0.005179983,0.005045194,0.00635447,0.00832017,0.006780168,0.012984138,0.0091144,0.009773469,0.007474442,0.008976948,0.013350156,0.0139364,0.01288183
537,0.01511489,0.014502571,0.012525503,0.013009169,0.011745531,0.007614896,0.006794162,0.006258779,0.007098334,0.017711443,0.008157123,0.007703966,0.006998239,0.005935859,0.006087818,0.005886136,0.006087818,0.008376877,0.004208285,0.015072987,0.01234157,0.00895819,0.01973179,0.015335909,0.019779091,0.014345598,0.017038012,0.005541318,0.010270365,0.014345598,0.005044624,0.004560088,0.003640528,0.003640528,0.006378158,0.007340704,0.006675514,0.005677932,0.005367644,0.005234104,0.005103842,0.006445364,0.008382045,0.006871428,0.013073669,0.009208622,0.0098938,0.007568907,0.009069471,0.013459633,0.014053901,0.012995102
538,0.01522389,0.014609579,0.01261421,0.013107527,0.011829429,0.007662896,0.00685004,0.006306489,0.007135101,0.017711547,0.008227835,0.007764417,0.007050035,0.005970185,0.006148253,0.005934753,0.006148253,0.008432886,0.004290654,0.015166376,0.012418418,0.009024363,0.01984338,0.015403675,0.019846262,0.014409293,0.017138439,0.005585517,0.010251604,0.014409293,0.005083205,0.004592603,0.003655061,0.003655061,0.006407516,0.007380839,0.006709936,0.005702569,0.005392103,0.005258567,0.005126124,0.006484154,0.008405485,0.00690923,0.013108846,0.009246754,0.009939497,0.007607095,0.009105508,0.013503428,0.014099538,0.013034231
539,0.015328073,0.014714799,0.012708906,0.013202362,0.011913566,0.007715873,0.006905239,0.006355788,0.007172846,0.017752164,0.008297237,0.007823783,0.007103277,0.006003825,0.006207799,0.005984969,0.006207799,0.008484775,0.004369153,0.01526651,0.012503077,0.009083266,0.019957511,0.015480702,0.019907314,0.014467503,0.017250207,0.005629231,0.010266266,0.014467503,0.005163301,0.004657186,0.003684676,0.003684676,0.006466723,0.007464131,0.006778883,0.005743083,0.005441162,0.005302676,0.005172401,0.006554917,0.008450792,0.006980467,0.013173225,0.009319598,0.01003138,0.007679508,0.009183469,0.013579607,0.014191627,0.013112026
540,0.015428768,0.014818724,0.012807938,0.013294645,0.011997876,0.007772454,0.006959947,0.006406236,0.007211298,0.017822117,0.008365691,0.007882364,0.007157566,0.006036969,0.006266701,0.006036342,0.006266701,0.008533681,0.004444849,0.015371528,0.012593392,0.009136905,0.020073481,0.015564437,0.019963935,0.01452174,0.017370186,0.005672594,0.010305131,0.01452174,0.005204815,0.004689254,0.003699758,0.003699758,0.006496572,0.007507289,0.006813408,0.005758959,0.00546576,0.005322321,0.005196396,0.00658689,0.008472659,0.0070139,0.013202426,0.00935431,0.010077565,0.007713734,0.009225393,0.01361199,0.014238079,0.013150693
541,0.015533334,0.014925708,0.01290609,0.013389386,0.012082505,0.007835195,0.007018057,0.006453067,0.00725216,0.017775608,0.008438401,0.007945323,0.007211726,0.006070762,0.006327584,0.006087437,0.006327584,0.008596124,0.004496176,0.015432065,0.012670789,0.009212115,0.020198263,0.015646694,0.020037316,0.01458741,0.017481544,0.005715601,0.010307755,0.01458741,0.005301613,0.004770531,0.00373772,0.00373772,0.006572147,0.007614927,0.006899671,0.005805537,0.005531913,0.005378896,0.005257327,0.00667152,0.008527739,0.007098661,0.013293179,0.009443751,0.010192858,0.007802856,0.009322197,0.013720804,0.014363829,0.01325965
542,0.015636409,0.015032029,0.013002089,0.013482552,0.012165473,0.007895474,0.00707388,0.006499245,0.007290615,0.017731162,0.008510465,0.008006487,0.007266076,0.006104728,0.0063882,0.006137556,0.0063882,0.008654832,0.004541864,0.015508222,0.012745327,0.009283583,0.020317506,0.015723159,0.020076796,0.014652918,0.017590436,0.005756752,0.010294709,0.014652918,0.005394185,0.004850811,0.003775577,0.003775577,0.006646529,0.007721525,0.006984826,0.005856495,0.005600472,0.005434764,0.005321587,0.006762521,0.008584191,0.007183123,0.013387051,0.009538752,0.010308265,0.007892854,0.00941378,0.013844434,0.014491949,0.013375553
543,0.015735882,0.015136594,0.013093611,0.013572097,0.012244875,0.007949831,0.007124467,0.006544443,0.007323686,0.017704124,0.00858068,0.008063347,0.007320843,0.006138985,0.006448025,0.006185631,0.006448025,0.008704089,0.004578297,0.015622544,0.012815233,0.009344688,0.020423992,0.015787478,0.020042361,0.014716805,0.017695052,0.005794,0.010252419,0.014716805,0.005431474,0.004881881,0.003790554,0.003790554,0.006675186,0.007763642,0.007018244,0.005876753,0.005627477,0.005453702,0.005348911,0.006800866,0.008607428,0.007216259,0.013419372,0.009579025,0.010354564,0.007927956,0.009450483,0.013891632,0.014540771,0.013421166
544,0.015835913,0.015236819,0.013180004,0.013660663,0.012324125,0.008002021,0.007176785,0.00659008,0.007356527,0.017708552,0.008649345,0.008120493,0.007373585,0.006171383,0.00650466,0.006232752,0.00650466,0.008749036,0.004609368,0.015737557,0.012892004,0.009405867,0.020529053,0.01585507,0.020014919,0.014777721,0.017798126,0.00583198,0.010226837,0.014777721,0.005522901,0.004960703,0.003827555,0.003827555,0.006748113,0.007870041,0.00710074,0.005922572,0.005691829,0.005502927,0.005416005,0.006892783,0.008660435,0.007298866,0.013504608,0.009669322,0.010472179,0.00801368,0.009544236,0.014003035,0.014663442,0.013537606
545,0.015936348,0.015334981,0.013264173,0.013748755,0.012403551,0.00805336,0.007229756,0.006636015,0.007389245,0.017729692,0.008717517,0.00817783,0.007425601,0.006203086,0.006559852,0.006279497,0.006559852,0.008792041,0.004638013,0.015853502,0.012972917,0.009467093,0.020633306,0.015924187,0.019994027,0.014837747,0.01790004,0.005870135,0.010211423,0.014837747,0.005611053,0.005041025,0.003864885,0.003864885,0.006821453,0.00797661,0.007185468,0.005965494,0.005752484,0.005554354,0.005481953,0.006980464,0.008714543,0.007380507,0.013593329,0.009755842,0.010589744,0.008098959,0.009640241,0.014112517,0.014783003,0.013649831
546,0.016039182,0.015431396,0.013349571,0.013836303,0.012486816,0.008106634,0.007280773,0.00668354,0.007421633,0.017791177,0.008788877,0.008236144,0.007480491,0.006236987,0.006614891,0.006327082,0.006614891,0.008834943,0.004666411,0.015979193,0.01307043,0.009528526,0.020734952,0.015994177,0.020026538,0.014904751,0.01799461,0.005905875,0.010237721,0.014904751,0.005645067,0.005073595,0.003880192,0.003880192,0.006850522,0.008018898,0.007221117,0.005982854,0.005775791,0.005575495,0.005508132,0.007014572,0.008738882,0.007412676,0.013629136,0.009792337,0.010635993,0.008133618,0.009679194,0.014157794,0.014828715,0.013691229
547,0.016139803,0.015530101,0.013437084,0.01392626,0.012569192,0.008162015,0.007331479,0.006729596,0.007456959,0.017853058,0.008859186,0.008296822,0.007535446,0.006269918,0.006670519,0.006374763,0.006670519,0.008881816,0.004687737,0.016092448,0.01317159,0.009586563,0.020834718,0.016060131,0.020077138,0.014967622,0.018089069,0.005941582,0.01027743,0.014967622,0.005715512,0.005140461,0.003910784,0.003910784,0.006909215,0.008101548,0.007289999,0.006016118,0.005825578,0.005615693,0.005562765,0.007081812,0.008779392,0.007476262,0.013698838,0.009861682,0.010729839,0.008203943,0.009755377,0.014249254,0.014919387,0.013774381
548,0.016237491,0.015631842,0.0135274,0.014019411,0.012650388,0.008220187,0.007381773,0.006773707,0.007496182,0.017915464,0.0089281,0.008360635,0.007590487,0.006301564,0.006726928,0.006422574,0.006726928,0.00893395,0.00469969,0.016189218,0.013277584,0.009640099,0.020931994,0.016120732,0.020151715,0.015025014,0.018183379,0.005977246,0.010334917,0.015025014,0.005751943,0.005174757,0.00392607,0.00392607,0.006938837,0.008141911,0.007323233,0.006032021,0.005852058,0.005634752,0.005591221,0.007114943,0.008795563,0.00750768,0.013732734,0.009894531,0.010777435,0.008239609,0.009792606,0.014295437,0.014964347,0.013816136
549,0.01633639,0.015729819,0.013613319,0.014108955,0.012736029,0.008269591,0.007432555,0.006818351,0.007531426,0.017979632,0.008996095,0.008419419,0.007644893,0.006334217,0.006783121,0.006470221,0.006783121,0.00898462,0.004699821,0.016300414,0.013378167,0.009694817,0.021027654,0.016178241,0.020211039,0.0150945,0.018275636,0.006010914,0.010375098,0.0150945,0.005839379,0.005259671,0.003965744,0.003965744,0.007017514,0.008249353,0.007408043,0.00607676,0.005918192,0.005685655,0.005660251,0.007201995,0.008839262,0.00758193,0.013821277,0.009977654,0.010893798,0.00832264,0.009887969,0.014410677,0.015078817,0.013919502
550,0.016437182,0.015827362,0.01369852,0.014197497,0.01282219,0.008317931,0.007483852,0.006863322,0.007566789,0.018049476,0.009064546,0.008477847,0.007699367,0.006367642,0.006839454,0.006518216,0.006839454,0.009035936,0.004695513,0.016413822,0.01348063,0.009751426,0.021123578,0.0162373,0.020272105,0.015163866,0.018366682,0.006044519,0.010418883,0.015163866,0.005929674,0.005350562,0.004008111,0.004008111,0.0070987,0.008362639,0.007499691,0.006121371,0.005982157,0.005737887,0.005734684,0.007295097,0.00888487,0.007658738,0.01390835,0.010065662,0.011012004,0.008407627,0.009986405,0.01452088,0.015190423,0.014022363
551,0.016545746,0.015927382,0.013785586,0.01428555,0.012905468,0.008371785,0.007537077,0.006909236,0.007607595,0.018144878,0.009136346,0.008540673,0.007754949,0.006403599,0.006896738,0.006568109,0.006896738,0.00909219,0.004683966,0.016520416,0.013598878,0.00981582,0.021222758,0.016307702,0.020360292,0.015217886,0.018454322,0.006080255,0.010501385,0.015217886,0.005968963,0.005390834,0.004026091,0.004026091,0.007130831,0.008408845,0.007539763,0.006137145,0.006006467,0.005758274,0.005768543,0.007334278,0.00890295,0.007692714,0.013940776,0.010103396,0.011061443,0.008445249,0.010026708,0.014562027,0.015232519,0.014063611
552,0.016650486,0.016030933,0.013877741,0.014376968,0.012993133,0.008425676,0.007592106,0.006955775,0.007650701,0.018251809,0.009209029,0.008604782,0.007812199,0.006440095,0.006955666,0.006618374,0.006955666,0.009148856,0.004665982,0.016623126,0.013720213,0.009873287,0.021325776,0.016376392,0.020457508,0.015272338,0.018552647,0.006116811,0.010594138,0.015272338,0.006047021,0.005467821,0.004061928,0.004061928,0.007196975,0.00850434,0.007620538,0.00617068,0.006057117,0.005797059,0.005836702,0.007411154,0.008942431,0.007760188,0.014008185,0.010183101,0.011157927,0.00852206,0.010105059,0.014644678,0.015320051,0.014138743
553,0.016752097,0.016137371,0.013974059,0.014471141,0.013084389,0.008479599,0.007648611,0.007002823,0.00769569,0.018368175,0.009282434,0.008669939,0.007870813,0.006477034,0.007015938,0.006668943,0.007015938,0.009205859,0.004642731,0.01672266,0.013844074,0.009925088,0.021431932,0.01644368,0.02056211,0.015327143,0.018659716,0.006154039,0.010695278,0.015327143,0.00608579,0.005504535,0.004079787,0.004079787,0.007230989,0.00855363,0.007661242,0.006188442,0.006083456,0.005815458,0.005871,0.007448848,0.008963833,0.007793686,0.014043168,0.010225073,0.011204971,0.008561251,0.010143108,0.014686182,0.015365487,0.014172625
554,0.016854342,0.016240508,0.014065477,0.014562575,0.013170692,0.008532762,0.007701378,0.007052588,0.007741133,0.018446129,0.009358653,0.008733572,0.007930904,0.006514206,0.007076536,0.006723814,0.007076536,0.009271085,0.004621265,0.01680963,0.013961152,0.009989002,0.021539256,0.016518856,0.020658665,0.015392166,0.018756823,0.006192431,0.010782793,0.015392166,0.006186764,0.005607478,0.004124938,0.004124938,0.007318343,0.008675739,0.007764552,0.006232268,0.006151724,0.005869122,0.005958541,0.007544273,0.00901705,0.007877696,0.014135646,0.010323741,0.011326276,0.008654421,0.010248389,0.014794697,0.015485893,0.014277063
555,0.016957257,0.016342025,0.014154421,0.014653967,0.013258338,0.00858435,0.007755509,0.007102171,0.007786915,0.018555912,0.009433656,0.008797364,0.007991172,0.006551226,0.007138088,0.006779031,0.007138088,0.009335139,0.004602459,0.016904382,0.014082707,0.010052544,0.021646519,0.016592704,0.020749244,0.01545468,0.018855789,0.006231045,0.010882233,0.01545468,0.006291582,0.005711263,0.004170636,0.004170636,0.007407788,0.008797935,0.007869869,0.006276007,0.006220561,0.00592609,0.006045708,0.007641815,0.009071415,0.007961787,0.014222696,0.010423083,0.011449575,0.008745347,0.0103528,0.014901007,0.015598102,0.014379313
556,0.017061604,0.016440436,0.014238588,0.014745816,0.013350126,0.008632421,0.007813583,0.007150782,0.007833393,0.018747757,0.009505252,0.008861834,0.008051555,0.006587846,0.0072018,0.006834181,0.0072018,0.009394789,0.004589496,0.017019838,0.01421609,0.01011276,0.021753405,0.016661851,0.020827511,0.015509265,0.018961115,0.006269941,0.011012263,0.015509265,0.006334195,0.005748819,0.004189041,0.004189041,0.007443894,0.008847311,0.007912582,0.006293682,0.006247469,0.005947793,0.006079635,0.007681626,0.009093965,0.007995365,0.01425225,0.010465728,0.011498612,0.008782291,0.010389979,0.014940307,0.015635341,0.014411007
557,0.017168874,0.016539896,0.014328767,0.014838456,0.013440373,0.00868021,0.007869742,0.007200997,0.00788219,0.018925877,0.009576595,0.00892578,0.008111628,0.00662468,0.007262944,0.006888314,0.007262944,0.009462176,0.004584619,0.017104792,0.01434764,0.010165085,0.021861936,0.016733108,0.02091248,0.015560321,0.019056916,0.006308309,0.011162355,0.015560321,0.006441514,0.005854286,0.004240148,0.004240148,0.007535195,0.008969333,0.008019002,0.006332337,0.006311443,0.0060004,0.006165143,0.00777896,0.009146341,0.008084015,0.014327053,0.010555579,0.011610258,0.008872065,0.01048444,0.01502879,0.015733631,0.014491986
558,0.017276822,0.016640273,0.014422677,0.014931794,0.01352984,0.008728292,0.007925078,0.007251832,0.007932256,0.019094246,0.009647963,0.008989693,0.008171485,0.006661742,0.007322877,0.006942035,0.007322877,0.009533572,0.004583089,0.017173939,0.014477237,0.010215242,0.021971277,0.016804926,0.020999268,0.015609131,0.019148614,0.006346305,0.01132043,0.015609131,0.006544404,0.005962094,0.004293046,0.004293046,0.007626012,0.009090787,0.008124097,0.006365139,0.006374486,0.006046172,0.006248423,0.007871353,0.009193274,0.008168535,0.014400941,0.010641432,0.011719436,0.008956594,0.010576602,0.015115981,0.015832346,0.014568351
559,0.017370323,0.016748229,0.014531211,0.015031012,0.013618876,0.008784575,0.007982682,0.007299413,0.007984768,0.019205788,0.00972217,0.009057883,0.008230123,0.006701133,0.007383836,0.00699742,0.007383836,0.009608745,0.004569506,0.017228211,0.01458686,0.010298064,0.022080611,0.016867665,0.021057897,0.015648259,0.019251471,0.006382183,0.011442449,0.015648259,0.006582589,0.006001993,0.004313242,0.004313242,0.007661633,0.009139594,0.008165485,0.006376961,0.006400465,0.006061038,0.006280121,0.007906225,0.009210378,0.008197984,0.01442958,0.010680081,0.011766006,0.008988295,0.010611481,0.01515399,0.01587001,0.014595431
560,0.017467603,0.016852092,0.014630834,0.015124962,0.013707066,0.008837377,0.008038048,0.007345026,0.00803466,0.019269947,0.009795618,0.00912138,0.00828807,0.006739177,0.007443935,0.007051309,0.007443935,0.009681762,0.004558196,0.017279717,0.01468778,0.010366485,0.022181707,0.016930583,0.021118975,0.015693299,0.019349584,0.006417448,0.011530691,0.015693299,0.006662556,0.00608171,0.004351674,0.004351674,0.007730722,0.009232616,0.00824756,0.006400989,0.006449214,0.006099438,0.0063443,0.007976903,0.00924735,0.008255179,0.014477284,0.010750767,0.011852564,0.009046933,0.010681629,0.015221519,0.01594822,0.01465536
561,0.017570101,0.016950302,0.014718153,0.015211637,0.013794089,0.008885371,0.008090322,0.007387924,0.008080934,0.019268673,0.00986802,0.009178395,0.008345062,0.00677536,0.007502846,0.00710313,0.007502846,0.009751805,0.004550024,0.017327404,0.01477668,0.010415022,0.022271426,0.016993746,0.021183437,0.015746502,0.019441145,0.006451867,0.01157229,0.015746502,0.006704338,0.006121528,0.004369911,0.004369911,0.00776419,0.00927683,0.008288246,0.006413197,0.006471985,0.006122972,0.006376781,0.008012709,0.009267217,0.008282925,0.014496349,0.010782805,0.011892553,0.009073871,0.010716897,0.01525104,0.015988766,0.014688208
562,0.017671916,0.017045641,0.014804711,0.015295075,0.013879204,0.008927297,0.008140654,0.007430851,0.008125106,0.019295651,0.009934861,0.009235219,0.008397458,0.006808061,0.007556706,0.007154857,0.007556706,0.009818736,0.004551218,0.017384902,0.014862274,0.010462398,0.022365331,0.017060067,0.021213178,0.015788566,0.019526981,0.006484063,0.011616415,0.015788566,0.006803528,0.006217911,0.004417037,0.004417037,0.00784298,0.009386182,0.008381422,0.006437536,0.006524097,0.006166857,0.00645502,0.00809388,0.00931099,0.008347916,0.014552237,0.010856618,0.011981265,0.009146511,0.010789753,0.015324777,0.016080239,0.01476877
563,0.017772472,0.017140689,0.014890627,0.015377824,0.013962611,0.008966844,0.00819016,0.007473416,0.008167589,0.019330121,0.009999312,0.009291411,0.008448711,0.00683946,0.007608832,0.007204891,0.007608832,0.009883735,0.004558462,0.017445595,0.014946726,0.010508761,0.022456813,0.017124205,0.021239321,0.015825593,0.019608647,0.006514765,0.011659015,0.015825593,0.006897438,0.006312615,0.004463726,0.004463726,0.007917231,0.009489287,0.00846872,0.006458008,0.006571238,0.006202778,0.006522877,0.008168783,0.009348179,0.0084103,0.014607518,0.010922894,0.012062975,0.009213791,0.010853096,0.015390656,0.016156127,0.014824838
564,0.017868071,0.017237684,0.014974486,0.015461118,0.014040411,0.009002459,0.008238112,0.007514301,0.008204772,0.019366547,0.010059211,0.009344948,0.008499992,0.006868891,0.007658808,0.007247316,0.007658808,0.009943476,0.004582598,0.017509665,0.015029749,0.010551829,0.022532489,0.017174805,0.021288626,0.015852361,0.019677832,0.006541198,0.011691787,0.015852361,0.00693394,0.006350756,0.004481526,0.004481526,0.007946159,0.009527255,0.008503529,0.00646635,0.006589039,0.006218348,0.006544975,0.008198322,0.009361461,0.008435438,0.014625977,0.010947396,0.01209596,0.00923537,0.010878852,0.015412318,0.016181088,0.014833192
565,0.01796002,0.017330796,0.015060464,0.015544033,0.014118693,0.00903929,0.00828386,0.007554529,0.008245708,0.019401126,0.010118287,0.009398532,0.008548935,0.006899856,0.007708217,0.007291666,0.007708217,0.010003242,0.004616346,0.017562939,0.015110405,0.010597018,0.022607601,0.017222164,0.021326529,0.015876892,0.019745948,0.006566278,0.011732439,0.015876892,0.007005654,0.006426599,0.004516955,0.004516955,0.008000525,0.009603087,0.008568994,0.00647996,0.006619853,0.006244982,0.006591239,0.008247836,0.009378142,0.008480666,0.014655012,0.010989169,0.012155728,0.00927539,0.010924166,0.015448198,0.016239421,0.01485701
566,0.018049101,0.017420857,0.015148106,0.015626652,0.014197355,0.009077076,0.008327877,0.00759424,0.008289594,0.019434255,0.010176718,0.009452153,0.00859604,0.006932026,0.00775718,0.00733753,0.00775718,0.010063026,0.004657645,0.01760773,0.015189202,0.010643874,0.022682269,0.017266977,0.021355473,0.015899668,0.019813225,0.006590293,0.011779282,0.015899668,0.007040867,0.006464301,0.004534584,0.004534584,0.008025962,0.00964095,0.008599651,0.006485228,0.006632866,0.006256045,0.006615406,0.00826781,0.009381541,0.008500756,0.014665588,0.011006442,0.01218251,0.009293831,0.010943725,0.015462416,0.016272793,0.014872473
567,0.018136007,0.017505908,0.015222547,0.015703662,0.014271919,0.009110808,0.008369643,0.007628831,0.008326676,0.019378444,0.010229873,0.009498417,0.008641252,0.006962184,0.007800936,0.007377647,0.007800936,0.010118663,0.004696143,0.017644036,0.015249516,0.01068134,0.02275645,0.01731652,0.021413484,0.015929788,0.019874821,0.006610527,0.011784427,0.015929788,0.007127557,0.006556025,0.004576653,0.004576653,0.008084888,0.009729337,0.008669273,0.006489238,0.006664161,0.006285689,0.00665868,0.008319882,0.009389247,0.008544046,0.014680283,0.011051255,0.012239264,0.009328084,0.010989515,0.015482446,0.016328406,0.014889623
568,0.018223942,0.017587363,0.015294728,0.015779392,0.014342895,0.009142766,0.00840939,0.007662772,0.008361317,0.019343764,0.010280348,0.009543197,0.008685137,0.006989756,0.007842727,0.007415625,0.007842727,0.010171055,0.004743558,0.017684041,0.015307867,0.010719103,0.022832148,0.017370271,0.021464362,0.015953004,0.019937556,0.006629563,0.011792062,0.015953004,0.00721198,0.006642172,0.004615927,0.004615927,0.008137692,0.009810082,0.008732317,0.00648918,0.00668813,0.006309196,0.006683878,0.008365386,0.009391892,0.008577445,0.01468785,0.011085908,0.012288855,0.009357736,0.011032212,0.01550076,0.01636836,0.014900008
569,0.018314362,0.017661853,0.015363895,0.015853159,0.014406804,0.009171504,0.008445149,0.00769603,0.008391691,0.019366052,0.010325843,0.009585818,0.008726462,0.007012105,0.007881046,0.007449834,0.007881046,0.010217114,0.004810303,0.01773306,0.015364553,0.010758771,0.022911133,0.017432319,0.021496142,0.015960554,0.020003482,0.006646564,0.011810644,0.015960554,0.007244925,0.006674298,0.004630761,0.004630761,0.008157007,0.009840302,0.008756396,0.006490381,0.006693818,0.006314123,0.006689969,0.008378794,0.00939023,0.008587644,0.014691299,0.011093018,0.012308474,0.009371575,0.011048676,0.015513263,0.016386074,0.014908705
570,0.018398008,0.017740589,0.015437307,0.015919371,0.014473978,0.009199237,0.008480369,0.007727669,0.008426321,0.019346566,0.010368523,0.00962525,0.008764475,0.007034438,0.007918251,0.007483233,0.007918251,0.010262187,0.004880327,0.017770868,0.015412273,0.010778862,0.022957219,0.017466758,0.021533699,0.015969277,0.020040974,0.006660215,0.011807584,0.015969277,0.007311894,0.006748557,0.004667318,0.004667318,0.008197288,0.009900913,0.008808498,0.006488638,0.006705186,0.006335307,0.006709066,0.008405538,0.009386907,0.008606863,0.014694592,0.011105982,0.012344689,0.00938682,0.011073738,0.015533222,0.016426876,0.014921025
571,0.01847789,0.017820938,0.015512139,0.015982598,0.014542244,0.009227179,0.00851498,0.00775817,0.008461674,0.019297437,0.010409909,0.009662907,0.008800565,0.007056293,0.007954364,0.007515938,0.007954364,0.010307121,0.004949976,0.017800333,0.015453328,0.010791189,0.022988868,0.017488042,0.021573015,0.015979403,0.020066146,0.006671778,0.011789962,0.015979403,0.007371524,0.006817236,0.004699823,0.004699823,0.008227916,0.009949273,0.008847684,0.006482834,0.006713279,0.006353368,0.006722087,0.008426492,0.009381467,0.008620696,0.014697274,0.011117254,0.012371527,0.009392087,0.011085578,0.015545262,0.016465911,0.014931524
572,0.01854788,0.017898927,0.015582387,0.01604873,0.014606983,0.009262466,0.008545231,0.007783579,0.008484386,0.019113299,0.010450281,0.00969588,0.008830853,0.007072737,0.007983407,0.007544644,0.007983407,0.010355319,0.004999144,0.017789125,0.015461926,0.0108107,0.023016644,0.017494129,0.021604086,0.015999893,0.020089776,0.006675849,0.011711546,0.015999893,0.00739713,0.006843783,0.004710605,0.004710605,0.008237578,0.009967241,0.008858846,0.006479974,0.00671569,0.006355172,0.006722101,0.00843411,0.00937769,0.008625509,0.014700112,0.011122674,0.01238177,0.00939595,0.011088821,0.015549846,0.016481858,0.014938402
573,0.018620271,0.017967926,0.015641008,0.016103955,0.014663836,0.009286167,0.008570631,0.007807253,0.008504195,0.018981312,0.010484265,0.00972546,0.00885863,0.007088577,0.00800875,0.007569053,0.00800875,0.01038804,0.005059849,0.017814212,0.015472762,0.010824115,0.023040383,0.01750423,0.021603372,0.016012491,0.020109317,0.006679032,0.011623207,0.016012491,0.007440197,0.006889601,0.004730029,0.004730029,0.008251927,0.009992896,0.008876311,0.006472882,0.006715465,0.006359054,0.006718691,0.008448215,0.009368776,0.00863603,0.014700279,0.01113044,0.012397018,0.009399482,0.011093882,0.015562801,0.016499677,0.014935522
574,0.018695369,0.018026785,0.015686519,0.01614688,0.014711797,0.009296804,0.00859056,0.007828971,0.008520732,0.018908136,0.010511045,0.009751215,0.008883575,0.007103733,0.008029922,0.007588616,0.008029922,0.010403309,0.005133564,0.017880226,0.015486122,0.010830654,0.023059568,0.01751886,0.021566816,0.016016189,0.020124248,0.006681216,0.01152368,0.016016189,0.007457656,0.006908872,0.004738671,0.004738671,0.008256612,0.010000582,0.008882615,0.00646865,0.006712829,0.006361132,0.006715268,0.008454701,0.00936364,0.008641738,0.014697607,0.011132785,0.012402023,0.009399152,0.011095699,0.015571173,0.016501548,0.014925764
575,0.018762235,0.018087316,0.015735627,0.016200402,0.014760006,0.009312157,0.008609604,0.007848286,0.008534757,0.018862582,0.010533726,0.009770554,0.008905365,0.007112671,0.008047902,0.0076036,0.008047902,0.010421864,0.005217004,0.017915752,0.015499983,0.010828345,0.023058482,0.017521147,0.021537549,0.016007763,0.020118269,0.006676755,0.011463595,0.016007763,0.007491616,0.006949501,0.004759065,0.004759065,0.00826099,0.010006092,0.008888291,0.006450465,0.006702321,0.00635736,0.006701792,0.008451269,0.009348636,0.008641062,0.014692922,0.011124759,0.012402221,0.009388655,0.011092494,0.015573664,0.016512021,0.014915056
576,0.018825765,0.018146056,0.015784888,0.016252105,0.014805862,0.009327015,0.008627055,0.007866052,0.008547189,0.018814412,0.010554317,0.009787673,0.008924939,0.007119984,0.008063518,0.007616695,0.008063518,0.010438536,0.005300764,0.017942249,0.015509049,0.010823116,0.023052076,0.017516231,0.021493973,0.016000057,0.02010633,0.006670427,0.011403176,0.016000057,0.007508629,0.006977206,0.004774439,0.004774439,0.008251048,0.009994204,0.008877651,0.006428452,0.006686839,0.006348509,0.006679392,0.008434194,0.009329235,0.008629462,0.014682776,0.011111962,0.012397394,0.009370858,0.011080378,0.01556824,0.016524394,0.014904035
577,0.018882985,0.01819781,0.01583254,0.016291453,0.014843694,0.009337434,0.0086397,0.007880052,0.008555776,0.018741163,0.010570335,0.009801151,0.008938959,0.007125528,0.008073107,0.00762617,0.008073107,0.010446966,0.005379852,0.017956527,0.015501767,0.010813337,0.023039833,0.017494491,0.021398186,0.016001917,0.020086789,0.00666177,0.011318339,0.016001917,0.007509142,0.006983553,0.00477806,0.00477806,0.008241413,0.009984493,0.008867637,0.006420393,0.006679228,0.006345507,0.006667045,0.008427036,0.009319702,0.008624246,0.014674644,0.011109536,0.012397373,0.009363229,0.011073283,0.015568697,0.016528167,0.014893964
578,0.018937082,0.018245206,0.015875286,0.016324468,0.014878469,0.009346347,0.008649965,0.007890518,0.008561338,0.018677583,0.010579879,0.009809094,0.008948378,0.00712662,0.008077453,0.007631902,0.008077453,0.010451452,0.005451786,0.017972776,0.015488409,0.010793073,0.02300574,0.017464873,0.021287632,0.015993569,0.020047231,0.006646501,0.011233472,0.015993569,0.00749475,0.006989356,0.004786792,0.004786792,0.008207806,0.009937009,0.008828709,0.006390318,0.006655583,0.006333636,0.006629757,0.008399724,0.009292386,0.00860267,0.014647189,0.01108601,0.012378624,0.009330191,0.011049384,0.015568844,0.016534749,0.014874659
579,0.018989089,0.018289878,0.015914966,0.016353593,0.014911326,0.009354232,0.008658664,0.007898731,0.008564953,0.018619341,0.010585382,0.009813576,0.008954884,0.007124905,0.008078507,0.007635231,0.008078507,0.010453178,0.00551912,0.017990094,0.015471088,0.010766337,0.022958119,0.017430268,0.021167748,0.015979002,0.019995315,0.006627105,0.01114824,0.015979002,0.00746099,0.006979304,0.004788514,0.004788514,0.008158317,0.009863782,0.008771473,0.006358047,0.006626833,0.006315798,0.006589546,0.008364261,0.009257387,0.008569727,0.014617077,0.011049028,0.012348279,0.009284707,0.011016344,0.0155591,0.016535805,0.014847998
580,0.01902364,0.018329249,0.015948668,0.016381837,0.014939933,0.009351551,0.008656724,0.007898471,0.008559411,0.018502937,0.010583506,0.009811293,0.008952276,0.007115464,0.008071782,0.007627809,0.008071782,0.010421085,0.005565161,0.017993613,0.015430068,0.010734892,0.022897022,0.017379907,0.021020181,0.015968276,0.019934549,0.00660045,0.011028536,0.015968276,0.007442134,0.006969798,0.004785125,0.004785125,0.008132802,0.009828328,0.008743153,0.006347794,0.006614118,0.006306829,0.006574275,0.008348954,0.009240172,0.008553143,0.014606286,0.011033146,0.012336663,0.009264631,0.011000108,0.015549665,0.01653405,0.014830571
581,0.019056943,0.018364551,0.015976887,0.016404613,0.014961827,0.00934776,0.008650774,0.007895473,0.0085505,0.018396057,0.010577363,0.009804784,0.008948283,0.007105179,0.008060145,0.007617187,0.008060145,0.01038236,0.005604108,0.017998788,0.015389584,0.010697331,0.022824725,0.017322476,0.02086929,0.01594916,0.019867797,0.00657098,0.010908768,0.01594916,0.007397375,0.006947947,0.004776823,0.004776823,0.008075094,0.009749863,0.008683188,0.006321272,0.006586806,0.006283847,0.006540682,0.008311702,0.009200621,0.008514757,0.014579319,0.010996714,0.012310587,0.009220201,0.010964754,0.015527535,0.016520061,0.014797443
582,0.019088293,0.018393487,0.015996529,0.016418837,0.014973225,0.009342234,0.008638552,0.007888195,0.008536319,0.018304076,0.010564547,0.009791663,0.008942122,0.007093574,0.008040827,0.007601559,0.008040827,0.010333264,0.00563196,0.018006554,0.015349937,0.010650204,0.022734908,0.017253988,0.020713202,0.015916922,0.019791685,0.006537108,0.010788901,0.015916922,0.007371471,0.006935603,0.004771909,0.004771909,0.008042901,0.009706852,0.008651543,0.006305004,0.006572208,0.006269833,0.006522361,0.008289757,0.009178285,0.008492954,0.014563143,0.010976164,0.012296128,0.009195846,0.010945636,0.01551484,0.016507827,0.014781742
583,0.019114373,0.018408789,0.016002515,0.016421079,0.014971486,0.009330346,0.008620174,0.007876711,0.008514914,0.018252633,0.010545191,0.009774219,0.008927877,0.007075618,0.008018613,0.007580124,0.008018613,0.010282615,0.005656535,0.018025536,0.015314542,0.010598006,0.022648703,0.017191078,0.020571047,0.015881743,0.019704602,0.006496832,0.010689815,0.015881743,0.007304642,0.006905421,0.004754566,0.004754566,0.007956401,0.009592687,0.008561146,0.006264552,0.006533333,0.006234993,0.006471079,0.008231436,0.009118127,0.008437942,0.014507901,0.010921925,0.012254656,0.009132961,0.010895468,0.015474797,0.016478922,0.014729833
584,0.019136433,0.018420084,0.016004589,0.016419664,0.014966537,0.009316832,0.008599813,0.007863557,0.008491041,0.018225445,0.010522679,0.009754327,0.008910869,0.00705531,0.007994494,0.007556106,0.007994494,0.010236386,0.005679148,0.018047597,0.015285355,0.010542817,0.022560953,0.017128988,0.020446873,0.01584423,0.019612971,0.006454252,0.01060657,0.01584423,0.007233806,0.006874988,0.004733677,0.004733677,0.007861876,0.009472622,0.008460426,0.006220278,0.006488121,0.006197734,0.006417086,0.008166916,0.009045933,0.008377944,0.014429728,0.010859413,0.012201673,0.009065434,0.010837524,0.015406641,0.016435294,0.014654329
585,0.019146132,0.018430594,0.016006375,0.016416893,0.014963996,0.009304135,0.008578244,0.007848046,0.008465071,0.018260855,0.010493768,0.009728437,0.00889151,0.00703227,0.00796506,0.007527471,0.00796506,0.01021387,0.005696699,0.018069242,0.015280625,0.010480012,0.022460685,0.017063211,0.020391305,0.015799374,0.019514245,0.006409239,0.01057205,0.015799374,0.007203895,0.006862391,0.004725218,0.004725218,0.007821659,0.00942371,0.008418458,0.006200188,0.006467188,0.0061813,0.006396055,0.008138772,0.00901156,0.008351154,0.014390621,0.010830588,0.012175701,0.009036437,0.01081063,0.015365833,0.016408337,0.014615033
586,0.019155764,0.01843681,0.016004962,0.016408095,0.014952791,0.009293208,0.008552931,0.007828325,0.008435324,0.018284284,0.010459746,0.009700435,0.008870234,0.007010399,0.007935216,0.007496321,0.007935216,0.010189831,0.005711711,0.018071325,0.015274318,0.010418946,0.022374394,0.017006479,0.020383059,0.01575341,0.019416982,0.006361678,0.010550876,0.01575341,0.00715477,0.006841939,0.004706212,0.004706212,0.007739968,0.009333006,0.008333472,0.006163974,0.006428809,0.006148494,0.006355056,0.008084049,0.008926054,0.00829388,0.014296587,0.010772103,0.012122544,0.00897561,0.010758548,0.015259668,0.016348564,0.01452061
587,0.019165346,0.018439651,0.016001036,0.016394562,0.01493478,0.00928367,0.008524676,0.007805297,0.008402611,0.018298299,0.010421707,0.009670772,0.008847453,0.006989445,0.00790505,0.007463196,0.00790505,0.010164594,0.00572473,0.018058038,0.015266771,0.010359246,0.022299087,0.016956854,0.020411995,0.015706577,0.019320868,0.006312115,0.010540187,0.015706577,0.007135555,0.006834082,0.004695665,0.004695665,0.007698494,0.009291214,0.008290454,0.00614785,0.006411363,0.006132121,0.006335088,0.008057469,0.00887492,0.008263396,0.014241662,0.010742443,0.012095359,0.008943779,0.01073336,0.015194311,0.016315747,0.014465483
588,0.019176962,0.018424358,0.015971995,0.016371761,0.014907731,0.009261643,0.008486792,0.007782508,0.008362056,0.018494767,0.010375645,0.009635032,0.008830371,0.006967984,0.007870585,0.007427077,0.007870585,0.010131326,0.005743544,0.01811254,0.015306374,0.010314562,0.022271735,0.016965863,0.020559269,0.015646278,0.019258728,0.006267367,0.010649931,0.015646278,0.007091948,0.006805116,0.004670955,0.004670955,0.007590904,0.009181543,0.008174268,0.006100493,0.006352283,0.006088877,0.006264202,0.007991046,0.008733302,0.008178876,0.014074769,0.010649568,0.012007645,0.008852558,0.010648552,0.015007432,0.016191766,0.014288061
589,0.019180582,0.018415441,0.015955736,0.01634934,0.014883826,0.009250425,0.008450704,0.007756819,0.008329343,0.018656686,0.010326041,0.00959862,0.008811208,0.006946015,0.00783588,0.007389032,0.00783588,0.010100841,0.00575433,0.018113715,0.015345511,0.010272425,0.022247408,0.016978141,0.020774316,0.015579579,0.019187486,0.006218396,0.010775353,0.015579579,0.007035546,0.00676205,0.004648414,0.004648414,0.007477445,0.009057951,0.008053289,0.006043483,0.006287812,0.006044295,0.006199995,0.007916237,0.008591314,0.008086957,0.013928349,0.010559373,0.011919848,0.008762904,0.010561979,0.014859129,0.016085155,0.014141696
590,0.019168469,0.018420751,0.015966855,0.0163286,0.014866951,0.009261466,0.008419086,0.007725475,0.008312653,0.018732899,0.01027038,0.009561524,0.00878742,0.00692311,0.007801146,0.007347551,0.007801146,0.010076579,0.00574894,0.018004447,0.015378928,0.0102337,0.022224056,0.016990772,0.021108833,0.015501832,0.019095102,0.00616074,0.010918903,0.015501832,0.007003537,0.006740094,0.004640036,0.004640036,0.007430101,0.009002236,0.008005479,0.006017706,0.006264974,0.006026583,0.006186706,0.00788127,0.008539809,0.008049074,0.013893897,0.010532393,0.01189258,0.008732641,0.010535028,0.014832348,0.016069709,0.014117626
591,0.019154454,0.0184053,0.015950557,0.016298084,0.014839893,0.00925129,0.008377878,0.007689575,0.008276352,0.018655441,0.010219113,0.009519289,0.008753966,0.006895746,0.007756855,0.007303475,0.007756855,0.010015361,0.005682213,0.017950323,0.015340711,0.010176992,0.022119099,0.01691934,0.02115432,0.015460724,0.018975371,0.006099742,0.010873032,0.015460724,0.006905882,0.006672105,0.004608395,0.004608395,0.007308312,0.008844996,0.007873056,0.00596347,0.006209279,0.005978947,0.006150117,0.007804714,0.00845411,0.007960176,0.013820321,0.010464916,0.011827043,0.00865072,0.010463338,0.014779485,0.01601271,0.014057169
592,0.019138393,0.018380689,0.015922438,0.016263057,0.014807043,0.009230314,0.00833286,0.007651614,0.008232317,0.018539283,0.010168203,0.009474337,0.008716419,0.006865346,0.007708683,0.007257731,0.007708683,0.009941427,0.005593591,0.017919133,0.015279562,0.010108849,0.021979992,0.016815124,0.021085668,0.015427542,0.018840291,0.00603745,0.010763996,0.015427542,0.006789997,0.006589542,0.004565789,0.004565789,0.007175318,0.008668479,0.007724879,0.005912198,0.006151281,0.00592796,0.00610594,0.00772958,0.008383376,0.007876702,0.013736112,0.01039227,0.011746559,0.008555723,0.010386328,0.014709778,0.015930079,0.013975495
593,0.01911249,0.018345218,0.015881988,0.016221453,0.014759342,0.009187681,0.008285915,0.007610886,0.008184766,0.018556146,0.010107988,0.009423413,0.008675068,0.00682478,0.007657959,0.007206804,0.007657959,0.009874486,0.005510776,0.017906543,0.015244537,0.010005617,0.021811794,0.016698496,0.020963938,0.015353103,0.018666833,0.005974739,0.010705518,0.015353103,0.006739756,0.006553012,0.004546445,0.004546445,0.007116769,0.008593488,0.007661313,0.005889384,0.00612614,0.005906897,0.006085062,0.007696034,0.008346836,0.007844242,0.013691027,0.010360122,0.011704346,0.008512385,0.010354056,0.014666153,0.015889,0.01393021
594,0.019081198,0.018304586,0.015837166,0.016168299,0.01470455,0.009144443,0.008231228,0.007563441,0.008133699,0.018585976,0.010039125,0.009365882,0.008630437,0.006782348,0.007600156,0.007149865,0.007600156,0.009802,0.005432317,0.01787625,0.015215543,0.009906871,0.021652483,0.016589556,0.020871464,0.015273431,0.018493808,0.005907989,0.010680608,0.015273431,0.006625946,0.006463291,0.004505362,0.004505362,0.006989666,0.0084291,0.007520301,0.005835333,0.006069466,0.005863292,0.006041984,0.00762023,0.008266428,0.007765442,0.0135944,0.010287362,0.011613976,0.008422587,0.010275613,0.014578581,0.015805891,0.013834447
595,0.019044731,0.018258996,0.015788141,0.016104049,0.014642943,0.009100625,0.008169103,0.007509542,0.008079256,0.018628263,0.009961954,0.009302005,0.008582652,0.006738123,0.007535549,0.007087148,0.007535549,0.009724187,0.005358043,0.017828951,0.015192342,0.009812435,0.021501709,0.016488002,0.0208071,0.01518873,0.0183212,0.005837359,0.010687952,0.01518873,0.006562378,0.0064101,0.004483622,0.004483622,0.006921112,0.008339703,0.007442854,0.005804096,0.006037932,0.00584075,0.006019783,0.007577972,0.008222561,0.007719102,0.013542857,0.010246751,0.011565818,0.008376126,0.010229441,0.014534634,0.01576386,0.013783969
596,0.018987328,0.018192344,0.015726269,0.016017041,0.014557998,0.00904382,0.008091944,0.007443171,0.008015807,0.018605127,0.009866227,0.009218679,0.008514776,0.006680024,0.007451994,0.007007289,0.007451994,0.009637602,0.005266037,0.017733668,0.015136297,0.009680394,0.021277555,0.016332522,0.020720357,0.015088249,0.018096163,0.005746371,0.01063666,0.015088249,0.006373228,0.00625935,0.004416016,0.004416016,0.00673187,0.008079817,0.007226069,0.005723367,0.005951205,0.005775009,0.005953138,0.007458636,0.00811064,0.007587034,0.013396466,0.010134201,0.011428348,0.0082404,0.010099749,0.014416204,0.015638745,0.013643837
597,0.018912897,0.018111785,0.015651026,0.015917056,0.014461281,0.00897418,0.008007396,0.007368226,0.007943618,0.018584344,0.009760693,0.00912669,0.00843846,0.00661617,0.007360403,0.006920428,0.007360403,0.00954055,0.005171174,0.017633375,0.015070832,0.009536247,0.021034643,0.016164028,0.020608674,0.014979245,0.017852811,0.005650408,0.01057808,0.014979245,0.006149535,0.00608598,0.004335648,0.004335648,0.006516944,0.007783416,0.006982451,0.005629506,0.005849832,0.005696058,0.005875532,0.007317799,0.007989648,0.007436312,0.013228303,0.010005088,0.011265137,0.008084736,0.009948155,0.014282894,0.015485198,0.01348422
598,0.018804161,0.018004238,0.015547917,0.015792691,0.014343152,0.008877961,0.007909506,0.007276508,0.007853368,0.018586015,0.00963709,0.00901953,0.008347661,0.006542486,0.007254971,0.006821674,0.007254971,0.009421347,0.005074241,0.017533829,0.014991898,0.0093736,0.020766989,0.015979145,0.0204446,0.014854449,0.017580318,0.005548119,0.010517696,0.014854449,0.006051424,0.006010169,0.004301147,0.004301147,0.006422705,0.007657503,0.006878173,0.005585135,0.005803654,0.005660306,0.005842372,0.007254038,0.007936709,0.007371319,0.013154987,0.009947913,0.011191237,0.008018335,0.00988008,0.014224067,0.015414737,0.013414257
599,0.018689926,0.017890201,0.015438478,0.01565984,0.014214816,0.00878251,0.00779884,0.007177721,0.007758449,0.01856879,0.009503037,0.008900367,0.008249285,0.006463387,0.007138916,0.00671287,0.007138916,0.009295934,0.004974267,0.017403413,0.014895125,0.009196783,0.020470121,0.015776042,0.020278353,0.014715733,0.017288141,0.005435016,0.010447815,0.014715733,0.00580828,0.005834882,0.004214787,0.004214787,0.006192646,0.007346971,0.006635138,0.005482144,0.005690304,0.005562482,0.005760969,0.007098783,0.007799613,0.007200693,0.012979094,0.009810202,0.011009942,0.007848323,0.009711639,0.014067735,0.015244676,0.013242254
600,0.018573813,0.017773498,0.015326833,0.015524397,0.014083061,0.008687326,0.007683522,0.007076394,0.00766256,0.018545763,0.009365254,0.008776895,0.008148205,0.006382627,0.007019202,0.006600236,0.007019202,0.009168542,0.004874388,0.017260709,0.014790538,0.00901605,0.020161328,0.015565857,0.020109069,0.014571467,0.016988628,0.00531826,0.010375322,0.014571467,0.005582151,0.005688711,0.004133129,0.004133129,0.005984489,0.007066548,0.006426325,0.005387322,0.005584917,0.00545893,0.005682784,0.006952856,0.007667069,0.007037458,0.012814638,0.009675867,0.010843108,0.007692621,0.009550611,0.013919611,0.015086595,0.01307348
601,0.018463675,0.017659328,0.015221632,0.0154013,0.013963105,0.008591355,0.007579195,0.006981497,0.007578065,0.018549921,0.009237241,0.008664398,0.0080542,0.006309663,0.006910751,0.006494529,0.006910751,0.009049338,0.004789284,0.017133991,0.014687984,0.008860079,0.019864653,0.015366828,0.019918934,0.014434334,0.016704339,0.00521367,0.010319573,0.014434334,0.005501056,0.005642015,0.00410333,0.00410333,0.005912153,0.006970744,0.006356269,0.005351121,0.0055467,0.00541745,0.005652842,0.006898425,0.007618682,0.006979855,0.012752759,0.009622068,0.01078367,0.007640533,0.009489951,0.013868994,0.015028113,0.013006747
602,0.018375212,0.017564069,0.015134807,0.015297231,0.013858467,0.008507432,0.007487472,0.006898064,0.00750469,0.018534243,0.009125359,0.008565415,0.007970706,0.00624411,0.006814912,0.00640132,0.006814912,0.008948714,0.004710307,0.017001612,0.014589917,0.008717541,0.019600132,0.01518687,0.019754848,0.014311996,0.016452973,0.005119665,0.010265173,0.014311996,0.005367709,0.005568045,0.004056129,0.004056129,0.005790745,0.006809064,0.006240357,0.005288841,0.005479284,0.005343135,0.005600888,0.006803433,0.007533148,0.006877375,0.012647164,0.009528955,0.010676008,0.007546948,0.009386714,0.013777002,0.014929304,0.012900509
603,0.018310229,0.017489299,0.015067889,0.015213778,0.013770423,0.008436562,0.007409405,0.006827051,0.007443359,0.018497075,0.009030952,0.008481075,0.007898598,0.006186586,0.006732736,0.006321651,0.006732736,0.008868218,0.004637966,0.0168631,0.014496713,0.008589557,0.019370445,0.015027571,0.019618982,0.014205687,0.016237274,0.005037128,0.010212234,0.014205687,0.005315458,0.005540771,0.004038728,0.004038728,0.005741673,0.006743187,0.006194502,0.005262764,0.005450084,0.005310299,0.005578877,0.006762874,0.007496001,0.006832498,0.012603448,0.00948964,0.010627783,0.007505451,0.009344137,0.013735629,0.014888977,0.012861004
604,0.018270719,0.017447294,0.015029318,0.015159734,0.013714125,0.00838822,0.007357282,0.00677926,0.007399355,0.018451513,0.008966906,0.008424052,0.00784806,0.006151138,0.006677002,0.006269251,0.006677002,0.008810125,0.004576915,0.016792677,0.01443885,0.008498579,0.019208441,0.014917125,0.019508089,0.014132668,0.016089029,0.004979279,0.010166832,0.014132668,0.005218556,0.005494627,0.004006461,0.004006461,0.005646468,0.00661722,0.006109719,0.005205535,0.005396407,0.005241446,0.005529252,0.006680045,0.007420133,0.006740773,0.012499245,0.009404383,0.010524847,0.007426158,0.009249055,0.013647085,0.01480287,0.012754775
605,0.018243214,0.01741671,0.015000456,0.015119485,0.013670133,0.008346534,0.007314731,0.006740418,0.007361581,0.018423878,0.008914129,0.008375942,0.007807178,0.006122017,0.006631584,0.006226111,0.006631584,0.008762121,0.004523421,0.016734533,0.014394193,0.008422605,0.019070363,0.014822276,0.019414897,0.014066574,0.015962063,0.004930668,0.010135239,0.014066574,0.005154331,0.005467203,0.003986443,0.003986443,0.005580383,0.006529337,0.006049479,0.005158989,0.005355391,0.00518961,0.005478903,0.006616296,0.00736523,0.006673177,0.012407078,0.009332856,0.010440992,0.007363773,0.009165875,0.013571645,0.014727701,0.01265861
606,0.018237647,0.017404005,0.014986622,0.015104399,0.01364665,0.008314058,0.007287692,0.006716446,0.007333752,0.018445288,0.008879681,0.008341174,0.007783565,0.006101422,0.006603422,0.006197218,0.006603422,0.008732205,0.004485404,0.016684091,0.0143711,0.008372235,0.018970074,0.014750405,0.019358465,0.014006615,0.015866167,0.004897157,0.010136509,0.014006615,0.005134756,0.005458648,0.003981291,0.003981291,0.005560431,0.006501546,0.006028167,0.005143594,0.005338854,0.005173791,0.005456168,0.006594815,0.007349048,0.00665243,0.012375397,0.009307273,0.010411849,0.007339184,0.009135201,0.013543374,0.014698313,0.012629169
607,0.018233348,0.017400717,0.014984076,0.015094512,0.01363609,0.008291779,0.007267099,0.006698338,0.007313659,0.018469823,0.008854328,0.008315799,0.007764407,0.00608886,0.006584381,0.006178558,0.006584381,0.008709958,0.004461109,0.016640688,0.014357276,0.008330467,0.018887405,0.014698351,0.019306734,0.013958291,0.01579569,0.004871676,0.010147392,0.013958291,0.005097354,0.005444319,0.003970456,0.003970456,0.005517422,0.006443842,0.005985297,0.005111678,0.005304371,0.00514123,0.005402997,0.006546034,0.00730395,0.006598374,0.012294643,0.009229299,0.010334341,0.007279318,0.009063197,0.013460375,0.014632508,0.01256024
608,0.018230853,0.01740244,0.014987438,0.015087325,0.013631441,0.008273936,0.007250056,0.006683457,0.00729756,0.018496119,0.008833459,0.008295158,0.007747796,0.006080271,0.006569633,0.006164973,0.006569633,0.008692091,0.004444026,0.016600796,0.014347679,0.008292837,0.018813799,0.014655418,0.019258883,0.013915525,0.0157377,0.004850398,0.010163248,0.013915525,0.005069746,0.005432918,0.003962482,0.003962482,0.005481588,0.006394965,0.005949455,0.005077323,0.005271921,0.005115683,0.005345837,0.006497532,0.007256655,0.006545149,0.012211728,0.009144377,0.010252156,0.007220052,0.008986678,0.013380064,0.014568665,0.012483585
609,0.018244412,0.017411856,0.014998732,0.015083489,0.013624521,0.00825129,0.007239867,0.006674782,0.007286139,0.018526253,0.008815281,0.008278687,0.007737162,0.006074251,0.006554905,0.006154846,0.006554905,0.008684472,0.004436953,0.016563538,0.014336302,0.008256405,0.018750419,0.014609785,0.019233209,0.013873856,0.015686693,0.004834764,0.010185078,0.013873856,0.005059967,0.005427292,0.003960191,0.003960191,0.00546881,0.006375998,0.005935171,0.00505949,0.005257416,0.005106879,0.005319114,0.00647633,0.007238278,0.006525232,0.012177885,0.009111845,0.010218337,0.007196064,0.008951489,0.01335448,0.014541238,0.012446419
610,0.01825508,0.017422631,0.015008048,0.015080221,0.013619607,0.008234489,0.007229783,0.006664735,0.007275146,0.018538265,0.008797695,0.00826183,0.007724526,0.006066536,0.006541818,0.00614431,0.006541818,0.008678242,0.004433345,0.016522777,0.014324226,0.00821999,0.018690912,0.014568465,0.019206831,0.013835473,0.015636408,0.004817243,0.010200153,0.013835473,0.005040832,0.005418125,0.003955408,0.003955408,0.005443839,0.00633984,0.005906285,0.00502814,0.005225747,0.005088245,0.005270388,0.006433727,0.00719844,0.006483619,0.012110397,0.009044238,0.0101528,0.007151697,0.008885513,0.013297755,0.01448866,0.012383449
611,0.018262486,0.01743494,0.015015133,0.015077594,0.013616954,0.008224279,0.007219816,0.006653143,0.007264634,0.018529842,0.008780778,0.008244535,0.007709633,0.006056911,0.00653058,0.006133313,0.00653058,0.008673576,0.004433643,0.016478066,0.014311364,0.008183593,0.018635772,0.014532009,0.019179661,0.013800794,0.015586938,0.004797595,0.010207611,0.013800794,0.005031477,0.005414583,0.003952916,0.003952916,0.005431646,0.006322648,0.005891682,0.005014623,0.005208583,0.005078415,0.005248387,0.006412327,0.00717698,0.006461923,0.012076751,0.009009164,0.010121083,0.007131318,0.008854726,0.013266613,0.014463509,0.012357646
612,0.018263784,0.017438388,0.015017909,0.015074725,0.013607921,0.008203628,0.007205404,0.006643952,0.007249667,0.018511718,0.008763217,0.008230965,0.007695919,0.006050561,0.006516315,0.006122949,0.006516315,0.00866227,0.004438836,0.016444086,0.014293051,0.008158873,0.018580725,0.014493491,0.019144236,0.01376889,0.015536896,0.004783393,0.010197114,0.01376889,0.005006335,0.005400698,0.003947821,0.003947821,0.005398822,0.006276396,0.005856506,0.004979709,0.005172836,0.005052678,0.005188044,0.00635741,0.0071222,0.006407436,0.011991107,0.00892551,0.01003923,0.007071162,0.008773629,0.013187115,0.014389074,0.012272425
613,0.018263134,0.017442944,0.015022554,0.015071823,0.013599123,0.008183313,0.007191514,0.006634615,0.00723445,0.018491645,0.008745502,0.008215644,0.007682158,0.006044032,0.00650141,0.006112378,0.00650141,0.008650479,0.004446965,0.016410263,0.014273348,0.008136126,0.018525482,0.014454812,0.019109292,0.013736279,0.015488889,0.004768996,0.010186164,0.013736279,0.00498003,0.005385205,0.003939982,0.003939982,0.005364841,0.006230744,0.005822476,0.004945275,0.005136054,0.005028118,0.005127327,0.006301259,0.007066125,0.006349533,0.011903412,0.008841368,0.009953995,0.007007586,0.008694992,0.013110318,0.014316736,0.012179602
614,0.018259818,0.017453752,0.015033663,0.015068929,0.01359338,0.008167872,0.007180675,0.006623977,0.007220299,0.018470285,0.008727634,0.008194391,0.007667824,0.006035781,0.006486023,0.006101031,0.006486023,0.008639993,0.004460765,0.016372724,0.014252167,0.008113966,0.018469697,0.014416513,0.019078758,0.013700786,0.015446339,0.004752007,0.010180953,0.013700786,0.004969512,0.005380056,0.003934748,0.003934748,0.005351491,0.006214151,0.005809019,0.00493224,0.005117856,0.005019465,0.005104951,0.006278624,0.007043369,0.006324421,0.011867717,0.008805807,0.009918895,0.006983786,0.008666665,0.013081877,0.014293682,0.012146197
615,0.018260855,0.017459006,0.015038149,0.015062899,0.013586077,0.008149649,0.007168145,0.006612491,0.007207004,0.018450145,0.008709178,0.008176197,0.007653707,0.006028157,0.006472442,0.006089176,0.006472442,0.008628128,0.004481502,0.016347308,0.014228827,0.008078526,0.018409945,0.014380596,0.019047944,0.013666529,0.015400018,0.004735297,0.010166144,0.013666529,0.004942193,0.005365607,0.003926053,0.003926053,0.005318724,0.006174115,0.005773491,0.004894352,0.005077602,0.004992977,0.005048977,0.006223752,0.006986692,0.00626725,0.011780271,0.008724556,0.0098366,0.006925297,0.008584529,0.013004738,0.014227836,0.012059086
616,0.018264052,0.017461799,0.015039898,0.015055792,0.013578632,0.008130672,0.007154903,0.00660049,0.007194378,0.018425412,0.008690716,0.008159506,0.007639729,0.006020799,0.006459506,0.006077196,0.006459506,0.008616373,0.004506105,0.016324943,0.014203731,0.008038142,0.018348984,0.014345307,0.019018198,0.013632653,0.015351933,0.004718714,0.010145946,0.013632653,0.004918734,0.005355449,0.003921583,0.003921583,0.005286881,0.006134592,0.005740104,0.004857003,0.00504055,0.004964003,0.004993427,0.006170133,0.006930421,0.006213938,0.011695252,0.008645595,0.009760146,0.00686879,0.00850272,0.012926034,0.014164565,0.011979192
617,0.018268543,0.017466329,0.015046022,0.015053272,0.013577994,0.008118074,0.00714263,0.006587169,0.007184813,0.018341254,0.008675368,0.008143526,0.007626167,0.006013101,0.006444205,0.006066527,0.006444205,0.008613322,0.004537622,0.016272059,0.014170114,0.008012773,0.018295608,0.014304335,0.019002254,0.013596459,0.015303973,0.004702082,0.010115718,0.013596459,0.004912077,0.005354591,0.003920573,0.003920573,0.005274455,0.006118512,0.005728789,0.004844505,0.005025554,0.004952863,0.004971474,0.006148751,0.006908071,0.006192685,0.011661984,0.008612321,0.009730886,0.006846974,0.008474721,0.01289603,0.014144085,0.011953004
618,0.018269598,0.017473933,0.015053707,0.015049202,0.013572052,0.00810375,0.007130096,0.006575627,0.007174401,0.018226033,0.008660042,0.008127615,0.00761222,0.006006786,0.006428994,0.006055479,0.006428994,0.008606082,0.004566081,0.016229309,0.014133189,0.007988492,0.018241491,0.014268099,0.01898343,0.013568775,0.015259025,0.004684646,0.010058555,0.013568775,0.004894547,0.005349561,0.003915936,0.003915936,0.005251535,0.006088827,0.005705821,0.004815265,0.004997332,0.004929907,0.004933865,0.006105734,0.006862219,0.006149541,0.011600147,0.00854789,0.009676701,0.006801844,0.008420518,0.012836614,0.014097715,0.011894885
619,0.018266932,0.017484867,0.015063081,0.015043454,0.013560362,0.008087559,0.007117282,0.006566013,0.007163073,0.018077162,0.00864474,0.008111779,0.007597856,0.006001969,0.006413883,0.006044021,0.006413883,0.008594306,0.004591229,0.016197536,0.01409268,0.00796539,0.018186572,0.014236995,0.018961486,0.013550311,0.015217338,0.004666339,0.009972213,0.013550311,0.004883676,0.005345388,0.003912309,0.003912309,0.00524104,0.006075221,0.005694168,0.004798523,0.004984106,0.00491809,0.00491821,0.006084098,0.006838715,0.00612765,0.011571578,0.008516733,0.009651776,0.006778531,0.008394314,0.012807203,0.014071824,0.011862953
620,0.018276244,0.017487914,0.01506247,0.015037478,0.01356209,0.008070964,0.007104621,0.006555611,0.007149466,0.017943481,0.008631684,0.008096397,0.007587584,0.005995281,0.006401976,0.006030319,0.006401976,0.008582943,0.004621511,0.016180666,0.014058689,0.007947432,0.018148784,0.014206072,0.018940111,0.013534552,0.015183368,0.004651714,0.009894096,0.013534552,0.004863172,0.005339888,0.003907572,0.003907572,0.005214508,0.006044313,0.005664684,0.004764242,0.004953093,0.00489758,0.004882099,0.006042392,0.006788502,0.006073883,0.0115046,0.008446621,0.009594781,0.006727755,0.008341548,0.012747603,0.014026215,0.011792735
621,0.01828543,0.017488628,0.015058987,0.015032806,0.013563642,0.008054537,0.007092678,0.00654549,0.007135295,0.017831701,0.008619741,0.008082778,0.007578233,0.005989004,0.006390628,0.00601866,0.006390628,0.008571141,0.004658594,0.01617001,0.014029131,0.007926498,0.018113007,0.01417795,0.018915117,0.013517442,0.015151663,0.004637675,0.0098256,0.013517442,0.004847353,0.005339284,0.003905863,0.003905863,0.005189765,0.006018562,0.005639222,0.00473899,0.004925265,0.004881253,0.004847902,0.006007341,0.006739818,0.006030501,0.011442586,0.008384163,0.009543926,0.006687644,0.00829601,0.012693668,0.013987818,0.011726095
622,0.018290681,0.017486019,0.015051494,0.015031397,0.0135607,0.008038645,0.007082443,0.006536297,0.007120435,0.017768943,0.00860984,0.008073338,0.007569901,0.005984299,0.006379677,0.006012684,0.006379677,0.008558138,0.004710776,0.016170058,0.014008455,0.007896723,0.018076971,0.014156631,0.01888109,0.013496202,0.015123174,0.004623958,0.009778172,0.013496202,0.004841165,0.005340008,0.003905265,0.003905265,0.005181059,0.006010114,0.00563159,0.004731278,0.004915225,0.004873618,0.004834159,0.005992361,0.006717845,0.006018996,0.011418981,0.008360659,0.009525141,0.006674995,0.008277033,0.012669921,0.013969138,0.01169774
623,0.018296401,0.017489118,0.01505002,0.015030108,0.013559393,0.008027737,0.007073301,0.006528913,0.007109446,0.017720415,0.008601943,0.00806469,0.007562478,0.005980365,0.006370742,0.00600647,0.006370742,0.008549708,0.004770913,0.016173491,0.013992238,0.007884704,0.018048081,0.014137681,0.018871069,0.013481508,0.015095134,0.004611975,0.009736936,0.013481508,0.004828664,0.005344239,0.00390315,0.00390315,0.00515892,0.005990102,0.005613285,0.004711567,0.004897568,0.004854722,0.004806287,0.005956602,0.006667584,0.005981781,0.011365248,0.008303961,0.009484886,0.006641529,0.008233033,0.012617898,0.013930682,0.011645213
624,0.018302288,0.017495082,0.015051612,0.015028831,0.013559141,0.008019208,0.007064983,0.006522683,0.007100361,0.017676743,0.008595112,0.008057018,0.007555777,0.005977063,0.006363035,0.006000106,0.006363035,0.008543604,0.004834854,0.016177582,0.013978544,0.00787964,0.018024025,0.014121024,0.01887158,0.013470048,0.015068668,0.004601009,0.009698739,0.013470048,0.004821475,0.005351059,0.003901235,0.003901235,0.005138951,0.005972863,0.005594026,0.004693038,0.004880657,0.004839753,0.004783845,0.005926754,0.006614505,0.005942963,0.011313776,0.00824806,0.009455007,0.006609659,0.008192904,0.012568894,0.013901783,0.011600298
625,0.018307863,0.017504826,0.015057594,0.015027182,0.013562064,0.00801287,0.007059861,0.006519847,0.007093473,0.017621883,0.008590145,0.008055057,0.007552068,0.005976491,0.006358595,0.005993308,0.006358595,0.008540808,0.004902354,0.016174531,0.013970354,0.007868702,0.018015905,0.014115867,0.018874299,0.013462433,0.015054622,0.004592514,0.009664014,0.013462433,0.004820598,0.005354372,0.003900835,0.003900835,0.005132415,0.005967188,0.005585439,0.004686508,0.004871361,0.004836046,0.004775533,0.005917686,0.006589713,0.005929853,0.011292432,0.008225352,0.009446599,0.006598606,0.0081778,0.012548165,0.01389266,0.011579556
626,0.018314757,0.017509862,0.015057078,0.015028116,0.013562357,0.008006791,0.007053437,0.006515839,0.007086572,0.017558545,0.008586915,0.008050599,0.007549874,0.005975526,0.006353601,0.005988085,0.006353601,0.008536203,0.004965808,0.016179441,0.013962196,0.007864475,0.018015691,0.014117049,0.01888019,0.013460613,0.015047623,0.004584985,0.00961981,0.013460613,0.004825507,0.005363612,0.00389948,0.00389948,0.005116045,0.00596112,0.005568362,0.004676325,0.004860792,0.004828504,0.004758128,0.00589807,0.006542097,0.005903852,0.011246172,0.008184366,0.009427189,0.006576501,0.00815054,0.012501841,0.013872199,0.011529404
627,0.018322918,0.017510376,0.015050319,0.015031533,0.013560121,0.00800096,0.007045763,0.006510706,0.007079661,0.01748706,0.008585353,0.008043742,0.007549135,0.005974184,0.006348076,0.005984375,0.006348076,0.008529861,0.005025377,0.016192001,0.01395407,0.007866698,0.018023073,0.014124321,0.018889128,0.01346436,0.015047392,0.004578384,0.0095665,0.01346436,0.004831292,0.005369538,0.003898525,0.003898525,0.005106211,0.005960727,0.005559871,0.004672672,0.004859517,0.004824668,0.004749035,0.005887522,0.006519273,0.00589096,0.011221256,0.008166087,0.009416188,0.00656545,0.008138384,0.012476247,0.013860861,0.011499994
628,0.018333141,0.017516655,0.015051306,0.015027819,0.013560227,0.008000652,0.0070415,0.006506855,0.007068674,0.017451519,0.00858311,0.008040145,0.007550803,0.005976284,0.006347496,0.005980806,0.006347496,0.008521892,0.005084319,0.016201535,0.013955829,0.007878183,0.018052212,0.014150753,0.018905381,0.013459553,0.015048206,0.004572256,0.009539433,0.013459553,0.004840901,0.005370703,0.003897649,0.003897649,0.005082753,0.005951789,0.005537252,0.004659949,0.004853323,0.004812815,0.00472892,0.0058647,0.00647011,0.005867344,0.011184377,0.008135201,0.009397995,0.006546657,0.008115612,0.012443601,0.013846562,0.011459216
629,0.01834298,0.017524125,0.015053348,0.01502562,0.013561941,0.008000941,0.007037832,0.006503998,0.007059647,0.017418402,0.008582379,0.008038052,0.007551773,0.005976965,0.006346715,0.005977187,0.006346715,0.008514585,0.005136696,0.016213077,0.013956592,0.00788514,0.018070164,0.014169635,0.018914432,0.013457565,0.015045638,0.00456639,0.009509357,0.013457565,0.004831769,0.005359959,0.003895902,0.003895902,0.005059472,0.005927124,0.005512379,0.004651766,0.004844655,0.004803258,0.004712013,0.0058491,0.006437826,0.005850956,0.011173626,0.008111849,0.009389064,0.006534525,0.008101228,0.012443385,0.013848249,0.01144594
630,0.018351671,0.017532991,0.015056162,0.015027758,0.013566505,0.00800147,0.007034769,0.006502931,0.007055318,0.017383862,0.008584836,0.008038437,0.007550899,0.005974155,0.006344653,0.005973441,0.006344653,0.008508909,0.005175854,0.016229227,0.01395359,0.007881273,0.018061559,0.014169804,0.018907565,0.013462808,0.015036021,0.004560974,0.00946854,0.013462808,0.004818813,0.005353976,0.003894075,0.003894075,0.005049813,0.005911003,0.005501635,0.004652652,0.004840908,0.00480172,0.004706128,0.005845774,0.006431882,0.005845291,0.011174837,0.008101105,0.009387327,0.006530134,0.008097459,0.012450222,0.013852896,0.011444031
631,0.018355877,0.017544604,0.015065262,0.015031075,0.013571444,0.008000753,0.007035506,0.006505144,0.007049678,0.017354062,0.008585761,0.008038316,0.007549192,0.005971053,0.00634331,0.005971051,0.00634331,0.008502947,0.005205004,0.016246739,0.013953092,0.007869933,0.018048361,0.014155415,0.018883362,0.013464896,0.015026423,0.004555639,0.009434461,0.013464896,0.004783689,0.005337912,0.003887389,0.003887389,0.005024592,0.005868255,0.005470665,0.004654025,0.004835055,0.004796917,0.00469396,0.005837621,0.006415327,0.005833492,0.011178973,0.008079913,0.009389784,0.006523862,0.008095716,0.012466137,0.013872322,0.011453666
632,0.018360031,0.017557182,0.015076328,0.015035029,0.013575835,0.008000082,0.007037727,0.006508616,0.007044399,0.017324106,0.008587115,0.008038486,0.007547832,0.005968147,0.006342761,0.005969394,0.006342761,0.008496814,0.005228955,0.016264617,0.013953059,0.007857186,0.018034012,0.01413707,0.018854014,0.013467425,0.015017427,0.004550752,0.00940163,0.013467425,0.004751088,0.005323554,0.00387974,0.00387974,0.004998744,0.005826567,0.005441303,0.004661367,0.004837103,0.004793576,0.004687952,0.005832152,0.006403676,0.005827995,0.011193739,0.008063559,0.009401394,0.00652318,0.008102005,0.012488676,0.013897704,0.011465289
633,0.018372822,0.017569754,0.015086027,0.015040243,0.013576377,0.008002158,0.007040793,0.006512693,0.007043779,0.017283827,0.008593947,0.008041307,0.007550089,0.005966929,0.006345276,0.005969184,0.006345276,0.008490274,0.005243366,0.016281854,0.013950683,0.007851344,0.018022283,0.014125289,0.018830025,0.013478739,0.0150118,0.00454824,0.00936245,0.013478739,0.004740656,0.005319278,0.00387695,0.00387695,0.004988459,0.005811507,0.005432166,0.004668222,0.004841255,0.0047935,0.004688228,0.005831509,0.006402635,0.005828632,0.01120558,0.008057654,0.009408809,0.006524377,0.008106269,0.012502138,0.013908308,0.011465369
634,0.018385219,0.017580548,0.015092606,0.015044033,0.013581621,0.008006919,0.007044583,0.006517774,0.007040024,0.017261899,0.008602342,0.00804517,0.007553629,0.005965103,0.006347982,0.005970062,0.006347982,0.008483634,0.005252585,0.01630424,0.013953295,0.00785304,0.018016146,0.014118479,0.018797267,0.013491932,0.015007064,0.004547128,0.009328741,0.013491932,0.00471808,0.005311958,0.003871845,0.003871845,0.004969318,0.005781666,0.005412934,0.004677867,0.004844806,0.004794265,0.004689213,0.005835002,0.006399842,0.005830581,0.011227838,0.008051237,0.009428637,0.00652915,0.008121279,0.012529849,0.013932131,0.011482481
635,0.018397308,0.017589945,0.015096732,0.015046702,0.013590559,0.00801379,0.00704894,0.006523643,0.007033804,0.017254388,0.008611967,0.008049851,0.007558178,0.005962798,0.006350838,0.005971796,0.006350838,0.008476915,0.005257724,0.016330673,0.013959828,0.007860657,0.018014403,0.014115575,0.018757619,0.013506604,0.015003028,0.004547116,0.009299331,0.013506604,0.004705936,0.005308915,0.00386953,0.00386953,0.004960462,0.005766885,0.005402838,0.004680657,0.004844205,0.004795106,0.004689922,0.005839138,0.00639809,0.005831893,0.011238256,0.008050726,0.009441051,0.006532725,0.008132025,0.012544099,0.013945349,0.011499513
636,0.018417566,0.017600349,0.015103493,0.01505173,0.013599041,0.008024322,0.0070591,0.006532845,0.007035949,0.017255094,0.008622818,0.00805899,0.007564555,0.005961187,0.00635973,0.00597636,0.00635973,0.008473464,0.005251835,0.016364871,0.013978609,0.007864876,0.018016549,0.0141116,0.018740741,0.013511891,0.015002348,0.004547467,0.009288792,0.013511891,0.004683829,0.005309564,0.003866164,0.003866164,0.004938996,0.005733279,0.005381518,0.004693132,0.004853251,0.004800934,0.004698372,0.005851408,0.00639392,0.005840015,0.011275805,0.00805241,0.009474928,0.006539693,0.008156926,0.01258775,0.01399339,0.011544893
637,0.018433041,0.017612544,0.01511245,0.015060581,0.013607124,0.008036273,0.007069115,0.006542345,0.007038684,0.017258689,0.008635154,0.008068794,0.00757173,0.005960164,0.006369773,0.00598143,0.006369773,0.008471755,0.005243237,0.016399346,0.014002427,0.007864636,0.018020553,0.014111307,0.018727467,0.013522199,0.015005582,0.004549147,0.009275765,0.013522199,0.004667652,0.005315342,0.003863266,0.003863266,0.004919832,0.005704506,0.005361898,0.004710988,0.004869442,0.004807111,0.004711358,0.005866914,0.006396912,0.005853764,0.011325547,0.008056597,0.009516775,0.006551428,0.008191182,0.012641311,0.014053075,0.011600756
638,0.0184403,0.017627607,0.015124855,0.015075549,0.01361458,0.008050355,0.007078602,0.006552163,0.007041958,0.017266584,0.008649848,0.008079458,0.007580112,0.005960065,0.006381389,0.005987181,0.006381389,0.008472721,0.005230777,0.016433881,0.014033843,0.007857294,0.018027392,0.014117075,0.018718923,0.013541176,0.015015034,0.004552978,0.009257725,0.013541176,0.004661438,0.005317429,0.003861421,0.003861421,0.004913278,0.005694558,0.005353503,0.00471916,0.004875985,0.004808301,0.004716604,0.005874287,0.006402322,0.005860702,0.011348158,0.008058589,0.009537158,0.006559769,0.008211285,0.012665471,0.014077939,0.011628271
639,0.018456541,0.017633184,0.015126476,0.015082098,0.013620407,0.00806016,0.007092125,0.006565588,0.007046648,0.017318118,0.008666138,0.008093997,0.007592185,0.00596353,0.006391769,0.005995319,0.006391769,0.008470949,0.005218148,0.016483317,0.014080784,0.007865094,0.018046026,0.014127571,0.018727906,0.013556601,0.015022946,0.004557657,0.009274226,0.013556601,0.00464831,0.005320836,0.003857929,0.003857929,0.004895686,0.005668361,0.005335685,0.004744231,0.004886661,0.004815904,0.004725562,0.005900598,0.006410775,0.005883633,0.011405648,0.008069118,0.009590317,0.006578686,0.008261363,0.012725603,0.014137359,0.011685945
640,0.018471666,0.017636566,0.015125859,0.015085856,0.013626849,0.008071438,0.007106661,0.006580381,0.007052482,0.017384198,0.008683012,0.008109873,0.007605595,0.005966965,0.006402638,0.006004177,0.006402638,0.008470145,0.005205356,0.016531948,0.014134802,0.007877593,0.018068749,0.014139548,0.01875371,0.013571886,0.015032797,0.004562762,0.009306476,0.013571886,0.004636261,0.005324303,0.003855194,0.003855194,0.004877037,0.005642446,0.005320033,0.004770558,0.004894952,0.004824343,0.004732686,0.005929152,0.006415001,0.005908625,0.011461953,0.008079014,0.009642574,0.006596322,0.008310399,0.012784969,0.014196693,0.01174245
641,0.018474146,0.017640614,0.015126967,0.015087027,0.013637138,0.008092275,0.007121214,0.00659693,0.007061286,0.017463954,0.008700586,0.008127141,0.007620569,0.005966938,0.00641651,0.006013499,0.00641651,0.008475554,0.005192106,0.016563539,0.014200845,0.007893521,0.018095765,0.014152646,0.0188263,0.013589988,0.015051394,0.004568671,0.009365486,0.013589988,0.004631127,0.005326451,0.003854104,0.003854104,0.004869428,0.005632778,0.005313806,0.004779985,0.004899111,0.00482637,0.004736098,0.005938767,0.006416183,0.005917625,0.01148338,0.008080373,0.009662054,0.006603383,0.008329459,0.012808363,0.014221471,0.011768796
642,0.018486022,0.017646137,0.015131926,0.015088962,0.01364391,0.008112825,0.00713531,0.006611977,0.007071232,0.017527682,0.008718298,0.008145538,0.007632186,0.005966663,0.006431558,0.006022874,0.006431558,0.0084761,0.005168864,0.016596298,0.014260852,0.007908254,0.018122697,0.01416613,0.018883818,0.013610243,0.015063929,0.004572855,0.009406226,0.013610243,0.00462277,0.005329677,0.003849404,0.003849404,0.00485028,0.005610865,0.005294434,0.004808335,0.004909503,0.004835228,0.00474333,0.005961409,0.006416554,0.005942376,0.011539994,0.008088994,0.009709362,0.006618294,0.008376631,0.012864206,0.014286848,0.01182261
643,0.018502641,0.017652017,0.01513869,0.0150911,0.013648311,0.008133156,0.007149231,0.006626132,0.007081629,0.017582308,0.008736054,0.008164398,0.007641895,0.005966303,0.006447111,0.006032226,0.006447111,0.00847374,0.005139361,0.016630009,0.01431744,0.007921947,0.01814972,0.014180291,0.018931689,0.013631521,0.015073172,0.004576006,0.009436164,0.013631521,0.004615,0.005333687,0.003843843,0.003843843,0.004829623,0.005587448,0.005272174,0.004835776,0.004921093,0.004843652,0.004752014,0.005986748,0.006409393,0.005964338,0.011586762,0.008097046,0.009752048,0.006629818,0.0084205,0.012900309,0.014345734,0.011863566
644,0.018494876,0.01764476,0.015132076,0.01508686,0.01364754,0.008152455,0.007165694,0.006641007,0.007086073,0.01765425,0.008752826,0.008177721,0.007655234,0.00596753,0.006457461,0.00604023,0.006457461,0.008473163,0.005106565,0.01666939,0.014380762,0.007928211,0.018180195,0.014205,0.018969769,0.01364571,0.015092568,0.00457975,0.009475625,0.01364571,0.004610454,0.005336621,0.003841893,0.003841893,0.004820504,0.005576276,0.005263059,0.004844293,0.004926449,0.004845244,0.004756878,0.00599906,0.006403044,0.005970549,0.011598344,0.008097835,0.009766906,0.006633493,0.008436259,0.012903963,0.014364021,0.011877054
645,0.01848568,0.01763844,0.015124611,0.015081088,0.013642997,0.008170826,0.007179222,0.006655179,0.007091225,0.017745938,0.008768255,0.008191544,0.007667318,0.005968924,0.00646787,0.006047477,0.00646787,0.008470359,0.005076179,0.016706988,0.014447951,0.007940896,0.018225094,0.01423884,0.019010766,0.01365801,0.015117784,0.004583886,0.009533867,0.01365801,0.004606433,0.005340785,0.003837437,0.003837437,0.004801452,0.005559435,0.005243907,0.004864837,0.004933402,0.004848368,0.004762333,0.006019799,0.006382114,0.005982344,0.011608291,0.008094313,0.009790523,0.006637304,0.008457466,0.012900504,0.014393473,0.011877672
646,0.018474805,0.017633221,0.01511615,0.015073518,0.013634025,0.008188108,0.007189306,0.006668526,0.007097208,0.017860809,0.008782107,0.008205954,0.007677928,0.005970513,0.006478349,0.006053832,0.006478349,0.008464942,0.00504862,0.016742493,0.014519681,0.007961118,0.018286924,0.014283398,0.019055187,0.013668091,0.015149834,0.00458848,0.009614155,0.013668091,0.004606958,0.005342016,0.003834931,0.003834931,0.004791519,0.005553766,0.005233869,0.004876863,0.004935,0.004849902,0.004762924,0.006028227,0.006367534,0.005987929,0.011606657,0.008090002,0.009799282,0.00663744,0.008462915,0.012893391,0.014404638,0.011864801
647,0.018467179,0.017619717,0.015098796,0.01505457,0.013621696,0.008208078,0.007201225,0.006680085,0.00710234,0.017998904,0.0087928,0.008216189,0.00768936,0.005971943,0.006487864,0.006058169,0.006487864,0.00846192,0.005032678,0.016759578,0.014587206,0.007996724,0.018384919,0.014360658,0.019102356,0.013669821,0.01520168,0.004592464,0.009718135,0.013669821,0.004608878,0.005336225,0.003829256,0.003829256,0.004763347,0.005536275,0.005205378,0.004900743,0.004940789,0.004853738,0.004764969,0.0060402,0.006326644,0.005994322,0.011606679,0.008080867,0.00981324,0.00662912,0.008467995,0.012890799,0.01442448,0.011845244
648,0.018456829,0.017601903,0.015078943,0.015032003,0.01360716,0.008227023,0.007210131,0.006690014,0.007105975,0.018132282,0.008800697,0.008224099,0.007698671,0.005972203,0.006494938,0.006061062,0.006494938,0.008456983,0.005012568,0.016772577,0.014648284,0.008029303,0.018472189,0.014428666,0.019142044,0.013670174,0.015244947,0.004595131,0.009817546,0.013670174,0.00459659,0.005312833,0.003820078,0.003820078,0.004729941,0.005501359,0.005168992,0.004915636,0.004941452,0.004854261,0.004761342,0.00604413,0.006295477,0.005993154,0.011611843,0.008056509,0.009807332,0.006607108,0.008459015,0.012908489,0.014436628,0.011849631
649,0.018438621,0.017576568,0.015056222,0.015004734,0.013588451,0.008242476,0.007210994,0.006696608,0.007106254,0.018245615,0.008802906,0.008227844,0.007702493,0.005969657,0.00649639,0.006061155,0.00649639,0.008446483,0.004978007,0.01678231,0.014695112,0.008048845,0.018519967,0.01446206,0.019162417,0.013670208,0.01525997,0.004594796,0.009897105,0.013670208,0.004582907,0.005296461,0.003814069,0.003814069,0.004714773,0.005478264,0.005151058,0.004918675,0.004937924,0.00485248,0.00475626,0.006044514,0.006290619,0.005991177,0.011615349,0.008036976,0.009796225,0.006593553,0.008450404,0.012921658,0.014440099,0.011860704
650,0.01841069,0.017548689,0.015032488,0.014972325,0.013561864,0.008242721,0.007208618,0.006695228,0.007105072,0.018294326,0.008797983,0.008223561,0.007696554,0.005958147,0.006491171,0.006053208,0.006491171,0.008436527,0.004930576,0.016758858,0.014716514,0.008034863,0.0184989,0.014445813,0.019163307,0.013671989,0.015237023,0.004586079,0.009921485,0.013671989,0.004532678,0.005247001,0.003792638,0.003792638,0.004671215,0.005412719,0.005098794,0.004916381,0.004922523,0.00484614,0.004728811,0.006034032,0.006264702,0.005966382,0.011578518,0.007990764,0.00975075,0.00655163,0.00840363,0.012904879,0.01441259,0.011821805
651,0.018375588,0.017516495,0.015005196,0.014935249,0.01352874,0.008235165,0.007202817,0.006688874,0.007100495,0.018318215,0.008787604,0.008213302,0.007684851,0.005942826,0.006481194,0.00604084,0.006481194,0.008423688,0.004877257,0.016723052,0.014725062,0.008007022,0.018450781,0.014410155,0.019152602,0.013670822,0.015197142,0.004572924,0.009924569,0.013670822,0.004463364,0.005178162,0.003764431,0.003764431,0.004615528,0.005331189,0.005031855,0.004904212,0.004896679,0.004833785,0.004687671,0.006000257,0.006223617,0.005920947,0.011507703,0.007932112,0.009669274,0.006493897,0.008329247,0.012846713,0.014349158,0.011742217
652,0.018319075,0.017462383,0.014956868,0.014880982,0.013473394,0.008216975,0.007182939,0.006671032,0.007077177,0.018352627,0.008760206,0.008184978,0.007661247,0.005926506,0.006457615,0.006020856,0.006457615,0.008390069,0.004819706,0.016695283,0.014717088,0.007978061,0.018409811,0.014380292,0.019117564,0.013645158,0.01514772,0.004552982,0.00993595,0.013645158,0.004430595,0.005142412,0.003751646,0.003751646,0.004588231,0.00529211,0.004999246,0.004897375,0.004882708,0.00482599,0.004668897,0.005977347,0.006203591,0.005898331,0.011477225,0.007900138,0.009622164,0.006464533,0.008293028,0.012818495,0.014316707,0.011712603
653,0.018249233,0.01739561,0.014892811,0.014811248,0.013405208,0.008184443,0.007153765,0.0066443,0.007046016,0.018385998,0.008720383,0.008145885,0.007627361,0.005903058,0.006423363,0.005989917,0.006423363,0.008347336,0.004762759,0.016657515,0.014697398,0.007927638,0.018330784,0.014325303,0.01906702,0.013618156,0.015076613,0.004526544,0.009936278,0.013618156,0.004358893,0.005061597,0.003720276,0.003720276,0.004527962,0.005205955,0.004924655,0.004878322,0.004854085,0.004804075,0.004620255,0.005922804,0.0061561,0.005843602,0.011398212,0.007834265,0.009521266,0.006401148,0.008205689,0.012738046,0.014234915,0.011609849
654,0.018168486,0.017318477,0.014815884,0.014728859,0.013326515,0.008140178,0.007116985,0.006610294,0.007008437,0.018418519,0.008670394,0.00809798,0.007585062,0.005873778,0.006380379,0.005950015,0.006380379,0.008297147,0.004706306,0.016611566,0.014668124,0.007859656,0.01822062,0.014249756,0.01900379,0.013590059,0.014987764,0.004494793,0.009927563,0.013590059,0.00431996,0.005016532,0.00370169,0.00370169,0.00449499,0.00515888,0.004882672,0.004866106,0.004839432,0.004789956,0.004590387,0.00589117,0.006128636,0.005811489,0.011349678,0.007800364,0.009467477,0.006367127,0.00815457,0.012685814,0.014185574,0.01153671
655,0.018070156,0.017201966,0.014705488,0.014612202,0.01321602,0.008080202,0.007059564,0.006561208,0.006949733,0.0186541,0.008595673,0.008030559,0.007532714,0.005836166,0.006319599,0.005897925,0.006319599,0.008218089,0.004682584,0.016580382,0.014655453,0.007805034,0.018129562,0.014196225,0.018909612,0.013521512,0.014883054,0.004460205,0.01002142,0.013521512,0.00420436,0.004885864,0.003647517,0.003647517,0.004399779,0.005021793,0.004765931,0.004830631,0.004786114,0.004748332,0.004488879,0.005794957,0.006045719,0.005718308,0.011166841,0.007685721,0.009280523,0.006255011,0.007982462,0.012505019,0.013998739,0.011339853
656,0.017946022,0.017084569,0.014599066,0.014485601,0.013096962,0.008019215,0.006995245,0.006504277,0.006894586,0.018831877,0.008508975,0.007954668,0.007468639,0.005791872,0.006249852,0.005836977,0.006249852,0.008138989,0.00465956,0.0164716,0.014610604,0.007726978,0.018006483,0.014127799,0.018834512,0.013432229,0.014759437,0.004417211,0.010116835,0.013432229,0.004065766,0.004735814,0.003589794,0.003589794,0.004291375,0.004864039,0.004638349,0.004771474,0.004704298,0.004697631,0.004360941,0.005657672,0.005931675,0.005590574,0.01093627,0.007525011,0.009042516,0.006106803,0.00776262,0.012276582,0.013754263,0.011114461
657,0.017782378,0.016967692,0.014500477,0.014345106,0.012966052,0.007957408,0.006921134,0.006435805,0.006846026,0.018909423,0.00840474,0.007866473,0.007386709,0.005737529,0.006166941,0.005762762,0.006166941,0.008061217,0.004636045,0.016240732,0.014514623,0.007611621,0.017832394,0.014035009,0.018790751,0.01331247,0.014607016,0.004361204,0.010209725,0.01331247,0.004003838,0.004671367,0.003567659,0.003567659,0.00424521,0.004796295,0.004585527,0.004735576,0.004661147,0.004674435,0.004304644,0.005584967,0.005873083,0.005523908,0.010840003,0.007445044,0.008937674,0.006036692,0.007663765,0.012176708,0.013647282,0.011012787
658,0.017614918,0.016827709,0.014376741,0.014192098,0.012816846,0.007873761,0.006824072,0.006348816,0.006768979,0.018719934,0.008286204,0.007754365,0.007285566,0.00567833,0.006064225,0.005666481,0.006064225,0.007960526,0.004552751,0.016070594,0.014350111,0.007482642,0.01760683,0.013888827,0.018708943,0.013231975,0.014427651,0.004287293,0.010077253,0.013231975,0.003854152,0.004521845,0.003502035,0.003502035,0.004130009,0.0046313,0.004458693,0.004637389,0.004547969,0.004601497,0.004171351,0.005407648,0.005739129,0.005353066,0.010595244,0.007247271,0.008663547,0.005863003,0.007417481,0.011922294,0.013381955,0.010748014
659,0.017450037,0.016683018,0.014246773,0.014037181,0.01266361,0.007782293,0.006724271,0.006257741,0.006685205,0.018492497,0.008164359,0.007637513,0.007180683,0.005618944,0.005958664,0.005567909,0.005958664,0.007855787,0.004458679,0.015916096,0.014171376,0.007350882,0.017364997,0.013730745,0.018603999,0.013151814,0.014237367,0.004210109,0.009902747,0.013151814,0.003711566,0.00438413,0.003433184,0.003433184,0.004020189,0.004475682,0.004341876,0.00454018,0.0044352,0.004512894,0.004049833,0.005233015,0.005616592,0.005186356,0.010354297,0.00705164,0.008389057,0.005692572,0.007171002,0.011665255,0.013121563,0.010486925
660,0.017296787,0.016540712,0.014115694,0.0138857,0.01251125,0.007681792,0.006633322,0.006167532,0.006601284,0.018347718,0.00804267,0.007523556,0.007078373,0.005562742,0.005859135,0.005478993,0.005859135,0.007755492,0.004375465,0.015766268,0.013998838,0.007220514,0.017109122,0.01357475,0.01845148,0.013041939,0.014031681,0.004136031,0.009764489,0.013041939,0.003656738,0.004331491,0.003407821,0.003407821,0.003979405,0.004417317,0.004299071,0.004505259,0.004392459,0.004474034,0.00400531,0.005162995,0.005569418,0.005123821,0.010261841,0.006973816,0.008283852,0.005625718,0.007071954,0.011562757,0.013019516,0.010388935
661,0.017148145,0.016406179,0.013989989,0.013743092,0.012370842,0.007584238,0.006545156,0.006088095,0.006521482,0.018217367,0.007927637,0.007416065,0.006983542,0.005510081,0.00576476,0.005395822,0.00576476,0.007657221,0.004302441,0.015620005,0.013835466,0.007093175,0.016875483,0.013426521,0.018312328,0.012934111,0.013846485,0.004070475,0.009666301,0.012934111,0.003538167,0.004212893,0.003350702,0.003350702,0.003888186,0.004284485,0.004201432,0.00442138,0.004292967,0.004384872,0.003896618,0.004999581,0.005451463,0.004972064,0.010034926,0.006775564,0.00802331,0.005468336,0.006839424,0.011317162,0.012753692,0.010149023
662,0.017002915,0.016275496,0.013867235,0.013605962,0.012237493,0.007488969,0.006459284,0.006014739,0.006444352,0.018100259,0.007816932,0.007312642,0.006892758,0.005459679,0.005673591,0.005316393,0.005673591,0.007560794,0.004236415,0.015476198,0.01367882,0.006969284,0.016654771,0.013284298,0.018180203,0.01282801,0.013673367,0.004009751,0.009591147,0.01282801,0.003434148,0.00410858,0.003303431,0.003303431,0.003808579,0.004165986,0.004113814,0.004339145,0.004200087,0.004302827,0.003799683,0.004845502,0.005337651,0.004826647,0.009813263,0.006582837,0.007775013,0.005319798,0.006623365,0.011074509,0.012499232,0.009913738
663,0.016869637,0.016143031,0.013746583,0.013479241,0.012114506,0.007402533,0.006383308,0.005947489,0.006373556,0.018049959,0.007716572,0.007217701,0.006804204,0.005414284,0.005588758,0.005245966,0.005588758,0.007473591,0.004190511,0.015339511,0.013545218,0.006867094,0.016450985,0.013165119,0.018049688,0.012729641,0.013517766,0.003954088,0.00954351,0.012729641,0.003393872,0.004070226,0.003287917,0.003287917,0.003779408,0.004121954,0.004081031,0.004305867,0.004163958,0.004271084,0.003766917,0.004784816,0.005294621,0.004770452,0.00972606,0.006510537,0.007682051,0.005261789,0.006540787,0.010974954,0.012408549,0.009820374
664,0.016737497,0.016020521,0.013634091,0.013356708,0.01199355,0.007320607,0.006311361,0.005883567,0.006308047,0.01799408,0.007618814,0.007124687,0.006720228,0.005371741,0.005507459,0.00517893,0.005507459,0.007392814,0.004151769,0.015199534,0.013412926,0.006767808,0.01625834,0.013055221,0.017942457,0.012637253,0.013376903,0.003903045,0.009499261,0.012637253,0.003325025,0.003999028,0.003258057,0.003258057,0.003725602,0.004041164,0.004024365,0.004244225,0.004096102,0.004213719,0.003712356,0.004673164,0.005215058,0.004665441,0.009566896,0.006372821,0.007503884,0.005150042,0.006384218,0.010786132,0.012222992,0.009641471
665,0.016606449,0.015907576,0.013529437,0.013238199,0.011874545,0.007243014,0.006243286,0.005822842,0.006247618,0.017932841,0.007523555,0.007033522,0.006640649,0.005331939,0.005429557,0.005115152,0.005429557,0.007318212,0.004119907,0.015056396,0.013281893,0.006671314,0.016076398,0.01295424,0.017857597,0.012550613,0.013250201,0.003856441,0.009458266,0.012550613,0.003296455,0.003966183,0.003243711,0.003243711,0.003700967,0.004004406,0.004000482,0.004215861,0.004064375,0.004188097,0.003690561,0.004622198,0.005178526,0.004616624,0.009494933,0.006307404,0.007418677,0.005096304,0.006310227,0.010696866,0.012128119,0.009555932
666,0.016486463,0.015800973,0.013431631,0.013123109,0.011764646,0.00717416,0.006177792,0.005765253,0.006190783,0.017880935,0.007436132,0.006950959,0.006567613,0.005296269,0.00535827,0.00505721,0.00535827,0.007246572,0.004092685,0.014942414,0.013160173,0.006600214,0.015925041,0.012864725,0.017764405,0.012476332,0.013140167,0.003813855,0.009420544,0.012476332,0.00322736,0.003889404,0.0032135,0.0032135,0.003645475,0.003921507,0.003947302,0.004148932,0.003992818,0.004121619,0.003640734,0.004510101,0.005090869,0.004509763,0.009321058,0.006160626,0.00722642,0.004981229,0.006143894,0.010493574,0.011922785,0.009362018
667,0.016372067,0.015696117,0.013335578,0.01301505,0.011661413,0.007108242,0.006115626,0.005711192,0.006138196,0.017828925,0.007353522,0.006872924,0.006498782,0.005262423,0.005291232,0.005002473,0.005291232,0.007179789,0.004068435,0.01482691,0.013042249,0.006529117,0.015778628,0.012780546,0.017678263,0.012408642,0.013037107,0.003774543,0.009382034,0.012408642,0.003166424,0.003824797,0.003192635,0.003192635,0.003598709,0.00385259,0.00390668,0.004090193,0.003935244,0.00406045,0.003605337,0.004414548,0.00501557,0.004420043,0.009166379,0.006038192,0.007064871,0.004884591,0.00600443,0.010316376,0.011743536,0.009193631
668,0.016266125,0.015593519,0.013241728,0.012919033,0.011568814,0.007046371,0.006059029,0.005662983,0.00609268,0.017775481,0.007278423,0.006801787,0.00643655,0.005231269,0.005230865,0.004952652,0.005230865,0.007121245,0.004048845,0.014704799,0.012929829,0.006454629,0.01563691,0.01270432,0.01760577,0.012351015,0.012944216,0.00374051,0.009341686,0.012351015,0.003146013,0.003804125,0.003187635,0.003187635,0.0035828,0.003829814,0.003895355,0.004070019,0.003917502,0.004040137,0.003597972,0.004380125,0.004991396,0.004388369,0.009113613,0.005997121,0.007010373,0.004849291,0.005957308,0.010253204,0.011674749,0.009133619
669,0.016167825,0.015507807,0.013162738,0.012828553,0.011480564,0.006993637,0.006010314,0.005619282,0.006049724,0.017727197,0.007212498,0.006737996,0.006381821,0.005205686,0.005177499,0.004909736,0.005177499,0.00706893,0.004032608,0.014608765,0.012831128,0.006388104,0.015520335,0.012645481,0.017543077,0.012293379,0.012865948,0.003713381,0.009304376,0.012293379,0.003102984,0.003765042,0.003179669,0.003179669,0.0035515,0.003779132,0.003872845,0.004028231,0.003879333,0.003995009,0.003595036,0.004310952,0.004943143,0.004323829,0.009005889,0.005927343,0.006899268,0.004779647,0.00586589,0.010121825,0.011535877,0.009014949
670,0.01607726,0.015429171,0.01309036,0.012743082,0.011398062,0.006946454,0.005965995,0.005579392,0.006010607,0.017685697,0.007152269,0.006679782,0.006332305,0.005182565,0.005128315,0.004870748,0.005128315,0.007021409,0.00402018,0.014524523,0.012741526,0.006329891,0.015417818,0.012596244,0.017485507,0.012241516,0.012796339,0.00368965,0.009273026,0.012241516,0.00307467,0.003743366,0.00318093,0.00318093,0.003531207,0.003743836,0.003863586,0.004000184,0.003857119,0.003957634,0.003605419,0.004264129,0.004908746,0.004277722,0.008926418,0.00589245,0.006823566,0.004735016,0.005804142,0.010023574,0.011432565,0.008923933
671,0.016008159,0.015360268,0.013027998,0.012670912,0.011332835,0.006911015,0.005930327,0.005549329,0.005983367,0.017664555,0.007104297,0.006635208,0.006294896,0.005163137,0.005087856,0.004839636,0.005087856,0.006985687,0.00401872,0.014458567,0.012672432,0.006294984,0.01534304,0.012565742,0.017437403,0.012211387,0.012744684,0.003671799,0.009261057,0.012211387,0.003068975,0.003740099,0.003185155,0.003185155,0.003526305,0.003736445,0.003865514,0.003993751,0.003855332,0.003945075,0.003611373,0.004252054,0.004898429,0.004264482,0.008901904,0.005886263,0.006804471,0.004724729,0.005786689,0.009993529,0.011399337,0.008891575
672,0.015946874,0.015304583,0.012978317,0.012609167,0.011277154,0.006886112,0.005899082,0.005522771,0.005964139,0.01762839,0.007064695,0.006597009,0.006264923,0.005147671,0.005057618,0.004815776,0.005057618,0.006959017,0.004023331,0.014398557,0.012614953,0.006265104,0.015293146,0.012544857,0.017408159,0.012188501,0.01271395,0.003659049,0.009250033,0.012188501,0.003064265,0.003738802,0.003196526,0.003196526,0.003519865,0.003726878,0.003874,0.003978457,0.003857067,0.003924567,0.003637402,0.004235511,0.004880988,0.004247478,0.008863578,0.005885722,0.006781153,0.004713867,0.005762086,0.009947324,0.011350283,0.00884854
673,0.015891796,0.015256796,0.01293598,0.012554388,0.011228324,0.0068677,0.005871061,0.005498859,0.005950246,0.017584142,0.007030881,0.006563525,0.00624025,0.005134914,0.005033673,0.004796553,0.005033673,0.006938123,0.004031287,0.014344796,0.012565327,0.00623955,0.015258822,0.012530829,0.017389353,0.012170893,0.012696675,0.003649905,0.009238996,0.012170893,0.003070427,0.003747816,0.003214845,0.003214845,0.003521191,0.003729027,0.003892746,0.003969772,0.003870877,0.003914513,0.003676004,0.004235106,0.004876622,0.004249537,0.008848506,0.005914214,0.006786826,0.004719139,0.005764782,0.009930567,0.011335396,0.008831801
674,0.01586077,0.015215135,0.012896458,0.012514244,0.011199165,0.006856796,0.005852833,0.005483901,0.005947353,0.017544785,0.007011422,0.006545036,0.006230398,0.005128516,0.005016973,0.004784745,0.005016973,0.006926309,0.004038333,0.014329605,0.012533229,0.0062339,0.015245394,0.012536027,0.01736827,0.012169253,0.012701854,0.00365055,0.009220728,0.012169253,0.003075602,0.00375486,0.003226017,0.003226017,0.003524056,0.003733353,0.003904933,0.003969949,0.003881167,0.003912408,0.003694532,0.004239168,0.004879381,0.00425536,0.008847248,0.00593706,0.006796724,0.004724985,0.005774629,0.009929971,0.011336336,0.008825739
675,0.015830347,0.015183362,0.01286868,0.012482401,0.011175337,0.006852643,0.005840365,0.00547336,0.005945079,0.01750946,0.006998103,0.006533416,0.006225193,0.005123281,0.005006357,0.004778429,0.005006357,0.006921921,0.00405019,0.014314398,0.012512582,0.00624039,0.015246161,0.012546554,0.017361215,0.012171286,0.012710191,0.003652578,0.009206389,0.012171286,0.003091221,0.003776179,0.003249101,0.003249101,0.003532335,0.003746377,0.003929274,0.003977708,0.003902988,0.00391054,0.003734926,0.004253494,0.004892326,0.004270803,0.008857234,0.005986578,0.006828074,0.004747916,0.005806745,0.009945011,0.011351471,0.008842559
676,0.015800528,0.015161478,0.012852644,0.012458859,0.011156841,0.006855239,0.005833659,0.005467237,0.005943422,0.017478166,0.006990923,0.006528667,0.006224635,0.005119211,0.005001825,0.004777605,0.005001825,0.006924961,0.004066859,0.014299176,0.012503386,0.006259019,0.015261122,0.012562409,0.017368189,0.012176991,0.012721688,0.003655987,0.009195976,0.012176991,0.003101665,0.003790454,0.003261013,0.003261013,0.003537749,0.003755075,0.003941428,0.00398529,0.00391452,0.003910777,0.003756793,0.004263759,0.004902513,0.004280423,0.008868478,0.006013248,0.006849525,0.004764999,0.005829014,0.009960646,0.011365666,0.008865442
677,0.015792674,0.015148543,0.01284418,0.012448564,0.011153047,0.006861705,0.005832909,0.005467218,0.005953543,0.017449833,0.006995705,0.006532556,0.006235053,0.005120612,0.005007994,0.004781636,0.005007994,0.006934127,0.004087558,0.014308764,0.01251155,0.006258653,0.015288359,0.0125883,0.017372102,0.012186648,0.01274578,0.003666765,0.009187035,0.012186648,0.003127563,0.003826571,0.003293663,0.003293663,0.003554972,0.003781095,0.003973809,0.004004912,0.003955116,0.003920863,0.003810304,0.004297413,0.004927213,0.004315872,0.008911492,0.006098055,0.006921483,0.00480803,0.005890383,0.010013186,0.011424654,0.008918577
678,0.015793394,0.015142801,0.012841101,0.012443247,0.011153255,0.006873056,0.005834777,0.005469679,0.005966064,0.017423348,0.007005594,0.006541179,0.006249619,0.005122929,0.005016691,0.004788092,0.005016691,0.006946498,0.004112861,0.014326584,0.012528364,0.006270842,0.01532316,0.012618643,0.017383155,0.012203721,0.012778551,0.003680189,0.009178188,0.012203721,0.003158523,0.003867759,0.0033278,0.0033278,0.003575467,0.003811128,0.004008098,0.004032254,0.004007843,0.003942094,0.003868837,0.004346021,0.004963263,0.004365385,0.008973764,0.006210704,0.007018691,0.00486621,0.005970067,0.010089633,0.011505025,0.008978847
679,0.015806416,0.015148652,0.01284658,0.012445007,0.011158613,0.006892574,0.005840502,0.005475731,0.005981273,0.017399753,0.007022958,0.00655706,0.006270088,0.00512614,0.005028447,0.004798212,0.005028447,0.006963751,0.004145808,0.014355718,0.012558233,0.006307892,0.015369765,0.012655558,0.017407311,0.012233451,0.012825065,0.00369733,0.009169312,0.012233451,0.003174029,0.003887104,0.0033412,0.0033412,0.003584155,0.003823839,0.004022161,0.004047557,0.004031505,0.003953476,0.003895726,0.00437124,0.0049848,0.004389069,0.009004267,0.006265217,0.007065394,0.004898443,0.006010652,0.010129176,0.011540602,0.009008863
680,0.015828721,0.015170805,0.012866192,0.012455557,0.011181872,0.006918248,0.005852247,0.005488998,0.006004772,0.017380943,0.007046543,0.00658102,0.006297595,0.005134754,0.005047224,0.004816342,0.005047224,0.006987357,0.004179549,0.014393994,0.01259935,0.006343443,0.015439271,0.012703672,0.017428279,0.012268524,0.012879292,0.003716609,0.009170983,0.012268524,0.003207431,0.003935815,0.003372671,0.003372671,0.003605804,0.003856823,0.004055725,0.00409417,0.004099918,0.00398458,0.003967922,0.004439357,0.005039025,0.004458867,0.009100921,0.006407151,0.007198997,0.004984313,0.006123532,0.010246427,0.011663101,0.009106281
681,0.015858234,0.015199757,0.012893129,0.012473045,0.011211973,0.006947891,0.00586818,0.005505989,0.006030837,0.017365694,0.007074603,0.006609745,0.006329814,0.005145832,0.005070758,0.004837644,0.005070758,0.007015058,0.004214244,0.014440055,0.012648708,0.006381465,0.015518689,0.012755965,0.017455053,0.01230571,0.012937725,0.003737298,0.00917604,0.01230571,0.003238895,0.003988034,0.003401818,0.003401818,0.003626367,0.003890232,0.004090032,0.004149179,0.004177403,0.004023666,0.00404876,0.004521406,0.005101928,0.004542716,0.009221753,0.006571393,0.007362543,0.005087285,0.006259171,0.010389725,0.01182072,0.009228889
682,0.015903622,0.015236957,0.012932011,0.012505943,0.011249044,0.006985342,0.005892772,0.005529025,0.006058114,0.01735811,0.007112115,0.006647232,0.006371541,0.005160354,0.00510397,0.004862432,0.00510397,0.007050815,0.004251419,0.014504047,0.012715647,0.006429092,0.015610903,0.012812283,0.017504097,0.012345218,0.013003371,0.003760811,0.009183045,0.012345218,0.003252465,0.004010887,0.003412894,0.003412894,0.003633969,0.003903368,0.004104838,0.004172877,0.004210137,0.004043029,0.004084289,0.004560558,0.005132143,0.004580451,0.009276433,0.006648214,0.00743919,0.00513662,0.006322517,0.010455316,0.011891418,0.009284096
683,0.015960538,0.015292385,0.012982756,0.012549857,0.011296931,0.007026553,0.00592382,0.005557352,0.006089499,0.017383909,0.007158999,0.006694217,0.006423033,0.005176661,0.005144498,0.004893861,0.005144498,0.007093057,0.004291282,0.014581869,0.012797017,0.006492795,0.015731782,0.012876704,0.017554259,0.012392338,0.013074415,0.003788609,0.009204988,0.012392338,0.003281547,0.004073365,0.003441505,0.003441505,0.003654642,0.003937603,0.004138477,0.004241047,0.00430739,0.004089571,0.00419932,0.004671953,0.005215276,0.004690024,0.009438714,0.006866121,0.007658285,0.005276006,0.0065014,0.010642738,0.012092007,0.009452938
684,0.016026575,0.015358623,0.013040385,0.012600617,0.011350917,0.007070474,0.005958505,0.005589071,0.006123531,0.017431984,0.007211565,0.006746925,0.006480432,0.0051943,0.005189355,0.004928947,0.005189355,0.007139049,0.00433507,0.014668962,0.012889654,0.00656549,0.015867882,0.012946762,0.017605861,0.012444835,0.013150714,0.003819055,0.009236355,0.012444835,0.003330105,0.004161965,0.00346995,0.00346995,0.003678264,0.003985383,0.004180215,0.004330133,0.004424959,0.004145281,0.004347308,0.004805481,0.00531152,0.004823651,0.00963181,0.007133889,0.007926918,0.005453368,0.006721106,0.010849631,0.012320659,0.009650118
685,0.016121266,0.015437639,0.013104962,0.012661916,0.011409643,0.007121344,0.005995993,0.005626803,0.006162347,0.017525773,0.007271804,0.006807099,0.006545708,0.005215634,0.005239252,0.004966171,0.005239252,0.007188717,0.004401716,0.014775363,0.013016784,0.006644586,0.016008068,0.013029987,0.01766524,0.012510437,0.01324927,0.003853477,0.009283278,0.012510437,0.003363149,0.004210941,0.003480858,0.003480858,0.003688816,0.004012065,0.00420312,0.004374748,0.004478008,0.004173812,0.004415794,0.004866767,0.005354846,0.004885439,0.009717304,0.007260571,0.008053101,0.005540679,0.006825275,0.010934693,0.012419419,0.009733663
686,0.016223302,0.015514883,0.013164884,0.012729895,0.011470771,0.007178991,0.006040502,0.005670854,0.00620368,0.017786463,0.007338195,0.006875714,0.0066264,0.005247823,0.00529978,0.005013124,0.00529978,0.007242073,0.004500509,0.014912782,0.013192025,0.006750419,0.016226643,0.013166199,0.017734108,0.012579948,0.013378152,0.003898533,0.009420633,0.012579948,0.00345059,0.004304827,0.003517015,0.003517015,0.003714634,0.004085441,0.004250384,0.004465187,0.004597101,0.004235838,0.004545882,0.005004853,0.005438014,0.005022706,0.009884459,0.007529196,0.008309013,0.005708634,0.007036936,0.011110625,0.012622981,0.009896288
687,0.016331853,0.015590555,0.013220678,0.012803797,0.01153403,0.007242648,0.006091237,0.00572051,0.006247245,0.01819516,0.007410042,0.006951814,0.006720764,0.00528964,0.005369735,0.005068705,0.005369735,0.007298698,0.00462781,0.015077706,0.01340993,0.006879963,0.01651473,0.013349401,0.017811391,0.012652926,0.013533926,0.003953019,0.009638182,0.012652926,0.003504988,0.004349739,0.003542262,0.003542262,0.003729901,0.004132135,0.004274744,0.004511011,0.004663144,0.004269333,0.004607484,0.005081653,0.005477855,0.005098184,0.009966119,0.007671139,0.008438742,0.005789278,0.007144428,0.011201495,0.012727782,0.009975367
688,0.016449033,0.015714525,0.013336014,0.012890344,0.011626532,0.007347365,0.006140253,0.005764364,0.006307198,0.018293331,0.007481948,0.007029117,0.006803326,0.005320119,0.00543471,0.005115564,0.00543471,0.00737616,0.004739051,0.015081176,0.013561758,0.007016918,0.016799875,0.01352409,0.018038325,0.012716882,0.013674723,0.003993421,0.009793327,0.012716882,0.003587157,0.004410271,0.003580182,0.003580182,0.003750786,0.004197716,0.004295399,0.004599993,0.00479451,0.004364358,0.00475388,0.005242389,0.005567247,0.005257692,0.010172789,0.00798764,0.008733393,0.005973591,0.007397579,0.011437914,0.012971704,0.010181503
689,0.016552204,0.015824676,0.013435749,0.012966565,0.011705827,0.007429114,0.006180609,0.005799972,0.006357206,0.018324968,0.00754217,0.007095232,0.00687548,0.005343269,0.005489473,0.00514956,0.005489473,0.007440951,0.004816556,0.015127862,0.013683362,0.007116827,0.017012995,0.013645983,0.018200825,0.012780156,0.013777011,0.00401906,0.009865225,0.012780156,0.003607752,0.004424152,0.003583308,0.003583308,0.003747849,0.004203636,0.004277465,0.00466613,0.004893178,0.004452604,0.004896433,0.005383344,0.005652293,0.005391857,0.01037165,0.008279264,0.009006963,0.006140338,0.007638842,0.011671478,0.013200169,0.010396511
690,0.016633961,0.015911859,0.013509322,0.013026714,0.011763955,0.007474505,0.006208052,0.005823477,0.006391537,0.01827121,0.007584864,0.007144509,0.006932571,0.005355953,0.00552915,0.005164668,0.00552915,0.007485767,0.004844204,0.015246864,0.013762695,0.007160824,0.017118215,0.013689075,0.018259733,0.012842822,0.013822231,0.004023208,0.009815147,0.012842822,0.003600576,0.004422412,0.003573759,0.003573759,0.003739294,0.004190668,0.004263234,0.004689108,0.004926523,0.00447932,0.004954194,0.005440364,0.005687787,0.005441993,0.010445501,0.008396328,0.00911561,0.006203415,0.007734446,0.011759493,0.013289513,0.010484463
691,0.016701118,0.015983501,0.01357653,0.013068028,0.011798822,0.007506927,0.006218313,0.005836272,0.006411161,0.018195758,0.007609314,0.007180663,0.006975117,0.005364709,0.005555912,0.005176184,0.005555912,0.007517527,0.004857971,0.015335948,0.013820071,0.007189416,0.01718033,0.01371961,0.018302526,0.012896071,0.013845439,0.004020907,0.009749956,0.012896071,0.003552868,0.00440448,0.003538617,0.003538617,0.003707048,0.004143002,0.004211963,0.004743853,0.005015016,0.004537491,0.00511324,0.005570102,0.005755935,0.005561474,0.010615344,0.008687945,0.009377266,0.006353608,0.007952749,0.011931323,0.013489919,0.010651874
692,0.016756397,0.016038654,0.013628121,0.013095083,0.011820136,0.007533192,0.006222489,0.005843595,0.006421956,0.018137943,0.007625471,0.007209269,0.00701224,0.00537049,0.005575584,0.005182847,0.005575584,0.007538323,0.004869641,0.015413543,0.013871003,0.007217496,0.017247663,0.013758068,0.018343768,0.012938411,0.01387311,0.004016901,0.009709754,0.012938411,0.00348744,0.004375935,0.003496776,0.003496776,0.003663721,0.004080391,0.004148785,0.004796182,0.005100609,0.004588971,0.005277241,0.005684998,0.005805482,0.005673835,0.010757911,0.008973143,0.009611864,0.006493615,0.008155412,0.012065751,0.013657288,0.010785975
693,0.016788284,0.01605902,0.013642669,0.013094697,0.011817993,0.007549976,0.006219431,0.005842087,0.006417254,0.018136105,0.007629242,0.007224894,0.007042545,0.005370544,0.005583348,0.005178785,0.005583348,0.007537317,0.004882717,0.015476246,0.01391612,0.007251804,0.017349526,0.013823047,0.018388915,0.012957307,0.013923044,0.004011668,0.009741208,0.012957307,0.003462543,0.004363583,0.003480529,0.003480529,0.003644086,0.004052477,0.004122647,0.004816743,0.005131055,0.004608997,0.005339957,0.005727177,0.005822374,0.005716851,0.010804486,0.009083789,0.009693454,0.006546506,0.008235376,0.012116365,0.013713595,0.010840617
694,0.016793905,0.016048877,0.013628264,0.013073365,0.011796411,0.007562087,0.006203295,0.005830979,0.006409414,0.018120059,0.007619277,0.00723076,0.007058651,0.005364915,0.005583407,0.005167671,0.005583407,0.007527371,0.004887195,0.01549657,0.013941857,0.00726679,0.017414898,0.013865128,0.018443142,0.012952546,0.01393098,0.003998174,0.009775717,0.012952546,0.003386385,0.004306037,0.003436572,0.003436572,0.00358941,0.003965501,0.004049327,0.004847582,0.005183021,0.004653019,0.005479966,0.005807102,0.005862786,0.005795444,0.010920508,0.009331593,0.009876361,0.006645638,0.008401565,0.012245874,0.0138355,0.010962253
695,0.016783844,0.016022208,0.013598773,0.013038803,0.011762589,0.007567383,0.006179698,0.005813592,0.00639712,0.01808258,0.007600548,0.00722804,0.007064706,0.005353617,0.005576151,0.00515049,0.005576151,0.007511151,0.004881632,0.015496149,0.013952341,0.007265446,0.017442256,0.01388079,0.018488024,0.012939258,0.013907154,0.003978232,0.009792382,0.012939258,0.003282673,0.004223295,0.00338497,0.00338497,0.00352703,0.00385793,0.00396485,0.004855845,0.005207772,0.004682021,0.005597355,0.005857299,0.005898282,0.005846108,0.011017526,0.009529934,0.010017153,0.006709241,0.008531076,0.012358179,0.013930184,0.011071652
696,0.016742804,0.015969118,0.013547599,0.012975434,0.011702239,0.007544347,0.006142651,0.005781784,0.006366509,0.017954955,0.007562433,0.007198163,0.007045093,0.005322711,0.005544419,0.005114485,0.005544419,0.007479068,0.004838118,0.015471569,0.013919102,0.007214145,0.017334625,0.013797204,0.018459941,0.012929788,0.013795896,0.003939955,0.009701204,0.012929788,0.003230222,0.004185749,0.003361078,0.003361078,0.003499692,0.003809421,0.003927554,0.004853829,0.005211004,0.004687027,0.005637451,0.005869749,0.005910258,0.005861195,0.011045096,0.009591115,0.010056626,0.006726603,0.008574363,0.012391589,0.013959271,0.011114057
697,0.016682139,0.01589489,0.013476773,0.012896045,0.01162861,0.007503888,0.006096112,0.005741275,0.006327419,0.017883665,0.007511921,0.007159827,0.007017088,0.005289419,0.005504098,0.005071172,0.005504098,0.007436067,0.004793994,0.015457162,0.013879982,0.00713984,0.017199156,0.013695257,0.018380617,0.012902909,0.013671001,0.003896545,0.009601888,0.012902909,0.003117232,0.004098362,0.003299418,0.003299418,0.003425606,0.003693212,0.003838206,0.004842748,0.005213958,0.004687456,0.005720723,0.00588118,0.005910647,0.005874708,0.011062367,0.009724836,0.010129841,0.006753397,0.008651151,0.012409152,0.013983104,0.011139852
698,0.016606826,0.015805062,0.013391461,0.012804697,0.011544675,0.007451803,0.006042527,0.005694411,0.006282144,0.017853839,0.007452258,0.007114953,0.006982916,0.005254583,0.005457453,0.00502253,0.005457453,0.007384947,0.004750199,0.015448293,0.013836547,0.007050749,0.017046879,0.013583174,0.018267801,0.012863415,0.013538103,0.00384964,0.009500486,0.012863415,0.003020913,0.00400966,0.00323842,0.00323842,0.003347176,0.003584786,0.003750409,0.00482183,0.005201684,0.004674536,0.005770968,0.005864811,0.005872508,0.005858051,0.011028666,0.009813499,0.010160123,0.00674709,0.008681422,0.012360041,0.013957009,0.011095896
699,0.016498805,0.015685794,0.013279329,0.01268668,0.011425868,0.007415283,0.005974364,0.005637558,0.006227448,0.01789885,0.007375263,0.007048719,0.006937941,0.005223388,0.005399315,0.004965737,0.005399315,0.007316619,0.004730681,0.015389901,0.013785775,0.007000447,0.016976585,0.013555838,0.018223318,0.01280725,0.013452851,0.003805033,0.009514505,0.01280725,0.002985133,0.003970799,0.00321519,0.00321519,0.003315493,0.00354406,0.003714664,0.004809976,0.005189687,0.004666194,0.005778036,0.005849459,0.005845955,0.00584297,0.011005265,0.009829623,0.010156663,0.00673135,0.008678193,0.012326776,0.013936167,0.011068549
700,0.016376579,0.015558879,0.013161057,0.012558109,0.011302964,0.007371983,0.00590058,0.005574422,0.006168513,0.017938691,0.007291028,0.006977559,0.006885137,0.005186436,0.005334481,0.00490202,0.005334481,0.007242316,0.004704843,0.015316488,0.013724013,0.006945615,0.016894224,0.013515932,0.018182236,0.012743993,0.013356119,0.003757535,0.009524194,0.012743993,0.002905835,0.003882357,0.003168625,0.003168625,0.00324979,0.003452406,0.00363874,0.004774657,0.00515311,0.00464647,0.005773912,0.005804805,0.005790583,0.00579724,0.010945182,0.009836977,0.010126576,0.006685508,0.008655464,0.012256299,0.013877472,0.011005556
701,0.016238964,0.015423682,0.013036134,0.012418103,0.01117562,0.007321338,0.005820705,0.005504479,0.006104986,0.01797293,0.007198949,0.006901062,0.00682385,0.005143245,0.005262395,0.004830802,0.005262395,0.007161542,0.004672157,0.015226801,0.013650345,0.006885876,0.016798791,0.013462411,0.018144836,0.012673052,0.013246949,0.003706904,0.009529195,0.012673052,0.002862316,0.003832777,0.00314529,0.00314529,0.00321577,0.003401478,0.003598561,0.004751192,0.005128532,0.004635088,0.00576272,0.005775503,0.005761762,0.005766592,0.010908501,0.009828206,0.010099949,0.006655406,0.008635964,0.012219087,0.013839618,0.01096991
702,0.01607314,0.015258112,0.01288727,0.012257545,0.01102472,0.00725339,0.005732375,0.005424466,0.00603426,0.017948815,0.007091552,0.006807587,0.00674367,0.005096345,0.005179716,0.004749356,0.005179716,0.007070089,0.004619346,0.015123227,0.013538452,0.006786118,0.016617871,0.013354542,0.018071162,0.012594032,0.013083715,0.003645883,0.009479622,0.012594032,0.00273874,0.003705225,0.003081971,0.003081971,0.003129312,0.003269905,0.003493961,0.00468162,0.005048732,0.004585684,0.005708514,0.005677249,0.005678142,0.005675199,0.010798647,0.009771632,0.010002046,0.00655841,0.008549052,0.012114464,0.013721885,0.010868436
703,0.015897888,0.015083978,0.01273054,0.012091547,0.010866891,0.007177274,0.005639017,0.005339815,0.005959357,0.017900538,0.006978837,0.006706904,0.006657167,0.00504588,0.005090077,0.00466445,0.005090077,0.006973031,0.00455819,0.015010464,0.013416397,0.006671496,0.016411087,0.013224648,0.017987761,0.012518013,0.012906455,0.003580838,0.009413513,0.012518013,0.002606949,0.003574554,0.003014825,0.003014825,0.003040446,0.003133513,0.003387717,0.004600624,0.004951053,0.004519637,0.005625026,0.005555817,0.005577172,0.005560288,0.01065505,0.009668483,0.009866041,0.006433309,0.008432871,0.011974152,0.013578464,0.010734456
704,0.015710235,0.014899317,0.012563527,0.011919054,0.010700386,0.007089309,0.005538028,0.005248475,0.005878141,0.01781833,0.006859039,0.00659603,0.006562344,0.004989649,0.004989702,0.00457497,0.004989702,0.006867661,0.004485309,0.01488351,0.013282188,0.006536638,0.016171539,0.013063999,0.017892672,0.012448578,0.012712614,0.003510245,0.00932644,0.012448578,0.002555215,0.003521856,0.002987663,0.002987663,0.003004018,0.003077766,0.003345894,0.004565734,0.004908595,0.004491612,0.00558455,0.005503336,0.005531002,0.005506121,0.010584625,0.009613136,0.009801311,0.0063751,0.008384101,0.011901252,0.013514922,0.010666304
705,0.015505315,0.014699238,0.012413178,0.011731589,0.010528451,0.007024159,0.00543054,0.005148751,0.00579898,0.017775502,0.006729386,0.00648174,0.00645169,0.004931448,0.004882164,0.004478831,0.004882164,0.006761229,0.004391045,0.014758257,0.013151024,0.006424229,0.015946246,0.012905388,0.017833199,0.012347567,0.012518427,0.003438196,0.009287783,0.012347567,0.002424257,0.00338751,0.002921643,0.002921643,0.002913171,0.002938478,0.003243565,0.004476587,0.004789855,0.004411737,0.00546528,0.00536055,0.00540912,0.005361467,0.010404886,0.009455568,0.00961639,0.006218447,0.008228093,0.01170092,0.013319345,0.010473612
706,0.01529317,0.014488129,0.012261516,0.011538376,0.010352668,0.006954919,0.005320172,0.005046093,0.005720472,0.017755937,0.006596639,0.006364316,0.006333642,0.004871522,0.00477203,0.004380951,0.00477203,0.006655374,0.004284626,0.014619567,0.013019355,0.006308806,0.015722761,0.012751324,0.017772731,0.012233015,0.01232095,0.003366698,0.009262802,0.012233015,0.002288248,0.003250038,0.002855739,0.002855739,0.002823376,0.002796085,0.003142239,0.0043742,0.004661793,0.004319567,0.005325646,0.005203914,0.005278478,0.005204873,0.010208241,0.009267826,0.009405088,0.006046938,0.008039873,0.011483797,0.013096472,0.010259752
707,0.015072294,0.014255489,0.012093416,0.011339149,0.010169421,0.006856302,0.005206042,0.004940916,0.005642388,0.017776618,0.006462001,0.006240058,0.006205287,0.004807901,0.004659483,0.004282838,0.004659483,0.006552041,0.004157773,0.014439285,0.012883891,0.006167505,0.015494009,0.012609374,0.017682566,0.012101529,0.012113865,0.003297948,0.009242534,0.012101529,0.002231462,0.003194213,0.002828695,0.002828695,0.002788001,0.002737235,0.003101418,0.004326073,0.004610013,0.004279245,0.005264807,0.005137582,0.005223549,0.005138766,0.010120911,0.009182304,0.009313978,0.005973873,0.007958893,0.011394104,0.013005635,0.010170432
708,0.014839576,0.01401805,0.011882689,0.011132926,0.009979365,0.006649985,0.00509062,0.00483265,0.005557364,0.017838485,0.006322212,0.006111481,0.006087442,0.004747287,0.004545422,0.004182506,0.004545422,0.006442307,0.004035293,0.014219166,0.012727449,0.006027029,0.015226679,0.012458688,0.017524311,0.011981237,0.011915565,0.003225765,0.009150586,0.011981237,0.002091021,0.003054722,0.002761033,0.002761033,0.002698559,0.002593706,0.003000212,0.004213543,0.004476767,0.00418685,0.005106448,0.004960685,0.00508557,0.004968369,0.009881262,0.00895419,0.00907108,0.005783773,0.007747742,0.011144863,0.012749922,0.009929233
709,0.014597653,0.013775594,0.01165056,0.010920474,0.009782956,0.006392084,0.00497308,0.004722594,0.005468372,0.017918882,0.006178754,0.005979155,0.005974591,0.004687518,0.004430229,0.004080102,0.004430229,0.006328243,0.003918371,0.013970268,0.012562588,0.005886041,0.014944383,0.01230444,0.017332749,0.011867901,0.01171995,0.003151245,0.009024703,0.011867901,0.001954294,0.00291519,0.002692711,0.002692711,0.002607642,0.002454741,0.002897299,0.004099073,0.004334412,0.004087785,0.004934015,0.004778371,0.004940571,0.004786811,0.009622632,0.008702595,0.008803006,0.005579281,0.007518904,0.010876526,0.012471277,0.009680137
710,0.014331876,0.013515561,0.011404606,0.010689061,0.0095663,0.006114538,0.004846096,0.004610071,0.005374155,0.01799944,0.006026964,0.005835733,0.005863418,0.00462464,0.004312256,0.003971106,0.004312256,0.006205239,0.003823534,0.013654529,0.012403906,0.005739629,0.014676627,0.012152419,0.017124507,0.011766396,0.011516585,0.003071831,0.008888184,0.011766396,0.001901222,0.002859325,0.002665005,0.002665005,0.002570791,0.002400455,0.002854772,0.004049004,0.004273524,0.004040793,0.004859102,0.004706622,0.004878623,0.004709542,0.00951632,0.008593592,0.00868672,0.005491823,0.007420236,0.010767739,0.012357506,0.009582919
711,0.014057315,0.013247037,0.011152125,0.010451125,0.009341294,0.005958544,0.004716638,0.004493471,0.005261404,0.018030227,0.005870153,0.005687402,0.00574455,0.004562429,0.004188651,0.003858665,0.004188651,0.006077042,0.003745868,0.013406585,0.012249154,0.005585153,0.01439694,0.011993333,0.016913885,0.011660308,0.011303646,0.002990331,0.008786081,0.011660308,0.001777416,0.002722062,0.00259216,0.00259216,0.002473305,0.002261315,0.002750005,0.003923335,0.004114452,0.003924195,0.004670974,0.004510014,0.004717627,0.004513703,0.009243979,0.008308494,0.008390024,0.005272671,0.007158066,0.01047149,0.012039408,0.009314524
712,0.013775799,0.012971727,0.010894453,0.010207833,0.009110117,0.005892576,0.004585111,0.004373697,0.005134927,0.018025326,0.005709463,0.005535283,0.005619937,0.004500646,0.004060822,0.003743624,0.004060822,0.005944806,0.003680433,0.013211737,0.012095665,0.005424888,0.01410858,0.011829447,0.016702302,0.011550389,0.011084272,0.002907376,0.0087101,0.011550389,0.001660846,0.002592825,0.002515373,0.002515373,0.002373448,0.002123956,0.002644626,0.00379553,0.003952476,0.003804772,0.004480728,0.00430109,0.004548945,0.00431372,0.00896367,0.008013471,0.008086459,0.005048097,0.006884693,0.010133171,0.01170207,0.009021384
713,0.013475076,0.012675836,0.010621725,0.009944092,0.008874921,0.005891448,0.004444689,0.004246785,0.004998509,0.018031901,0.005540925,0.00537564,0.005489685,0.004437045,0.003928323,0.003625196,0.003928323,0.005803619,0.003608347,0.013146302,0.011890958,0.005266318,0.013819149,0.011675749,0.016515358,0.011423891,0.010880969,0.002826205,0.00867286,0.011423891,0.001615012,0.002544986,0.002483726,0.002483726,0.002334227,0.002071451,0.002601485,0.003743327,0.003888683,0.003754955,0.004403695,0.004217024,0.004479309,0.004232308,0.00884939,0.007894545,0.007963303,0.004955217,0.006774822,0.009982314,0.011569058,0.008899421
714,0.013166267,0.012376448,0.010347206,0.00967889,0.008633761,0.005865415,0.004305768,0.004119731,0.004872032,0.018065658,0.005373414,0.005215484,0.005358667,0.004377457,0.003795735,0.003506989,0.003795735,0.005658904,0.003539615,0.013067841,0.011637689,0.005121131,0.013562095,0.011544283,0.016335259,0.011284499,0.01069429,0.002745646,0.008671828,0.011284499,0.001537553,0.002463495,0.002421211,0.002421211,0.002257957,0.001976183,0.002521793,0.003644931,0.003765716,0.003658228,0.004264558,0.004057348,0.004330918,0.004075584,0.008611641,0.007667064,0.007726777,0.004785827,0.006564441,0.00968098,0.011302314,0.008639928
715,0.012848697,0.012073271,0.010070747,0.009412107,0.008386139,0.005812402,0.004168472,0.003992523,0.004756324,0.018128861,0.005207015,0.005054772,0.005226818,0.004322218,0.003663051,0.003389022,0.003663051,0.005510366,0.003474516,0.012975269,0.011331813,0.004990443,0.013340118,0.0114369,0.016162576,0.011131139,0.01052562,0.002665749,0.008710021,0.011131139,0.001505928,0.002429844,0.002390343,0.002390343,0.002220907,0.00193342,0.00248524,0.003598739,0.003706541,0.003611318,0.004202454,0.003981737,0.004252162,0.004000274,0.008488173,0.007558509,0.007613406,0.004709317,0.00646393,0.009530503,0.011168582,0.008502397
716,0.012527577,0.011752287,0.009773806,0.00913902,0.008132333,0.005744732,0.004037941,0.003877239,0.004636528,0.018140888,0.00505079,0.004908646,0.005105811,0.004277303,0.003543041,0.003284094,0.003543041,0.00535524,0.003425427,0.012889997,0.010997769,0.004935797,0.013228268,0.011413449,0.016042281,0.0110009,0.010441267,0.002604814,0.008725589,0.0110009,0.001465723,0.002368513,0.002319467,0.002319467,0.002137862,0.00185495,0.00240472,0.003486089,0.003581533,0.00349646,0.004046521,0.003807845,0.004050732,0.003822307,0.008170778,0.007291618,0.007341943,0.004521955,0.006217045,0.009139338,0.010832668,0.008156066
717,0.012205685,0.01143316,0.009479754,0.008867556,0.007884044,0.005673936,0.003912075,0.003766099,0.004528366,0.018065014,0.004899516,0.004767451,0.004987416,0.004233922,0.003427014,0.003182949,0.003427014,0.005203076,0.003380302,0.012738777,0.010750208,0.004911027,0.013172014,0.01143009,0.016003583,0.01086641,0.010379736,0.002549752,0.008731143,0.01086641,0.001453089,0.002307356,0.002258643,0.002258643,0.002061516,0.001793438,0.002329856,0.003370116,0.003464946,0.003389156,0.003877766,0.003638645,0.00384388,0.003652079,0.007837749,0.007018414,0.007057332,0.004319871,0.005958766,0.008749562,0.010486414,0.007788718
718,0.011883003,0.011119833,0.009193655,0.008599788,0.007646062,0.005599988,0.003793151,0.003660245,0.004440618,0.01784705,0.004755165,0.004632489,0.004871865,0.004191623,0.003315891,0.003086312,0.003315891,0.005056932,0.003339557,0.012474188,0.01065407,0.004925867,0.013194116,0.011502568,0.016096064,0.010721258,0.01034458,0.002501884,0.008722994,0.010721258,0.001449036,0.002273876,0.002237826,0.002237826,0.002031166,0.001767632,0.00229896,0.003320601,0.003414193,0.0033498,0.003802839,0.003567726,0.003759703,0.003584509,0.007698647,0.006903548,0.006930814,0.00422864,0.005846862,0.008600474,0.010342341,0.00763017
719,0.01154661,0.01080687,0.008914252,0.008331129,0.007416302,0.005507132,0.00366571,0.003540994,0.004368456,0.017571196,0.004599952,0.004487583,0.004742942,0.004140805,0.003198739,0.00298008,0.003198739,0.004876577,0.003321993,0.012216924,0.010462415,0.004879684,0.013122652,0.011506341,0.016204841,0.010580349,0.010272537,0.002437435,0.008620183,0.010580349,0.001390817,0.002170668,0.002181241,0.002181241,0.001954877,0.001674404,0.002209552,0.003185238,0.003256316,0.003252749,0.003591601,0.003369052,0.003565089,0.003389517,0.007342776,0.006565116,0.006582524,0.003986004,0.005547425,0.00822216,0.009912274,0.007276929
720,0.011205857,0.010491939,0.008637916,0.008060964,0.007182745,0.005396036,0.003532539,0.003415657,0.004294898,0.017288416,0.004436063,0.004336215,0.004604082,0.004082979,0.003074871,0.002868157,0.003074871,0.004673991,0.003317508,0.011981466,0.010212483,0.004783779,0.012956535,0.011443378,0.016280956,0.010456174,0.010143897,0.002359119,0.008450675,0.010456174,0.001284207,0.002059583,0.002117164,0.002117164,0.001873754,0.001548651,0.002113003,0.003040567,0.003074386,0.003139259,0.003387648,0.003157237,0.003406496,0.003180987,0.00702244,0.0062218,0.006237683,0.003752445,0.005254853,0.007881718,0.009479966,0.0069858
721,0.010861452,0.010171468,0.008365901,0.007787254,0.00693404,0.00524685,0.003388935,0.003281817,0.004208311,0.017021268,0.004255164,0.004173278,0.00444629,0.004011263,0.002936423,0.002746545,0.002936423,0.004431603,0.003334626,0.011800621,0.009861676,0.004589658,0.012590036,0.011240757,0.016259091,0.010374727,0.009884131,0.002253154,0.008157019,0.010374727,0.001231764,0.002018227,0.002088855,0.002088855,0.001838571,0.00149032,0.002074965,0.002981744,0.002999578,0.003083464,0.003320006,0.003073176,0.003358339,0.003099878,0.006918874,0.006102047,0.006114613,0.003670293,0.005149813,0.007770503,0.009333651,0.006889363
722,0.010533768,0.009851099,0.008090103,0.007527788,0.006688165,0.00510554,0.003255802,0.003162228,0.004068807,0.016941358,0.004092931,0.004023124,0.004308828,0.003952423,0.002812403,0.002637753,0.002812403,0.004251336,0.003310917,0.011703428,0.009588722,0.004388508,0.012216989,0.011027932,0.016041023,0.010340413,0.009657392,0.002163581,0.007884781,0.010340413,0.001140268,0.001941734,0.00202448,0.00202448,0.001759224,0.001386893,0.001993979,0.002867965,0.002853999,0.002946145,0.003161127,0.00290276,0.003223757,0.002931223,0.006658349,0.005839336,0.005837406,0.003485506,0.004907759,0.007460631,0.008991789,0.006599584
723,0.010213051,0.009533953,0.007816606,0.007275906,0.006446238,0.004976431,0.003130427,0.003050377,0.003906308,0.016930775,0.003941891,0.003881405,0.00418242,0.003902626,0.002697659,0.002536665,0.002697659,0.004129373,0.00326584,0.011614016,0.009349061,0.004212194,0.01189001,0.01084374,0.015787315,0.010312196,0.009465266,0.002085017,0.007657963,0.010312196,0.00108149,0.001879327,0.001964103,0.001964103,0.001689783,0.001314085,0.00192521,0.00277514,0.00272856,0.002827677,0.003006004,0.002755029,0.003075656,0.002781801,0.006390644,0.005586874,0.005576214,0.003313724,0.004679146,0.00713696,0.008663215,0.006302336
724,0.009894594,0.009232348,0.007561524,0.007034009,0.006218208,0.004891934,0.003023045,0.002949243,0.003732016,0.016903165,0.003810053,0.003756598,0.004071381,0.003872532,0.0026008,0.002448839,0.0026008,0.004174124,0.003193957,0.011403759,0.009124134,0.004170484,0.011800383,0.010818722,0.015732135,0.010224256,0.009379425,0.002029082,0.007612238,0.010224256,0.001061765,0.001852059,0.001939792,0.001939792,0.001664507,0.001286374,0.001899388,0.002737272,0.002673894,0.002790733,0.002942119,0.002693653,0.00301398,0.002719924,0.006279896,0.005477372,0.005469158,0.003244576,0.004587547,0.007011946,0.008530188,0.006198432
725,0.00957337,0.008931202,0.00730312,0.006788232,0.006015329,0.004775944,0.002913694,0.002848214,0.003608439,0.016887262,0.003675374,0.003632016,0.003955428,0.003836413,0.002500845,0.002356067,0.002500845,0.00419745,0.003129179,0.011186327,0.008895006,0.004094507,0.011664055,0.010752632,0.015677704,0.010132118,0.009261265,0.001968523,0.007554915,0.010132118,0.000997116,0.001781688,0.001886919,0.001886919,0.001601596,0.001207422,0.001831838,0.00263047,0.002542368,0.002695736,0.002786212,0.00254342,0.002890319,0.002571988,0.006021007,0.005211437,0.005197913,0.003072416,0.004356285,0.006711706,0.00816882,0.005928041
726,0.009250457,0.008629375,0.007042167,0.006540422,0.005826468,0.004636068,0.002803512,0.002747048,0.003523099,0.016875885,0.003539466,0.003507156,0.003836744,0.003795861,0.002398794,0.002260174,0.002398794,0.004198797,0.003069387,0.010968237,0.008663468,0.003995066,0.011494359,0.010658872,0.015622563,0.010037917,0.009121916,0.001904916,0.007494573,0.010037917,0.000925055,0.001710263,0.001837617,0.001837617,0.001536424,0.001118041,0.001763968,0.002510009,0.002411357,0.002595764,0.00263225,0.002394711,0.00277803,0.002429578,0.005757242,0.004941743,0.004921889,0.002894849,0.004119777,0.006408929,0.007794451,0.005654986
727,0.008927638,0.008316476,0.006775331,0.006296602,0.00562154,0.004443449,0.002697681,0.00264357,0.00352003,0.016834034,0.003409435,0.003377529,0.003721292,0.003746814,0.002294438,0.002163243,0.002294438,0.004098394,0.003016859,0.010793168,0.008433814,0.003867307,0.011270105,0.010536388,0.015553977,0.009949586,0.008966698,0.001838864,0.007481241,0.009949586,0.000897919,0.001681941,0.001816876,0.001816876,0.001508885,0.001079899,0.001737825,0.002458481,0.002357205,0.002553846,0.002570309,0.002334859,0.002727725,0.002373227,0.005641619,0.004828481,0.004810055,0.002820294,0.004022932,0.006281377,0.007648423,0.005548419
728,0.008585181,0.007993279,0.006502069,0.006043546,0.005403647,0.004290699,0.002586174,0.002538428,0.003508862,0.0167613,0.003271021,0.00324779,0.003600327,0.00369966,0.00219195,0.002070389,0.00219195,0.003988322,0.002964978,0.010605314,0.008171982,0.003732275,0.011020958,0.010402104,0.015468467,0.009844002,0.008794284,0.001772202,0.007432748,0.009844002,0.000837303,0.001621445,0.001774422,0.001774422,0.001456996,0.00100447,0.001685433,0.002356553,0.002246989,0.002473113,0.002435136,0.002214994,0.002631303,0.002254918,0.005410744,0.004598095,0.004570322,0.002669232,0.003816773,0.006016138,0.007326359,0.005314436
729,0.008225307,0.007660952,0.006223109,0.005782302,0.005174257,0.004173304,0.002469633,0.002431809,0.003490513,0.016661178,0.003125171,0.003117952,0.003474473,0.003654184,0.002091116,0.001981152,0.002091116,0.003869675,0.002913672,0.010406124,0.007881615,0.003590795,0.010749736,0.010257356,0.015367949,0.009723118,0.008606622,0.001705001,0.007353075,0.009723118,0.000803823,0.001589272,0.001752709,0.001752709,0.001432647,0.000967184,0.001659183,0.002306154,0.002190926,0.002434298,0.002361903,0.002154983,0.002585186,0.002192959,0.005295491,0.004480972,0.004442422,0.002592725,0.003707458,0.005878451,0.007150323,0.005187021
730,0.007850842,0.007320214,0.005931467,0.005514848,0.0049451,0.004097682,0.002356199,0.002327654,0.003398967,0.016622354,0.002977402,0.002978495,0.003346284,0.003607933,0.001983638,0.001896124,0.001983638,0.003760386,0.002874133,0.010147162,0.007604771,0.003442189,0.010518703,0.01011935,0.015271543,0.009601524,0.008447194,0.001632204,0.007225405,0.009601524,0.000711701,0.001506751,0.001691935,0.001691935,0.001368106,0.000859645,0.001591323,0.002175673,0.002043692,0.002331184,0.002180819,0.002000707,0.002479774,0.002037815,0.00502251,0.004191948,0.004123204,0.002401856,0.003451137,0.005551126,0.006726907,0.004908134
731,0.0074897,0.006988522,0.005648842,0.005253997,0.004718698,0.00398707,0.00224316,0.002226222,0.003301593,0.016555215,0.002833626,0.002842948,0.003217062,0.003558623,0.001877948,0.001814909,0.001877948,0.003664125,0.002836023,0.009903295,0.007345393,0.003256144,0.010237744,0.009948992,0.015139987,0.009482986,0.008253784,0.001558346,0.007129729,0.009482986,0.000599194,0.001419018,0.001628338,0.001628338,0.001301895,0.000733952,0.001520943,0.002050696,0.001895454,0.002221621,0.002022494,0.001848414,0.002398416,0.001891115,0.004791558,0.003921542,0.003826664,0.002227982,0.003220615,0.005276954,0.006335495,0.004678762
732,0.007145896,0.006668559,0.005378021,0.005001712,0.004495797,0.00383084,0.002130541,0.002128191,0.003198704,0.016450448,0.002694981,0.00271263,0.003086585,0.003505441,0.001774707,0.001738435,0.001774707,0.003584203,0.002799423,0.009680192,0.007107895,0.003022633,0.009892198,0.009737286,0.014963587,0.009368358,0.00801639,0.001483282,0.007076019,0.009368358,0.000545329,0.001381632,0.001603802,0.001603802,0.001275874,0.000678509,0.001492174,0.002005799,0.001838386,0.002176358,0.00197202,0.001790386,0.002376352,0.0018376,0.004718335,0.003823036,0.003721443,0.002168471,0.0031371,0.00519242,0.006191463,0.004600861
733,0.006850261,0.006389024,0.005124454,0.004785143,0.004305572,0.00366556,0.002037271,0.002041246,0.003096393,0.016340022,0.002579924,0.002603145,0.002977057,0.003455033,0.001687023,0.001672965,0.001687023,0.003499512,0.002767645,0.009558996,0.006915918,0.002818685,0.009521755,0.009497256,0.014734762,0.009273076,0.007804227,0.001424632,0.00705533,0.009273076,0.000433828,0.001310731,0.001548645,0.001548645,0.001222033,0.000564581,0.001439499,0.001914614,0.001728043,0.002074406,0.001861826,0.001680604,0.002327592,0.001729154,0.004554963,0.003624046,0.003509351,0.002046864,0.002966151,0.00498494,0.005899429,0.004421465
734,0.006592189,0.006140639,0.004897778,0.004594767,0.004137611,0.003533942,0.001956481,0.001966986,0.00300817,0.016215972,0.002479475,0.002508702,0.002884009,0.003411753,0.001612731,0.001615609,0.001612731,0.00341734,0.002740132,0.009451164,0.006762917,0.002657591,0.009196905,0.009288247,0.014523298,0.009183866,0.007624635,0.001372063,0.007039517,0.009183866,0.000353719,0.001260656,0.001504113,0.001504113,0.001180252,0.000482248,0.00140198,0.001844266,0.001652794,0.001989286,0.001774854,0.00159889,0.002284797,0.001647129,0.004417718,0.003475524,0.003352698,0.001956604,0.002838495,0.004800818,0.005684598,0.004268104
735,0.006392821,0.005940826,0.004717082,0.004444837,0.0040035,0.003466915,0.001894429,0.001913739,0.002945981,0.01606792,0.00240074,0.002437414,0.002816761,0.003381076,0.001559739,0.001570795,0.001559739,0.003340945,0.002719434,0.009344757,0.006671851,0.002569298,0.008962443,0.009143348,0.014356109,0.009101489,0.007499742,0.001327021,0.007025179,0.009101489,0.000331245,0.001244095,0.001490201,0.001490201,0.001166292,0.000458401,0.001388367,0.001820207,0.001630821,0.001960856,0.001747602,0.00156893,0.002268699,0.001620036,0.004370619,0.003427487,0.003302915,0.001928438,0.002798275,0.004739641,0.005617767,0.004216237
736,0.006218963,0.005779643,0.004592747,0.004324716,0.003901019,0.003434539,0.001845204,0.001870841,0.002902085,0.015928149,0.002331413,0.002375289,0.002759436,0.00335615,0.001510524,0.001533229,0.001510524,0.003287695,0.002686812,0.009212907,0.006600189,0.002516316,0.00879273,0.009031105,0.014262445,0.009023437,0.007386659,0.001292214,0.007000315,0.009023437,0.000273522,0.001205368,0.00146254,0.00146254,0.001134042,0.000403114,0.00135909,0.001760147,0.001570912,0.001897668,0.001688608,0.001507314,0.00224464,0.001561321,0.004281551,0.003319083,0.003190391,0.001866486,0.002701913,0.004618218,0.005447374,0.004119612
737,0.006058145,0.005633456,0.004492962,0.004217139,0.003808879,0.003402911,0.001799983,0.001831934,0.002864105,0.015823424,0.00226888,0.002318377,0.002705686,0.003332883,0.001465168,0.00149786,0.001465168,0.003243659,0.002649773,0.009096157,0.006525738,0.002458446,0.008637059,0.008924181,0.014178232,0.008953068,0.007278429,0.001260422,0.006975295,0.008953068,0.000221502,0.001171738,0.001439579,0.001439579,0.001109057,0.000354246,0.001335058,0.00170729,0.001514215,0.001846797,0.001638196,0.001460611,0.002232355,0.001513735,0.004213302,0.003226909,0.003096119,0.001813835,0.002621219,0.00453141,0.005301121,0.004047635
738,0.005916295,0.005502465,0.004422945,0.004124057,0.003723661,0.003348754,0.001757031,0.001797022,0.002829949,0.015812551,0.002218993,0.002269786,0.002655047,0.003310243,0.001428112,0.001463587,0.001428112,0.003209378,0.002608645,0.009040487,0.006429543,0.002361539,0.008475283,0.008809157,0.014068603,0.008901487,0.007175609,0.001229932,0.006957321,0.008901487,0.000204732,0.001160274,0.001430367,0.001430367,0.00110236,0.00033682,0.00132669,0.001690434,0.001495456,0.001830685,0.001619524,0.001445565,0.002228032,0.001497772,0.004187022,0.003195103,0.003064587,0.001794969,0.002596665,0.004504848,0.00525843,0.004020418
739,0.005800919,0.005396603,0.004339924,0.004047727,0.003654174,0.003298053,0.001724551,0.001767684,0.002802283,0.015780468,0.00217698,0.002230054,0.002615875,0.003290019,0.001397665,0.001438462,0.001397665,0.003182287,0.002576312,0.008981711,0.006351692,0.002274018,0.008326663,0.008700845,0.013973713,0.008857335,0.007089588,0.001205995,0.006939531,0.008857335,0.000164069,0.001130426,0.001414134,0.001414134,0.001088592,0.000297652,0.001313808,0.001656368,0.00146143,0.001794404,0.001588646,0.001409874,0.002227232,0.001465504,0.004146963,0.003131003,0.002996342,0.001756785,0.002549628,0.004458166,0.005172063,0.00398396
740,0.005701389,0.005305813,0.004257023,0.003981284,0.003594171,0.003251229,0.001697594,0.001742314,0.002778414,0.015742679,0.002140624,0.002195712,0.002582943,0.003271536,0.001371655,0.001417546,0.001371655,0.003158973,0.002549334,0.008923856,0.006285939,0.002194193,0.008186722,0.008598418,0.013883145,0.00881823,0.00701125,0.001185445,0.00692082,0.00881823,0.000124439,0.001109194,0.001403332,0.001403332,0.001077185,0.000264311,0.001305031,0.001630718,0.00143526,0.001763444,0.001566606,0.001381519,0.002232507,0.001441432,0.004121671,0.003084484,0.002948894,0.001727571,0.002512445,0.004427898,0.005104065,0.003960228
741,0.005626432,0.005238503,0.004200639,0.0039297,0.003549101,0.003216443,0.001676726,0.001725208,0.00276013,0.015719335,0.002116188,0.002170022,0.002557613,0.003256738,0.001354129,0.001398929,0.001354129,0.003139759,0.002530959,0.008876698,0.006242678,0.002133222,0.008062917,0.008511348,0.013784283,0.008788958,0.006936926,0.001168365,0.006897245,0.008788958,0.000108703,0.001106344,0.001399552,0.001399552,0.001072851,0.000252714,0.001300768,0.00162228,0.001424358,0.001752652,0.001556772,0.001373809,0.002234259,0.001433665,0.004110158,0.003070257,0.002938158,0.001717676,0.002497746,0.00441775,0.005079743,0.003945737
742,0.005560337,0.005180729,0.004155156,0.003884311,0.003512672,0.003187181,0.001659598,0.001710903,0.002747093,0.015688541,0.002095077,0.002149829,0.002535832,0.003247861,0.001337066,0.001384506,0.001337066,0.003124408,0.002517005,0.008838333,0.006204744,0.002078184,0.007955344,0.008427896,0.013715447,0.008765457,0.006868284,0.001153098,0.006880446,0.008765457,8.22751E-05,0.001087337,0.001390391,0.001390391,0.001065056,0.000223505,0.001291341,0.001602908,0.001403657,0.001729787,0.001536872,0.001353767,0.002239299,0.001420896,0.004098367,0.003037422,0.002903649,0.001696681,0.002468569,0.00440088,0.005032394,0.00393359
743,0.005501409,0.005129671,0.004116321,0.003844123,0.003481784,0.003162145,0.001645139,0.001698564,0.002737022,0.01565574,0.002076527,0.002133151,0.002516456,0.00324183,0.001320904,0.001372868,0.001320904,0.003111776,0.002505766,0.008806796,0.006171408,0.002027314,0.007860068,0.008348213,0.013663351,0.008744879,0.006806276,0.001139565,0.006867917,0.008744879,6.52389E-05,0.001069561,0.001382723,0.001382723,0.001060365,0.000200981,0.001284835,0.001586772,0.001388955,0.001713909,0.001522982,0.001337941,0.002243893,0.001411351,0.004090107,0.003011026,0.002872971,0.001680437,0.002448018,0.004384082,0.005003819,0.003928541
744,0.00546233,0.005089892,0.004079977,0.003819728,0.003455616,0.003147034,0.001635465,0.001689483,0.002725802,0.015646887,0.002064131,0.002119362,0.002500328,0.003229406,0.001311105,0.001364489,0.001311105,0.003103699,0.002495723,0.008792082,0.006152919,0.001983354,0.007792731,0.008285167,0.013602216,0.0087196,0.006777586,0.001132789,0.006858335,0.0087196,5.8894E-05,0.001067943,0.001380436,0.001380436,0.001059132,0.000196068,0.001283493,0.001581569,0.001384051,0.001710105,0.001519158,0.001334448,0.002245199,0.001406808,0.004082124,0.003003238,0.002866064,0.001675294,0.002441944,0.004374004,0.004998269,0.003921148
745,0.005424754,0.005053344,0.00404979,0.003792705,0.003430377,0.00313367,0.001626235,0.001680922,0.002718311,0.01563893,0.002052922,0.002107242,0.002489388,0.00322288,0.001302857,0.001358495,0.001302857,0.003096914,0.002486165,0.008778611,0.0061371,0.001949783,0.007727936,0.008231604,0.01355587,0.008701444,0.00674163,0.001124573,0.006855851,0.008701444,4.24019E-05,0.001058601,0.001375515,0.001375515,0.001055083,0.000184302,0.001280971,0.001572093,0.001373602,0.00169738,0.001509019,0.00132389,0.002248071,0.00139679,0.004065444,0.002979614,0.002848941,0.001666108,0.002428063,0.004363862,0.004979081,0.003901769
746,0.0053884,0.005019478,0.004024632,0.003763611,0.003405946,0.00312174,0.00161739,0.001672816,0.002713819,0.015631771,0.002042719,0.002096539,0.002482676,0.003221105,0.001295903,0.001354424,0.001295903,0.003091194,0.002477039,0.008766132,0.006123475,0.001924756,0.007665429,0.008185907,0.013521542,0.008689104,0.006699884,0.001115258,0.006859114,0.008689104,2.85111E-05,0.001050546,0.001372092,0.001372092,0.0010502,0.000175201,0.001277545,0.001561415,0.001366978,0.001688071,0.001498288,0.001312104,0.002248979,0.001390166,0.004053685,0.002960184,0.002831282,0.001655767,0.002414779,0.004358159,0.004958277,0.003884277
747,0.005351345,0.004989441,0.00399868,0.003742323,0.003386095,0.003110396,0.00161076,0.001667708,0.002704149,0.015630952,0.002035832,0.002091031,0.002474236,0.003211983,0.001291437,0.001347543,0.001291437,0.003086319,0.002471528,0.008751304,0.006110793,0.001904261,0.007623428,0.008150769,0.013479212,0.008675545,0.006673499,0.00111372,0.006856243,0.008675545,2.47676E-05,0.001050214,0.001371303,0.001371303,0.001048135,0.000172953,0.001275298,0.00155501,0.0013659,0.001687684,0.001493873,0.001307383,0.002248321,0.001389017,0.004050623,0.002956591,0.002823841,0.001649469,0.002409302,0.004352522,0.004951112,0.00387877
748,0.005316513,0.004960389,0.003974554,0.003723072,0.003365805,0.003098799,0.001604667,0.001663437,0.002697838,0.01561966,0.002029828,0.002085244,0.002467003,0.003206938,0.001287379,0.001341754,0.001287379,0.003080999,0.002465394,0.008734691,0.006103321,0.001884458,0.007582424,0.008122226,0.013441179,0.008661256,0.006651061,0.001110431,0.00685473,0.008661256,2.16237E-05,0.001045515,0.001369154,0.001369154,0.001043588,0.000165571,0.001273359,0.001548737,0.001359375,0.001684282,0.001482899,0.00130041,0.002247104,0.00138383,0.004040999,0.002944541,0.002812177,0.001643324,0.002399998,0.004337199,0.004934603,0.003869347
749,0.005284188,0.00493245,0.003952487,0.003706118,0.00334502,0.003086915,0.001599181,0.001660109,0.002695313,0.015596558,0.002024817,0.002079142,0.002461133,0.003206491,0.00128378,0.001337197,0.00128378,0.00307518,0.002458558,0.008716066,0.006101721,0.001865436,0.007542546,0.008101122,0.013407992,0.008646145,0.006633073,0.001105165,0.00685475,0.008646145,2.22234E-05,0.001041146,0.001367794,0.001367794,0.001041105,0.000160437,0.001273665,0.001548869,0.001353928,0.001681267,0.001476341,0.001298157,0.002246546,0.001379792,0.004034437,0.002936085,0.002807955,0.001643478,0.002396172,0.004327514,0.00492526,0.00386543
750,0.005259706,0.0049106,0.003934006,0.003685148,0.003331377,0.003083094,0.001594913,0.00165627,0.002689802,0.015589269,0.002019669,0.002071124,0.002456673,0.00320474,0.001277419,0.00133361,0.001277419,0.003068086,0.002454028,0.00870418,0.006099793,0.001864779,0.007520316,0.008076364,0.01339537,0.008634493,0.006626139,0.001103296,0.006852154,0.008634493,1.60246E-05,0.001036496,0.001365986,0.001365986,0.00104016,0.000154013,0.00127467,0.001547586,0.001349038,0.001674437,0.00146801,0.001292565,0.002238603,0.00137129,0.004019468,0.002917013,0.002793516,0.001638857,0.002386173,0.004312924,0.004913718,0.003850815
751,0.005232985,0.004887775,0.003915556,0.003664999,0.003316121,0.003076969,0.001591098,0.001652563,0.00268446,0.015579019,0.002013966,0.002065667,0.002452009,0.003203135,0.001272237,0.001329945,0.001272237,0.003061378,0.002451728,0.008693687,0.00609667,0.001860232,0.007503174,0.008056787,0.013382798,0.008624975,0.006615355,0.001100364,0.006848902,0.008624975,9.36895E-06,0.001033545,0.001363814,0.001363814,0.001040421,0.000151097,0.001274834,0.001539451,0.001344472,0.001670124,0.001462634,0.001285876,0.002230041,0.001367335,0.004007939,0.002901038,0.002781528,0.001629381,0.002372712,0.004302339,0.004898813,0.003834453
752,0.005201837,0.004862707,0.003896732,0.003646606,0.003297501,0.003066291,0.00158785,0.001649122,0.002679736,0.015562277,0.002007411,0.002064443,0.002446861,0.003201911,0.001269223,0.001326046,0.001269223,0.003055425,0.002452642,0.00868458,0.006091718,0.001847441,0.007491915,0.008045744,0.013367882,0.008618386,0.006597249,0.001095372,0.006844931,0.008618386,9.51188E-06,0.001030877,0.001362089,0.001362089,0.001039144,0.00014947,0.0012743,0.00153273,0.001339348,0.001669627,0.001459029,0.001282524,0.002228863,0.001367844,0.004004816,0.002895679,0.002779756,0.001624678,0.002365422,0.004296658,0.004886107,0.00382879
753,0.005179419,0.004838363,0.003876366,0.003629575,0.003281225,0.003059637,0.001583164,0.001646017,0.002673404,0.015564281,0.002004836,0.002059688,0.002442853,0.003199397,0.001266587,0.001322767,0.001266587,0.00305215,0.002453464,0.008680374,0.006085362,0.00185091,0.007480345,0.008025327,0.013355477,0.008614564,0.006577981,0.001091555,0.006844052,0.008614564,2.29406E-06,0.001025602,0.001358519,0.001358519,0.00103655,0.000148721,0.001272159,0.001522482,0.001334957,0.001662667,0.001449053,0.001275669,0.002222801,0.001363534,0.003992669,0.002883737,0.002768296,0.001619897,0.002355697,0.004279816,0.004872555,0.003822352
754,0.005156133,0.004814663,0.003855001,0.003614165,0.00326581,0.003053705,0.001578509,0.001643448,0.00266725,0.015569201,0.002002202,0.002053966,0.002439068,0.003196786,0.001263918,0.001319579,0.001263918,0.003050227,0.002454736,0.008678238,0.006078715,0.00184963,0.007464481,0.008009861,0.013340971,0.008609047,0.00656141,0.001087952,0.006843208,0.008609047,-5.14657E-06,0.001024851,0.001357311,0.001357311,0.001035952,0.000148576,0.001268637,0.001516721,0.001331742,0.001655555,0.001446589,0.001269562,0.002215568,0.001355641,0.003976766,0.002871855,0.002756326,0.001615966,0.002349494,0.004263573,0.004864187,0.003815945
755,0.005127488,0.004792113,0.003832018,0.00360183,0.003251388,0.003047798,0.001574488,0.00164194,0.002662126,0.015573244,0.001997871,0.002047481,0.002435332,0.003194464,0.00126103,0.001316353,0.00126103,0.003050259,0.002457043,0.008678786,0.006071976,0.001831394,0.007439178,0.0080091,0.013320802,0.008598671,0.006551297,0.001084362,0.006841225,0.008598671,-5.22643E-06,0.001026708,0.001357949,0.001357949,0.00103667,0.000147552,0.001266722,0.001514488,0.001327794,0.001654904,0.001450495,0.00126696,0.00221322,0.001352568,0.003969889,0.002866556,0.002754044,0.001612113,0.002345727,0.004258491,0.004856663,0.003810313
756,0.005108245,0.004770722,0.003815887,0.003585609,0.003235519,0.003040664,0.001571734,0.001640211,0.002657795,0.01558029,0.0019964,0.002042737,0.002433261,0.003193684,0.001258118,0.00131439,0.001258118,0.003044964,0.002457068,0.008686989,0.006067593,0.001817159,0.007429995,0.00799015,0.013310512,0.008591995,0.006547549,0.001082287,0.00683861,0.008591995,5.95593E-06,0.001038132,0.001357006,0.001357006,0.001036143,0.000151799,0.001265265,0.001510935,0.001326102,0.001651092,0.00145564,0.001260042,0.002210241,0.001351917,0.00397031,0.002862943,0.002751815,0.001607086,0.002344398,0.004243769,0.004858376,0.003803664
757,0.005096321,0.004749897,0.003798541,0.003571648,0.003217063,0.003028509,0.001569373,0.001639293,0.002647556,0.015643362,0.001996333,0.002039612,0.002434035,0.00319394,0.001255944,0.001314348,0.001255944,0.003031659,0.002448252,0.008730656,0.006074253,0.00180644,0.007429582,0.007981586,0.013290806,0.008589712,0.006550732,0.001082435,0.006848328,0.008589712,4.34721E-05,0.00108623,0.001349101,0.001349101,0.001031708,0.000175125,0.001277023,0.001519131,0.001335345,0.001648995,0.001474561,0.001266357,0.002198601,0.001359957,0.003973549,0.002883446,0.002768182,0.001622081,0.002358147,0.004203575,0.004878536,0.003786786
758,0.005099173,0.00472983,0.003771232,0.003568314,0.003191708,0.00300155,0.001567122,0.001641136,0.002617904,0.015881171,0.001998158,0.002040061,0.002442334,0.003196099,0.001256136,0.001319259,0.001256136,0.002997753,0.002413483,0.008879788,0.006113778,0.001803288,0.00744254,0.008022161,0.013232456,0.008598031,0.006570179,0.001088274,0.00689767,0.008598031,6.9726E-05,0.001124759,0.001342778,0.001342778,0.001028518,0.00019318,0.001288322,0.001528647,0.001342331,0.001650059,0.001492242,0.001276989,0.00218759,0.001365575,0.00396949,0.002902263,0.002784496,0.001638248,0.002369459,0.00417302,0.004889459,0.003770925
759,0.005141287,0.004733238,0.003777722,0.003592591,0.003197123,0.003036305,0.001582076,0.00165879,0.002593463,0.016005093,0.002019346,0.002054455,0.002483403,0.003224555,0.001273146,0.001345246,0.001273146,0.002990534,0.002285545,0.008995935,0.006280347,0.001879305,0.007613662,0.00817748,0.013194562,0.008551144,0.006634683,0.001115415,0.007057195,0.008551144,0.000192164,0.001254647,0.001394442,0.001394442,0.001042575,0.000296687,0.001340982,0.001555061,0.001377266,0.001649131,0.001507968,0.001306067,0.002125706,0.001373502,0.003895189,0.002922581,0.002818009,0.001658901,0.002379216,0.00407589,0.004895168,0.003673768
760,0.005190666,0.004748957,0.003800336,0.003624767,0.003218937,0.003102838,0.001603205,0.001681473,0.002583849,0.01599721,0.002048742,0.002073805,0.002528947,0.003262707,0.001296517,0.001376676,0.001296517,0.002997415,0.002149274,0.009003246,0.006471783,0.001997311,0.007871666,0.008388629,0.013250521,0.008486608,0.006729927,0.001149258,0.007265931,0.008486608,0.000374477,0.001382527,0.001471614,0.001471614,0.00106931,0.000445192,0.001392899,0.00156991,0.001404839,0.001659633,0.001504395,0.001314632,0.002044909,0.001372522,0.003803515,0.002915853,0.002824667,0.001659275,0.002371843,0.003989951,0.004883534,0.003579571
761,0.005197211,0.004777971,0.003834271,0.00364045,0.003259464,0.003201445,0.001620164,0.001697177,0.002636233,0.015572921,0.002079609,0.002089547,0.002530981,0.003295765,0.001317396,0.001392651,0.001317396,0.003019924,0.00215812,0.008544959,0.006531276,0.002162437,0.008238452,0.008643526,0.013723905,0.008445991,0.006885401,0.001173336,0.007495201,0.008445991,0.000460606,0.001419047,0.001490798,0.001490798,0.001078799,0.000508245,0.001403456,0.001567861,0.001404463,0.001672127,0.001502776,0.001304749,0.002014984,0.001369235,0.003782083,0.002907622,0.002814126,0.001655164,0.002366025,0.003970587,0.004877113,0.003566671
762,0.005185027,0.004787954,0.003834431,0.003632314,0.003268688,0.003262081,0.001624661,0.001704051,0.002649312,0.015420591,0.002086427,0.002097773,0.002545664,0.003321366,0.001328763,0.001390673,0.001328763,0.003024527,0.002227913,0.008521746,0.006503858,0.002299473,0.008468324,0.008814187,0.013942801,0.008482005,0.006970664,0.001182258,0.007449948,0.008482005,0.000628923,0.001455029,0.001518257,0.001518257,0.001095177,0.000624355,0.001417045,0.001556409,0.001402215,0.001685811,0.001480016,0.001290046,0.001950676,0.001356248,0.00374435,0.002881164,0.002796281,0.001633875,0.002340131,0.003972881,0.00483858,0.003543845
763,0.005159669,0.004785531,0.003815774,0.003610679,0.003260339,0.0032958,0.001621555,0.001704542,0.002644966,0.015425995,0.002078589,0.00210048,0.002564345,0.003339773,0.00133322,0.001376813,0.00133322,0.003023763,0.002333883,0.008721564,0.006417695,0.002409233,0.008605855,0.008924169,0.014016102,0.008560553,0.007010545,0.001180658,0.007246379,0.008560553,0.000687223,0.001415098,0.001517466,0.001517466,0.001100525,0.000658442,0.001404729,0.001539985,0.001388013,0.001683058,0.001456024,0.001278079,0.001922787,0.001342438,0.003738616,0.002853147,0.002777848,0.001609533,0.002318878,0.0040228,0.004803881,0.003548925
764,0.005114738,0.004772029,0.0038063,0.003593441,0.003259287,0.003287963,0.001615901,0.001694253,0.002691548,0.015413508,0.002065961,0.002093242,0.002552133,0.003332851,0.001325772,0.001350908,0.001325772,0.003069331,0.002443305,0.008628986,0.00626221,0.002422,0.00863601,0.0089333,0.014124204,0.008616876,0.007013101,0.00116447,0.00706903,0.008616876,0.000663335,0.001375705,0.0015084,0.0015084,0.001098984,0.000639472,0.001389381,0.001532965,0.001375684,0.001679114,0.001453173,0.001270933,0.001929282,0.001338328,0.003749183,0.002843357,0.002766721,0.001602368,0.002317702,0.004051061,0.004801293,0.00356393
765,0.005062704,0.004751201,0.003789022,0.003566393,0.003241599,0.003253911,0.001607618,0.001681455,0.002716392,0.015462802,0.002049635,0.002086118,0.002533921,0.003316667,0.001314312,0.001328613,0.001314312,0.00309132,0.002542132,0.008612916,0.006117363,0.002368273,0.008497389,0.008842165,0.014129609,0.008665306,0.006940537,0.001143022,0.006868375,0.008665306,0.000536212,0.001267501,0.001472781,0.001472781,0.001091491,0.000549136,0.001351059,0.001514695,0.001348596,0.001673664,0.001436154,0.00125232,0.001968137,0.001329951,0.003782139,0.002823551,0.00274646,0.001589037,0.002314657,0.004123761,0.00479279,0.00361096
766,0.005006263,0.004724994,0.003766019,0.003532291,0.00321156,0.003199673,0.001597367,0.001666867,0.002724348,0.015558991,0.002030709,0.002078887,0.00251134,0.003293434,0.001300005,0.001309365,0.001300005,0.003094894,0.002630518,0.008654573,0.005983006,0.002263022,0.00823241,0.008673772,0.014054813,0.008707326,0.006812763,0.001117687,0.00665469,0.008707326,0.000379664,0.001172749,0.001433249,0.001433249,0.001081002,0.000439221,0.001323664,0.001500186,0.001327503,0.001669563,0.001414681,0.001242732,0.002015131,0.001328643,0.0038191,0.002807718,0.002729635,0.001582604,0.002308849,0.004182334,0.004800279,0.003663732
767,0.004980618,0.00470353,0.003748313,0.003509339,0.003187943,0.003132246,0.001587625,0.001655539,0.00271646,0.015664535,0.002017877,0.002065331,0.002493848,0.003268132,0.001291481,0.001300583,0.001291481,0.003078189,0.002639678,0.008696556,0.00592834,0.002113711,0.007998635,0.008452991,0.013891805,0.008734575,0.006732191,0.001094955,0.006588115,0.008734575,0.000326351,0.001146807,0.00142027,0.00142027,0.001076464,0.000400672,0.001319241,0.001496928,0.001321167,0.001666969,0.001407374,0.001244611,0.002029766,0.001331602,0.003833673,0.002801901,0.002721943,0.001582338,0.002304908,0.004196467,0.004813685,0.003684479
768,0.004955622,0.004682401,0.003730877,0.003494158,0.003169258,0.003080896,0.001580204,0.001647831,0.002704963,0.015736617,0.002010771,0.002056322,0.002480209,0.003247595,0.001283016,0.001295243,0.001283016,0.003061166,0.002626396,0.008732056,0.005902779,0.002002312,0.007808981,0.008279621,0.013734469,0.008732462,0.006658684,0.001079293,0.006559518,0.008732462,0.000239921,0.001106335,0.001398956,0.001398956,0.001068576,0.000335771,0.00130826,0.001490411,0.00131106,0.001660578,0.001407857,0.001241565,0.002056276,0.001332325,0.003857068,0.00279612,0.002715517,0.001579877,0.002301885,0.004214373,0.004820866,0.003715477
769,0.004931273,0.004661606,0.003713712,0.00348675,0.003155506,0.003045625,0.001575105,0.001643741,0.002689856,0.015775237,0.002009391,0.00205186,0.002470423,0.003231822,0.001274608,0.001293345,0.001274608,0.003043823,0.002590673,0.008761076,0.005906323,0.001928824,0.00766345,0.008153662,0.013582804,0.008700988,0.006592243,0.001070701,0.006568899,0.008700988,0.000206805,0.001091805,0.001390619,0.001390619,0.001065225,0.00030942,0.001301702,0.001487153,0.001307289,0.001656782,0.001415646,0.00123664,0.002068151,0.001330088,0.003865892,0.002796155,0.002716782,0.001577682,0.002302802,0.004218147,0.00481464,0.003725728
770,0.00492936,0.004654628,0.003707233,0.003484659,0.003147388,0.003025065,0.001575518,0.00164435,0.00267222,0.015784245,0.002008216,0.002050169,0.002466955,0.003221991,0.001272525,0.001297555,0.001272525,0.003033846,0.002549089,0.008756459,0.005936426,0.00189482,0.007562984,0.008074057,0.013485096,0.008681966,0.006552555,0.001065412,0.006608607,0.008681966,0.000133021,0.001061853,0.001379085,0.001379085,0.001058404,0.000256519,0.001293694,0.001481048,0.001312571,0.001647991,0.001418431,0.001237095,0.002094888,0.001334947,0.003888048,0.002793179,0.002720213,0.001577383,0.002312579,0.004223617,0.004819403,0.003741465
771,0.004926614,0.00464795,0.003704078,0.003482267,0.003140011,0.003013528,0.001576785,0.001646983,0.002656712,0.015777028,0.002009609,0.002050063,0.002463755,0.003212731,0.001270562,0.001301533,0.001270562,0.003030117,0.00250928,0.008754332,0.005968692,0.001868331,0.007482019,0.008009591,0.013408601,0.008661205,0.00652313,0.001063592,0.006654356,0.008661205,7.87006E-05,0.001038186,0.001374978,0.001374978,0.00105599,0.000220705,0.001290228,0.001478776,0.001321289,0.00164236,0.001412907,0.001238784,0.002115004,0.001341086,0.00390718,0.002795261,0.0027265,0.001585523,0.002321001,0.004233319,0.004838046,0.00375037
772,0.004921923,0.004641109,0.00370473,0.003479282,0.003133357,0.003012896,0.001578922,0.001652006,0.002644013,0.015750328,0.002014263,0.002051866,0.002460647,0.003203964,0.001268502,0.001304974,0.001268502,0.003034051,0.00247196,0.008756698,0.006002663,0.001849852,0.007424099,0.007962567,0.013356983,0.00863774,0.006505714,0.001066055,0.006706601,0.00863774,6.5046E-05,0.001029941,0.001374069,0.001374069,0.001057045,0.000211442,0.00128821,0.001479351,0.001320954,0.001641723,0.001412387,0.001235093,0.002120256,0.001340128,0.00391298,0.002800356,0.002730621,0.001591767,0.002320562,0.004241326,0.0048457,0.003753789
773,0.00492957,0.004643524,0.003707119,0.00348261,0.003133964,0.003016785,0.001581789,0.00165418,0.002640109,0.015735472,0.002018915,0.002052766,0.00246413,0.003199992,0.001270579,0.001306344,0.001270579,0.003027875,0.002435611,0.00877598,0.006031305,0.00181634,0.007386546,0.007931387,0.013302338,0.008637062,0.006488146,0.001067074,0.006734951,0.008637062,4.2422E-05,0.001020885,0.001375525,0.001375525,0.001060507,0.000194819,0.001290064,0.001482679,0.001317393,0.001642869,0.001417819,0.001234771,0.002131616,0.001344219,0.00392299,0.002806371,0.002736447,0.001596407,0.002327112,0.004250662,0.004860759,0.00375557
774,0.004938656,0.004647971,0.003712595,0.003486804,0.003137434,0.003022112,0.001585325,0.001657923,0.002639942,0.015720412,0.002025037,0.002055297,0.002468533,0.003196488,0.001273779,0.001308895,0.001273779,0.003023694,0.002403813,0.008791344,0.006056877,0.001795119,0.007363507,0.007908489,0.013259691,0.008630257,0.006475534,0.001069099,0.006755749,0.008630257,3.07788E-05,0.001019471,0.00137649,0.00137649,0.001061779,0.000186661,0.001295128,0.001486067,0.001316069,0.00164433,0.00142511,0.001242758,0.002142024,0.001353547,0.003935919,0.00281249,0.002745305,0.001598108,0.00233675,0.004259481,0.004885736,0.003762399
775,0.004947859,0.004654125,0.003723001,0.003491276,0.003144403,0.003029031,0.001589862,0.001664877,0.002644476,0.015702765,0.002033659,0.002060775,0.002473253,0.003192873,0.001278108,0.001313847,0.001278108,0.003024823,0.002379579,0.008796837,0.006078229,0.001797668,0.007361327,0.007896695,0.013238049,0.008608707,0.006471389,0.001073111,0.006768209,0.008608707,2.8105E-05,0.001018868,0.00137509,0.00137509,0.001060644,0.000185864,0.00129632,0.001486703,0.001317969,0.001644008,0.001426447,0.001247376,0.002146324,0.001357827,0.003944639,0.002817688,0.002752458,0.001601411,0.002339398,0.00426697,0.004903309,0.003770867
776,0.004957722,0.004662511,0.003728308,0.003498673,0.00314669,0.003037446,0.00159353,0.001672644,0.002645751,0.015708531,0.002041824,0.002067505,0.002483802,0.003192779,0.001282168,0.001316512,0.001282168,0.003022302,0.002359864,0.0088238,0.006094851,0.001802255,0.007345523,0.007890495,0.013225282,0.008611276,0.006468084,0.00107533,0.006770886,0.008611276,2.71339E-05,0.001022281,0.001376527,0.001376527,0.001063992,0.000185261,0.001302316,0.001488341,0.00132568,0.001650739,0.001432324,0.001252381,0.002150021,0.001366495,0.003954003,0.002826535,0.002770767,0.001605309,0.002351705,0.004279541,0.004924331,0.003792522
777,0.004968404,0.004672566,0.003734886,0.003507136,0.003150199,0.003045004,0.001599212,0.001679454,0.002647501,0.015717838,0.00204983,0.002074264,0.002493001,0.003193454,0.001287277,0.001319352,0.001287277,0.003020155,0.002340114,0.008847349,0.006110476,0.001804375,0.007333728,0.007884506,0.013214219,0.008615594,0.006468864,0.001077986,0.006772101,0.008615594,2.46894E-05,0.001025183,0.001381007,0.001381007,0.001070777,0.000189269,0.001309462,0.00149424,0.001333179,0.001656461,0.001439098,0.001251689,0.002151496,0.001374481,0.003962928,0.002837988,0.002785705,0.001609699,0.002368193,0.004293904,0.004944249,0.003813681
778,0.00498063,0.004685392,0.003746455,0.003516736,0.003158412,0.003050021,0.001609748,0.001683788,0.002651689,0.015725098,0.002057679,0.002080555,0.002496721,0.003194345,0.001294835,0.00132355,0.001294835,0.003020388,0.002318372,0.008854193,0.006125883,0.001800143,0.007336627,0.007876616,0.013203188,0.008613583,0.006478384,0.001082376,0.006774213,0.008613583,2.05423E-05,0.001024069,0.00138265,0.00138265,0.00107308,0.00019308,0.001311805,0.001499137,0.001334867,0.00165513,0.001441333,0.001250609,0.002153574,0.001378079,0.003971208,0.002845792,0.002789487,0.001613494,0.002375023,0.004303184,0.004960718,0.003821654
779,0.004995681,0.004699304,0.003763274,0.003532427,0.003169532,0.0030609,0.001615713,0.0016922,0.002657597,0.015727717,0.002067008,0.002089543,0.0025062,0.003198125,0.001301233,0.001329415,0.001301233,0.003022283,0.002296002,0.008875511,0.006146801,0.001811242,0.007343331,0.007879115,0.013198042,0.008621517,0.006484749,0.001085802,0.006773301,0.008621517,2.14498E-05,0.001027629,0.001386702,0.001386702,0.001079417,0.00019985,0.001319226,0.001499833,0.001341536,0.001659152,0.001451052,0.001259935,0.0021585,0.00138353,0.003991607,0.002868207,0.002805942,0.001626873,0.002393049,0.004325094,0.005001969,0.003846886
780,0.005012029,0.004715026,0.003779988,0.003547287,0.003181494,0.003072452,0.001621321,0.00170073,0.002664126,0.015731685,0.00207791,0.002099961,0.002516944,0.003201605,0.001308054,0.001334898,0.001308054,0.003025248,0.002273481,0.008897636,0.006168621,0.001826185,0.007354159,0.00788391,0.013198269,0.008631403,0.006491999,0.001089699,0.006774112,0.008631403,2.91568E-05,0.00103171,0.001391947,0.001391947,0.001085147,0.000206557,0.001326695,0.001498707,0.001351415,0.001666077,0.001464133,0.001274823,0.00216328,0.00139036,0.004010376,0.002883884,0.002829132,0.001640368,0.002407234,0.004344684,0.005035454,0.003866596
781,0.005029879,0.00473526,0.003791944,0.003554499,0.003193522,0.003081059,0.001629723,0.001706168,0.002671067,0.01574363,0.002092276,0.002112389,0.002526612,0.003201742,0.001317125,0.001337828,0.001317125,0.003030018,0.002251042,0.008909934,0.006188481,0.001839687,0.007374139,0.007886803,0.013209638,0.00863873,0.006504571,0.00109583,0.006782653,0.00863873,3.18091E-05,0.001031116,0.001394784,0.001394784,0.001086844,0.000210307,0.001329087,0.001501784,0.001356315,0.00166765,0.001469729,0.001279305,0.002165211,0.001395337,0.004017027,0.002884951,0.002839648,0.00164428,0.002410223,0.004351644,0.005044158,0.003869046
782,0.005050006,0.004757585,0.003808643,0.003568079,0.003203189,0.003090186,0.001640106,0.001714174,0.002675193,0.015749913,0.002104268,0.002121287,0.002539805,0.003204583,0.001323924,0.001345719,0.001323924,0.003035106,0.002229347,0.008930671,0.006215726,0.001855124,0.00738504,0.007898067,0.013210439,0.008650108,0.00650961,0.001100133,0.006788052,0.008650108,4.57458E-05,0.001035086,0.001399018,0.001399018,0.001091809,0.000217779,0.001336169,0.001508494,0.00136758,0.001673168,0.001477726,0.001285988,0.002166058,0.001405797,0.004026879,0.002901636,0.002860241,0.001654559,0.002426073,0.004364262,0.005068313,0.003883296
783,0.005072265,0.004781364,0.003828403,0.003585263,0.003211697,0.003100077,0.00165125,0.00172371,0.002679592,0.015756061,0.002115975,0.002130021,0.002554049,0.003208991,0.001331159,0.001354637,0.001331159,0.003041277,0.00220818,0.008951172,0.006244927,0.001869558,0.007397081,0.007912374,0.013213109,0.008660646,0.006515348,0.001104208,0.006792708,0.008660646,6.01792E-05,0.001044802,0.001406577,0.001406577,0.001099431,0.000230106,0.001343109,0.001518246,0.001381073,0.00168112,0.001486947,0.001291821,0.002160139,0.001414921,0.004034557,0.002925951,0.002881844,0.001668167,0.002445967,0.004375532,0.005099568,0.003895351
784,0.005099844,0.004807877,0.00385335,0.003607247,0.003219178,0.003112363,0.001662353,0.001735509,0.002689827,0.015771023,0.002130399,0.002143905,0.002566922,0.003215605,0.001344024,0.001359705,0.001344024,0.003051538,0.002188029,0.008956681,0.006270218,0.001876513,0.007429038,0.007925771,0.013241274,0.008660888,0.006536562,0.001110335,0.006799403,0.008660888,6.33282E-05,0.001049953,0.001412739,0.001412739,0.001103784,0.000238711,0.001345359,0.001524363,0.0013882,0.001685126,0.001493767,0.001295452,0.002155305,0.001418561,0.004039034,0.002934648,0.00289337,0.001675407,0.002453,0.004381145,0.005115373,0.003895606
785,0.005127657,0.004832615,0.003871337,0.003628351,0.003235938,0.003124232,0.001670636,0.001745695,0.002696716,0.015789023,0.002145775,0.002157536,0.002581296,0.003221743,0.001354809,0.001367257,0.001354809,0.003059827,0.002165355,0.008980009,0.006297949,0.001893298,0.007465343,0.007957166,0.013258697,0.008670832,0.006569058,0.00111785,0.006812299,0.008670832,7.34373E-05,0.001066442,0.001421421,0.001421421,0.001111313,0.000259744,0.001355136,0.001539397,0.001401246,0.001695198,0.001505163,0.001308275,0.002143545,0.001427782,0.00404751,0.002954976,0.002917599,0.001687633,0.002469595,0.0043853,0.005153629,0.003887842
786,0.005155721,0.004857053,0.003888247,0.003648711,0.00325727,0.003136322,0.001678363,0.001755545,0.002702323,0.015806411,0.002161706,0.002171141,0.00259641,0.003227876,0.001364928,0.001376049,0.001364928,0.003067657,0.002141246,0.009009811,0.006327751,0.001916942,0.007509469,0.007999089,0.013275819,0.008685365,0.006606457,0.00112588,0.006828853,0.008685365,9.19569E-05,0.001082117,0.001428804,0.001428804,0.00111848,0.000282695,0.001366948,0.001550144,0.00141534,0.001704111,0.001518204,0.00132294,0.002134091,0.001437166,0.004053575,0.00297204,0.002944073,0.001701995,0.002485558,0.004384769,0.005191736,0.003890587
787,0.005184614,0.004885008,0.003919602,0.00366716,0.003278614,0.003151032,0.001691203,0.001768213,0.002710182,0.015810856,0.002178159,0.002185353,0.002611532,0.003235427,0.001377244,0.001384946,0.001377244,0.003078634,0.002115952,0.009025474,0.006362893,0.001952979,0.007588473,0.008051233,0.013323587,0.008698732,0.006639834,0.001132882,0.00684911,0.008698732,0.000103516,0.001086455,0.001433667,0.001433667,0.00112247,0.000293217,0.001371232,0.001551974,0.001423515,0.001706957,0.00152667,0.001328414,0.002131563,0.00144097,0.00405564,0.002977472,0.002957845,0.001711371,0.00249196,0.004385696,0.005207392,0.003901354
788,0.005220055,0.00491069,0.003948631,0.00369087,0.003296624,0.003168262,0.00170466,0.001779809,0.002718038,0.015819836,0.002195592,0.002199401,0.002627092,0.003244342,0.001388319,0.001395295,0.001388319,0.003089055,0.002090189,0.009043329,0.006398259,0.002006397,0.007667221,0.008106218,0.013364568,0.008706021,0.006682439,0.001140915,0.006870223,0.008706021,0.000122879,0.001099924,0.001443729,0.001443729,0.001131412,0.00031861,0.001384319,0.0015622,0.001438122,0.001717589,0.001542576,0.001338882,0.002120108,0.001452093,0.004066699,0.003003606,0.002981909,0.001733574,0.002513349,0.004401052,0.005259739,0.00391496
789,0.005258906,0.00493598,0.003975866,0.003717315,0.003313384,0.003187201,0.001718484,0.001790628,0.002726211,0.015831314,0.002213511,0.002213446,0.002642834,0.003253948,0.001398671,0.001406124,0.001398671,0.003099023,0.002064371,0.009061617,0.006433447,0.002065801,0.007742089,0.008161235,0.013402107,0.008711121,0.006728778,0.001149701,0.006890582,0.008711121,0.000137109,0.001108264,0.001453295,0.001453295,0.001140825,0.000337939,0.001395641,0.00157472,0.001447607,0.001728636,0.00155487,0.00135047,0.002113003,0.001465243,0.004091308,0.00303226,0.003008765,0.001753668,0.00254208,0.004433953,0.005307013,0.003929218
790,0.005289914,0.004972022,0.00399999,0.003737412,0.003339071,0.003207128,0.001732034,0.001800531,0.002737617,0.01583874,0.002229993,0.002228513,0.002657589,0.003261716,0.001409732,0.001412424,0.001409732,0.003108013,0.002041035,0.009070121,0.006465395,0.00207337,0.007779382,0.008198216,0.013448724,0.008733371,0.006753222,0.00115946,0.006897787,0.008733371,0.000143535,0.001107473,0.001457662,0.001457662,0.001145286,0.000342398,0.001398161,0.001578844,0.00145066,0.001731897,0.001559724,0.001357064,0.002114826,0.001471076,0.004106924,0.003040214,0.003025329,0.001760937,0.002555824,0.004452424,0.005317597,0.003940635
791,0.005321856,0.005007327,0.004022191,0.003762029,0.003356339,0.003229733,0.001744716,0.001813503,0.002749479,0.015843624,0.00224989,0.002243072,0.002673592,0.003267121,0.001423598,0.001422769,0.001423598,0.003120551,0.002017309,0.009092028,0.00649727,0.002085166,0.007811331,0.008220764,0.013470077,0.008745864,0.006772485,0.00116528,0.006902462,0.008745864,0.000152641,0.001112587,0.001463892,0.001463892,0.001154865,0.000349623,0.001407274,0.001591292,0.001460455,0.001748504,0.001579966,0.00137388,0.002128449,0.001486105,0.004141978,0.003069986,0.003064691,0.001777073,0.002580259,0.004506213,0.005370937,0.003980401
792,0.005354442,0.00504207,0.004043427,0.003790246,0.003367603,0.003254111,0.001756745,0.001828771,0.002761628,0.015846316,0.002272219,0.002257293,0.002690514,0.003270631,0.001439423,0.00143621,0.001439423,0.003135735,0.001993334,0.009124231,0.006529116,0.002100223,0.007837328,0.008230862,0.013471508,0.008750915,0.006787411,0.001168121,0.006904873,0.008750915,0.000158933,0.001121499,0.001467798,0.001467798,0.001163368,0.000355583,0.001415649,0.001600631,0.00147559,0.001761525,0.001600747,0.001387593,0.002147336,0.001500175,0.00417068,0.003100713,0.003098488,0.001790189,0.002601374,0.004549756,0.005422404,0.004012361
793,0.005384165,0.005077381,0.004082376,0.003820003,0.003398657,0.003267728,0.001769712,0.001840316,0.002771505,0.015842722,0.002286489,0.002273535,0.002705402,0.003272862,0.00144735,0.001447001,0.00144735,0.00314632,0.001971193,0.009148868,0.006561881,0.002113393,0.007806626,0.00820499,0.013470609,0.008763147,0.00679378,0.001174724,0.006898331,0.008763147,0.000162543,0.001124507,0.00146984,0.00146984,0.001166755,0.000358778,0.001417432,0.001601647,0.001483983,0.001761202,0.001606138,0.001391085,0.002154424,0.00150505,0.004179944,0.003109619,0.003109486,0.001794438,0.002611797,0.00455798,0.005431115,0.004015973
794,0.005420266,0.00511676,0.00411843,0.00384853,0.003421014,0.003282419,0.001781466,0.001851626,0.002783757,0.015852619,0.002302892,0.002289368,0.002720795,0.003277818,0.00145871,0.001455863,0.00145871,0.003155958,0.001951574,0.009179558,0.00659118,0.002119995,0.007815256,0.008206317,0.013470962,0.008775266,0.006806959,0.001182523,0.006896831,0.008775266,0.000174882,0.001134486,0.001479566,0.001479566,0.001174444,0.000372678,0.001427302,0.00160842,0.001498474,0.001767327,0.001614342,0.001400223,0.002149207,0.001518522,0.004183892,0.00313674,0.003133162,0.001805301,0.00262924,0.004569103,0.005463957,0.004020416
795,0.005462495,0.005160047,0.004151702,0.003875874,0.003435015,0.003298142,0.001792053,0.001862711,0.002798291,0.015875478,0.002321343,0.002304806,0.002736674,0.003285391,0.00147337,0.00146287,0.00147337,0.003164686,0.00193438,0.009216066,0.006617149,0.002120287,0.007861677,0.008233777,0.013472518,0.008787277,0.006826681,0.001191473,0.006900176,0.008787277,0.000183609,0.001141458,0.001487251,0.001487251,0.001178748,0.000383384,0.001435391,0.001614179,0.001504572,0.001773775,0.001617156,0.00140587,0.002136903,0.001527121,0.004178576,0.003154954,0.003145838,0.001811914,0.00263626,0.004572002,0.005488087,0.004021246
796,0.005497532,0.005190107,0.004178198,0.003898511,0.003460536,0.003319826,0.001808584,0.001876713,0.002813407,0.015870064,0.002338977,0.00232264,0.00275773,0.003294241,0.001484713,0.00147177,0.001484713,0.003179844,0.001917388,0.00922434,0.006648978,0.002147241,0.007942085,0.008285203,0.013547492,0.008805199,0.006860755,0.001200151,0.006918968,0.008805199,0.000195588,0.001147275,0.001497693,0.001497693,0.001189967,0.000401498,0.001448376,0.001624705,0.001518796,0.001787439,0.00163268,0.001421305,0.002132133,0.001535454,0.00419757,0.003176659,0.003173925,0.001829403,0.00266141,0.00460223,0.005538544,0.00404802
797,0.005534556,0.00521968,0.004204287,0.003924707,0.00348358,0.003333055,0.001824622,0.001889269,0.002824019,0.015881252,0.002356338,0.002338161,0.002775881,0.003299622,0.001496943,0.001480347,0.001496943,0.003190391,0.001898212,0.009245562,0.006681282,0.002185486,0.007994103,0.008314653,0.01358476,0.008822734,0.00688409,0.001207395,0.006928885,0.008822734,0.000200984,0.001151516,0.00150474,0.00150474,0.001199502,0.00041446,0.001458202,0.001632587,0.001532424,0.001800048,0.001650344,0.001434372,0.002142384,0.001542383,0.00423354,0.003194338,0.003201579,0.001844786,0.002691173,0.004631898,0.005586901,0.004078682
798,0.005574084,0.005248996,0.004230061,0.003955195,0.003503438,0.003336216,0.001839942,0.001900056,0.002829332,0.015912605,0.002373399,0.002350907,0.002790498,0.003300901,0.001510295,0.001488497,0.001510295,0.003195372,0.001876467,0.00928266,0.006714002,0.002236346,0.008011978,0.008317729,0.013576004,0.008839672,0.006894476,0.001212961,0.006928012,0.008839672,0.000203127,0.001156912,0.001509029,0.001509029,0.001202121,0.000420014,0.00146313,0.001635701,0.001537925,0.00180544,0.001655299,0.001437652,0.0021451,0.001549578,0.004245198,0.003208527,0.003213822,0.001849293,0.002702804,0.004634234,0.005608931,0.004083399
799,0.005607574,0.005283803,0.004260131,0.003975333,0.003523507,0.003355717,0.001850519,0.001914279,0.00284153,0.015914606,0.002391873,0.002367904,0.002802195,0.003307224,0.001522956,0.001497787,0.001522956,0.00320695,0.00185307,0.009297251,0.006751062,0.002232586,0.008023228,0.008340929,0.013578637,0.008850494,0.006913376,0.001221373,0.006933489,0.008850494,0.000221113,0.001173076,0.001520043,0.001520043,0.001213429,0.000433416,0.001471782,0.001643454,0.001554362,0.001814649,0.001671637,0.001450701,0.0021467,0.001564038,0.004249399,0.003232826,0.003241165,0.001856482,0.002721228,0.004651128,0.005635466,0.004109147
800,0.005640589,0.005317666,0.004288305,0.003994673,0.003541916,0.003369569,0.001861742,0.00192729,0.002853682,0.015916971,0.002409939,0.002382579,0.002813793,0.00331252,0.001534312,0.001507176,0.001534312,0.003219238,0.001830469,0.009308759,0.00678684,0.002234147,0.008053681,0.008370657,0.013598194,0.008852173,0.006939523,0.00122932,0.006945067,0.008852173,0.000241356,0.001186828,0.001529176,0.001529176,0.001224175,0.000447738,0.001478838,0.001655492,0.001568362,0.001821789,0.001684594,0.001463299,0.00214017,0.001575435,0.004253986,0.003247988,0.00326013,0.00187215,0.002732091,0.004667353,0.005667516,0.004121426
801,0.005673575,0.005349576,0.004313284,0.004013987,0.003557914,0.003373522,0.001874408,0.001938184,0.00286502,0.015923042,0.002427263,0.002393453,0.002825565,0.00331579,0.001543865,0.001516584,0.001543865,0.003231832,0.001809191,0.009318266,0.006820303,0.002249282,0.008112486,0.008407603,0.01364087,0.00884136,0.006975175,0.001236289,0.006964736,0.00884136,0.000245756,0.001189814,0.001531585,0.001531585,0.001226234,0.000454211,0.001482171,0.001662892,0.001571428,0.001825113,0.001686167,0.001466127,0.002134756,0.001579567,0.004266031,0.003253038,0.003263995,0.001885136,0.002736163,0.00466902,0.005695061,0.004112675
802,0.005707556,0.005374183,0.004338729,0.004044247,0.003578076,0.003386182,0.001883934,0.001946252,0.002869752,0.015929833,0.002439697,0.002404368,0.00284334,0.003325978,0.001555074,0.001524328,0.001555074,0.003244489,0.001788542,0.009334256,0.006850319,0.002280226,0.008139096,0.00843017,0.013653178,0.008861273,0.006999953,0.001242448,0.006970769,0.008861273,0.000254348,0.001192599,0.001540936,0.001540936,0.001237041,0.000467814,0.001494894,0.001675064,0.001578326,0.001834376,0.001693707,0.001474066,0.002139468,0.001583942,0.004288571,0.003265193,0.003283481,0.001902229,0.002755167,0.004696623,0.005731176,0.004126413
803,0.005735961,0.005396342,0.004360621,0.004068098,0.003595314,0.003396777,0.001892579,0.001954211,0.002874721,0.015929544,0.002451521,0.002415529,0.002857772,0.003332482,0.001563024,0.001532412,0.001563024,0.003254906,0.001768071,0.009347549,0.006875944,0.002299731,0.008154199,0.00843854,0.013660864,0.008879451,0.007009565,0.001248113,0.006971194,0.008879451,0.000257392,0.001190956,0.001549541,0.001549541,0.001248408,0.000474249,0.001507121,0.001683551,0.001587976,0.001841243,0.00170161,0.001484555,0.002153075,0.001591494,0.004310433,0.00328176,0.003301427,0.001906916,0.002771497,0.004735675,0.005752312,0.004157718
804,0.005754211,0.005415918,0.004376082,0.004077899,0.003606347,0.003401594,0.001900421,0.001962659,0.002881715,0.015916495,0.002463446,0.002427117,0.002864807,0.003330761,0.001564777,0.0015415,0.001564777,0.003261325,0.001747765,0.009354477,0.006894596,0.002295066,0.008156649,0.008425157,0.013667694,0.008887099,0.006994849,0.001253096,0.006964959,0.008887099,0.000256245,0.001189512,0.001551204,0.001551204,0.001251027,0.000473555,0.001509958,0.001687265,0.001593792,0.001842171,0.001703545,0.001489935,0.002156558,0.001598805,0.004321801,0.003291222,0.003303752,0.001907497,0.002772894,0.004748792,0.005764879,0.004166532
805,0.005768715,0.005434765,0.004394733,0.004089666,0.003621631,0.003404047,0.001908233,0.001970012,0.002890552,0.015931362,0.002476119,0.002436041,0.002869485,0.003330717,0.001573709,0.001544387,0.001573709,0.00326688,0.001728299,0.00937613,0.00690943,0.002270328,0.008132383,0.008396938,0.013639107,0.008893397,0.006989386,0.001249774,0.006959218,0.008893397,0.000250742,0.001187562,0.001553923,0.001553923,0.00125732,0.000478158,0.001516487,0.001691089,0.001596374,0.001850576,0.001702391,0.001493588,0.002166845,0.001608054,0.004335538,0.003300525,0.003315682,0.001909564,0.002777225,0.004764889,0.00577829,0.004185015
806,0.005781425,0.005450344,0.004410849,0.004102848,0.003633039,0.003406716,0.001914569,0.001975163,0.002896617,0.015949993,0.002486278,0.002442882,0.002873525,0.003330012,0.001580552,0.00154599,0.001580552,0.003269502,0.001708156,0.009392945,0.006922084,0.002255912,0.008108118,0.008376518,0.013612114,0.008895753,0.006986586,0.00125003,0.006955514,0.008895753,0.000249357,0.001192978,0.001557916,0.001557916,0.001262435,0.000486746,0.00152268,0.001692075,0.001600156,0.00185799,0.001697523,0.001494281,0.002167462,0.001615266,0.004332457,0.003297227,0.003320772,0.001918375,0.00277988,0.004757478,0.005781183,0.004191459
807,0.005791835,0.005459276,0.004420282,0.004118243,0.003634488,0.003410799,0.001917781,0.00197608,0.002896049,0.015965324,0.002490793,0.002446374,0.002877163,0.003327226,0.001580049,0.001547378,0.001580049,0.003266242,0.001686237,0.009393519,0.006931654,0.002271558,0.008094672,0.008378678,0.013602848,0.008890275,0.006985698,0.001261249,0.00695594,0.008890275,0.000252327,0.0011989,0.001560853,0.001560853,0.001263875,0.000490037,0.00152518,0.00169295,0.001607171,0.001857928,0.001695743,0.0014967,0.002161274,0.001620539,0.004327006,0.003294087,0.003316259,0.001925701,0.002779603,0.004747087,0.005783232,0.004188235
808,0.005801633,0.005469607,0.004424179,0.00412573,0.003633632,0.003409349,0.001920424,0.00198089,0.002897118,0.015970885,0.00249573,0.002447425,0.002883526,0.003332873,0.001584615,0.001552454,0.001584615,0.00326546,0.001665822,0.0093916,0.00694538,0.002275798,0.008124947,0.008395966,0.013603678,0.008892513,0.006999685,0.001260026,0.006969686,0.008892513,0.000269891,0.001213895,0.001576405,0.001576405,0.001270139,0.000503357,0.001536209,0.001684984,0.001606532,0.001858404,0.001700222,0.001491032,0.002136284,0.001615444,0.004297087,0.003292707,0.003306057,0.001918443,0.002764851,0.004705199,0.005760844,0.004132584
809,0.005804685,0.005475159,0.004426028,0.004128031,0.003634565,0.003412187,0.001921944,0.001984621,0.002897822,0.015976065,0.002499919,0.002448407,0.002888815,0.003340087,0.001587179,0.001556057,0.001587179,0.003265869,0.0016479,0.009388766,0.006958807,0.002291194,0.008173031,0.008428655,0.013620643,0.008893881,0.007023483,0.001257397,0.006986727,0.008893881,0.00029307,0.001234708,0.001584854,0.001584854,0.001275491,0.00052857,0.001546276,0.001678942,0.00159827,0.001854616,0.001696055,0.001485048,0.002107755,0.001602115,0.004256973,0.003282788,0.003301521,0.001904003,0.002749209,0.004651896,0.005737563,0.004074085
810,0.005789937,0.005466781,0.004426314,0.004121998,0.003641992,0.0034306,0.00192084,0.00198264,0.00289636,0.015987239,0.002501782,0.002450961,0.002889242,0.003345478,0.00158069,0.001553029,0.00158069,0.003267714,0.00163564,0.009385247,0.006968439,0.002344947,0.008237843,0.008492111,0.013673973,0.00888735,0.007063115,0.001259906,0.007003103,0.00888735,0.000301655,0.00124645,0.001580686,0.001580686,0.001276019,0.000543755,0.001547813,0.001681741,0.001597662,0.00185029,0.001685631,0.001487149,0.002098027,0.001599153,0.004241326,0.00327111,0.003302674,0.001904146,0.002748042,0.004630091,0.005738719,0.004068014
811,0.005786307,0.005457433,0.004412845,0.004113894,0.003637865,0.003435607,0.001920895,0.001981983,0.002893669,0.016017329,0.002502749,0.002447285,0.002890875,0.003351451,0.001580526,0.001553376,0.001580526,0.003266905,0.001621486,0.009397324,0.00698312,0.002399397,0.008313423,0.008567457,0.013713361,0.008883386,0.007116755,0.00126529,0.007031841,0.008883386,0.000340996,0.001277967,0.001585928,0.001585928,0.00127892,0.000575912,0.001560121,0.001683332,0.001592317,0.001851346,0.001681716,0.001484522,0.002060805,0.001594179,0.004176413,0.003244087,0.003291223,0.001892198,0.002733482,0.004574612,0.005719049,0.004014966
812,0.005781593,0.005446142,0.004396328,0.004104783,0.003630017,0.003438693,0.001919479,0.001979993,0.002890102,0.01604507,0.002503982,0.002442087,0.002893415,0.003358697,0.00158147,0.001554529,0.00158147,0.003264206,0.001606499,0.009408045,0.0070017,0.002452005,0.008402708,0.00864943,0.013754343,0.008879802,0.007175901,0.001271557,0.007070051,0.008879802,0.000384891,0.00131019,0.001602786,0.001602786,0.001284223,0.000612832,0.001572165,0.001676448,0.001590382,0.001853927,0.001677434,0.001476745,0.002014314,0.001582712,0.004114262,0.003214157,0.003268964,0.001876087,0.0027105,0.004506521,0.005667243,0.003937716
813,0.00576084,0.005429425,0.004384964,0.004094613,0.0036226,0.003450302,0.001911847,0.001972062,0.002884972,0.016043836,0.002507098,0.002438747,0.002897643,0.003369552,0.001579066,0.001554615,0.001579066,0.00325814,0.001590832,0.009396824,0.007027697,0.002497668,0.008525862,0.008740317,0.013816218,0.008874623,0.007237852,0.001277574,0.007126177,0.008874623,0.000398029,0.001322639,0.001610235,0.001610235,0.001287152,0.00063278,0.001573438,0.001670773,0.001593185,0.001851125,0.001666643,0.001473697,0.001995316,0.001573258,0.004101376,0.003199572,0.003259311,0.001872068,0.002700912,0.004472104,0.005636264,0.003907442
814,0.005739126,0.005408144,0.004363969,0.004079465,0.003608141,0.003474376,0.001909081,0.001972836,0.002876793,0.016036283,0.002504485,0.002434357,0.002895071,0.003379038,0.001576153,0.001551965,0.001576153,0.00325296,0.00157693,0.009374219,0.007042726,0.002573209,0.00864245,0.008856655,0.013892979,0.00884694,0.007305568,0.001281875,0.00718123,0.00884694,0.000441312,0.001341209,0.001621571,0.001621571,0.001291499,0.000672863,0.001583937,0.001668646,0.001593772,0.001849281,0.001653814,0.001459581,0.001937186,0.001551639,0.004063642,0.003170999,0.003208159,0.001854048,0.002665966,0.004402201,0.00558783,0.003847781
815,0.005716393,0.005382332,0.004339032,0.004061376,0.003590158,0.003500298,0.001906652,0.001975117,0.002869226,0.016015974,0.002498322,0.00242903,0.002890106,0.003387973,0.001573122,0.001548296,0.001573122,0.003248012,0.001566103,0.009344109,0.007049783,0.002653966,0.008752827,0.008968318,0.01398037,0.008819497,0.007365911,0.001284419,0.007225395,0.008819497,0.000479567,0.001351161,0.001625458,0.001625458,0.001295005,0.000699304,0.001591756,0.001663252,0.001585081,0.001847125,0.001636344,0.001444091,0.001887045,0.00153256,0.004007931,0.003141793,0.003156298,0.001828009,0.002629234,0.004350022,0.005537461,0.003803028
816,0.005690993,0.005345144,0.004314059,0.004039417,0.003569418,0.003512392,0.001897194,0.001968667,0.002869575,0.015952282,0.002487,0.002421532,0.002886785,0.003396948,0.00157047,0.001545045,0.00157047,0.003242514,0.001565308,0.009301823,0.007041944,0.002704938,0.008848168,0.009015735,0.014087151,0.008832268,0.007384782,0.001282471,0.007225013,0.008832268,0.000487677,0.00135499,0.001625457,0.001625457,0.001297092,0.00070561,0.001590349,0.00165431,0.001578605,0.001844011,0.001620912,0.001439669,0.001876036,0.001525644,0.003977068,0.003126575,0.003145935,0.001815971,0.002617859,0.00433333,0.005504549,0.003787662
817,0.005650969,0.005307354,0.004286807,0.004013627,0.003551495,0.003504247,0.001886837,0.001957352,0.002864357,0.015913766,0.002472971,0.002409161,0.002875433,0.003391453,0.001559481,0.001533109,0.001559481,0.003231944,0.001565829,0.009271707,0.007006483,0.002707571,0.008872205,0.009053095,0.014136795,0.008834742,0.007393663,0.001273967,0.007190401,0.008834742,0.000495747,0.001342295,0.001627061,0.001627061,0.001301531,0.00070459,0.001587868,0.00163332,0.001560136,0.001839941,0.001593824,0.00141569,0.001857878,0.00149677,0.003921992,0.003069004,0.003099076,0.001788009,0.002574632,0.004286701,0.005438101,0.00373429
818,0.005601257,0.005267652,0.004256462,0.003984625,0.00353272,0.003486354,0.001874485,0.001943298,0.002856335,0.015883082,0.002457076,0.002393412,0.002858858,0.003378704,0.001543678,0.001516916,0.001543678,0.003220395,0.001568617,0.009246533,0.00695296,0.002681947,0.008849128,0.009068836,0.01415546,0.008835155,0.007393741,0.001261034,0.007132793,0.008835155,0.00048,0.001323787,0.001622908,0.001622908,0.00130152,0.000693418,0.001582808,0.00161167,0.001538616,0.001827011,0.001560886,0.001384396,0.001847291,0.001470364,0.003886975,0.003003216,0.003035837,0.001751867,0.002527521,0.004244907,0.005355758,0.003694712
819,0.005537465,0.005218805,0.004214959,0.003948116,0.003501252,0.003469714,0.001853338,0.001927298,0.002847962,0.01582651,0.002438161,0.002372114,0.002835105,0.003365239,0.001523862,0.001500841,0.001523862,0.003217446,0.001580582,0.009215393,0.006874188,0.002631112,0.008758079,0.008990135,0.014158043,0.008852627,0.007371813,0.001241295,0.007040402,0.008852627,0.000464292,0.001321802,0.001617151,0.001617151,0.001299158,0.000689573,0.001578823,0.001602067,0.00152909,0.001815038,0.001539602,0.001372659,0.001843853,0.001465915,0.003876171,0.002979781,0.003009094,0.001731648,0.002512262,0.004233049,0.005306952,0.003693141
820,0.005470103,0.005159715,0.00416105,0.003903074,0.003463735,0.003420977,0.001832973,0.001907435,0.002833978,0.01588901,0.002416158,0.002347893,0.002813289,0.003354928,0.001506654,0.001483216,0.001506654,0.003195602,0.001581548,0.00923107,0.00681286,0.002574287,0.008639165,0.008899958,0.01406759,0.008871341,0.007305926,0.001225823,0.006955721,0.008871341,0.000461884,0.001329506,0.001608288,0.001608288,0.001293223,0.000687351,0.001578805,0.001575357,0.001502142,0.001788564,0.001506544,0.001339265,0.001806635,0.001445653,0.003813984,0.002931677,0.002949112,0.001703233,0.002456092,0.00415095,0.005214633,0.003610965
821,0.005399747,0.005092914,0.004100014,0.003852201,0.00342272,0.003360977,0.001813619,0.001885777,0.002816894,0.015997664,0.002392658,0.002322148,0.002793217,0.003347435,0.001491022,0.001465761,0.001491022,0.003167406,0.001575515,0.00925968,0.006765398,0.002526098,0.008528584,0.008824349,0.013944657,0.008878656,0.007231394,0.001213744,0.006888453,0.008878656,0.000475362,0.001324343,0.001610716,0.001610716,0.001287603,0.000691688,0.001580393,0.001547579,0.001469712,0.001771586,0.001472163,0.001305928,0.001764613,0.001407066,0.003718513,0.002856605,0.002873502,0.00166503,0.002386862,0.004036876,0.005098806,0.003502637
822,0.00532215,0.005012393,0.004040273,0.003794695,0.003382132,0.003362381,0.001798731,0.00186797,0.002801393,0.015913936,0.002371731,0.002297963,0.002778066,0.003347771,0.001475741,0.001457059,0.001475741,0.003177598,0.001565117,0.009170483,0.006747235,0.002576255,0.008617828,0.008921134,0.014001015,0.00878785,0.007295796,0.001208848,0.006925441,0.00878785,0.000475539,0.001309492,0.001616248,0.001616248,0.001285556,0.000694402,0.001578013,0.001536908,0.001454704,0.00176911,0.001449556,0.001294249,0.001756372,0.001384291,0.003674425,0.002806202,0.002831132,0.001635022,0.002358543,0.003993044,0.005026492,0.003474916
823,0.005219625,0.004925673,0.003965371,0.003728008,0.003329478,0.003336142,0.001772817,0.001841156,0.00278508,0.015825605,0.00233306,0.002264513,0.002741316,0.003337406,0.001448038,0.001435361,0.001448038,0.003160962,0.001566026,0.009062724,0.006675466,0.002553902,0.00858002,0.008902023,0.014062311,0.008770258,0.007244981,0.001186022,0.00692576,0.008770258,0.000435292,0.001276455,0.001603126,0.001603126,0.00127832,0.000654768,0.001568136,0.001502553,0.001404476,0.001745059,0.001396309,0.001245322,0.00173032,0.00134842,0.003599517,0.002710155,0.002740571,0.00157594,0.002278071,0.00389013,0.004865528,0.003416635
824,0.005100283,0.004832839,0.0038798,0.003654607,0.003267843,0.003289265,0.001738652,0.001808369,0.002766662,0.01574285,0.002282643,0.002224338,0.002690352,0.003319754,0.001411774,0.001404839,0.001411774,0.003125345,0.001573531,0.008952442,0.006567222,0.002476049,0.008449653,0.008800886,0.014110291,0.008798295,0.007119607,0.001151232,0.006896243,0.008798295,0.000390878,0.001253969,0.00158189,0.00158189,0.001266258,0.000606721,0.00155816,0.001459158,0.001358719,0.001711001,0.00134654,0.001193681,0.001698442,0.001312439,0.003527694,0.002624016,0.002647332,0.001525368,0.002190892,0.003774379,0.004705893,0.003319672
825,0.004987674,0.004715988,0.00379249,0.00357678,0.003198291,0.003223417,0.001696698,0.001779387,0.002727781,0.015776674,0.002239972,0.00218036,0.002649968,0.003304091,0.001376451,0.001377085,0.001376451,0.003085202,0.001564296,0.008980024,0.006469277,0.002330272,0.008262585,0.008679985,0.013935758,0.008756601,0.007067413,0.001123026,0.006808863,0.008756601,0.000386886,0.001249667,0.00157931,0.00157931,0.001259385,0.000601022,0.001555682,0.001439446,0.001348182,0.001698517,0.001327411,0.001179288,0.001684374,0.001289554,0.003486689,0.002583522,0.002602283,0.001503871,0.002155867,0.003717711,0.004634908,0.00325327
826,0.004857096,0.004596533,0.003692742,0.003492229,0.003120899,0.003164031,0.001659309,0.001745217,0.002692411,0.015801628,0.002197721,0.002136975,0.002609305,0.003287551,0.0013416,0.001349811,0.0013416,0.003055036,0.001549756,0.008959907,0.006389468,0.002254815,0.008152899,0.008620133,0.013815417,0.008710436,0.007016994,0.001103128,0.006767535,0.008710436,0.000371892,0.001240854,0.001567876,0.001567876,0.001245978,0.000587465,0.001536196,0.001403988,0.001315533,0.00166201,0.001264802,0.001138291,0.001648752,0.001238795,0.003368014,0.002476216,0.002478138,0.001446478,0.002064175,0.003578826,0.004422653,0.003134192
827,0.004712207,0.004474662,0.003583245,0.003401971,0.003037267,0.003110364,0.001625508,0.00170701,0.002660092,0.01581592,0.002155599,0.002093799,0.002568133,0.003270358,0.001307167,0.001322909,0.001307167,0.003032737,0.001530995,0.00889865,0.006323937,0.002237852,0.008105874,0.008609407,0.013742084,0.008660947,0.006968573,0.001089592,0.006765022,0.008660947,0.000347499,0.001220436,0.001552515,0.001552515,0.001230808,0.000572484,0.001517279,0.001360609,0.001267643,0.001619465,0.001203936,0.00109101,0.001609323,0.001189928,0.003241351,0.002371762,0.002358807,0.001384525,0.001971048,0.003438063,0.004224965,0.003034983
828,0.004580031,0.004343541,0.003487553,0.003305078,0.002959299,0.003070681,0.001586906,0.001675524,0.002633555,0.015720088,0.002106575,0.002041703,0.002517893,0.003255209,0.001273767,0.001295323,0.001273767,0.003000911,0.001516087,0.008769042,0.006240254,0.00225199,0.008037694,0.008572031,0.013755009,0.008622258,0.006937892,0.001061958,0.00679923,0.008622258,0.000334111,0.001204528,0.001546006,0.001546006,0.001222172,0.000565362,0.001515368,0.001332977,0.001241865,0.001600944,0.001186548,0.001070332,0.00159145,0.001168935,0.003192358,0.002334119,0.002318571,0.001358467,0.001934588,0.003379517,0.004168548,0.002988451
829,0.004440528,0.004210991,0.003383259,0.003213463,0.002886283,0.003028927,0.001546731,0.001642485,0.002603065,0.015652264,0.002058411,0.001994027,0.002470845,0.003240188,0.001237265,0.001264947,0.001237265,0.002965843,0.001504815,0.00867289,0.006150661,0.00221826,0.00794391,0.008521229,0.013731643,0.008585496,0.006880681,0.001036036,0.006791653,0.008585496,0.00030787,0.001179871,0.00153285,0.00153285,0.001210933,0.000547689,0.001510633,0.001287787,0.001199934,0.001569328,0.001146107,0.001033184,0.001565878,0.001134091,0.003115467,0.002252492,0.002241688,0.001311839,0.001870646,0.003278373,0.004049042,0.002905297
830,0.004293984,0.004077068,0.0032707,0.00312692,0.002818024,0.002985186,0.001505046,0.001607952,0.002568779,0.015611347,0.002011074,0.001950597,0.002426862,0.003225289,0.001197782,0.001231889,0.001197782,0.002927659,0.001497035,0.008608884,0.006055388,0.00213854,0.007825527,0.008457526,0.01367341,0.008550584,0.006797982,0.001011761,0.00674393,0.008550584,0.000295018,0.001171122,0.001526204,0.001526204,0.001208332,0.000537138,0.001507809,0.001270229,0.001183782,0.001556233,0.001123055,0.001016713,0.00155818,0.00112024,0.003087568,0.002208508,0.002205041,0.001291269,0.001843163,0.003235774,0.003985954,0.002868675
831,0.004179043,0.003959754,0.003174281,0.003036439,0.002740237,0.002934216,0.001471342,0.001577067,0.002538803,0.015592198,0.001967865,0.001902853,0.002381634,0.003207698,0.001166434,0.001205935,0.001166434,0.002900757,0.001482996,0.008556246,0.005972874,0.002091346,0.007739211,0.008390752,0.013616125,0.008511843,0.006760923,0.000987798,0.006727332,0.008511843,0.000278208,0.00116226,0.001511156,0.001511156,0.00119885,0.000513378,0.001498904,0.001225727,0.0011403,0.001517415,0.001077129,0.000977485,0.001533144,0.001080549,0.00301224,0.002131505,0.002114093,0.001238748,0.001766231,0.003133915,0.003833193,0.00278528
832,0.004066373,0.003854494,0.003087015,0.00295743,0.002669995,0.00288928,0.001441763,0.001548629,0.002512522,0.01554188,0.001927151,0.001863847,0.00234323,0.003191539,0.001138755,0.001183925,0.001138755,0.002874727,0.001471314,0.00849386,0.005894655,0.002039761,0.00765381,0.008326251,0.013562354,0.008479725,0.006711017,0.000966757,0.006712523,0.008479725,0.000254065,0.001147685,0.001498404,0.001498404,0.001189639,0.000487581,0.001489762,0.00119388,0.001103232,0.001482086,0.001039867,0.000936594,0.001512188,0.001045923,0.002940049,0.002068569,0.002024059,0.001190249,0.00169607,0.003054693,0.003695004,0.00272461
833,0.003955817,0.003762112,0.003009489,0.002890892,0.00260803,0.002850958,0.001416564,0.001522803,0.002490194,0.015457558,0.001889095,0.001834354,0.00231223,0.00317696,0.00111496,0.00116611,0.00111496,0.00284952,0.001462256,0.008420788,0.005820949,0.001983065,0.007569048,0.008264244,0.013512382,0.008454824,0.006646695,0.000948877,0.006699313,0.008454824,0.000233879,0.001133222,0.001494052,0.001494052,0.001187308,0.000474994,0.001486701,0.001188977,0.001093492,0.00147248,0.001025479,0.000918461,0.00150857,0.001037136,0.002915285,0.002038651,0.001988326,0.001173701,0.001675359,0.003034731,0.003646488,0.002710715
834,0.003863564,0.003679316,0.002944956,0.002832899,0.002566413,0.002815304,0.001388077,0.001498562,0.002469638,0.015454818,0.001856224,0.001803022,0.002276942,0.00316419,0.001093704,0.001141938,0.001093704,0.002821489,0.001458691,0.008371986,0.005754253,0.001888475,0.007420004,0.008180204,0.013436701,0.00842502,0.006559528,0.000931064,0.0066592,0.00842502,0.000198712,0.001105246,0.001486922,0.001486922,0.001180528,0.000453955,0.001479991,0.001163638,0.001060093,0.001448414,0.000992589,0.000897957,0.001501026,0.001019447,0.002878658,0.001974707,0.001920713,0.001141495,0.001617075,0.002984646,0.003547159,0.002664145
835,0.003780799,0.003603062,0.002883948,0.002779956,0.002523414,0.002778834,0.001365281,0.001480031,0.002451983,0.015447275,0.001827888,0.001775435,0.002247362,0.003151677,0.001071825,0.001121748,0.001071825,0.002798924,0.001454055,0.008341683,0.005692185,0.001813714,0.007299605,0.008103355,0.013362342,0.008395641,0.006489179,0.000914656,0.006621981,0.008395641,0.000178649,0.001088571,0.001482628,0.001482628,0.00117488,0.000437286,0.001477935,0.001132099,0.001035008,0.001421935,0.000970674,0.000883158,0.001493916,0.000999316,0.002852759,0.001928949,0.001872217,0.001111117,0.001575944,0.0029366,0.003470147,0.002617845
836,0.00370914,0.003534627,0.002826737,0.002732989,0.002477578,0.002741183,0.001349902,0.001468681,0.002437927,0.015429291,0.001805048,0.00175271,0.002225276,0.003139396,0.001049019,0.001106964,0.001049019,0.002783462,0.001447765,0.008333639,0.005635635,0.001766199,0.00721907,0.008036826,0.013291027,0.008367062,0.006441446,0.000900033,0.006589875,0.008367062,0.000173566,0.001085409,0.001481113,0.001481113,0.001173681,0.000429069,0.001479526,0.001120995,0.001033583,0.001409915,0.000967262,0.000870729,0.001490733,0.000988087,0.002838725,0.001917217,0.001855601,0.001096397,0.001572385,0.002918675,0.003443947,0.002604219
837,0.003644793,0.003479926,0.002787721,0.002694258,0.002435343,0.002708397,0.001336267,0.001451059,0.002420239,0.015432091,0.001786826,0.001732447,0.002205368,0.003129857,0.001034921,0.001090801,0.001034921,0.002765295,0.0014382,0.008291096,0.005599868,0.001742428,0.007145188,0.007973158,0.013240618,0.008365625,0.006398045,0.000886805,0.006575132,0.008365625,0.000156143,0.001070597,0.001480035,0.001480035,0.001168052,0.00041044,0.001477865,0.001110426,0.001013532,0.001386652,0.000946107,0.000850855,0.001493322,0.000968756,0.002809678,0.001882569,0.001816207,0.001077014,0.001542868,0.002875525,0.00336599,0.002574895
838,0.003588958,0.003429215,0.002749116,0.002659654,0.002399878,0.002682427,0.001322905,0.001437638,0.002404925,0.015424937,0.001772538,0.001714526,0.002186839,0.003119443,0.001022428,0.001077816,0.001022428,0.002749084,0.001428814,0.008253056,0.005567375,0.001707375,0.007070429,0.007912409,0.013184541,0.008352003,0.006356677,0.000874671,0.006568087,0.008352003,0.000134063,0.00105174,0.001477675,0.001477675,0.001165755,0.000391386,0.001477279,0.001098556,0.000994701,0.001371261,0.000927944,0.000837815,0.001496269,0.000959425,0.002785222,0.001851375,0.001783704,0.00106707,0.001511242,0.002848094,0.003301997,0.002558312
839,0.003544459,0.003382525,0.002708825,0.002629958,0.002373708,0.002665659,0.001309719,0.001431048,0.002393479,0.015400859,0.001763332,0.001699669,0.002170021,0.003107429,0.001011159,0.001069579,0.001011159,0.002736024,0.001420094,0.008225812,0.005536993,0.001653118,0.006993576,0.007855503,0.013117689,0.008317451,0.006317693,0.000863933,0.006569944,0.008317451,0.000124323,0.001044533,0.001474878,0.001474878,0.00116789,0.000382744,0.001479945,0.001086152,0.000994497,0.001367113,0.000927523,0.000832219,0.001493445,0.000958198,0.002775778,0.001843097,0.001773979,0.001061789,0.001505575,0.002845887,0.003289761,0.002557427
840,0.0034932,0.003346444,0.002681585,0.00259734,0.002347236,0.002639417,0.001303535,0.001422447,0.002379966,0.015409075,0.001753471,0.00168392,0.002157313,0.003105845,0.001004504,0.001064097,0.001004504,0.002724676,0.001410835,0.008200682,0.005519881,0.001619372,0.006929045,0.007796965,0.013067183,0.008303102,0.006275194,0.000856183,0.006564773,0.008303102,0.000109236,0.001035148,0.001471657,0.001471657,0.001169462,0.000369274,0.001478576,0.001070142,0.00098585,0.001354967,0.000920056,0.000817711,0.001502354,0.000950819,0.002767213,0.001819749,0.001752824,0.001043801,0.001494215,0.002825883,0.003254939,0.002538121
841,0.003453542,0.003309394,0.002658972,0.002569557,0.002321798,0.002615051,0.00129663,0.001414848,0.002369687,0.015414474,0.001743903,0.001672224,0.002148014,0.003100682,0.00099718,0.001058033,0.00099718,0.002718563,0.001401486,0.008181955,0.005504121,0.001579996,0.006866189,0.007743435,0.013019522,0.008280159,0.006232793,0.000850037,0.006564126,0.008280159,9.86837E-05,0.001029878,0.001470498,0.001470498,0.001168702,0.000359589,0.001477396,0.001060004,0.00097833,0.001345024,0.000907037,0.000807126,0.001518069,0.000943642,0.002767039,0.001796745,0.001732574,0.001029422,0.001482125,0.002804774,0.003225788,0.002528048
842,0.003434176,0.003268622,0.002641274,0.002550255,0.002298107,0.002595654,0.001287139,0.001409288,0.002365099,0.015408762,0.001734946,0.00166732,0.002143449,0.003087574,0.000987833,0.001050465,0.000987833,0.002720647,0.001392099,0.008173249,0.00548789,0.001527298,0.006803581,0.007698405,0.012973207,0.008239121,0.006191261,0.000845904,0.006572275,0.008239121,9.34782E-05,0.001026787,0.001469763,0.001469763,0.001168504,0.000354732,0.001480251,0.001053472,0.000979251,0.001343079,0.000901065,0.000805454,0.00152205,0.000942619,0.002765986,0.001788811,0.001723754,0.001027751,0.001475728,0.002801463,0.003219221,0.002536395
843,0.003388648,0.003244861,0.002614925,0.002535312,0.002283209,0.002585618,0.001284714,0.001408089,0.002359573,0.015389811,0.001731208,0.001658024,0.002131491,0.003083581,0.000981781,0.00104417,0.000981781,0.002705522,0.001383938,0.008163413,0.005476126,0.001503991,0.0067521,0.007654474,0.012930764,0.008241942,0.006155754,0.000841284,0.006571594,0.008241942,7.64587E-05,0.001016774,0.001470518,0.001470518,0.001173252,0.000345438,0.001482444,0.001045853,0.000966024,0.001330488,0.000898034,0.00079966,0.001531142,0.000945205,0.002764244,0.001779835,0.001694979,0.001027722,0.001464672,0.002799401,0.003186284,0.002542137
844,0.003349015,0.003222974,0.002588151,0.002519224,0.002270228,0.002573877,0.001281303,0.001405463,0.002353556,0.015369311,0.001726731,0.001648626,0.002121085,0.003077528,0.000975332,0.001041202,0.000975332,0.002685487,0.001376971,0.00815069,0.005462889,0.001497713,0.006703395,0.007611161,0.01288806,0.008242572,0.006128496,0.000834762,0.006569017,0.008242572,6.33733E-05,0.001006631,0.001471877,0.001471877,0.001178488,0.000339962,0.001486184,0.00104272,0.000949387,0.00132202,0.000891186,0.000797886,0.001540807,0.000947969,0.00275786,0.001769516,0.001678924,0.00102698,0.00145771,0.002797429,0.003155199,0.002535379
845,0.003329092,0.00319935,0.00256329,0.002499537,0.00225819,0.002555872,0.001273745,0.001398687,0.002346882,0.015349986,0.001719173,0.001640413,0.002116025,0.003064597,0.000967073,0.001044291,0.000967073,0.002661355,0.001371932,0.008132722,0.00544538,0.001515206,0.006656564,0.007568704,0.012843629,0.008225086,0.006115345,0.0008247,0.006565552,0.008225086,6.21017E-05,0.00100341,0.001471746,0.001471746,0.001178778,0.000338924,0.001490586,0.001040674,0.0009469,0.001324199,0.000881396,0.000800235,0.001545362,0.000947122,0.002752165,0.001760239,0.001682822,0.001024594,0.001455408,0.002794208,0.003150485,0.002531225
846,0.003295859,0.003167306,0.00255027,0.002482918,0.002240915,0.002546722,0.001273614,0.001397456,0.002340309,0.015349663,0.001716251,0.001633538,0.002112437,0.003062028,0.000964337,0.001040143,0.000964337,0.002652901,0.001362005,0.008127592,0.005436104,0.00145482,0.006599917,0.007534471,0.012817366,0.008222154,0.006084933,0.000819006,0.006559742,0.008222154,4.99436E-05,0.000999717,0.00147623,0.00147623,0.001181496,0.000334811,0.0014943,0.00102569,0.000958397,0.001317531,0.000878873,0.000793179,0.001555026,0.000941815,0.002746752,0.001745432,0.001678333,0.001014637,0.001435585,0.002782785,0.003128291,0.002519911
847,0.00326696,0.003138567,0.002535699,0.002465445,0.002222746,0.00254057,0.001272709,0.001396448,0.002332892,0.015358861,0.001715104,0.001628468,0.002107506,0.003060415,0.000964058,0.001035122,0.000964058,0.002650649,0.001349582,0.00813047,0.005431835,0.001410422,0.006556292,0.007507545,0.012788415,0.008218124,0.00605937,0.000815911,0.006559337,0.008218124,4.03022E-05,0.000994796,0.001480772,0.001480772,0.001184882,0.000330905,0.001497372,0.00101916,0.000963166,0.00130849,0.000879631,0.000783008,0.001558727,0.000937645,0.002742128,0.001740598,0.001664349,0.001006557,0.001417749,0.002761558,0.003104795,0.002501067
848,0.003253775,0.003121018,0.002512276,0.002444673,0.002204977,0.002537054,0.001266694,0.001393406,0.002323548,0.015380591,0.001715792,0.001626808,0.002098915,0.003056206,0.000966728,0.001031461,0.000966728,0.002655053,0.001333834,0.008145317,0.005434959,0.001437113,0.006546132,0.007493133,0.012745197,0.008205015,0.00605247,0.000816608,0.006572035,0.008205015,4.15473E-05,0.000990347,0.001480699,0.001480699,0.001185839,0.000330075,0.001501131,0.001025568,0.000953952,0.001308296,0.000873123,0.000782241,0.00155732,0.000937937,0.002737221,0.001741294,0.001658753,0.001006048,0.001417434,0.002748532,0.003098778,0.002489382
849,0.003225499,0.003098368,0.002494808,0.002433671,0.002198933,0.002531421,0.001265909,0.001394184,0.002323683,0.015354598,0.001712345,0.001622256,0.002096487,0.00305317,0.000960959,0.001029883,0.000960959,0.002667127,0.00132342,0.008111598,0.005429139,0.00145201,0.006534633,0.007475103,0.012729549,0.008190044,0.006049942,0.00081466,0.006595982,0.008190044,5.33065E-05,0.000992412,0.001481568,0.001481568,0.001188473,0.00033545,0.001509401,0.001019266,0.000942474,0.001296876,0.000868624,0.000774188,0.001553229,0.000941727,0.002721956,0.001731175,0.001650196,0.001003418,0.001414272,0.002729556,0.003076644,0.002484974
850,0.00319535,0.003074338,0.002478197,0.002421752,0.002191339,0.002524955,0.001264737,0.00139441,0.002324369,0.015330726,0.001707619,0.001616129,0.00209414,0.003050126,0.000955303,0.001027179,0.000955303,0.002672156,0.001316364,0.008081245,0.005418609,0.001446754,0.006524776,0.007460242,0.012726496,0.00817551,0.006045131,0.000811764,0.006612773,0.00817551,5.71231E-05,0.001001408,0.001483147,0.001483147,0.001190338,0.000341858,0.001515918,0.001004249,0.000942975,0.001288057,0.000866696,0.000764446,0.001548437,0.000943956,0.002706707,0.001719952,0.001633858,0.000997165,0.001411656,0.002719707,0.003057394,0.002488291
851,0.003170089,0.003050043,0.00245996,0.002401193,0.002172225,0.00251771,0.001259209,0.001390763,0.002320376,0.015342989,0.001702269,0.00160781,0.002088035,0.003046302,0.00095536,0.001020243,0.00095536,0.002654137,0.001314514,0.008090774,0.005401715,0.001397259,0.006519998,0.007455852,0.012738112,0.008163294,0.006031638,0.000808131,0.006603928,0.008163294,5.04258E-05,0.001003888,0.001483785,0.001483785,0.001190526,0.000342059,0.001517925,0.00100194,0.000945739,0.001290464,0.00086276,0.000761991,0.001546328,0.000942686,0.002701817,0.001719544,0.001620481,0.000993035,0.001411886,0.002715808,0.003054263,0.002484333
852,0.003150561,0.003025746,0.002448991,0.002392425,0.002163408,0.002504393,0.001257556,0.001389295,0.002314489,0.015377885,0.001706336,0.001604708,0.002090886,0.00304547,0.000952088,0.001020578,0.000952088,0.002645228,0.001298359,0.008130509,0.005412003,0.001358605,0.006510073,0.007444317,0.012701226,0.008163811,0.00603015,0.000807591,0.006596565,0.008163811,4.45325E-05,0.001004543,0.001492024,0.001492024,0.001191523,0.000346081,0.001523791,0.001008438,0.000946621,0.001293809,0.000853542,0.0007621,0.001557095,0.000942541,0.002690407,0.001706365,0.00160734,0.000980533,0.001398961,0.00270014,0.003027928,0.002468008
853,0.003130642,0.003006654,0.002439848,0.002384507,0.002156105,0.002497679,0.001257583,0.001388089,0.002310394,0.015382049,0.001711199,0.001601733,0.002092913,0.003046033,0.000948568,0.00102123,0.000948568,0.002644166,0.001282971,0.008139827,0.005421344,0.001344574,0.006495625,0.007430747,0.01266526,0.008160813,0.006026288,0.000807307,0.006598837,0.008160813,4.50804E-05,0.000999512,0.001500543,0.001500543,0.001194872,0.000346738,0.001526344,0.001008944,0.00093858,0.001291015,0.000846517,0.000759085,0.001559241,0.00093937,0.002681111,0.001691192,0.001598686,0.000971488,0.001375842,0.002674182,0.002994742,0.002456579
854,0.003104411,0.003003185,0.00242967,0.002368573,0.002144115,0.002516213,0.001259173,0.001385715,0.002313378,0.01527373,0.001710012,0.001594463,0.002084447,0.003048102,0.000947292,0.001016318,0.000947292,0.002658484,0.001282704,0.008030823,0.005403486,0.001394695,0.006472224,0.007417475,0.012675511,0.008135863,0.006004549,0.000805023,0.00662869,0.008135863,4.48241E-05,0.000996307,0.001501464,0.001501464,0.001197411,0.000343575,0.001525037,0.001000643,0.000932422,0.001287284,0.000844772,0.000753508,0.00154851,0.000935071,0.002678334,0.001688787,0.001589796,0.000970816,0.001365879,0.002659995,0.002984762,0.002457516
855,0.003067719,0.002979601,0.002404224,0.002345805,0.002125152,0.00251565,0.001254884,0.00138281,0.002311318,0.015263227,0.00170216,0.001595254,0.002083038,0.003046833,0.000948758,0.001009645,0.000948758,0.002643987,0.001295616,0.008045306,0.005371967,0.00140477,0.006446824,0.00740182,0.012687399,0.00813944,0.005994867,0.000800034,0.006587503,0.00813944,4.86825E-05,0.000991403,0.00149857,0.00149857,0.001202948,0.000342699,0.001525205,0.000980735,0.000923972,0.001273391,0.000827843,0.000748201,0.001538686,0.000934724,0.002669263,0.001667614,0.001572908,0.000958939,0.001362408,0.002650104,0.002970918,0.002435626
856,0.00303295,0.002951183,0.002375209,0.002325352,0.002106616,0.00250557,0.001249461,0.001380586,0.002306119,0.015291342,0.001694445,0.001597516,0.002082489,0.003043713,0.000950334,0.001003112,0.000950334,0.002624342,0.001309543,0.008095425,0.005337718,0.001400351,0.006422772,0.007385041,0.01268988,0.008156779,0.005990456,0.000793989,0.006527527,0.008156779,4.98006E-05,0.000991324,0.001494087,0.001494087,0.001209056,0.000350018,0.001533085,0.000969675,0.000922173,0.001267241,0.000818165,0.000746797,0.001537195,0.000931461,0.002655849,0.001647085,0.001562874,0.000952323,0.001360099,0.002653043,0.002954285,0.002415129
857,0.003016923,0.002930243,0.002352204,0.002320688,0.002097713,0.002486094,0.001247157,0.001381264,0.002296341,0.015333686,0.001695031,0.001595219,0.002076516,0.003038323,0.000949051,0.00099912,0.000949051,0.002621359,0.001311362,0.008119597,0.005310395,0.001394515,0.006405583,0.007367296,0.012658947,0.008186632,0.005989506,0.000787587,0.006488209,0.008186632,4.6804E-05,0.000992944,0.001493417,0.001493417,0.001212166,0.000355051,0.001539491,0.00097022,0.000922666,0.001271252,0.000823672,0.000745123,0.001534799,0.000924247,0.002648728,0.001645324,0.001560838,0.000956912,0.001351298,0.002651687,0.002941517,0.002417461
858,0.002992348,0.002916596,0.002338853,0.002304926,0.002084123,0.002474508,0.001245034,0.001376987,0.002293404,0.015352083,0.001694939,0.001590598,0.002075748,0.003035085,0.000942987,0.000993822,0.000942987,0.002624946,0.001309683,0.008126783,0.00529659,0.001362382,0.006401683,0.007359147,0.012625436,0.008176083,0.005986665,0.000782226,0.006469998,0.008176083,4.44042E-05,0.000997079,0.001498356,0.001498356,0.001219412,0.000360842,0.001547081,0.00098861,0.000915929,0.001270398,0.000828625,0.000737958,0.001525224,0.000918901,0.002637239,0.001634408,0.001543391,0.000952812,0.001337924,0.002636964,0.002908744,0.002397807
859,0.002965171,0.002900755,0.002327104,0.002287343,0.002068611,0.00246622,0.001242462,0.001372285,0.002293055,0.015362558,0.00169415,0.001585709,0.002076387,0.00303405,0.00093586,0.000989282,0.00093586,0.002629713,0.00130695,0.008126424,0.005289847,0.001331806,0.006395813,0.007350497,0.012600538,0.008158916,0.005979198,0.000779263,0.006460362,0.008158916,4.92201E-05,0.000998107,0.001504299,0.001504299,0.001223634,0.000366861,0.001553873,0.000990977,0.000913171,0.001261993,0.000817675,0.000729751,0.001515109,0.000922347,0.002625032,0.001623524,0.001533327,0.000938523,0.001328669,0.002621336,0.00288194,0.002374766
860,0.002941552,0.002864218,0.002305988,0.002280605,0.002053076,0.002458228,0.001237794,0.001373981,0.002291886,0.015380469,0.001691686,0.001583545,0.002074154,0.003038314,0.000932298,0.000989901,0.000932298,0.002628472,0.001305718,0.008123637,0.005289272,0.001350427,0.006360355,0.007324174,0.012614301,0.008181284,0.005956319,0.000784188,0.006450541,0.008181284,5.34392E-05,0.000996619,0.001504633,0.001504633,0.001223721,0.000372121,0.001559481,0.0009755,0.000917643,0.001258454,0.000807279,0.000727036,0.001512172,0.000923925,0.002617195,0.001621796,0.001538673,0.000932922,0.001323988,0.002619075,0.002875142,0.002373712
861,0.00292883,0.002840759,0.0022911,0.002262441,0.00204263,0.002450538,0.001236908,0.001372707,0.002290459,0.01537677,0.001692201,0.001579541,0.002074419,0.003036802,0.000930397,0.000989294,0.000930397,0.002624905,0.001300951,0.008128314,0.005280161,0.001339392,0.006344255,0.007316657,0.012608746,0.008182238,0.005965527,0.000780599,0.006445804,0.008182238,5.1432E-05,0.00099619,0.001505416,0.001505416,0.001231498,0.000374672,0.001562641,0.000954409,0.000911734,0.001256698,0.000804466,0.000728879,0.001506097,0.000911477,0.002592769,0.001608341,0.001528889,0.000922826,0.001314173,0.002600589,0.002866258,0.002369638
862,0.002915933,0.002824185,0.002279054,0.002243115,0.002034971,0.002441951,0.001237335,0.001369931,0.002288346,0.015371895,0.001693678,0.001575158,0.002075265,0.003033752,0.000929044,0.000987768,0.000929044,0.002619278,0.001293712,0.008137206,0.005270017,0.001320666,0.006335736,0.007315118,0.012594063,0.00817487,0.005979072,0.000773515,0.006443491,0.00817487,5.03774E-05,0.00099554,0.001507706,0.001507706,0.001242805,0.000375487,0.001565813,0.000946527,0.000905983,0.001256461,0.000806348,0.000729108,0.001508582,0.00090547,0.002577589,0.001594226,0.001516814,0.000925478,0.001309369,0.00258274,0.00285702,0.002374029
863,0.002878285,0.002812545,0.00226722,0.002243181,0.002029754,0.00242832,0.001235873,0.001366341,0.002283448,0.015408688,0.001693314,0.00157296,0.002073475,0.003035863,0.000926718,0.00098444,0.000926718,0.002608699,0.001282168,0.008150301,0.00527356,0.001329443,0.006321775,0.007301506,0.012577185,0.008173839,0.00594341,0.000768039,0.006441865,0.008173839,5.55492E-05,0.000993832,0.001509549,0.001509549,0.001246423,0.000379013,0.001571432,0.000944258,0.000910613,0.001254439,0.000800647,0.000724779,0.001514206,0.00091349,0.002578999,0.001591836,0.001519868,0.000932624,0.001309698,0.002581117,0.002849866,0.00238144
864,0.002860126,0.002801314,0.002252378,0.002235593,0.00202476,0.002410327,0.001238295,0.001368586,0.002275023,0.015453442,0.001700911,0.001573827,0.002075649,0.00303451,0.00092656,0.000986246,0.00092656,0.002606166,0.0012605,0.008173773,0.00529539,0.001333549,0.006317469,0.00729244,0.012539931,0.00817895,0.005930102,0.00076746,0.006460738,0.00817895,5.02678E-05,0.000992954,0.001520294,0.001520294,0.001253325,0.000383137,0.001583635,0.00094056,0.000911133,0.001252189,0.000791515,0.000716868,0.001509174,0.000911776,0.002580855,0.001581963,0.001503664,0.000935574,0.001299872,0.002567947,0.002820587,0.002362347
865,0.00285212,0.00278871,0.002237771,0.0022251,0.002019118,0.002396004,0.001241532,0.001373431,0.002266806,0.01548183,0.001710756,0.001575625,0.002078019,0.003032257,0.0009272,0.000989854,0.0009272,0.002608156,0.001235857,0.008186569,0.005322492,0.001335551,0.006315604,0.007286117,0.012504901,0.008178231,0.005929188,0.000769739,0.006491176,0.008178231,4.36801E-05,0.000997352,0.001530369,0.001530369,0.001257155,0.000386018,0.001594178,0.000939905,0.000902305,0.001249507,0.000790126,0.000710332,0.001500144,0.000900155,0.002573349,0.001569859,0.001483549,0.000925863,0.001285768,0.002546562,0.00280986,0.002338181
866,0.002844746,0.002767136,0.002233266,0.00222049,0.002009148,0.002415204,0.001238054,0.001375979,0.00227006,0.015394238,0.001710101,0.001573752,0.002069937,0.003035017,0.000926029,0.000988683,0.000926029,0.002612287,0.001223911,0.008108569,0.005326085,0.001339267,0.00629939,0.007282065,0.012541963,0.008126542,0.005933257,0.000773922,0.006527316,0.008126542,4.75455E-05,0.001000919,0.001531542,0.001531542,0.001257702,0.000388301,0.001598138,0.00094068,0.000897587,0.001247053,0.000792168,0.000707379,0.001501769,0.000898268,0.002565396,0.001565236,0.001482692,0.000920348,0.00128182,0.002536724,0.00282126,0.002340518
867,0.002817378,0.002751339,0.002220142,0.002206984,0.001995125,0.002418817,0.001232808,0.001376415,0.002271643,0.015353802,0.001706715,0.001571417,0.002068782,0.003034526,0.00092509,0.000983715,0.00092509,0.002596817,0.001217344,0.008105409,0.005310035,0.00133038,0.006297747,0.00727294,0.012549871,0.008141077,0.005942039,0.000771017,0.006513463,0.008141077,5.45458E-05,0.000999932,0.001525559,0.001525559,0.001259904,0.000394524,0.001600939,0.000932325,0.000893515,0.001240818,0.000789462,0.000703676,0.001503348,0.000901963,0.002556352,0.001554076,0.001467285,0.000916899,0.001276389,0.00252545,0.002793552,0.002310453
868,0.002781287,0.002737745,0.002202298,0.002189436,0.001980049,0.002413367,0.00122801,0.00137499,0.002269877,0.015346685,0.001701594,0.00156817,0.002071312,0.00303236,0.000924383,0.000977442,0.000924383,0.002573131,0.001212995,0.008144792,0.005284798,0.001315565,0.006303257,0.007262665,0.012541434,0.008184295,0.005952515,0.000764667,0.006473621,0.008184295,5.94694E-05,0.001002542,0.001524636,0.001524636,0.001263991,0.00039914,0.00160542,0.000922424,0.000891191,0.001235733,0.000783897,0.000698997,0.00149675,0.000905603,0.002546521,0.001543432,0.001456735,0.0009093,0.001275454,0.002521681,0.002749668,0.002289078
869,0.002767351,0.002715433,0.002186952,0.002180564,0.001974708,0.002408573,0.001234107,0.001369009,0.002250755,0.015380806,0.001695504,0.001560221,0.002071031,0.00303193,0.000924368,0.00097795,0.000924368,0.002573624,0.001201734,0.008173841,0.005276782,0.001311548,0.006298456,0.007265804,0.012538692,0.008152636,0.005955113,0.00076358,0.006458509,0.008152636,6.12581E-05,0.001009706,0.001530869,0.001530869,0.001266422,0.000399816,0.001611059,0.000921653,0.000888221,0.001234428,0.00078308,0.000695069,0.001490197,0.000903661,0.002537781,0.001539325,0.001460737,0.000899636,0.001276001,0.002519348,0.002744891,0.002300105
870,0.00273938,0.002694948,0.002171866,0.002172154,0.001967569,0.002399203,0.001235272,0.001368825,0.002249772,0.015393606,0.001697524,0.001557255,0.002071198,0.003032508,0.000920194,0.000976444,0.000920194,0.002570859,0.001187266,0.008180638,0.005266906,0.001310731,0.006282287,0.007263683,0.012521911,0.008154789,0.005939337,0.000763504,0.006446107,0.008154789,5.84433E-05,0.001006475,0.001540136,0.001540136,0.001269832,0.000404744,0.00161624,0.000915798,0.000884721,0.001233485,0.00077605,0.000694617,0.001482016,0.000896562,0.002530645,0.001539735,0.001447791,0.00089772,0.001267664,0.002499422,0.002715305,0.0023038
871,0.002705602,0.002676179,0.002157299,0.002163225,0.001958721,0.002386942,0.001233018,0.001372021,0.002259153,0.015394751,0.001704105,0.001557369,0.002071539,0.003033129,0.000914755,0.000973653,0.000914755,0.002566567,0.001170485,0.008174294,0.005256593,0.001312225,0.006261328,0.007257718,0.012498024,0.008173318,0.00591505,0.000764232,0.006436218,0.008173318,5.13765E-05,0.000997307,0.001547495,0.001547495,0.00127458,0.000411283,0.001621304,0.000911697,0.000882071,0.001241849,0.000770481,0.000692083,0.001480516,0.000894297,0.002519778,0.001534863,0.001423402,0.000896841,0.001253351,0.002476424,0.002687111,0.002273529
872,0.002700327,0.002662333,0.002145906,0.002146957,0.001944838,0.002374988,0.001228389,0.001372288,0.00225745,0.015413682,0.001705073,0.001556534,0.002070866,0.003028343,0.000921879,0.000970869,0.000921879,0.002567297,0.001151331,0.0081777,0.005253072,0.001316107,0.006262683,0.007247428,0.012490967,0.008144679,0.005919882,0.000766373,0.006433349,0.008144679,4.89133E-05,0.000998532,0.00155182,0.00155182,0.001278348,0.000413572,0.001626824,0.000912679,0.000879952,0.001249853,0.000771125,0.000686073,0.001480646,0.000897189,0.002507305,0.001525473,0.001415959,0.000888214,0.001247922,0.002471019,0.002683726,0.002250589
873,0.002685543,0.002648641,0.002132713,0.002144413,0.001935229,0.002366526,0.0012269,0.001369501,0.00225556,0.015415199,0.001700368,0.001551098,0.002070009,0.003026844,0.000922372,0.00096848,0.000922372,0.002564052,0.001133563,0.008165645,0.005247514,0.001330375,0.006250386,0.007243693,0.012472847,0.008137936,0.005924093,0.000764722,0.006436758,0.008137936,6.39942E-05,0.00099898,0.001554122,0.001554122,0.001284374,0.00042577,0.001633708,0.000905438,0.000888041,0.001239454,0.00076302,0.000689755,0.001475198,0.000893646,0.002492118,0.001503343,0.001401443,0.000879009,0.001230647,0.002451972,0.002669402,0.002248293
874,0.00266451,0.00263446,0.002119204,0.002148763,0.001927361,0.002359776,0.001227498,0.001364818,0.00225365,0.015405802,0.001692373,0.001543528,0.002068948,0.003027147,0.000918131,0.00096612,0.000918131,0.002558355,0.001116739,0.008145376,0.005240667,0.001348332,0.006231508,0.007244163,0.012449695,0.008144661,0.005927849,0.000760405,0.006443712,0.008144661,7.58275E-05,0.001004601,0.00155579,0.00155579,0.001291507,0.000434461,0.001641346,0.000893944,0.000894641,0.001219836,0.000752129,0.000694334,0.001468391,0.000888739,0.002486697,0.001488976,0.001398175,0.000873867,0.00122278,0.002430898,0.002630316,0.002258035
875,0.002648252,0.002612359,0.002118117,0.002118008,0.001903181,0.002343523,0.001226827,0.001363129,0.002253193,0.015412182,0.001693028,0.001550077,0.002066851,0.00302107,0.0009122,0.000960482,0.0009122,0.002556782,0.001099652,0.008158728,0.005235491,0.001319413,0.00625126,0.007239965,0.012461796,0.008128163,0.005931312,0.000755644,0.006439796,0.008128163,7.01166E-05,0.001011,0.001559479,0.001559479,0.001296383,0.000433244,0.001647623,0.000890675,0.000891034,0.001218621,0.000749986,0.000689221,0.001467163,0.000890267,0.002483991,0.001487348,0.001401981,0.000869303,0.001226758,0.002423466,0.002602168,0.002247133
876,0.002630721,0.002598306,0.002111303,0.002103904,0.001890947,0.00233421,0.001227128,0.001363421,0.002245642,0.015413078,0.001697364,0.001548885,0.00206563,0.003021923,0.000911118,0.000961126,0.000911118,0.002552983,0.001081243,0.008160996,0.005229168,0.001313842,0.006255975,0.007241285,0.012455659,0.008123326,0.005931086,0.00075227,0.006436607,0.008123326,7.5564E-05,0.001010228,0.00155631,0.00155631,0.001301207,0.00043431,0.001656571,0.00088644,0.00087979,0.001214495,0.000747139,0.000670661,0.001470061,0.000893422,0.002472365,0.001472969,0.00138244,0.000862172,0.00120878,0.002397447,0.002610274,0.002212173
877,0.00261166,0.002590104,0.002099622,0.002102017,0.001887902,0.002330163,0.001227919,0.001365033,0.002233125,0.015410036,0.001704049,0.001541761,0.002065222,0.003027835,0.000913394,0.000966397,0.000913394,0.002547767,0.001061806,0.008154659,0.005222301,0.001324229,0.00624853,0.007246154,0.012436984,0.008127335,0.005928618,0.000749846,0.006433976,0.008127335,8.76588E-05,0.001005493,0.001558368,0.001558368,0.001305336,0.00044229,0.001662648,0.000879568,0.00087018,0.001213396,0.000735354,0.000659405,0.001467942,0.000895569,0.002455351,0.00146292,0.001361622,0.000857512,0.001190899,0.002374019,0.002615743,0.002196645
878,0.002582518,0.002572944,0.002080989,0.002083673,0.001881093,0.002322582,0.001223546,0.001362149,0.002232134,0.015414024,0.001700377,0.001537516,0.002067158,0.003026428,0.000907057,0.000965804,0.000907057,0.00254884,0.001042581,0.008150268,0.005222205,0.00128926,0.006234525,0.007236094,0.012452404,0.008125339,0.005938645,0.000744776,0.006431102,0.008125339,8.85953E-05,0.001007928,0.001567285,0.001567285,0.001309516,0.000447986,0.001666054,0.000873661,0.000868206,0.001215208,0.000724272,0.000661595,0.001461696,0.000896088,0.002447256,0.001465623,0.001364151,0.00085542,0.001194974,0.002369177,0.002584959,0.002205175
879,0.002565662,0.002552403,0.002067873,0.002073502,0.001870887,0.002316652,0.001221432,0.001358316,0.00222857,0.015417483,0.001698429,0.001532544,0.002070586,0.003025798,0.000902754,0.000962606,0.000902754,0.002544446,0.001022016,0.008148115,0.005221971,0.00128575,0.006238202,0.00723619,0.012453211,0.008116136,0.005943081,0.00074276,0.006437498,0.008116136,8.83299E-05,0.001015602,0.001578094,0.001578094,0.001316362,0.000460921,0.001673526,0.000877839,0.000862414,0.001213731,0.000716709,0.000665561,0.001459782,0.000888159,0.00244451,0.001453754,0.00136266,0.000853614,0.001190004,0.002350464,0.002533641,0.002191704
880,0.002558638,0.002529406,0.002058956,0.00207019,0.001857979,0.002312547,0.001221203,0.00135399,0.002223021,0.015419504,0.001698017,0.001527143,0.002074887,0.003025666,0.000900366,0.000957349,0.000900366,0.002535594,0.001000553,0.008147141,0.005221265,0.001308073,0.006256334,0.007244946,0.012441945,0.008101297,0.005943246,0.000743379,0.00645136,0.008101297,9.12654E-05,0.001018984,0.001579165,0.001579165,0.001324769,0.000468299,0.001680646,0.000879772,0.000860996,0.001200343,0.000721426,0.000659101,0.00145338,0.000883082,0.002434868,0.001435853,0.001347655,0.000848778,0.001171897,0.002333954,0.002503742,0.002174198
881,0.002531138,0.002520105,0.0020339,0.002063578,0.001851261,0.002321988,0.001219709,0.001359828,0.002224177,0.015389575,0.001699764,0.001527841,0.002066328,0.003020192,0.000903803,0.000957219,0.000903803,0.002533228,0.000986964,0.00812265,0.005209119,0.001299197,0.00625486,0.007253977,0.012442781,0.008102701,0.005959312,0.000745173,0.006451272,0.008102701,9.54027E-05,0.001017128,0.001578343,0.001578343,0.001330511,0.000468437,0.001683699,0.000871618,0.000863396,0.001190245,0.000722625,0.000650867,0.001442646,0.000886454,0.002419877,0.001432524,0.001336673,0.000843656,0.001162835,0.002331314,0.002494375,0.002178693
882,0.002506266,0.002505547,0.002024433,0.002054783,0.001841702,0.002315965,0.001220908,0.001363773,0.002224796,0.015393513,0.00169984,0.00152359,0.002065132,0.003017307,0.000902865,0.000953524,0.000902865,0.002529023,0.000971966,0.008120185,0.005198826,0.001299237,0.006256499,0.00725331,0.012444945,0.008101841,0.005953931,0.000742106,0.006436764,0.008101841,0.000101742,0.00102398,0.001583936,0.001583936,0.001342024,0.000480969,0.001697542,0.000857916,0.000866925,0.001183711,0.000724113,0.000648686,0.001438708,0.000887132,0.002400261,0.001420489,0.001308873,0.00083338,0.001157637,0.002319032,0.002478194,0.002166941
883,0.002483919,0.002486222,0.002029,0.002043931,0.001829514,0.002295825,0.001224533,0.001365918,0.002224889,0.015428347,0.001698446,0.00151491,0.002070577,0.003016844,0.000897953,0.000946608,0.000897953,0.002523066,0.000955656,0.008137782,0.005190282,0.001307615,0.006261017,0.007243848,0.012448336,0.008098985,0.005929104,0.00073468,0.006409256,0.008098985,0.000103014,0.001030782,0.001590732,0.001590732,0.001347136,0.000493095,0.001711159,0.000849868,0.000869845,0.001189149,0.00071626,0.000655024,0.001433309,0.000881179,0.002382906,0.001419055,0.00128353,0.00083896,0.001154869,0.002287959,0.002466349,0.00214152
884,0.00247127,0.002475531,0.0019984,0.002029081,0.001816625,0.002291131,0.001222146,0.001362965,0.002221811,0.015427177,0.001704314,0.001520144,0.002060518,0.003019744,0.000899336,0.000946387,0.000899336,0.002511677,0.000938134,0.008128948,0.005185792,0.001326713,0.006265795,0.007249849,0.012451841,0.008105233,0.005939195,0.000740048,0.006412657,0.008105233,0.000102084,0.001028876,0.001591115,0.001591115,0.001346476,0.000492826,0.001713986,0.000847368,0.000871635,0.001191023,0.000708117,0.000655308,0.001421113,0.000877919,0.002370177,0.001426329,0.001275002,0.000849694,0.001148238,0.002266528,0.002461317,0.002132345
885,0.002461829,0.002459221,0.001986924,0.002021027,0.00180746,0.002287021,0.001222595,0.001363062,0.002216787,0.015419859,0.001710301,0.001521206,0.00205673,0.003020288,0.000902723,0.000944547,0.000902723,0.002509773,0.000920687,0.008130374,0.005187039,0.001336814,0.00626047,0.007264783,0.012452573,0.008091131,0.005954429,0.000741427,0.006420374,0.008091131,0.000103888,0.001027344,0.001603918,0.001603918,0.001346108,0.000493324,0.001717629,0.00084448,0.000862308,0.001191556,0.000702588,0.000649811,0.001407145,0.000872718,0.002354479,0.00141224,0.001269661,0.000852298,0.001130131,0.002240834,0.002443779,0.002119926
886,0.002455596,0.002437291,0.001994571,0.002019768,0.001802017,0.002283495,0.001225881,0.00136621,0.002209817,0.015406394,0.001716407,0.001518096,0.002059213,0.003018476,0.000908114,0.000941086,0.000908114,0.002517354,0.000903314,0.00814206,0.005194023,0.001337919,0.006245042,0.007288648,0.012450531,0.008056679,0.005974807,0.000738819,0.006432408,0.008056679,0.000106623,0.001027719,0.00161634,0.00161634,0.0013464,0.00049409,0.001718446,0.000844091,0.00085119,0.001190215,0.000705202,0.000644029,0.001405373,0.000870775,0.00235151,0.001390877,0.001272846,0.000844169,0.001118653,0.002236572,0.002431273,0.002116681
887,0.002419967,0.002433625,0.00197859,0.001997519,0.001792703,0.002275162,0.001225146,0.001363781,0.002210219,0.015383783,0.001713422,0.001512544,0.002056881,0.003015623,0.000907911,0.000942868,0.000907911,0.002512959,0.000887566,0.008120287,0.005182212,0.00131936,0.006239237,0.007275011,0.012424153,0.008091993,0.005951809,0.000733798,0.006435402,0.008091993,0.000117326,0.001026556,0.001616727,0.001616727,0.001352815,0.000504001,0.001726361,0.000847479,0.000861697,0.001188863,0.000709214,0.000634886,0.001410354,0.000870127,0.002343896,0.001372886,0.001270281,0.000821191,0.001112385,0.002228649,0.002398765,0.002073893
888,0.002400883,0.00242233,0.001965512,0.001989983,0.001782211,0.002269253,0.001223185,0.001362934,0.002211517,0.015372141,0.001710043,0.001510126,0.002057414,0.003016331,0.000906567,0.000944394,0.000906567,0.002509821,0.000871407,0.008116625,0.005175132,0.001328667,0.006233531,0.007271542,0.012426281,0.008106486,0.005953229,0.000729932,0.006435626,0.008106486,0.000135334,0.001037826,0.001610707,0.001610707,0.00135958,0.000521342,0.001736087,0.000848337,0.000870227,0.00119143,0.000696408,0.000635915,0.001414762,0.000868848,0.002334276,0.001366597,0.001256068,0.000804943,0.001113004,0.002215273,0.002379471,0.002055679
889,0.002400045,0.00240257,0.001955838,0.001998616,0.001770485,0.002266025,0.001219941,0.00136386,0.002213703,0.015372484,0.001706336,0.001511131,0.002061105,0.003020906,0.00090405,0.000945586,0.00090405,0.002508177,0.000854787,0.008132948,0.005173384,0.001368377,0.006227827,0.0072795,0.012459556,0.008097661,0.005981575,0.000727344,0.00643295,0.008097661,0.000145375,0.001050634,0.001616721,0.001616721,0.001360222,0.000529538,0.001738714,0.000845419,0.000857132,0.001194009,0.000682205,0.000640304,0.001412416,0.000866274,0.0023293,0.001356938,0.001247605,0.000803542,0.001108415,0.002205556,0.002380181,0.002077008
890,0.002375545,0.002400261,0.001947342,0.001991518,0.001764248,0.002260725,0.001221857,0.001367065,0.00221066,0.015411123,0.001714047,0.001507377,0.00206007,0.003019992,0.000906891,0.000941335,0.000906891,0.002496375,0.000842409,0.008111439,0.005173398,0.001390553,0.006268128,0.007298072,0.012442872,0.008074385,0.005965082,0.00073017,0.006432,0.008074385,0.00014905,0.001054862,0.001630889,0.001630889,0.001374786,0.000549523,0.001750972,0.00084591,0.000852055,0.001182936,0.000686803,0.000633247,0.001390638,0.000865243,0.002319751,0.001359329,0.001246035,0.000809354,0.001103891,0.002176899,0.002365675,0.002066358
891,0.002360628,0.002391407,0.001941394,0.001984266,0.001761598,0.002262797,0.001223808,0.001370491,0.002211385,0.015430687,0.001722415,0.00150846,0.002062678,0.003019129,0.000904846,0.000938778,0.000904846,0.00248769,0.000826729,0.008107186,0.005183006,0.001374852,0.006306607,0.007336707,0.01245154,0.00805035,0.005986231,0.000732567,0.006449149,0.00805035,0.00015982,0.001049152,0.001641813,0.001641813,0.001392408,0.000575462,0.001766208,0.000845876,0.000861997,0.001167287,0.000692861,0.000628534,0.00136051,0.000857752,0.002294131,0.001354633,0.001245206,0.000814925,0.001098485,0.002128913,0.002334923,0.00200521
892,0.002357819,0.002374237,0.001938395,0.001977404,0.001762959,0.002273597,0.001225613,0.001374096,0.002216723,0.015426468,0.001731139,0.001515398,0.002069735,0.003018525,0.00089687,0.000938409,0.00089687,0.002483031,0.000807019,0.008124564,0.005203814,0.001315324,0.006341276,0.007398509,0.012491785,0.008025948,0.006053196,0.000734263,0.006487482,0.008025948,0.000176955,0.001052022,0.001644583,0.001644583,0.001396109,0.000589614,0.001771812,0.000842434,0.000863921,0.001165291,0.000680117,0.000635268,0.001349813,0.000848719,0.002273083,0.001337887,0.001237484,0.000813284,0.001093013,0.002099867,0.002319387,0.001976041
893,0.002346417,0.002367316,0.001929285,0.001984694,0.001756344,0.002273213,0.001227974,0.001369051,0.002215794,0.015470037,0.001737437,0.001519,0.002075009,0.003032208,0.00089785,0.000939738,0.00089785,0.002476832,0.000787707,0.00811346,0.005231619,0.001374509,0.006477463,0.007468261,0.01254076,0.008050074,0.00614219,0.000736257,0.006514091,0.008050074,0.000208922,0.001106756,0.001660932,0.001660932,0.00140364,0.000630837,0.001796219,0.000843623,0.000885536,0.001156545,0.000684398,0.000642424,0.001325947,0.000844744,0.002239345,0.001329304,0.001232217,0.000807365,0.001080869,0.002040313,0.002320976,0.001908064
894,0.002335526,0.002355687,0.001928622,0.00198464,0.001759503,0.002285005,0.001231355,0.001369191,0.002216794,0.015512233,0.001746286,0.001522114,0.002080197,0.003040808,0.000900149,0.000947019,0.000900149,0.002478288,0.000768954,0.008110305,0.005272023,0.001489027,0.006616845,0.007565703,0.012598374,0.008054581,0.006219852,0.000741316,0.006559907,0.008054581,0.000248028,0.001162916,0.001679562,0.001679562,0.001404317,0.000679104,0.001822533,0.000841005,0.000891914,0.001158285,0.000699556,0.000631301,0.001290365,0.00084554,0.002213507,0.001343475,0.001249181,0.000806988,0.001085255,0.001979432,0.00233841,0.001865928
895,0.002325858,0.002337378,0.001939117,0.001974291,0.001775636,0.002313043,0.001235994,0.00137651,0.002220667,0.015549483,0.001758544,0.001524828,0.002085397,0.003041983,0.000903525,0.000961762,0.000903525,0.002489593,0.000750887,0.008119176,0.005327993,0.001666018,0.00675349,0.007697852,0.012666399,0.008030867,0.006281614,0.000750255,0.006630955,0.008030867,0.000272303,0.001167211,0.001684613,0.001684613,0.001401166,0.0007003,0.001830044,0.000833755,0.000878601,0.001166776,0.000697692,0.000619756,0.001267953,0.000841279,0.002200359,0.001349484,0.001263692,0.000810888,0.001096314,0.001949059,0.00233872,0.001862601
896,0.002328654,0.002344109,0.001920602,0.001969506,0.001751679,0.002339125,0.001241774,0.001379945,0.002228045,0.01553522,0.001772972,0.001521427,0.002088121,0.003066265,0.000901979,0.000962865,0.000901979,0.002499662,0.000734488,0.008080491,0.005355051,0.001810856,0.006891854,0.007842476,0.012784902,0.00803952,0.006325617,0.000762627,0.006709462,0.00803952,0.000327268,0.001197411,0.001705908,0.001705908,0.001419012,0.000740148,0.001842187,0.000825725,0.000867967,0.001170032,0.000693579,0.000614106,0.00124409,0.000830395,0.002178309,0.001341178,0.001252827,0.00082833,0.001076672,0.001955825,0.002356557,0.001875539
897,0.002331293,0.00234549,0.001915458,0.001974397,0.00175721,0.00236524,0.00125102,0.001388351,0.002229373,0.015501477,0.001790049,0.001519322,0.002094238,0.00308268,0.000905855,0.000967037,0.000905855,0.002507309,0.000718742,0.008070247,0.005391269,0.00186104,0.007002798,0.007950758,0.012867809,0.008036988,0.006380391,0.000773977,0.006773989,0.008036988,0.000375033,0.001219192,0.001727627,0.001727627,0.001443281,0.000776741,0.001845456,0.000833656,0.000871566,0.001170011,0.000679519,0.000625573,0.001236245,0.000826419,0.002157538,0.001328684,0.001228205,0.00082638,0.001057247,0.001951537,0.002355375,0.00187531
898,0.002332421,0.00233688,0.001931794,0.001992071,0.001807628,0.002391603,0.001264932,0.001404025,0.002221984,0.015446189,0.001810559,0.001519643,0.0021053,0.003085833,0.000917731,0.000976864,0.000917731,0.002511739,0.000703724,0.008104224,0.005443141,0.001783851,0.007075697,0.008007556,0.012896313,0.008015645,0.006451886,0.000783557,0.006818435,0.008015645,0.000392108,0.001215069,0.001733103,0.001733103,0.001446552,0.000794682,0.001844094,0.000842368,0.000872485,0.001175224,0.000667707,0.000631147,0.001229852,0.000829064,0.002145668,0.001330504,0.001228958,0.000810888,0.001068522,0.001910111,0.002336665,0.001858817
899,0.002345901,0.00232399,0.001928313,0.001983594,0.001789052,0.002411066,0.001262763,0.001396585,0.002215103,0.015416375,0.001801271,0.00151976,0.002117218,0.00309188,0.000926227,0.000976943,0.000926227,0.002509676,0.000696526,0.00805321,0.005436767,0.001763385,0.007138605,0.008098193,0.013003109,0.007971358,0.006513676,0.00080094,0.006826252,0.007971358,0.000435939,0.001242403,0.001742822,0.001742822,0.001449852,0.000827989,0.001863009,0.000865976,0.00089137,0.001174328,0.000654604,0.000632256,0.001214254,0.000842068,0.002112358,0.001330042,0.001242143,0.000787145,0.001051696,0.001914415,0.002311525,0.001824558
900,0.002345555,0.002317146,0.00192334,0.001974687,0.00177456,0.002430952,0.001261214,0.001396853,0.00221039,0.015373385,0.001798897,0.001519822,0.002126597,0.003094419,0.000939845,0.000976014,0.000939845,0.002507098,0.000691558,0.008024009,0.005418852,0.001805577,0.007223539,0.00818336,0.013091348,0.007999413,0.006584432,0.000808112,0.006815722,0.007999413,0.000451692,0.001255948,0.001744733,0.001744733,0.00144966,0.000844227,0.001875906,0.000848312,0.000904767,0.001180306,0.000664451,0.000626615,0.001182599,0.00083923,0.002087425,0.001315178,0.001225643,0.000781965,0.001020671,0.00193576,0.0022925,0.001791801
901,0.002323552,0.00231961,0.001919038,0.001968882,0.001775767,0.002452429,0.001262849,0.001411504,0.002208725,0.015307808,0.001810714,0.001519831,0.0021322,0.0030915,0.000961312,0.000975023,0.000961312,0.002504707,0.000688687,0.008038297,0.005392618,0.001929862,0.007341593,0.008255839,0.013141741,0.008134835,0.006669472,0.00079948,0.006784003,0.008134835,0.00044069,0.001238034,0.001742399,0.001742399,0.001449439,0.000845101,0.001868524,0.00081575,0.000900198,0.001192393,0.00067559,0.000625438,0.00116015,0.000826033,0.002083931,0.001302596,0.001196712,0.000785036,0.001017748,0.001911374,0.002279905,0.001776811
902,0.002294748,0.002320655,0.001899217,0.001955576,0.001757791,0.002451846,0.001264279,0.001405524,0.002213452,0.015268986,0.001798941,0.001522167,0.002133026,0.003089916,0.000940021,0.000964164,0.000940021,0.002487901,0.00069361,0.008043476,0.005321405,0.001970534,0.007272327,0.008206417,0.013182748,0.008087911,0.006649519,0.000783054,0.006678292,0.008087911,0.000438051,0.001218355,0.001734012,0.001734012,0.001465971,0.000820242,0.001859745,0.000805054,0.000888556,0.001202417,0.000672091,0.000637344,0.001141931,0.000814197,0.002071769,0.0012797,0.001193444,0.000764785,0.001016986,0.00190516,0.002217534,0.001778855
903,0.0022728,0.002315298,0.001883718,0.001942323,0.001740891,0.002436031,0.001267259,0.001401912,0.002220329,0.015279959,0.001784389,0.001525644,0.002130298,0.003090243,0.000926938,0.000949806,0.000926938,0.002476087,0.000694453,0.00806958,0.005258763,0.001955158,0.007175628,0.008145063,0.013165991,0.008056122,0.006592314,0.00076863,0.006561519,0.008056122,0.000437515,0.001217331,0.001724518,0.001724518,0.001484124,0.00081254,0.001862846,0.000821139,0.000878334,0.001184817,0.000642136,0.000626653,0.001138053,0.000827454,0.0020648,0.001268544,0.001203961,0.000755913,0.001007395,0.001919281,0.002166203,0.001797472
904,0.00226276,0.002300175,0.001877675,0.001930457,0.001729007,0.002400224,0.001272699,0.00140559,0.002229459,0.015364166,0.001769587,0.001530503,0.002122843,0.003093327,0.000934124,0.00093169,0.000934124,0.002474588,0.000687556,0.008129995,0.005217346,0.001866649,0.007068576,0.00808623,0.013060516,0.008079695,0.006495088,0.000758692,0.006440305,0.008079695,0.000428616,0.001218072,0.001721079,0.001721079,0.001485524,0.000830571,0.001867344,0.000815357,0.000875185,0.001169281,0.000626819,0.000602879,0.001129943,0.000839349,0.002066501,0.001267703,0.001188815,0.000770363,0.000995643,0.00191523,0.002164649,0.001799055
905,0.002267962,0.002287805,0.001886142,0.001935725,0.001732298,0.002361537,0.001259781,0.00140281,0.002228156,0.015477002,0.001792589,0.001528688,0.002125667,0.003093235,0.000932352,0.000940561,0.000932352,0.002481407,0.000670486,0.008169624,0.005245495,0.00184005,0.007141861,0.008105933,0.013032345,0.008115626,0.006563581,0.000760634,0.006425696,0.008115626,0.000480406,0.00127054,0.001734201,0.001734201,0.001505644,0.000877109,0.001902301,0.000796142,0.000912559,0.001145516,0.000629813,0.000607245,0.001109193,0.00084953,0.002061477,0.001287559,0.001188557,0.000791878,0.000995839,0.001861106,0.002188631,0.001752459
906,0.00226251,0.002279748,0.00188391,0.001949608,0.001729027,0.002346741,0.001253101,0.001402807,0.002233736,0.015553183,0.001817992,0.0015264,0.002127167,0.00309676,0.000936278,0.000949958,0.000936278,0.002496413,0.000653832,0.008170717,0.005288794,0.001909579,0.007257863,0.008188489,0.013073765,0.008120631,0.00664482,0.000767476,0.006466496,0.008120631,0.000519048,0.001321279,0.001761302,0.001761302,0.001515956,0.000931507,0.001940664,0.000795526,0.000917312,0.00115387,0.000642804,0.000634112,0.001095608,0.000838552,0.00206894,0.001296174,0.001179088,0.000779234,0.000990145,0.001827623,0.002185309,0.001715861
907,0.002235378,0.002278395,0.001860093,0.001974179,0.001711059,0.002373291,0.001261304,0.001409031,0.002253458,0.015560305,0.001838705,0.001524855,0.002124025,0.003107178,0.000951987,0.000953988,0.000951987,0.002523427,0.000640249,0.008111021,0.005341738,0.00212841,0.007404731,0.008359832,0.013215728,0.008070107,0.006709285,0.000779906,0.006576888,0.008070107,0.000497001,0.001320291,0.001771842,0.001771842,0.001507549,0.000957398,0.001948569,0.000808345,0.000881541,0.001170455,0.000637483,0.00063284,0.001094663,0.000829288,0.002083127,0.001284092,0.00115473,0.000759524,0.000972503,0.001844212,0.002156451,0.001727442
908,0.002222899,0.002274493,0.001885705,0.001966856,0.001721034,0.00240312,0.001277014,0.00141585,0.002263481,0.015521277,0.00183212,0.001539573,0.002136653,0.003117718,0.000934291,0.000953829,0.000934291,0.002540134,0.000631502,0.008080915,0.005368255,0.002133705,0.007500517,0.00840681,0.013265637,0.008067066,0.006763703,0.000792769,0.006635321,0.008067066,0.000522961,0.00129862,0.001789314,0.001789314,0.001511695,0.000987926,0.001953433,0.000819697,0.000883732,0.001195102,0.00064625,0.000624195,0.00107391,0.000822845,0.002063744,0.001285667,0.00115582,0.000763269,0.000980163,0.001854667,0.00214893,0.001749708
909,0.002220014,0.002266333,0.001902152,0.001948639,0.001724358,0.002422071,0.001287384,0.001420515,0.002267297,0.015484803,0.001830171,0.0015492,0.002142426,0.003123159,0.000923658,0.000955723,0.000923658,0.002538947,0.000625454,0.00804013,0.005376317,0.002102665,0.007555327,0.008418555,0.013305169,0.008068201,0.006787678,0.000798794,0.0066664,0.008068201,0.000585162,0.001298435,0.001791798,0.001791798,0.001531521,0.00098684,0.001957303,0.000816855,0.000918124,0.001203744,0.000632527,0.000612996,0.001056153,0.000819812,0.002026458,0.001275799,0.001160513,0.000769103,0.000990112,0.001852436,0.0021547,0.001717644
910,0.002230294,0.002251284,0.001889176,0.001919528,0.001708432,0.002420816,0.001286268,0.001421194,0.002262656,0.015465127,0.001843718,0.001545456,0.002131825,0.003119502,0.000934454,0.00096238,0.000934454,0.00250869,0.000622921,0.007972497,0.005358593,0.002063756,0.007550862,0.008400703,0.013350707,0.008064147,0.006760199,0.000792546,0.006662654,0.008064147,0.000599356,0.001318933,0.00178735,0.00178735,0.001538794,0.000981116,0.001964213,0.00081548,0.000914555,0.001204324,0.000604716,0.000609172,0.001058204,0.000813957,0.00202274,0.001252276,0.001139758,0.000751481,0.000974759,0.00185634,0.002139133,0.001674896
911,0.002196262,0.002229787,0.001853833,0.001927006,0.001708103,0.002407378,0.001285853,0.001413583,0.002257603,0.015493795,0.00184804,0.001550619,0.002144344,0.003113686,0.000945432,0.000965332,0.000945432,0.002504941,0.0006134,0.008056761,0.005339476,0.002123346,0.007520126,0.008404818,0.013324493,0.008104937,0.006769401,0.000781328,0.006625865,0.008104937,0.000603441,0.001355175,0.001795847,0.001795847,0.001551998,0.000995382,0.002001962,0.000827724,0.0009067,0.00118822,0.000614034,0.000607199,0.001066036,0.000795653,0.001986968,0.001257482,0.001114994,0.000735983,0.000940653,0.001811874,0.00210649,0.001649957
912,0.002177458,0.002207177,0.001827102,0.001940847,0.001708068,0.002398987,0.001284661,0.0014122,0.002243195,0.015510721,0.001852389,0.001553989,0.002155614,0.003122769,0.000953167,0.000968298,0.000953167,0.002507844,0.000603205,0.008097241,0.005342964,0.002230772,0.007580998,0.008436263,0.013320294,0.008113863,0.006792262,0.000773257,0.006617774,0.008113863,0.000603187,0.001361742,0.001818256,0.001818256,0.001559425,0.001023345,0.00201841,0.000834829,0.000913293,0.001167219,0.000639742,0.000603394,0.001063307,0.00079591,0.001962295,0.001267442,0.001119919,0.00073084,0.000929014,0.001773243,0.002072716,0.001653463
913,0.002201456,0.002184611,0.001823694,0.001954509,0.001703468,0.002403959,0.001281797,0.001425097,0.00221155,0.015489996,0.001859811,0.001551114,0.002156985,0.00316023,0.000954818,0.000972504,0.000954818,0.002514413,0.00059405,0.008006623,0.005388885,0.002394755,0.007820609,0.008511266,0.013380495,0.008048914,0.006828468,0.000772656,0.00667381,0.008048914,0.000613041,0.001352565,0.001827721,0.001827721,0.001560921,0.001031319,0.002004019,0.000828316,0.000924172,0.001162901,0.000628321,0.000597737,0.001054795,0.000808617,0.001969677,0.001248672,0.001128853,0.000723574,0.000936128,0.001782984,0.002056018,0.001639159
914,0.002160944,0.002184735,0.001837268,0.001925463,0.001708158,0.002409419,0.001289219,0.00141899,0.002231164,0.015473247,0.001860981,0.001547937,0.002141521,0.003148117,0.000960122,0.000970238,0.000960122,0.002522828,0.000584984,0.008028843,0.005393848,0.002175242,0.007773114,0.008587374,0.013391408,0.00803407,0.006822102,0.000776403,0.006692959,0.00803407,0.000624425,0.001358802,0.001823954,0.001823954,0.001559183,0.001049061,0.002000701,0.000804656,0.000902683,0.001158952,0.000602939,0.000597533,0.001030648,0.000818178,0.00198895,0.001232658,0.001125959,0.000730339,0.000950602,0.00176645,0.002073039,0.001577848
915,0.002136464,0.002182667,0.00183583,0.001909079,0.001711656,0.002422402,0.001293711,0.001411327,0.002249252,0.015465112,0.001866299,0.001542834,0.002135586,0.003138125,0.000964305,0.000966511,0.000964305,0.00252223,0.000577302,0.008039385,0.005389879,0.002031634,0.007731656,0.008644561,0.013426126,0.008035216,0.006850418,0.000777999,0.006694158,0.008035216,0.000625219,0.001370614,0.001822474,0.001822474,0.001561791,0.001064733,0.002014545,0.000798345,0.000900605,0.001179919,0.000596129,0.000578763,0.000990053,0.000808248,0.001964505,0.001216132,0.001097674,0.00074557,0.000935165,0.001720895,0.002061789,0.001585561
916,0.002166959,0.002167958,0.001798974,0.001933065,0.001709405,0.002449806,0.001288708,0.001407672,0.002245424,0.015472226,0.001881982,0.001534101,0.002154379,0.003150581,0.000964964,0.000962338,0.000964964,0.00250345,0.000572273,0.007985535,0.005383717,0.002177166,0.007808076,0.008664611,0.013525278,0.008048873,0.006961799,0.000773812,0.006674155,0.008048873,0.000624482,0.001367011,0.001834225,0.001834225,0.001567634,0.001070637,0.002017316,0.000809181,0.000930894,0.001200518,0.000603281,0.000554541,0.000965093,0.000801465,0.001928169,0.001196849,0.001081215,0.00074677,0.000912368,0.001701615,0.00201682,0.001640281
917,0.002138067,0.002157786,0.001826982,0.001919918,0.001676814,0.002434321,0.00128703,0.001415016,0.002239051,0.015387545,0.001878911,0.001535754,0.002152918,0.003128633,0.000954047,0.000960021,0.000954047,0.002503183,0.00057088,0.008002728,0.005346331,0.002255591,0.007833651,0.008639448,0.013463346,0.008059582,0.006939885,0.000772157,0.006656957,0.008059582,0.00060065,0.001339421,0.001840263,0.001840263,0.001579938,0.001061981,0.002022324,0.000819286,0.000922284,0.001180218,0.000577993,0.00056623,0.000992479,0.000775507,0.00186976,0.001183087,0.001063838,0.000710285,0.000897064,0.00169157,0.001975629,0.001666071
918,0.002103603,0.002146708,0.001837005,0.001894543,0.001650631,0.002406736,0.001282061,0.001421686,0.002235268,0.015329596,0.001867443,0.00153282,0.002146898,0.003111539,0.000943327,0.000956613,0.000943327,0.002498757,0.000570041,0.008017989,0.005298378,0.002240455,0.007757235,0.008562109,0.013401021,0.008055763,0.006872893,0.000769516,0.006606051,0.008055763,0.000564161,0.001307961,0.001840796,0.001840796,0.00158938,0.001038463,0.002032482,0.000807971,0.000869855,0.001131467,0.000556403,0.000600604,0.001038556,0.000755374,0.001871952,0.001175033,0.001025881,0.000684484,0.000889305,0.001700396,0.001893124,0.001644377
919,0.002083145,0.002131726,0.00178058,0.001859343,0.001651271,0.002372107,0.001268655,0.001422137,0.002238096,0.01536841,0.001846293,0.001515621,0.002140002,0.003119735,0.000938062,0.00095008,0.000938062,0.002477437,0.000568795,0.007998221,0.005241559,0.00205571,0.007486216,0.008393575,0.013407972,0.008022356,0.006768125,0.000763682,0.006482292,0.008022356,0.000550768,0.001300487,0.001847042,0.001847042,0.001592361,0.001029504,0.002040403,0.000797388,0.000856325,0.001123615,0.000567253,0.000599066,0.001032287,0.000754417,0.001896215,0.001161458,0.000988841,0.000696368,0.000874051,0.001699987,0.001806843,0.001651612
920,0.002041523,0.002116191,0.001772972,0.001865602,0.001652569,0.002317076,0.001277022,0.001417354,0.002224475,0.015406628,0.001852664,0.001526825,0.00213388,0.003107374,0.000932807,0.000943,0.000932807,0.00247688,0.000559899,0.008022857,0.005221616,0.002014843,0.007391579,0.008337048,0.01329015,0.008109305,0.006697896,0.000744727,0.006429505,0.008109305,0.000531952,0.001289528,0.001847703,0.001847703,0.001613643,0.001038889,0.002041031,0.000753616,0.000808002,0.001122755,0.000567132,0.000544973,0.001025549,0.000760794,0.001895761,0.00112728,0.001013957,0.000699705,0.000866528,0.001704067,0.001802381,0.001651241
921,0.00200682,0.002095387,0.001770166,0.00187202,0.001641724,0.002274628,0.001280703,0.001409889,0.002216066,0.015443353,0.001860408,0.001530637,0.002125402,0.003097102,0.000932271,0.000931066,0.000932271,0.002486265,0.000549614,0.008038396,0.005218926,0.001975305,0.007354066,0.008292351,0.013190411,0.008174532,0.006648721,0.000730439,0.006398646,0.008174532,0.000557647,0.001292418,0.001849256,0.001849256,0.001634758,0.001054416,0.002050472,0.000720703,0.000815037,0.001128516,0.000567836,0.000508345,0.001039098,0.000777363,0.001879119,0.001115011,0.001021384,0.000699761,0.00086484,0.001674056,0.001844918,0.001574109
922,0.001996694,0.002063643,0.001754793,0.001859432,0.001604766,0.002268435,0.00126427,0.001399165,0.002226405,0.015477182,0.00185823,0.001505491,0.002111556,0.003100861,0.00094176,0.000909073,0.00094176,0.002507096,0.000539947,0.00801389,0.005235699,0.001871475,0.007355666,0.008220543,0.0131873,0.008137456,0.006628176,0.000732184,0.006381282,0.008137456,0.000588766,0.001298795,0.001856394,0.001856394,0.001637572,0.001051599,0.002067206,0.000720979,0.000856864,0.001127285,0.000579512,0.000524271,0.001053116,0.000786598,0.001887195,0.001123345,0.000966655,0.000708363,0.000855422,0.001639554,0.001805636,0.001504582
923,0.001988297,0.002039033,0.00173835,0.001853339,0.001597612,0.00226185,0.001269088,0.001389083,0.002241587,0.015434832,0.00187044,0.001508476,0.002112072,0.003103417,0.00094147,0.000915694,0.00094147,0.002505202,0.000531515,0.008013254,0.005260448,0.001956957,0.007384903,0.008303253,0.01321374,0.008046186,0.006767381,0.000738571,0.006449355,0.008046186,0.000586931,0.001311734,0.00186057,0.00186057,0.001635376,0.001079268,0.002106611,0.000731718,0.000882015,0.00113276,0.000574366,0.000541391,0.001000908,0.000756111,0.001880592,0.001128516,0.000935096,0.000713699,0.000851864,0.001584403,0.001807549,0.00140976
924,0.001977157,0.002023036,0.001715928,0.001840027,0.001596984,0.002258592,0.001272855,0.001388009,0.002250521,0.015397788,0.001886234,0.001509644,0.002115838,0.003099078,0.00093512,0.000926149,0.00093512,0.002496323,0.000524476,0.007999731,0.00527441,0.002054065,0.007416457,0.008383695,0.013255021,0.008000088,0.006875338,0.00074127,0.006513416,0.008000088,0.000567908,0.001332709,0.001863483,0.001863483,0.001647533,0.001103765,0.002126552,0.000733188,0.00085346,0.001133785,0.000523878,0.000536611,0.00094937,0.000722261,0.00184977,0.001127963,0.000953191,0.000698443,0.000839826,0.001565371,0.001797835,0.001434243
925,0.00195901,0.002022485,0.001680756,0.001807254,0.001595327,0.002262941,0.001263188,0.001406651,0.002243019,0.015412328,0.001902494,0.001492082,0.002119337,0.00308002,0.000920384,0.0009302,0.000920384,0.002483764,0.000519894,0.007945059,0.005260198,0.002078212,0.007438742,0.008378412,0.013313907,0.008082828,0.006830337,0.000733339,0.006523941,0.008082828,0.000581838,0.001347122,0.001869358,0.001869358,0.001664699,0.001097776,0.002123822,0.000724197,0.000841582,0.001128104,0.000490211,0.000530638,0.000964059,0.000728133,0.001833628,0.001130572,0.000948117,0.000686454,0.000821927,0.001566987,0.001746926,0.001484021
926,0.001930925,0.001997237,0.001686426,0.001827548,0.001586018,0.002240135,0.001270396,0.001395433,0.002226725,0.015472636,0.001901515,0.001487955,0.002108699,0.003108987,0.00092,0.000923934,0.00092,0.002472058,0.00050966,0.0079854,0.005285569,0.002209675,0.007446133,0.008431305,0.013266693,0.008124229,0.006769794,0.000741229,0.006528052,0.008124229,0.000654603,0.001390219,0.001889868,0.001889868,0.001675978,0.001121473,0.002150598,0.000762616,0.000868655,0.001119282,0.000509327,0.00052789,0.000989088,0.000756403,0.00185403,0.001106401,0.000976442,0.00069215,0.000808764,0.001573129,0.001884312,0.001526212
927,0.001909917,0.001974637,0.001691887,0.001842682,0.001580521,0.002246754,0.001281992,0.001383439,0.002221712,0.015539814,0.001904545,0.001493449,0.002095953,0.003140635,0.00092139,0.000919193,0.00092139,0.002477769,0.000495882,0.008017058,0.005344114,0.002307657,0.007545276,0.008531689,0.013242585,0.008096596,0.006787924,0.000753394,0.006586963,0.008096596,0.000728526,0.001431305,0.001930329,0.001930329,0.00168684,0.001186035,0.002188327,0.000804724,0.000920701,0.001121794,0.000543047,0.000547762,0.000963811,0.000750713,0.001852768,0.001075374,0.001014127,0.000703499,0.0008405,0.001564019,0.001964681,0.00153334
928,0.001911223,0.001972621,0.001673033,0.001814816,0.001588379,0.002337873,0.001293984,0.001387054,0.002248155,0.015596321,0.001926989,0.001513558,0.002086538,0.003150518,0.000918547,0.000924034,0.000918547,0.002523622,0.000477128,0.007973035,0.005456976,0.002264917,0.007867197,0.008708949,0.013334283,0.007931998,0.006998692,0.000766306,0.00677748,0.007931998,0.000743614,0.001443708,0.001956155,0.001956155,0.001703587,0.001220909,0.002196551,0.000799422,0.000933797,0.001127447,0.000523982,0.000564409,0.000928194,0.000722625,0.001814962,0.001071129,0.001018414,0.000697162,0.0008675,0.001550384,0.001856754,0.001548057
929,0.001876316,0.001946311,0.001678583,0.001817561,0.001604345,0.002365372,0.001314377,0.001412994,0.002259327,0.015580699,0.001968658,0.001521122,0.002096551,0.003170198,0.000937458,0.000949674,0.000937458,0.002544307,0.000459604,0.007890247,0.005590535,0.002453445,0.008187178,0.008828456,0.013392274,0.007967503,0.007170998,0.000800416,0.006967824,0.007967503,0.000779512,0.00149236,0.00201572,0.00201572,0.00170702,0.001305309,0.002269258,0.000753006,0.000942223,0.001179326,0.000561665,0.000580479,0.000887648,0.000714872,0.001876619,0.001146691,0.001101605,0.000690509,0.000884787,0.001625468,0.001976666,0.001467357
930,0.001863662,0.001922816,0.001696503,0.001833635,0.001622639,0.002411533,0.001333274,0.001430472,0.002265909,0.015517771,0.002015679,0.001533148,0.002112244,0.003190889,0.000959484,0.000979269,0.000959484,0.002554405,0.000440029,0.007842386,0.005740202,0.002618092,0.008445208,0.008938925,0.013448946,0.007998003,0.007292124,0.000829358,0.007156029,0.007998003,0.000836422,0.001549085,0.002075795,0.002075795,0.001711582,0.001381174,0.002340531,0.000736898,0.000930364,0.001231507,0.000675708,0.000576797,0.000940186,0.000736477,0.002043416,0.001244518,0.001181412,0.0007639,0.000914051,0.001793742,0.002188295,0.001452372
931,0.001927653,0.001921081,0.001729774,0.001863603,0.001641666,0.002542322,0.00134337,0.001413564,0.002270603,0.01538317,0.002064036,0.001563778,0.002129952,0.003208061,0.000975824,0.001005818,0.000975824,0.002553987,0.000414677,0.007903765,0.005916636,0.002582718,0.008552749,0.009062615,0.013523015,0.007893772,0.007311488,0.00083267,0.007339101,0.007893772,0.000872523,0.001569561,0.002102132,0.002102132,0.00172946,0.001407514,0.00234732,0.000761904,0.000923175,0.001237462,0.000733003,0.000573691,0.000997653,0.000737747,0.002110749,0.001262539,0.001182315,0.000837607,0.000953029,0.001873298,0.002172084,0.001532805
932,0.001959832,0.001935597,0.001746179,0.00190133,0.00169627,0.002618726,0.001392409,0.001458159,0.00224116,0.015361072,0.002098653,0.001568059,0.002153313,0.003211648,0.001007331,0.001034581,0.001007331,0.002535118,0.000395036,0.0077988,0.0061015,0.002633828,0.008679536,0.009206161,0.01360764,0.007832156,0.00746958,0.00087707,0.007604214,0.007832156,0.001008128,0.00163655,0.002163868,0.002163868,0.001740874,0.00142584,0.002374858,0.000845843,0.000981354,0.001203265,0.000786677,0.000686511,0.001055232,0.000835268,0.002196924,0.001281953,0.001258073,0.000932948,0.000998698,0.001935006,0.002272913,0.001684952
933,0.00199373,0.001949088,0.001758888,0.001926197,0.001729672,0.002706973,0.001432628,0.001503919,0.002216683,0.015290425,0.002121493,0.001566263,0.002184405,0.003231622,0.001035516,0.00106161,0.001035516,0.002516857,0.000383128,0.007696003,0.006253191,0.002814866,0.008825761,0.009257611,0.013664271,0.007817308,0.007611078,0.000933605,0.007849581,0.007817308,0.001096474,0.001691315,0.002189428,0.002189428,0.001749682,0.001430812,0.002360378,0.000830352,0.001018059,0.001163135,0.00073563,0.000759721,0.001044698,0.00089432,0.002244599,0.001310537,0.001303134,0.00090777,0.001050256,0.001947576,0.002341848,0.001746118
934,0.002052541,0.001949488,0.001773524,0.001914527,0.001688011,0.002859614,0.001425907,0.001512507,0.00222658,0.0150277,0.002124442,0.001566738,0.002230748,0.003300556,0.001045694,0.00108295,0.001045694,0.002512094,0.000386442,0.007706772,0.006318176,0.003257717,0.009007048,0.009070664,0.013645494,0.00788923,0.007621668,0.000993111,0.007993214,0.00788923,0.001085314,0.001699567,0.002179588,0.002179588,0.001764955,0.001443798,0.00232515,0.000755929,0.000989394,0.001163157,0.000688203,0.000717003,0.001034052,0.00085712,0.002273433,0.001337725,0.001273339,0.00086096,0.001095123,0.001977992,0.002293743,0.001735569
935,0.002058263,0.001967792,0.001747527,0.001933173,0.001722193,0.00285027,0.001437651,0.001534825,0.002238456,0.014917802,0.002163206,0.001604047,0.002237774,0.003328772,0.001052965,0.001064285,0.001052965,0.00248131,0.000397418,0.007751077,0.006304331,0.002973914,0.00901324,0.009324744,0.01374701,0.007940275,0.007737959,0.001031319,0.007912325,0.007940275,0.001181914,0.001707683,0.002199513,0.002199513,0.001768346,0.001506182,0.002338216,0.000694866,0.00117932,0.001183257,0.000748144,0.000690265,0.000944493,0.000896185,0.002215239,0.001346935,0.001382082,0.00080307,0.001072913,0.002119988,0.002361408,0.001880216
936,0.002046517,0.001986094,0.001727367,0.001940267,0.001749985,0.002837573,0.001452238,0.001553374,0.002242373,0.014851836,0.002194629,0.001643265,0.002246811,0.00332678,0.00106049,0.00105215,0.00106049,0.00245128,0.00041055,0.007785864,0.006263803,0.002860463,0.009145666,0.009601047,0.013915683,0.00796745,0.007837526,0.001046827,0.007834125,0.00796745,0.001277607,0.001738805,0.002205861,0.002205861,0.001777127,0.001552946,0.002333172,0.000790968,0.001264737,0.001215704,0.000808655,0.000730928,0.000923857,0.000977071,0.002068778,0.001309911,0.001442501,0.000801258,0.000985808,0.002098922,0.002405972,0.001962569
937,0.002026553,0.001992736,0.001747944,0.001899348,0.001712772,0.002922092,0.00146177,0.001553762,0.002225512,0.014793967,0.002184775,0.001663188,0.002286362,0.003277332,0.001070528,0.00108204,0.001070528,0.002440032,0.000423974,0.007775524,0.006209249,0.003636988,0.009701105,0.009644735,0.014170484,0.007949767,0.007827355,0.001020615,0.007908633,0.007949767,0.00126554,0.001770062,0.002182446,0.002182446,0.001797789,0.001550312,0.002279833,0.000873709,0.001131562,0.001228071,0.000761797,0.000755611,0.000982135,0.000981694,0.002009345,0.001290866,0.001364381,0.000810525,0.00096578,0.001966277,0.002334767,0.001889726
938,0.001910058,0.001958489,0.001708682,0.001857078,0.001650678,0.002930667,0.001444908,0.001564652,0.00224453,0.014678412,0.002103742,0.00164013,0.002294579,0.003240441,0.001066544,0.001054529,0.001066544,0.002427842,0.000459594,0.007859454,0.005929128,0.003517813,0.009739659,0.009792226,0.01440162,0.008071188,0.008007238,0.000975888,0.007505273,0.008071188,0.00118669,0.00174369,0.002104146,0.002104146,0.001781639,0.001549181,0.002239831,0.000913856,0.001093161,0.001200955,0.000695569,0.000695569,0.000983628,0.000921781,0.001948407,0.001254202,0.001231423,0.000830341,0.000922192,0.001874802,0.002099396,0.001768027
939,0.001821502,0.001918357,0.001667156,0.001825992,0.001609393,0.002891408,0.001421144,0.001563395,0.002260534,0.014711801,0.002036005,0.001617128,0.002288199,0.003224818,0.001052393,0.001015349,0.001052393,0.002417436,0.000489439,0.007963352,0.005678357,0.003339031,0.009673043,0.009946949,0.014475662,0.008164324,0.008136432,0.000946823,0.007075408,0.008164324,0.001207659,0.001731574,0.002053506,0.002053506,0.00176754,0.001598005,0.002265463,0.000862577,0.001127394,0.001171461,0.000689236,0.000624135,0.000926467,0.000874623,0.002090391,0.00126051,0.001196362,0.000803123,0.000885479,0.001970772,0.002046756,0.001744077
940,0.001864174,0.001890428,0.001659032,0.001823165,0.001635248,0.002784459,0.001397659,0.001525561,0.002245808,0.015147391,0.002047147,0.001622237,0.00226647,0.00325309,0.001022478,0.000984958,0.001022478,0.002412011,0.000490699,0.008054785,0.005646242,0.003597244,0.009685329,0.010051822,0.014180495,0.008097682,0.008017838,0.000968151,0.006891648,0.008097682,0.001295412,0.001777088,0.002057751,0.002057751,0.001790253,0.001645325,0.002277757,0.000853892,0.001066853,0.00118145,0.000702273,0.000637425,0.000926091,0.000892001,0.002233877,0.001284439,0.001216138,0.000765356,0.000872324,0.002025574,0.002158282,0.001768985
941,0.00184862,0.001876264,0.001641305,0.001814403,0.001632438,0.002741427,0.001406495,0.001538171,0.002251588,0.015323573,0.002086257,0.001646384,0.002263139,0.003260157,0.00100291,0.000995123,0.00100291,0.002456354,0.000487366,0.008102131,0.005642839,0.003659612,0.009717351,0.010189414,0.014449391,0.008144067,0.008132132,0.000985466,0.006730863,0.008144067,0.001370614,0.001784144,0.002102054,0.002102054,0.001851307,0.001699062,0.002396495,0.000900988,0.001074877,0.001279123,0.000806509,0.000688893,0.000969051,0.000977084,0.002412305,0.001249917,0.001264459,0.000824343,0.000919953,0.002057066,0.002216725,0.001808285
942,0.001829097,0.001867533,0.001629788,0.001813127,0.001622198,0.002733693,0.001420035,0.001551854,0.002262979,0.015409334,0.00212662,0.001667762,0.002265081,0.003275648,0.001003472,0.001007315,0.001003472,0.002519273,0.000483124,0.00810468,0.005669958,0.003672972,0.00979181,0.010258716,0.01470859,0.008106585,0.008379731,0.000999852,0.006684275,0.008106585,0.001358173,0.001769188,0.002162216,0.002162216,0.001883722,0.001732706,0.002471845,0.00093249,0.001229148,0.00132262,0.00075589,0.000753926,0.001007674,0.001034322,0.00235349,0.001280668,0.001280473,0.000909714,0.000987031,0.002114241,0.002220085,0.001794037
943,0.001837755,0.001863146,0.001639724,0.00183404,0.001612423,0.002770783,0.001424059,0.001535335,0.00227476,0.015442547,0.002151848,0.001669967,0.002267958,0.003325563,0.00104658,0.000998075,0.00104658,0.002595281,0.000479647,0.008026241,0.005753117,0.003693807,0.009957322,0.010139525,0.014576947,0.007790212,0.008802128,0.001009677,0.006902319,0.007790212,0.001358283,0.001792688,0.00218232,0.00218232,0.001877797,0.001759935,0.002440753,0.00090821,0.001314855,0.001278433,0.000614072,0.000780781,0.001002961,0.001023855,0.002259734,0.001369869,0.001267943,0.00089833,0.000993326,0.002194725,0.002276527,0.001765396
944,0.001809319,0.001852501,0.001625254,0.001825316,0.001624339,0.002766324,0.001485225,0.001529756,0.002332603,0.015456069,0.002182222,0.001698364,0.002301212,0.003317481,0.001082716,0.001004229,0.001082716,0.00259955,0.000479672,0.008021491,0.005746602,0.003139465,0.010308644,0.010116928,0.014771911,0.007816242,0.00871314,0.001053934,0.006981861,0.007816242,0.001416462,0.001849265,0.002150457,0.002150457,0.001839233,0.001817985,0.002432976,0.000807813,0.001157469,0.001211194,0.000619338,0.000811287,0.000952371,0.001042246,0.002077996,0.001416808,0.001346156,0.000815275,0.000947198,0.00227369,0.002255581,0.001899663
945,0.001776907,0.001848841,0.0016072,0.001811986,0.00164122,0.002745185,0.001526897,0.001535399,0.00237919,0.015470598,0.00220903,0.00170518,0.00231568,0.003315327,0.001100947,0.001012656,0.001100947,0.002582752,0.000481643,0.008015398,0.005724517,0.002973316,0.010531569,0.010101085,0.014923284,0.007974538,0.008523707,0.001061633,0.006998595,0.007974538,0.001477108,0.001866437,0.002127101,0.002127101,0.001854834,0.00181107,0.002476036,0.000743282,0.001058461,0.001240233,0.000731249,0.000775341,0.000869524,0.001026469,0.002031435,0.001381284,0.00133699,0.000818271,0.000890588,0.002137531,0.002331354,0.002018107
946,0.001758901,0.001866355,0.001596254,0.00180667,0.001656143,0.002710248,0.001483657,0.0015614,0.002368243,0.015500407,0.002223755,0.00164211,0.002264383,0.003365432,0.001079883,0.00101663,0.001079883,0.002561069,0.000486102,0.007958061,0.00572267,0.004131896,0.010319219,0.010038917,0.014755373,0.008233818,0.008421175,0.000957418,0.006951692,0.008233818,0.001479686,0.001850533,0.002155712,0.002155712,0.001903073,0.001773332,0.00249578,0.000754868,0.001202547,0.001292325,0.000696074,0.000735743,0.000832553,0.000981833,0.002072857,0.001388021,0.00123708,0.000892939,0.000886402,0.002002891,0.002484515,0.001973644
947,0.001747866,0.001815799,0.00158036,0.00176862,0.001630468,0.002752126,0.001489156,0.00154159,0.00235428,0.015540328,0.002162774,0.001698045,0.00223898,0.003337367,0.001076293,0.001023616,0.001076293,0.002533684,0.000488034,0.008041692,0.005668588,0.004672948,0.010408651,0.010176938,0.014875726,0.008285229,0.008424583,0.000965307,0.00690782,0.008285229,0.001484866,0.001873107,0.002158961,0.002158961,0.001906174,0.001727677,0.00248794,0.000820567,0.001132274,0.001340833,0.000695892,0.000658184,0.00087305,0.00096554,0.002154002,0.001390546,0.001278828,0.000847395,0.000965359,0.00205502,0.002118511,0.002003076
948,0.001753057,0.001766384,0.001557417,0.001737042,0.001596176,0.002761442,0.001496981,0.001519487,0.002326944,0.015587729,0.002130325,0.001743229,0.002241766,0.003300458,0.001088121,0.001027318,0.001088121,0.002520048,0.000485315,0.008091323,0.005625531,0.004651322,0.01058688,0.010278606,0.014920834,0.008315022,0.008497616,0.000983783,0.006860925,0.008315022,0.001466897,0.001868963,0.002143344,0.002143344,0.00189607,0.001746796,0.002432109,0.000907466,0.000969031,0.001279478,0.00068575,0.000653663,0.000888934,0.000903234,0.002200741,0.001306801,0.001312421,0.000717491,0.000995428,0.002096545,0.001893119,0.001920177
949,0.001793436,0.00176406,0.001520436,0.001742615,0.001567207,0.002641047,0.001478783,0.001521584,0.002268832,0.015646863,0.002216998,0.001684642,0.002296719,0.003292775,0.001126322,0.001021019,0.001126322,0.002543785,0.000472853,0.00796597,0.005643457,0.003653994,0.010786107,0.010160986,0.014594115,0.00842717,0.008672165,0.000955221,0.006804659,0.00842717,0.001446325,0.001826341,0.002153089,0.002153089,0.001931106,0.001773832,0.002403862,0.000940252,0.001020148,0.001221707,0.000640614,0.000687104,0.00082735,0.000812586,0.002207755,0.001227266,0.001204357,0.000707799,0.000942353,0.001951301,0.002186892,0.001763382
950,0.001738567,0.00175214,0.001539885,0.001742023,0.001567148,0.002588411,0.001468095,0.001525619,0.002267092,0.015505411,0.002206612,0.001657283,0.002298716,0.003297498,0.001075346,0.001012906,0.001075346,0.002518643,0.000471418,0.008054503,0.005584007,0.003598985,0.010461524,0.010143928,0.01461501,0.008127687,0.008475306,0.000928613,0.006759265,0.008127687,0.00137316,0.001823453,0.002157253,0.002157253,0.001926514,0.001830283,0.002369533,0.000883657,0.001026369,0.001265922,0.000670629,0.000681235,0.000765258,0.000787703,0.002098369,0.001249984,0.00126185,0.000791036,0.000882965,0.001867242,0.002337754,0.00173361
951,0.001691976,0.001739908,0.001551669,0.001746163,0.001568334,0.002577295,0.001458758,0.00153231,0.002265504,0.015418115,0.002187746,0.001636822,0.002280748,0.003305753,0.001031465,0.001002326,0.001031465,0.002503134,0.000468475,0.008116882,0.005561666,0.003785632,0.010187062,0.01012766,0.014638095,0.007920331,0.008199357,0.000916543,0.006753774,0.007920331,0.001332506,0.001835407,0.002166782,0.002166782,0.001898448,0.001836782,0.00237818,0.000859177,0.001021268,0.001339904,0.000662973,0.000610713,0.000815159,0.000926853,0.001932132,0.001336848,0.001357223,0.000861195,0.000867746,0.001982666,0.002188101,0.001785016
952,0.001720265,0.001732545,0.001512653,0.001764939,0.001555559,0.002623533,0.001448191,0.00154407,0.00223139,0.015574194,0.002205711,0.001614239,0.002247087,0.003315012,0.001056159,0.000987047,0.001056159,0.002538616,0.000455578,0.00799347,0.005671053,0.003986455,0.010335108,0.010054572,0.014463513,0.008168056,0.00795552,0.000937252,0.006835047,0.008168056,0.001344444,0.001807627,0.002181893,0.002181893,0.001910009,0.001813866,0.002392909,0.00092408,0.001061062,0.0013119,0.000580166,0.000579501,0.000865568,0.001000237,0.001882296,0.00132146,0.001287039,0.000838426,0.00085884,0.002036905,0.002181359,0.001709399
953,0.001690183,0.001711151,0.001526318,0.001750535,0.001526769,0.002636204,0.001430384,0.001534324,0.002234879,0.015541694,0.002193617,0.001635006,0.002260451,0.003299988,0.001054527,0.001006096,0.001054527,0.002508911,0.000453814,0.008084199,0.005623017,0.003810083,0.010164609,0.01010417,0.014659343,0.008211423,0.008147511,0.000943828,0.006781081,0.008211423,0.001392752,0.001747801,0.002183299,0.002183299,0.001922766,0.001799836,0.002449456,0.000900453,0.0010349,0.001271997,0.000601953,0.000590984,0.000893059,0.000911896,0.001951922,0.001283122,0.001224675,0.000782862,0.000915254,0.002113501,0.001976906,0.001572848
954,0.00164686,0.00169233,0.001536638,0.001729389,0.001518473,0.002609444,0.001422888,0.001534902,0.002258562,0.01551788,0.002186323,0.001644786,0.002270863,0.003292024,0.00105214,0.001022953,0.00105214,0.002480516,0.000452149,0.008153496,0.005574322,0.003523083,0.009927148,0.010125541,0.014801089,0.008140827,0.008381663,0.000946676,0.006709792,0.008140827,0.001407765,0.001759558,0.002166384,0.002166384,0.001939155,0.001795027,0.002528341,0.00076502,0.001028978,0.001290724,0.000639443,0.000629958,0.000853917,0.000807804,0.00194798,0.001191891,0.00121257,0.000766838,0.000866508,0.0020634,0.001908649,0.001528594
955,0.001606547,0.001687044,0.001510198,0.001711702,0.001564705,0.002513595,0.001442367,0.001570423,0.002306269,0.015618337,0.002206442,0.001605984,0.002248537,0.003313287,0.001062723,0.001015825,0.001062723,0.002491307,0.000444507,0.008055928,0.005611757,0.003199736,0.009717898,0.010015816,0.014616337,0.007930292,0.008467139,0.000949092,0.006675195,0.007930292,0.00138641,0.001803361,0.002163172,0.002163172,0.001954348,0.001781331,0.002565409,0.000718116,0.001089011,0.001321351,0.000572339,0.000626237,0.000837692,0.000865438,0.001824578,0.001123611,0.001192643,0.000783609,0.000752443,0.00199094,0.002038102,0.001545276
956,0.001640158,0.0016978,0.001525458,0.001711226,0.001576564,0.002493021,0.00144912,0.00156883,0.002275766,0.015436242,0.002215896,0.001617992,0.002261701,0.003255244,0.001068195,0.000983414,0.001068195,0.002460657,0.000447427,0.007964884,0.00556097,0.003688685,0.00988793,0.00990918,0.01464118,0.008015318,0.008188278,0.000949347,0.006629273,0.008015318,0.001245084,0.001859114,0.002182815,0.002182815,0.001991135,0.001769805,0.002536863,0.000668967,0.001072411,0.001216822,0.000608079,0.000587665,0.000825715,0.000830586,0.001830172,0.001075658,0.001159614,0.000784387,0.00082676,0.001925019,0.001738199,0.001572856
957,0.001650218,0.001696093,0.001518788,0.001709931,0.001576858,0.002491515,0.001450103,0.001559614,0.002242077,0.015366831,0.002203826,0.001628474,0.002273878,0.003223856,0.00105468,0.000960764,0.00105468,0.002444855,0.000446938,0.007958918,0.00552189,0.003905895,0.010050891,0.009844873,0.014643087,0.008130704,0.008058967,0.00093537,0.006570046,0.008130704,0.001213931,0.001845358,0.002183073,0.002183073,0.001996385,0.001773733,0.00247742,0.000710305,0.00094848,0.001091471,0.000680201,0.000587767,0.000814371,0.000763311,0.001915888,0.001110337,0.001107051,0.000774341,0.000921219,0.001791523,0.001504626,0.001520809
958,0.001573385,0.001659903,0.001444732,0.001698319,0.001569713,0.002493009,0.00144517,0.001552694,0.002240605,0.015677712,0.002151333,0.001610387,0.002266268,0.003288638,0.001003368,0.000971458,0.001003368,0.002481258,0.000433936,0.008130494,0.005551659,0.003140763,0.010009771,0.009868974,0.014491779,0.008163282,0.008429056,0.000892224,0.00648819,0.008163282,0.001302748,0.001819652,0.002160476,0.002160476,0.001980041,0.001775492,0.002483589,0.000753888,0.000901182,0.001101276,0.000649482,0.00062272,0.000798779,0.000788521,0.001872608,0.00112469,0.001067591,0.000780288,0.000827297,0.001651489,0.001700408,0.001457863
959,0.001548457,0.001658792,0.001443601,0.001703526,0.001530576,0.002504861,0.001428247,0.001530652,0.002284928,0.015648249,0.002131883,0.00161274,0.002259779,0.003248516,0.001008296,0.000988754,0.001008296,0.00248184,0.000434871,0.008084648,0.005525479,0.003024134,0.009709827,0.009991545,0.014449969,0.008092028,0.008296762,0.000902958,0.006639094,0.008092028,0.00131203,0.001786694,0.00216125,0.00216125,0.001918375,0.00177099,0.002511866,0.000803363,0.00095004,0.001168156,0.000562006,0.000632204,0.000778225,0.000877879,0.001772472,0.001210723,0.001061583,0.000833545,0.000709888,0.001576163,0.001829837,0.001497558
960,0.001537973,0.00165662,0.001454944,0.001702439,0.001487693,0.002514062,0.001420016,0.001523169,0.002303692,0.015542685,0.002130011,0.001621511,0.002255928,0.003216206,0.001021176,0.000982327,0.001021176,0.002470297,0.000434572,0.008046445,0.005475,0.003199854,0.009442736,0.00999407,0.014404279,0.008034129,0.008188599,0.000905309,0.00672754,0.008034129,0.001279483,0.001757656,0.002187611,0.002187611,0.001912662,0.001773489,0.002544137,0.000794402,0.001051656,0.001184839,0.000465199,0.000583476,0.000767198,0.000917014,0.001670358,0.001204096,0.00111777,0.000795598,0.000745217,0.001693641,0.001746176,0.001509098
961,0.001535228,0.001637709,0.001461288,0.001681579,0.00145051,0.002513571,0.001434415,0.001551529,0.002251521,0.015424147,0.002150083,0.00163481,0.002256968,0.003243377,0.001026814,0.000924992,0.001026814,0.002449029,0.000425976,0.008114171,0.005398457,0.003699456,0.009349978,0.009711915,0.014305176,0.008046525,0.008338344,0.000868234,0.006592382,0.008046525,0.001326469,0.001735869,0.002190601,0.002190601,0.00195227,0.001782249,0.002554299,0.00077955,0.001057117,0.001144446,0.000425149,0.000560218,0.000761133,0.000892002,0.001625101,0.001125788,0.001140504,0.000710342,0.000804032,0.001746412,0.001728868,0.001417995
962,0.00153503,0.001663494,0.001457458,0.001659971,0.001475585,0.002441649,0.001425996,0.001528457,0.002266319,0.015409206,0.002161712,0.001596683,0.002235729,0.003280075,0.001019094,0.000952043,0.001019094,0.002468122,0.000424718,0.008083183,0.005387587,0.003143026,0.009417131,0.009488225,0.014174323,0.007998227,0.008077032,0.000845853,0.006520641,0.007998227,0.001251412,0.00165369,0.002213376,0.002213376,0.001981834,0.001726477,0.002536578,0.000731952,0.001003007,0.001173538,0.000476588,0.000542246,0.00083724,0.000883782,0.001695529,0.001030498,0.001123387,0.000645799,0.000769793,0.001556857,0.00163783,0.001126779
963,0.001540511,0.001671869,0.001464416,0.001645088,0.001468611,0.002381925,0.00141904,0.001512827,0.002288434,0.015420746,0.002154232,0.001573555,0.002225369,0.003266959,0.001011751,0.000973438,0.001011751,0.00247167,0.000421209,0.008055091,0.005383755,0.002797366,0.009341214,0.009386792,0.014065318,0.007970719,0.007830205,0.000833139,0.00646287,0.007970719,0.001133673,0.001617711,0.002217061,0.002217061,0.001998622,0.001686,0.002499601,0.000697865,0.000977129,0.001190524,0.000573835,0.00052915,0.000877831,0.000849096,0.001858924,0.001020405,0.000996845,0.000677136,0.000671949,0.001395426,0.001633668,0.001146794
964,0.001555642,0.0016321,0.001495004,0.001642958,0.001380092,0.002370123,0.001422871,0.001529212,0.002300446,0.015444819,0.002114256,0.001596474,0.00224309,0.003157964,0.001009834,0.000954481,0.001009834,0.002432072,0.000410927,0.008067298,0.005369761,0.003216702,0.008943029,0.009491728,0.014008118,0.008003291,0.007755686,0.000833179,0.006408609,0.008003291,0.001137977,0.001642123,0.00220096,0.00220096,0.002025456,0.001710055,0.002490508,0.000696523,0.001010822,0.001138026,0.000579592,0.000510768,0.000836249,0.000797618,0.001906634,0.001027294,0.000910154,0.00068776,0.00066716,0.00147632,0.001703236,0.001366923
965,0.001522369,0.001626213,0.001467674,0.001663625,0.001405289,0.002333252,0.001430834,0.001516872,0.002260785,0.015552601,0.002163551,0.00160124,0.002230521,0.003202862,0.001007856,0.00096191,0.001007856,0.002458365,0.000407881,0.00803232,0.005363499,0.003336326,0.008892249,0.009452835,0.014008617,0.007958517,0.007613107,0.000825635,0.006388199,0.007958517,0.001097388,0.001649221,0.002176041,0.002176041,0.002037489,0.001689828,0.00247733,0.000702463,0.001011565,0.001142981,0.000486045,0.000448669,0.000779727,0.00075398,0.001734182,0.000973277,0.000823581,0.000662658,0.000593927,0.001457394,0.001742205,0.001474783
966,0.001505943,0.001623485,0.0014461,0.001667894,0.001449887,0.002297117,0.001426294,0.00150561,0.002237582,0.01553443,0.002181139,0.001585642,0.002218788,0.003224778,0.001014097,0.000956128,0.001014097,0.002467335,0.000405369,0.008020242,0.005318098,0.003071128,0.0087467,0.009293856,0.013971052,0.00791071,0.007392503,0.000807056,0.006358138,0.00791071,0.001023297,0.001596289,0.002145097,0.002145097,0.002009956,0.001620765,0.002482367,0.000657492,0.000931384,0.00121403,0.00036289,0.000435763,0.00083117,0.000768527,0.001531245,0.000902809,0.000816852,0.000617152,0.000588277,0.001360622,0.00162979,0.001335926
967,0.001531619,0.001616745,0.001450382,0.001637926,0.001495999,0.002269183,0.001399323,0.001504145,0.002256728,0.015278599,0.002119995,0.001540403,0.002216878,0.003164903,0.00103435,0.000920536,0.00103435,0.002428545,0.000401759,0.008060234,0.005203913,0.002233765,0.008343492,0.008970276,0.01385268,0.007879179,0.007057913,0.000771791,0.00630226,0.007879179,0.000994099,0.001560672,0.002122971,0.002122971,0.001997224,0.001595984,0.002491487,0.00060524,0.000884153,0.001227624,0.000339041,0.000466573,0.000897553,0.000775235,0.00154847,0.000893247,0.000810006,0.000607371,0.000651071,0.00136367,0.001547975,0.001309338
968,0.00146006,0.0015964,0.001439765,0.001630233,0.001446125,0.002172622,0.001386862,0.001473475,0.002220995,0.015336027,0.00210419,0.001566989,0.0022066,0.003136248,0.001021937,0.000905006,0.001021937,0.002435297,0.000396048,0.007993169,0.005165364,0.002497565,0.008095269,0.008808527,0.013608035,0.008034335,0.00723746,0.000727955,0.006178661,0.008034335,0.000955495,0.001520707,0.002101904,0.002101904,0.002019093,0.001553188,0.002504915,0.00053276,0.000926795,0.00118343,0.000385363,0.000496621,0.00085878,0.000779264,0.001563792,0.000885187,0.000851785,0.000592064,0.000646478,0.001321564,0.001225426,0.00121534
969,0.001410256,0.001594109,0.001432333,0.001633612,0.00139855,0.002111975,0.001389417,0.001465634,0.002207072,0.015399387,0.00209891,0.001581921,0.002194372,0.003130006,0.000994038,0.000896256,0.000994038,0.002437237,0.000387527,0.007979813,0.005157211,0.002751985,0.007863913,0.008717189,0.013382366,0.008138292,0.007301693,0.000698599,0.006101262,0.008138292,0.000919042,0.001506581,0.002129202,0.002129202,0.002056241,0.001538506,0.00253437,0.000572289,0.00096571,0.001104639,0.000422705,0.00046294,0.000802948,0.00076147,0.001529841,0.000873959,0.000858579,0.000603903,0.000576786,0.00131403,0.001116227,0.00123316
970,0.001415215,0.001622958,0.001433061,0.001649559,0.001375043,0.002122141,0.001412364,0.001499727,0.002238966,0.015405214,0.002100422,0.001563307,0.002180876,0.00315216,0.000948886,0.000893831,0.000948886,0.002421935,0.000375056,0.008073298,0.005180469,0.002756871,0.007625884,0.008701465,0.01321331,0.00812235,0.007075903,0.000693717,0.006110568,0.00812235,0.000891997,0.001496802,0.00215544,0.00215544,0.002058788,0.001541838,0.002559516,0.000632043,0.00091475,0.001083635,0.000389876,0.000430023,0.000852273,0.000746355,0.001497794,0.000861229,0.000816749,0.000621268,0.00057448,0.001351649,0.00124776,0.001318389
971,0.001413255,0.001614183,0.0014491,0.001687192,0.001370538,0.002077333,0.001402328,0.001503335,0.002247737,0.015566875,0.002078372,0.001547924,0.002185726,0.003144517,0.000964214,0.000898209,0.000964214,0.002443089,0.000363701,0.008062919,0.005210826,0.002444321,0.007532133,0.008525619,0.013236227,0.00810287,0.007025985,0.000682704,0.006058802,0.00810287,0.000824392,0.00149573,0.002170559,0.002170559,0.002088568,0.001556052,0.002586403,0.000602796,0.000819631,0.001077097,0.00038342,0.000381585,0.000903782,0.000735931,0.001541609,0.000885949,0.000802907,0.000641569,0.000508579,0.001354936,0.001313295,0.001345137
972,0.001444666,0.001613033,0.001467341,0.001708486,0.001386223,0.002051565,0.001399335,0.001488037,0.002251939,0.01563193,0.002106996,0.001545329,0.002188382,0.003138704,0.000991251,0.000900676,0.000991251,0.002466729,0.000352381,0.008042432,0.005261934,0.002302294,0.007587703,0.008467343,0.013192319,0.008093733,0.007028899,0.000682367,0.00610214,0.008093733,0.000830777,0.001512391,0.00219033,0.00219033,0.002097109,0.001578818,0.00260309,0.000555713,0.000806692,0.001085623,0.000424895,0.000394477,0.000887227,0.000752511,0.001641702,0.000880181,0.000805729,0.000639941,0.000525985,0.00129705,0.001260967,0.001258234
973,0.001523225,0.001628185,0.001486272,0.001703887,0.001426872,0.002060525,0.001411129,0.00145131,0.002253379,0.015539666,0.002209214,0.001559895,0.002185194,0.003139992,0.001025177,0.000899457,0.001025177,0.002488208,0.000340941,0.008023922,0.005340607,0.002444461,0.007827341,0.008595995,0.013026672,0.00809942,0.007077785,0.000697713,0.006286182,0.00809942,0.000877722,0.001520346,0.00222122,0.00222122,0.002078416,0.001590704,0.002618036,0.000597632,0.000837913,0.001079683,0.000439995,0.00042289,0.000868487,0.0007644,0.001665932,0.000836964,0.000780563,0.000635376,0.000606985,0.001273497,0.001274636,0.001229813
974,0.001502553,0.001644596,0.00147083,0.001706458,0.001437911,0.002067866,0.001414667,0.001467752,0.002252605,0.015703348,0.002217298,0.001547991,0.002189136,0.003161151,0.000975449,0.00090716,0.000975449,0.002486129,0.000333677,0.007982082,0.005384897,0.002214655,0.007952952,0.008628182,0.013138053,0.007899538,0.007153419,0.000701869,0.006364252,0.007899538,0.000932012,0.001536195,0.002273696,0.002273696,0.002070284,0.00163211,0.002663696,0.000557528,0.000869864,0.001061692,0.000452475,0.000501973,0.000819996,0.000739094,0.001654945,0.000850094,0.000743381,0.000641555,0.000569839,0.001283877,0.001270802,0.00114613
975,0.001482184,0.001646972,0.001467749,0.001714626,0.001414995,0.002069349,0.001429339,0.001480446,0.002265023,0.015740987,0.00221144,0.001548814,0.002192417,0.003152897,0.00096139,0.0009101,0.00096139,0.002461285,0.000326975,0.007967352,0.005407424,0.002142695,0.007877176,0.0085919,0.013210202,0.007863201,0.007151122,0.00070887,0.006431058,0.007863201,0.000885441,0.001556752,0.002270628,0.002270628,0.002087144,0.001639475,0.00269556,0.000553142,0.000876421,0.0010515,0.000434808,0.000509691,0.000840982,0.000690387,0.001630398,0.000885539,0.000726128,0.00065565,0.000547121,0.001271067,0.001255013,0.001145762
976,0.001471313,0.001632078,0.001482936,0.001728976,0.001353302,0.00206382,0.001458381,0.001483665,0.002293767,0.015601027,0.002197199,0.001567627,0.002194237,0.003106864,0.000998624,0.000906399,0.000998624,0.002410783,0.000320576,0.007987906,0.005406515,0.002297877,0.007565754,0.008480809,0.013208917,0.008045664,0.007051116,0.000720379,0.006493845,0.008045664,0.000831525,0.001569415,0.002245974,0.002245974,0.002093445,0.001617319,0.00269671,0.00063078,0.000882246,0.001053358,0.000419761,0.000466738,0.00089172,0.000678875,0.001641069,0.000864638,0.000720891,0.000659003,0.000642549,0.001224325,0.001256726,0.001200655
977,0.001463262,0.001613098,0.001490145,0.001722,0.001356077,0.002076153,0.001469897,0.00151255,0.00225751,0.015499372,0.002193398,0.001545526,0.002219203,0.003089412,0.000961831,0.000917484,0.000961831,0.002436714,0.000314577,0.008046409,0.005415683,0.002134992,0.00767119,0.008411816,0.01313457,0.007979075,0.007063277,0.000713474,0.006460881,0.007979075,0.000805967,0.001547195,0.002245868,0.002245868,0.002103994,0.001586026,0.002649621,0.000656268,0.000940108,0.001079338,0.000406187,0.000458558,0.000889875,0.000744626,0.001583358,0.000817436,0.0007336,0.000609757,0.000709252,0.001181295,0.001199496,0.001251677
978,0.001494504,0.001608037,0.00151949,0.001730704,0.00140338,0.002083517,0.001467915,0.001539142,0.002241858,0.015493921,0.002205972,0.001534624,0.00221748,0.003091523,0.000960037,0.000921696,0.000960037,0.002434292,0.000307928,0.008056259,0.005430308,0.002159177,0.007668331,0.008389297,0.013099137,0.007941456,0.007055081,0.000724112,0.006461274,0.007941456,0.000830831,0.001491196,0.002283248,0.002283248,0.002124401,0.001589937,0.002599481,0.000609905,0.000961831,0.001092741,0.000398439,0.000448095,0.000858884,0.000790437,0.001567655,0.000827699,0.000729203,0.00057493,0.000650968,0.001259086,0.001243885,0.001279086
979,0.001568188,0.001618241,0.001573176,0.001757357,0.001496014,0.00208469,0.001452102,0.001562093,0.002251464,0.015590963,0.002235816,0.001537702,0.002185799,0.003113536,0.000999501,0.000917794,0.000999501,0.002397704,0.000300557,0.008011685,0.005450388,0.00240038,0.007529335,0.008415225,0.013109157,0.007946463,0.007019769,0.000754584,0.006502128,0.007946463,0.000827337,0.001470079,0.002296081,0.002296081,0.00214056,0.001602986,0.002597579,0.000615692,0.000931519,0.001082023,0.000389217,0.00040286,0.000880474,0.000758985,0.001620336,0.000864265,0.000706858,0.000592703,0.000621409,0.001333165,0.001347219,0.001310366
979,0.001568188,0.001618241,0.001573176,0.001757357,0.001496014,0.00208469,0.001452102,0.001562093,0.002251464,0.015590963,0.002235816,0.001537702,0.002185799,0.003113536,0.000999501,0.000917794,0.000999501,0.002397704,0.000300557,0.008011685,0.005450388,0.00240038,0.007529335,0.008415225,0.013109157,0.007946463,0.007019769,0.000754584,0.006502128,0.007946463,0.000823842,0.001448962,0.002308913,0.002308913,0.002156719,0.001616035,0.002595677,0.00062148,0.000901207,0.001071306,0.000379995,0.000357624,0.000902064,0.000727533,0.001673017,0.00090083,0.000684514,0.000610476,0.00059185,0.001407243,0.001450553,0.001341646
980,0.00154134,0.001624588,0.001516773,0.001722788,0.001410185,0.002115569,0.001449187,0.00153676,0.002266539,0.015469068,0.002220959,0.001560024,0.002230458,0.003095624,0.00100926,0.000902863,0.00100926,0.002422745,0.000296597,0.008043267,0.005453526,0.00223604,0.007445786,0.008414379,0.013103705,0.007860573,0.006868227,0.00070639,0.006478327,0.007860573,0.000744245,0.001433516,0.002273484,0.002273484,0.002144218,0.001601453,0.002608235,0.000671523,0.000929767,0.001061122,0.000394088,0.000374086,0.00086797,0.00074406,0.00161579,0.000896033,0.000726981,0.000569195,0.00060148,0.001307026,0.001326186,0.001205861
981,0.001526716,0.00164191,0.001481189,0.001733278,0.001411847,0.002104719,0.001460689,0.001534712,0.002261958,0.015423438,0.002214939,0.001558602,0.00223911,0.003094624,0.001021997,0.000910552,0.001021997,0.0024287,0.000291017,0.008069433,0.005451489,0.002029907,0.007372235,0.008287129,0.01297326,0.007808487,0.006896525,0.00068365,0.006437976,0.007808487,0.000695256,0.001409088,0.002261019,0.002261019,0.002130044,0.001589261,0.002673767,0.000673741,0.000914805,0.001089372,0.000347315,0.000480766,0.000904919,0.000787682,0.001563372,0.000944224,0.000796298,0.00054599,0.000615727,0.001229423,0.001249845,0.001159887
982,0.001525004,0.001669987,0.00146774,0.001785063,0.001494317,0.002056711,0.001485338,0.001554528,0.002239742,0.01544562,0.002218371,0.001536876,0.00221395,0.003109392,0.001036638,0.000939097,0.001036638,0.002416741,0.000283951,0.008089863,0.00544454,0.00179111,0.007310593,0.008047456,0.012729749,0.00779056,0.007089272,0.000685394,0.006383782,0.00779056,0.000721262,0.001452508,0.00228308,0.00228308,0.002132865,0.001597908,0.002713441,0.000604769,0.000859948,0.001117444,0.00032352,0.00053796,0.000972959,0.000805077,0.001633055,0.000968031,0.000793461,0.000595607,0.000653386,0.001243188,0.001267486,0.001327207
983,0.001560991,0.001704915,0.001523259,0.001772247,0.001471655,0.00210357,0.001487242,0.001557952,0.002258031,0.015291195,0.002252894,0.001596255,0.00221401,0.003108621,0.001020354,0.000939286,0.001020354,0.002418432,0.000279216,0.008093054,0.005439536,0.001794484,0.007323421,0.008099595,0.012713421,0.007826975,0.0070124,0.000688063,0.006396094,0.007826975,0.000716659,0.00150491,0.002282176,0.002282176,0.002137359,0.001604165,0.00270014,0.000583621,0.000848614,0.001107082,0.00036059,0.000504935,0.000969954,0.000795375,0.001697929,0.000938848,0.000763774,0.000627148,0.000686429,0.001234341,0.0012371,0.001404717
984,0.001573615,0.001729284,0.001555504,0.001757978,0.00145011,0.002091062,0.00147053,0.001562074,0.002270469,0.015307243,0.002251218,0.001607162,0.002231007,0.003109437,0.001020995,0.00093464,0.001020995,0.002425208,0.000273382,0.008058349,0.005446512,0.001797769,0.007252168,0.008106176,0.012662838,0.007882241,0.006877765,0.000700496,0.006366392,0.007882241,0.000791672,0.001446276,0.002294109,0.002294109,0.002137881,0.001567497,0.002686092,0.000545612,0.000887417,0.001085441,0.000433851,0.000495008,0.00096659,0.000798069,0.001749134,0.000947491,0.000782808,0.000607675,0.000671079,0.00130423,0.00140435,0.001472966
985,0.001574939,0.001741033,0.001572771,0.001749238,0.001428738,0.002032884,0.001442986,0.001568337,0.002279304,0.015447966,0.002225607,0.00158281,0.002257101,0.003110088,0.001030315,0.000927169,0.001030315,0.00243582,0.000266724,0.008005995,0.005462399,0.001802609,0.007110648,0.008070705,0.012592959,0.007962467,0.006723076,0.000716087,0.00630795,0.007962467,0.00078753,0.001379457,0.002323249,0.002323249,0.002143009,0.001534408,0.002738782,0.000528916,0.000980411,0.001017865,0.000443166,0.000513079,0.001004602,0.000785762,0.001729048,0.000959756,0.00077717,0.000515056,0.000631475,0.001416103,0.001444473,0.001445109
986,0.001666123,0.001707005,0.001636795,0.001817765,0.001398866,0.002008092,0.001466037,0.001592622,0.002301768,0.015418446,0.002265359,0.001609035,0.002228444,0.003093892,0.000980199,0.000932713,0.000980199,0.002442688,0.000260932,0.008107259,0.005468023,0.001826165,0.006952179,0.007980295,0.012623502,0.008152355,0.006881269,0.000676116,0.006314341,0.008152355,0.000703773,0.001423674,0.002339551,0.002339551,0.002152109,0.001544244,0.00279222,0.000529079,0.001023268,0.000961569,0.00041629,0.000508051,0.001042974,0.000761059,0.001722631,0.000934196,0.00072281,0.000473451,0.000640265,0.001449239,0.00128696,0.001426514
987,0.001627137,0.001715101,0.001658994,0.001804312,0.001425758,0.002014617,0.001475888,0.001587151,0.002291171,0.015416324,0.002273689,0.001613655,0.002209093,0.003065256,0.000988383,0.000929183,0.000988383,0.002449081,0.000254625,0.008125151,0.005476043,0.001700191,0.006914695,0.007893829,0.012597537,0.008112548,0.006883711,0.000666531,0.006331751,0.008112548,0.000657418,0.001429,0.002324703,0.002324703,0.002191827,0.001541659,0.002801586,0.000560204,0.000975293,0.000963592,0.000385455,0.000474304,0.001078893,0.000809907,0.001703617,0.000891637,0.000716619,0.000498085,0.000637996,0.001448032,0.001120212,0.001310931
988,0.001519248,0.001745043,0.001650156,0.001754901,0.001478193,0.002032265,0.001477237,0.001562713,0.002265484,0.01542279,0.002262091,0.001605086,0.002206427,0.003036851,0.001031354,0.000922448,0.001031354,0.002454836,0.000248377,0.008098136,0.005484764,0.001549952,0.006959182,0.007813187,0.01254129,0.007936916,0.006764918,0.000677149,0.006347865,0.007936916,0.0006762,0.001418076,0.002321286,0.002321286,0.002231931,0.001534218,0.0027649,0.000568568,0.000848426,0.001043305,0.000422408,0.000440437,0.001075858,0.000867131,0.00174058,0.000891589,0.000769617,0.00057684,0.000636537,0.001360373,0.001265238,0.001298933
989,0.001542459,0.001729244,0.001618189,0.001842586,0.001440441,0.001978381,0.00148077,0.001544657,0.002290777,0.015358289,0.002257964,0.001605409,0.002280617,0.003070956,0.001044393,0.000936575,0.001044393,0.002458232,0.000245081,0.008149405,0.005486921,0.001952799,0.00701331,0.007755975,0.01253922,0.007888182,0.006518516,0.000687375,0.006300601,0.007888182,0.000657579,0.001446043,0.00234902,0.00234902,0.002241418,0.001539197,0.002772284,0.000545972,0.000812391,0.001064698,0.000463318,0.000435288,0.001075275,0.000850805,0.001790139,0.00090854,0.000774447,0.000589357,0.000646136,0.001307057,0.001419501,0.001383924
990,0.00156909,0.001745014,0.001622223,0.001870352,0.001494197,0.001964824,0.001492642,0.001561697,0.002265588,0.015467122,0.002263491,0.001616547,0.002285042,0.003057947,0.001021164,0.000962617,0.001021164,0.00243867,0.000238549,0.008159436,0.005501597,0.001807778,0.006923942,0.007691632,0.012470806,0.007965025,0.006584175,0.000685714,0.006286048,0.007965025,0.000774896,0.001466482,0.00237341,0.00237341,0.002216546,0.001542554,0.002815314,0.000570745,0.000836082,0.001050233,0.00050382,0.000433444,0.001119706,0.000848643,0.001823087,0.000953486,0.000743639,0.000628184,0.000653972,0.001404955,0.001273353,0.001440141
991,0.001607506,0.001774357,0.001644828,0.001855634,0.00157247,0.001979205,0.001502946,0.001592862,0.002234633,0.015615088,0.00228009,0.001627253,0.002261742,0.003034195,0.00099345,0.000986647,0.00099345,0.00241601,0.000231023,0.008147931,0.005529618,0.001497613,0.006765256,0.007628465,0.012384538,0.0080641,0.006748023,0.000683885,0.006300559,0.0080641,0.000839502,0.001463664,0.002370808,0.002370808,0.002207194,0.001547672,0.002854774,0.000611001,0.0009196,0.001038245,0.000469566,0.000466792,0.001126876,0.000835427,0.001832979,0.000954777,0.000731442,0.00067807,0.000691121,0.001489452,0.001119758,0.001377651
992,0.001694472,0.001786969,0.001663461,0.001791027,0.001529871,0.002023972,0.001483674,0.001600721,0.002308242,0.01549843,0.00232536,0.001607415,0.002286491,0.003081858,0.00103919,0.000969531,0.00103919,0.002438571,0.000227153,0.008139685,0.005589887,0.001821471,0.006645367,0.007589789,0.012385518,0.007941588,0.006570868,0.000712484,0.006370975,0.007941588,0.000768169,0.001468374,0.00237155,0.00237155,0.002232202,0.001554412,0.002858588,0.000603888,0.000943391,0.001062117,0.000435722,0.000496834,0.001089033,0.000808046,0.001859483,0.000928073,0.000754881,0.000701646,0.000730032,0.001422736,0.001266574,0.001343937
993,0.001703854,0.001805837,0.001699214,0.001827415,0.001448513,0.001998522,0.001507148,0.001604338,0.002297273,0.015585283,0.002348127,0.001607649,0.002283578,0.003061493,0.001059823,0.000966007,0.001059823,0.002447257,0.000220197,0.008119143,0.005605414,0.001783856,0.0066148,0.007594295,0.012379235,0.007912098,0.006573534,0.000705497,0.006366957,0.007912098,0.000713296,0.001438748,0.002368138,0.002368138,0.002255381,0.00155006,0.002856228,0.00058906,0.000981655,0.001065288,0.000376185,0.000572654,0.001090977,0.000842951,0.001836502,0.000926186,0.000786235,0.000723619,0.000683865,0.001336553,0.001273804,0.001358141
994,0.001693466,0.001825595,0.001725513,0.001891601,0.001409102,0.001952701,0.001542819,0.001603584,0.002267969,0.015628008,0.002361102,0.001620599,0.002272182,0.003036462,0.001065713,0.000963307,0.001065713,0.002442541,0.000212914,0.0081217,0.005611311,0.001677405,0.006648415,0.007600347,0.012334937,0.00791983,0.006612733,0.000694843,0.00635983,0.00791983,0.000703344,0.001424504,0.002372579,0.002372579,0.002262906,0.001543795,0.002824797,0.000610822,0.000981035,0.001034911,0.000398248,0.000547319,0.001140352,0.000913125,0.001805398,0.000947281,0.000771517,0.000703462,0.000708887,0.001373464,0.001228387,0.001398431
995,0.001728214,0.001839359,0.001695596,0.001903938,0.001565732,0.001939422,0.001557991,0.00159428,0.002298631,0.015231007,0.002373585,0.001647323,0.002272075,0.003093414,0.001058267,0.000943865,0.001058267,0.002412859,0.000208961,0.008219235,0.005649167,0.001859139,0.006768751,0.007549615,0.012173787,0.00791871,0.006516237,0.000722966,0.00644909,0.00791871,0.000676933,0.001444596,0.002381173,0.002381173,0.002272259,0.001548622,0.002799541,0.000640298,0.000965944,0.001025235,0.000446003,0.000476207,0.001149939,0.000921013,0.001823779,0.000943558,0.000748884,0.000684908,0.000818988,0.001429842,0.001322556,0.001390804
996,0.001687646,0.001847623,0.001731712,0.001899776,0.001540131,0.001944912,0.001528539,0.001620357,0.002330849,0.015310891,0.002384601,0.001646327,0.002283948,0.003069483,0.001050318,0.000956,0.001050318,0.002431605,0.000202017,0.008209482,0.005655562,0.001670304,0.006653324,0.007492888,0.012174949,0.007727028,0.006531836,0.000723917,0.006440185,0.007727028,0.000576032,0.00143035,0.002383698,0.002383698,0.002265423,0.001571383,0.002851759,0.000622324,0.000942909,0.001046038,0.000460361,0.000480142,0.001184783,0.000872395,0.001876832,0.000987351,0.000811842,0.000671702,0.000861713,0.001510697,0.00121729,0.001515105
997,0.001668253,0.001869241,0.00176064,0.001897801,0.0014867,0.001972794,0.001498491,0.001630512,0.00235244,0.015450513,0.002401725,0.001647051,0.002302924,0.003034187,0.001058497,0.000977283,0.001058497,0.002455349,0.000195484,0.008194427,0.005665238,0.001519621,0.006544313,0.007464508,0.012201298,0.00762736,0.00653612,0.000707299,0.006424122,0.00762736,0.000517548,0.001406194,0.002366427,0.002366427,0.002261971,0.001593546,0.002909993,0.000643105,0.00100194,0.001079076,0.000472387,0.000568908,0.001223357,0.00083742,0.001884242,0.001021113,0.000894898,0.000655223,0.00078339,0.001520601,0.001190761,0.00160162
998,0.001758934,0.001927808,0.001720919,0.001913936,0.001506025,0.00204099,0.001501486,0.001574329,0.002346814,0.015367692,0.002434939,0.001673413,0.002330028,0.003033602,0.001106551,0.000996551,0.001106551,0.002453886,0.000192268,0.008249339,0.00570727,0.001748843,0.006633287,0.007510162,0.012163823,0.0079003,0.006426034,0.000668677,0.006466431,0.0079003,0.000533554,0.001416376,0.002355224,0.002355224,0.002274709,0.001597775,0.002890752,0.000711335,0.001068913,0.001081635,0.000517809,0.000582628,0.001236674,0.000858951,0.001856978,0.001007361,0.000892363,0.000633396,0.000772443,0.001506028,0.001363665,0.001556207
999,0.001814152,0.001904643,0.001750672,0.001920847,0.001556676,0.002063482,0.001544315,0.001603579,0.002326776,0.01540581,0.002430901,0.001673401,0.002339381,0.003051649,0.001076703,0.001012937,0.001076703,0.002476414,0.000185499,0.008152084,0.005712336,0.001905855,0.006600581,0.007517204,0.012239016,0.007857171,0.006502147,0.000702766,0.00647031,0.007857171,0.000616046,0.001413938,0.002428326,0.002428326,0.002289296,0.001595058,0.00290818,0.000589488,0.000997844,0.001102602,0.000611696,0.000553229,0.001279041,0.000932465,0.001809522,0.000987239,0.000853246,0.000625004,0.000765255,0.001538714,0.001443982,0.001609196
1000,0.001832505,0.001905703,0.001789935,0.001963291,0.001616141,0.00207638,0.001578223,0.001639085,0.002313991,0.015418593,0.002436417,0.001673516,0.002328321,0.003060975,0.001061014,0.001025403,0.001061014,0.002489937,0.000179634,0.008101805,0.005735663,0.001851993,0.006599842,0.007524927,0.012239258,0.00777671,0.006569059,0.000730705,0.006462548,0.00777671,0.000728297,0.001434654,0.002426278,0.002426278,0.002313061,0.001576538,0.00293001,0.000613032,0.000916616,0.001119798,0.000572308,0.000509327,0.001253208,0.000978284,0.001916871,0.000940834,0.000863226,0.000548216,0.000836773,0.0015627,0.001451791,0.001540963
