"WMS_53_IRR_000","WMS_53_IRR_000","WMS_53_IRR_000","WMS_53_IRR_001","WMS_53_IRR_001","WMS_53_IRR_001","WMS_53_IRR_002","WMS_53_IRR_002","WMS_53_IRR_002","WMS_53_IRR_003","WMS_53_IRR_003","WMS_53_IRR_003","WMS_53_PANEL_000","WMS_53_PANEL_000","WMS_53_PANEL_000","WMS_53_PANEL_001","WMS_53_PANEL_001","WMS_53_PANEL_001","WMS_53_PANEL_002","WMS_53_PANEL_002","WMS_53_PANEL_002","WMS_53_PANEL_003","WMS_53_PANEL_003","WMS_53_PANEL_003","WMS_53_WATER_000","WMS_53_WATER_000","WMS_53_WATER_000","WMS_53_WATER_001","WMS_53_WATER_001","WMS_53_WATER_001","WMS_53_WATER_002","WMS_53_WATER_002","WMS_53_WATER_002","WMS_53_WATER_003","WMS_53_WATER_003","WMS_53_WATER_003"
286.9,962.61,941.45,286.9,962.61,856.83,286.9,962.61,856.83,286.9,962.61,899.14,286.9,88.41,39.24,286.9,88.41,6.15,286.9,88.41,1.24,286.9,88.41,6.5,286.9,1608,5,286.9,1608,10,286.9,1608,5,286.9,1608,78
288.76,6651.8,6335.05,288.76,6651.8,5978.7,288.76,6651.8,5741.14,288.76,6651.8,6216.26,288.76,1326.96,581.9,288.76,1326.96,274.64,288.76,1326.96,87.01,288.76,1326.96,455.46,288.76,1984,37,288.76,1984,31,288.76,1984,36,288.76,1984,504
290.62,7226.4,6882.28,290.62,7226.4,6452.14,290.62,7226.4,6366.11,290.62,7226.4,6796.26,290.62,1373.28,604.69,290.62,1373.28,279.74,290.62,1373.28,88.3,290.62,1373.28,476.13,290.62,2016,35,290.62,2016,35,290.62,2016,31,290.62,2016,510
292.47,7451.33,7144.51,292.47,7451.33,6837.69,292.47,7451.33,6443.21,292.47,7451.33,6925.35,292.47,1452.49,642.91,292.47,1452.49,305.08,292.47,1452.49,94.5,292.47,1452.49,495.57,292.47,2040,33,292.47,2040,33,292.47,2040,39,292.47,2040,512
294.32,8031.28,7470.95,294.32,8031.28,7097.41,294.32,8031.28,7097.41,294.32,8031.28,7470.95,294.32,1575.13,688.72,294.32,1575.13,323.63,294.32,1575.13,103.63,294.32,1575.13,534.08,294.32,2040,36,294.32,2040,35,294.32,2040,34,294.32,2040,518
296.16,8170.46,7882.09,296.16,8170.46,7497.6,296.16,8170.46,7257.29,296.16,8170.46,7593.72,296.16,1661.78,720.77,296.16,1661.78,337.03,296.16,1661.78,106.78,296.16,1661.78,567.28,296.16,2040,37,296.16,2040,36,296.16,2040,36,296.16,2040,514
298,8995.84,8375.44,298,8995.84,8013.54,298,8995.84,7961.83,298,8995.84,8427.14,298,1770.1,796.19,298,1770.1,366.11,298,1770.1,112.85,298,1770.1,604.25,298,2064,37,298,2064,32,298,2064,36,298,2064,518
299.84,9604.09,9104.46,299.84,9604.09,8771.37,299.84,9604.09,8493.79,299.84,9604.09,8882.4,299.84,1826,796.14,299.84,1826,381.63,299.84,1826,119.6,299.84,1826,629.97,299.84,2064,35,299.84,2064,33,299.84,2064,38,299.84,2064,524
301.68,9975.48,9746.16,301.68,9975.48,9000.87,301.68,9975.48,8714.21,301.68,9975.48,9402.18,301.68,1962.23,849.79,301.68,1962.23,399.79,301.68,1962.23,126.5,301.68,1962.23,668.24,301.68,2080,36,301.68,2080,34,301.68,2080,37,301.68,2080,536
303.51,10186.32,9895.28,303.51,10186.32,9371.41,303.51,10186.32,8905.75,303.51,10186.32,9604.24,303.51,2081.27,898.92,303.51,2081.27,419.09,303.51,2081.27,131.6,303.51,2081.27,712.65,303.51,2088,35,303.51,2088,31,303.51,2088,37,303.51,2088,538
305.33,11393.47,10629.66,305.33,11393.47,10056.8,305.33,11393.47,9993.15,305.33,11393.47,10375.06,305.33,2089.62,925.99,305.33,2089.62,432.26,305.33,2089.62,134.19,305.33,2089.62,721.12,305.33,2128,36,305.33,2128,35,305.33,2128,40,305.33,2128,538
307.16,11815.22,11227.72,307.16,11815.22,10640.23,307.16,11815.22,10183.28,307.16,11815.22,11097.17,307.16,2316.59,1037.55,307.16,2316.59,480.76,307.16,2316.59,146.46,307.16,2316.59,804.99,307.16,2120,38,307.16,2120,36,307.16,2120,42,307.16,2120,550
308.98,12357.52,11940.98,308.98,12357.52,11177.31,308.98,12357.52,10969.04,308.98,12357.52,11802.13,308.98,2428.5,1042.12,308.98,2428.5,507.1,308.98,2428.5,155.85,308.98,2428.5,849.05,308.98,2152,36,308.98,2152,35,308.98,2152,41,308.98,2152,554
310.8,13263.07,12610.79,310.8,13263.07,12030.98,310.8,13263.07,11668.61,310.8,13263.07,12465.84,310.8,2544,1075.2,310.8,2544,516,310.8,2544,159.6,310.8,2544,885.6,310.8,2152,40,310.8,2152,35,310.8,2152,38,310.8,2152,576
312.61,14370.79,13443.64,312.61,14370.79,12825.54,312.61,14370.79,12516.5,312.61,14370.79,13289.12,312.61,2701.14,1157.63,312.61,2701.14,550.89,312.61,2701.14,171.36,312.61,2701.14,954.54,312.61,2216,41,312.61,2216,37,312.61,2216,39,312.61,2216,580
314.42,14967.92,14171.75,314.42,14967.92,13534.82,314.42,14967.92,12818.27,314.42,14967.92,13694.05,314.42,2907.62,1247.67,314.42,2907.62,594,314.42,2907.62,184.44,314.42,2907.62,1044.25,314.42,2192,39,314.42,2192,37,314.42,2192,40,314.42,2192,598
316.23,16066.26,15547.99,316.23,16066.26,14684.21,316.23,16066.26,14425.08,316.23,16066.26,14943.35,316.23,3124.29,1320.93,316.23,3124.29,623.13,316.23,3124.29,196.7,316.23,3124.29,1134.28,316.23,2248,36,316.23,2248,38,316.23,2248,42,316.23,2248,612
318.04,17220.64,16506.83,318.04,17220.64,15525.34,318.04,17220.64,15168.44,318.04,17220.64,15971.47,318.04,3232.08,1388.51,318.04,3232.08,656.33,318.04,3232.08,199.82,318.04,3232.08,1193.07,318.04,2288,41,318.04,2288,38,318.04,2288,45,318.04,2288,644
319.84,17185.23,16565.15,319.84,17185.23,15590.73,319.84,17185.23,15324.97,319.84,17185.23,16299.4,319.84,3385.79,1456.25,319.84,3385.79,670.48,319.84,3385.79,215.4,319.84,3385.79,1268.15,319.84,2312,44,319.84,2312,37,319.84,2312,42,319.84,2312,658
321.64,18658.29,18005.25,321.64,18658.29,17072.33,321.64,18658.29,16232.71,321.64,18658.29,17258.92,321.64,3702.05,1527.42,321.64,3702.05,728.11,321.64,3702.05,233,321.64,3702.05,1407.69,321.64,2352,41,321.64,2352,40,321.64,2352,46,321.64,2352,692
323.43,20880.12,19743.08,323.43,20880.12,19019.51,323.43,20880.12,18295.95,323.43,20880.12,19329.61,323.43,4022.52,1609.01,323.43,4022.52,783.7,323.43,4022.52,249.67,323.43,4022.52,1577.8,323.43,2416,43,323.43,2416,41,323.43,2416,43,323.43,2416,728
325.23,21765.57,20924.39,325.23,21765.57,19872.91,325.23,21765.57,19347.17,325.23,21765.57,20608.95,325.23,4196.27,1687.01,325.23,4196.27,800.98,325.23,4196.27,262.27,325.23,4196.27,1690.56,325.23,2456,45,325.23,2456,44,325.23,2456,45,325.23,2456,758
327.02,23301.76,22326.34,327.02,23301.76,21242.54,327.02,23301.76,20375.49,327.02,23301.76,21784.44,327.02,4612.23,1817.85,327.02,4612.23,856.34,327.02,4612.23,274.18,327.02,4612.23,1877.94,327.02,2528,45,327.02,2528,46,327.02,2528,48,327.02,2528,814
328.81,25197.36,23715.16,328.81,25197.36,22803.04,328.81,25197.36,22004.93,328.81,25197.36,23259.1,328.81,4756.77,1854.08,328.81,4756.77,870.05,328.81,4756.77,286.85,328.81,4756.77,2009.85,328.81,2576,45,328.81,2576,45,328.81,2576,49,328.81,2576,858
330.59,25761.6,24726.54,330.59,25761.6,23576.47,330.59,25761.6,23001.43,330.59,25761.6,24496.52,330.59,5120.5,1952.19,330.59,5120.5,936.09,330.59,5120.5,310.03,330.59,5120.5,2228.22,330.59,2656,49,330.59,2656,50,330.59,2656,50,330.59,2656,918
332.37,27962.34,26422.04,332.37,27962.34,25000.23,332.37,27962.34,24526.29,332.37,27962.34,25948.1,332.37,5711.4,2084.58,332.37,5711.4,1008.39,332.37,5711.4,328.36,332.37,5711.4,2533.69,332.37,2728,52,332.37,2728,49,332.37,2728,55,332.37,2728,976
334.15,30244.16,29227.55,334.15,30244.16,28210.94,334.15,30244.16,27194.33,334.15,30244.16,28846.32,334.15,6271.25,2234.58,334.15,6271.25,1076.74,334.15,6271.25,362.67,334.15,6271.25,2860.81,334.15,2840,53,334.15,2840,48,334.15,2840,52,334.15,2840,1062
335.93,32122.24,30965.84,335.93,32122.24,29295.48,335.93,32122.24,28910.02,335.93,32122.24,30323.39,335.93,6439.42,2235.17,335.93,6439.42,1064.37,335.93,6439.42,365.88,335.93,6439.42,3037.88,335.93,2952,54,335.93,2952,52,335.93,2952,58,335.93,2952,1146
337.71,35458.89,33578.5,337.71,35458.89,31966.73,337.71,35458.89,31160.85,337.71,35458.89,32906.93,337.71,7188.96,2370.83,337.71,7188.96,1166.29,337.71,7188.96,391.95,337.71,7188.96,3508.44,337.71,3072,58,337.71,3072,55,337.71,3072,61,337.71,3072,1248
339.48,40060.32,38318.57,339.48,40060.32,36721.96,339.48,40060.32,35415.65,339.48,40060.32,37302.55,339.48,7601.95,2475.95,339.48,7601.95,1184.78,339.48,7601.95,420.72,339.48,7601.95,3829.99,339.48,3192,60,339.48,3192,56,339.48,3192,59,339.48,3192,1348
341.25,41861.53,40397.84,341.25,41861.53,38348.68,341.25,41861.53,37470.46,341.25,41861.53,40105.1,341.25,8112.54,2469.03,341.25,8112.54,1234.52,341.25,8112.54,436,341.25,8112.54,4208.13,341.25,3344,59,341.25,3344,58,341.25,3344,64,341.25,3344,1462
343.02,44780.05,42423.21,343.02,44780.05,40360.97,343.02,44780.05,39624.46,343.02,44780.05,41392.09,343.02,8768.6,2671.36,343.02,8768.6,1294.9,343.02,8768.6,471.57,343.02,8768.6,4715.67,343.02,3520,65,343.02,3520,59,343.02,3520,68,343.02,3520,1600
344.78,48910.21,46750.14,344.78,48910.21,44898.65,344.78,48910.21,44127.19,344.78,48910.21,46595.85,344.78,9481.25,2670.48,344.78,9481.25,1335.24,344.78,9481.25,494.25,344.78,9481.25,5180.53,344.78,3688,66,344.78,3688,64,344.78,3688,70,344.78,3688,1734
346.54,50435.26,48308.47,346.54,50435.26,46637.42,346.54,50435.26,44966.37,346.54,50435.26,47700.82,346.54,10001.91,2756.27,346.54,10001.91,1378.13,346.54,10001.91,516.8,346.54,10001.91,5658.7,346.54,3888,73,346.54,3888,68,346.54,3888,70,346.54,3888,1886
348.3,54377.84,51766.47,348.3,54377.84,49923.16,348.3,54377.84,48387.06,348.3,54377.84,50844.81,348.3,10639.47,2790,348.3,10639.47,1400.2,348.3,10639.47,546.55,348.3,10639.47,6100.52,348.3,4112,74,348.3,4112,72,348.3,4112,80,348.3,4112,2048
350.06,59839.36,57237.65,350.06,59839.36,55448.98,350.06,59839.36,54148.12,350.06,59839.36,56749.83,350.06,11637.14,2871.5,350.06,11637.14,1500.52,350.06,11637.14,591.03,350.06,11637.14,6833.31,350.06,4336,78,350.06,4336,75,350.06,4336,82,350.06,4336,2210
351.82,63260.65,60821.29,351.82,63260.65,58056.68,351.82,63260.65,56267.82,351.82,63260.65,59520.3,351.82,12759.31,2977.17,351.82,12759.31,1589.32,351.82,12759.31,635.17,351.82,12759.31,7638.8,351.82,4568,80,351.82,4568,77,351.82,4568,88,351.82,4568,2394
353.57,69202.9,66319.44,353.57,69202.9,63775.22,353.57,69202.9,62248.68,353.57,69202.9,65471.37,353.57,14201.14,3197.61,353.57,14201.14,1704.61,353.57,14201.14,702.42,353.57,14201.14,8628.84,353.57,4864,85,353.57,4864,82,353.57,4864,90,353.57,4864,2576
355.32,76155.25,72959.92,355.32,76155.25,70297.15,355.32,76155.25,68521.97,355.32,76155.25,71894.81,355.32,15145,3347.09,355.32,15145,1780.37,355.32,15145,744.79,355.32,15145,9364.74,355.32,5144,91,355.32,5144,83,355.32,5144,95,355.32,5144,2768
357.07,83306.84,80011.18,357.07,83306.84,76532.43,357.07,83306.84,74335.33,357.07,83306.84,78363.35,357.07,17363.14,3564.28,357.07,17363.14,1992.18,357.07,17363.14,849.7,357.07,17363.14,10794.68,357.07,5456,94,357.07,5456,87,357.07,5456,99,357.07,5456,2980
358.82,91192.69,88159.25,358.82,91192.69,83988.27,358.82,91192.69,81902.79,358.82,91192.69,86073.76,358.82,18350.71,3725.9,358.82,18350.71,2040.38,358.82,18350.71,887.12,358.82,18350.71,11602.26,358.82,5792,100,358.82,5792,95,358.82,5792,104,358.82,5792,3220
360.57,98116.37,95224.92,360.57,98116.37,90984.14,360.57,98116.37,88478.22,360.57,98116.37,93104.53,360.57,20039.05,3857.65,360.57,20039.05,2168.31,360.57,20039.05,974.12,360.57,20039.05,12802.72,360.57,6192,104,360.57,6192,98,360.57,6192,110,360.57,6192,3480
362.31,108341.94,103553.35,362.31,108341.94,99562.86,362.31,108341.94,96969.03,362.31,108341.94,101957.15,362.31,22015.01,4141.17,362.31,22015.01,2304.36,362.31,22015.01,1062.01,362.31,22015.01,14213.57,362.31,6592,111,362.31,6592,103,362.31,6592,116,362.31,6592,3738
364.05,112415.29,108470.9,364.05,112415.29,103540.4,364.05,112415.29,100582.1,364.05,112415.29,106893.14,364.05,23496.33,4247.62,364.05,23496.33,2446.41,364.05,23496.33,1149.28,364.05,23496.33,15256.49,364.05,7000,118,364.05,7000,113,364.05,7000,125,364.05,7000,3990
365.79,120033.6,115378,365.79,120033.6,110722.4,365.79,120033.6,108495.8,365.79,120033.6,113961.08,365.79,25559.8,4472.96,365.79,25559.8,2646.27,365.79,25559.8,1243.26,365.79,25559.8,16683.33,365.79,7336,120,365.79,7336,115,365.79,7336,126,365.79,7336,4220
367.53,128254.46,123457.95,367.53,128254.46,118452.9,367.53,128254.46,115324.74,367.53,128254.46,120955.43,367.53,26574.37,4653.96,367.53,26574.37,2726.28,367.53,26574.37,1301.18,367.53,26574.37,17328.42,367.53,7704,125,367.53,7704,117,367.53,7704,134,367.53,7704,4412
369.27,130785.11,125636.09,369.27,130785.11,120487.07,369.27,130785.11,117397.65,369.27,130785.11,123782.44,369.27,28092.88,4854.18,369.27,28092.88,2866.48,369.27,28092.88,1373.96,369.27,28092.88,18238.06,369.27,8000,131,369.27,8000,122,369.27,8000,136,369.27,8000,4580
371,138163.95,131855.1,371,138163.95,126177.12,371,138163.95,123443.29,371,138163.95,130803.62,371,29571.43,5075.06,371,29571.43,3040.78,371,29571.43,1495.58,371,29571.43,19293.73,371,8336,131,371,8336,127,371,8336,142,371,8336,4758
372.73,151115.98,145813.66,372.73,151115.98,139627.63,372.73,151115.98,136534.61,372.73,151115.98,142057.86,372.73,31855.7,5493.36,372.73,31855.7,3335.26,372.73,31855.7,1616.76,372.73,31855.7,20680.05,372.73,8720,140,372.73,8720,134,372.73,8720,146,372.73,8720,4962
374.46,159634.03,153231,374.46,159634.03,147269.57,374.46,159634.03,142853.69,374.46,159634.03,151464.65,374.46,34160.07,5820.73,374.46,34160.07,3615.91,374.46,34160.07,1760.18,374.46,34160.07,22121.73,374.46,9232,143,374.46,9232,138,374.46,9232,155,374.46,9232,5232
376.19,169695.37,162854.59,376.19,169695.37,156234.49,376.19,169695.37,152041.75,376.19,169695.37,159765.21,376.19,36132.59,6110.23,376.19,36132.59,3907.02,376.19,36132.59,1880.07,376.19,36132.59,23434.78,376.19,9824,153,376.19,9824,144,376.19,9824,160,376.19,9824,5538
377.92,181408.09,173365.36,377.92,181408.09,166886.5,377.92,181408.09,163311.96,377.92,181408.09,171354.68,377.92,38535.27,6658.24,377.92,38535.27,4198.22,377.92,38535.27,2062.29,377.92,38535.27,24924.19,377.92,10408,158,377.92,10408,152,377.92,10408,171,377.92,10408,5872
379.64,192397.55,185817.92,379.64,192397.55,177423.22,379.64,192397.55,173112.42,379.64,192397.55,182414.66,379.64,39758.6,7205.16,379.64,39758.6,4514.08,379.64,39758.6,2155.76,379.64,39758.6,25688.28,379.64,10936,168,379.64,10936,159,379.64,10936,178,379.64,10936,6144
381.37,194073.06,184820.99,381.37,194073.06,178212.37,381.37,194073.06,174026.92,381.37,194073.06,183499.27,381.37,42434.09,7768.79,381.37,42434.09,4995.27,381.37,42434.09,2361.54,381.37,42434.09,27212.84,381.37,11480,171,381.37,11480,163,381.37,11480,181,381.37,11480,6382
383.09,204909.62,197361.49,383.09,204909.62,188925.34,383.09,204909.62,184041.25,383.09,204909.62,193587.42,383.09,43964.06,8527.76,383.09,43964.06,5430.69,383.09,43964.06,2506.47,383.09,43964.06,28082.55,383.09,12160,183,383.09,12160,173,383.09,12160,196,383.09,12160,6698
384.81,220831.25,211134.07,384.81,220831.25,203420.4,384.81,220831.25,198131.03,384.81,220831.25,208489.38,384.81,47408,9636.47,384.81,47408,6123.17,384.81,47408,2781.96,384.81,47408,30178.5,384.81,13192,190,384.81,13192,183,384.81,13192,209,384.81,13192,7208
386.53,239834.56,230796.67,386.53,239834.56,221097.48,386.53,239834.56,215807.01,386.53,239834.56,227490.13,386.53,50780.39,10929.93,386.53,50780.39,6891.22,386.53,50780.39,3039.62,386.53,50780.39,32161.39,386.53,14352,209,386.53,14352,199,386.53,14352,223,386.53,14352,7784
388.25,259755.85,249900.02,388.25,259755.85,238511.06,388.25,259755.85,233254.62,388.25,259755.85,245300.63,388.25,54779.78,12448.68,388.25,54779.78,7825.68,388.25,54779.78,3348.89,388.25,54779.78,34561.11,388.25,15672,226,388.25,15672,218,388.25,15672,241,388.25,15672,8462
389.96,281862.03,269927.92,389.96,281862.03,259078.72,389.96,281862.03,252352.22,389.96,281862.03,265805.22,389.96,60103.7,14476.11,389.96,60103.7,8936.21,389.96,60103.7,3744.3,389.96,60103.7,37860.6,389.96,17224,246,389.96,17224,234,389.96,17224,264,389.96,17224,9246
391.68,306570.59,293678.46,391.68,306570.59,281004.83,391.68,306570.59,274668.02,391.68,306570.59,288871.22,391.68,65110.8,16763.39,391.68,65110.8,10164.89,391.68,65110.8,4117.99,391.68,65110.8,40812.2,391.68,18704,268,391.68,18704,254,391.68,18704,287,391.68,18704,9970
393.39,323807.21,311877.47,393.39,323807.21,298030.45,393.39,323807.21,290787.4,393.39,323807.21,305912.6,393.39,69912.85,19111.5,393.39,69912.85,11392.35,393.39,69912.85,4503.4,393.39,69912.85,43651.48,393.39,20656,291,393.39,20656,278,393.39,20656,314,393.39,20656,10906
395.1,362008,346729.82,395.1,362008,332937.01,395.1,362008,324449.14,395.1,362008,341849.29,395.1,76855.84,21981.51,395.1,76855.84,12904.21,395.1,76855.84,4988.88,395.1,76855.84,47756.82,395.1,23184,324,395.1,23184,307,395.1,23184,349,395.1,23184,12194
396.81,389187.06,373276.89,396.81,389187.06,358182.64,396.81,389187.06,349615.63,396.81,389187.06,368381.46,396.81,84212.95,25258.71,396.81,84212.95,14609.16,396.81,84212.95,5538.28,396.81,84212.95,52180.2,396.81,26072,363,396.81,26072,347,396.81,26072,389,396.81,26072,13632
398.52,438350.5,420808.41,398.52,438350.5,402459.79,398.52,438350.5,392983.03,398.52,438350.5,414356.15,398.52,93118.95,29183.15,398.52,93118.95,16557.28,398.52,93118.95,6186.93,398.52,93118.95,57534.66,398.52,29624,409,398.52,29624,388,398.52,29624,437,398.52,29624,15418
400.23,466853.83,446792.95,400.23,466853.83,428874.49,400.23,466853.83,417188.53,400.23,466853.83,440949.97,400.23,99779.44,32765.61,400.23,99779.44,18211.35,400.23,99779.44,6656.29,400.23,99779.44,61379.92,400.23,32392,444,400.23,32392,422,400.23,32392,477,400.23,32392,16762
401.93,495491.98,475017.11,401.93,495491.98,454737.23,401.93,495491.98,443817.3,401.93,495491.98,467412.15,401.93,103212.77,35553.21,401.93,103212.77,19265.02,401.93,103212.77,6917.81,401.93,103212.77,62905.07,401.93,34352,470,401.93,34352,446,401.93,34352,501,401.93,34352,17564
403.64,506908.09,486355.17,403.64,506908.09,465225.99,403.64,506908.09,453316.82,403.64,506908.09,478287.67,403.64,106826.8,38577.01,403.64,106826.8,20443.65,403.64,106826.8,7177.54,403.64,106826.8,64471.5,403.64,35680,485,403.64,35680,462,403.64,35680,518,403.64,35680,17966
405.34,514984.85,493243.57,405.34,514984.85,472447.56,405.34,514984.85,460348.06,405.34,514984.85,485492.33,405.34,108719.95,41105.21,405.34,108719.95,21240.85,405.34,108719.95,7348.27,405.34,108719.95,64861.74,405.34,36848,499,405.34,36848,478,405.34,36848,533,405.34,36848,18272
407.04,532738.5,510924.99,407.04,532738.5,488359.3,407.04,532738.5,476512.3,407.04,532738.5,502274.81,407.04,112235.44,44038.78,407.04,112235.44,22283.76,407.04,112235.44,7608.09,407.04,112235.44,66163.92,407.04,38480,522,407.04,38480,498,407.04,38480,558,407.04,38480,18756
408.74,549512.99,526925.19,408.74,549512.99,503967.1,408.74,549512.99,491006.89,408.74,549512.99,518408.48,408.74,115112.65,46620.05,408.74,115112.65,23177.78,408.74,115112.65,7808.34,408.74,115112.65,67170.13,408.74,40336,546,408.74,40336,521,408.74,40336,581,408.74,40336,19418
410.44,565591.96,541134.91,410.44,565591.96,518127.17,410.44,565591.96,504358.75,410.44,565591.96,532620.23,410.44,118797.38,49435.04,410.44,118797.38,24193.41,410.44,118797.38,8078.56,410.44,118797.38,68697.35,410.44,42552,576,410.44,42552,548,410.44,42552,615,410.44,42552,20204
412.14,585821.44,560659.12,412.14,585821.44,536205.59,412.14,585821.44,522206.83,412.14,585821.44,551621.94,412.14,122691.46,52305.19,412.14,122691.46,25205.6,412.14,122691.46,8352.31,412.14,122691.46,70419.31,412.14,44960,610,412.14,44960,579,412.14,44960,647,412.14,44960,21166
413.84,599580.83,574338.96,413.84,599580.83,549269.98,413.84,599580.83,535265.93,413.84,599580.83,564830.04,413.84,125876.84,54700.97,413.84,125876.84,26052.95,413.84,125876.84,8557.79,413.84,125876.84,71741.18,413.84,47224,642,413.84,47224,611,413.84,47224,677,413.84,47224,21992
415.53,612315.55,585890.72,415.53,612315.55,559802.51,415.53,612315.55,545664.38,415.53,612315.55,575960.37,415.53,127325.79,56114.96,415.53,127325.79,26490.64,415.53,127325.79,8656.7,415.53,127325.79,72043.7,415.53,49456,668,415.53,49456,637,415.53,49456,709,415.53,49456,22802
417.23,619316.02,592481.72,417.23,619316.02,566465.54,417.23,619316.02,551739.4,417.23,619316.02,582827.92,417.23,128432.61,57301.32,417.23,128432.61,26820.82,417.23,128432.61,8717.02,417.23,128432.61,72111.92,417.23,51376,695,417.23,51376,659,417.23,51376,739,417.23,51376,23462
418.92,622679.83,595392.97,418.92,622679.83,569375.26,418.92,622679.83,554938.61,418.92,622679.83,586508.87,418.92,128155.47,57664.11,418.92,128155.47,26824.15,418.92,128155.47,8692.02,418.92,128155.47,71431.96,418.92,53208,717,418.92,53208,683,418.92,53208,765,418.92,53208,24060
420.61,626198.86,598576.98,420.61,626198.86,573115.47,420.61,626198.86,557529.93,420.61,626198.86,589163.93,420.61,128773.48,58313.6,420.61,128773.48,26981.7,420.61,128773.48,8719.43,420.61,128773.48,71259.48,420.61,54792,741,420.61,54792,704,420.61,54792,785,420.61,54792,24534
422.3,624053,597678.16,422.3,624053,571000.16,422.3,624053,555842.2,422.3,624053,587522.33,422.3,127891.16,58108.54,422.3,127891.16,26841.99,422.3,127891.16,8640.98,422.3,127891.16,70198.89,422.3,55376,748,422.3,55376,715,422.3,55376,795,422.3,55376,24552
423.99,624644.76,597091.29,423.99,624644.76,570580.37,423.99,624644.76,555984.48,423.99,624644.76,587112.46,423.99,127154.32,57976.34,423.99,127154.32,26734.96,423.99,127154.32,8573.67,423.99,127154.32,69154.99,423.99,56072,762,423.99,56072,722,423.99,56072,806,423.99,56072,24536
425.68,627173.6,598987.68,425.68,627173.6,572277.47,425.68,627173.6,557668.01,425.68,627173.6,589100.48,425.68,126565.18,57803.14,425.68,126565.18,26622.27,425.68,126565.18,8515.48,425.68,126565.18,68173.97,425.68,56312,763,425.68,56312,729,425.68,56312,811,425.68,56312,24304
427.37,623441.08,595752.02,427.37,623441.08,569228.82,427.37,623441.08,553781.23,427.37,623441.08,585842.25,427.37,126410.66,58004.89,427.37,126410.66,26656.79,427.37,126410.66,8473.44,427.37,126410.66,67287.49,427.37,56424,767,427.37,56424,729,427.37,56424,816,427.37,56424,23972
429.06,624040.01,596123.96,429.06,624040.01,569225.68,429.06,624040.01,554104.49,429.06,624040.01,586091.63,429.06,126050.39,57958.57,429.06,126050.39,26640.49,429.06,126050.39,8448.14,429.06,126050.39,66291.36,429.06,56576,772,429.06,56576,734,429.06,56576,817,429.06,56576,23636
430.74,644916.09,616278.87,430.74,644916.09,588509.44,430.74,644916.09,572744.5,430.74,644916.09,605431.43,430.74,131926.86,60832.64,430.74,131926.86,27967.74,430.74,131926.86,8839.6,430.74,131926.86,68385.05,430.74,59664,810,430.74,59664,774,430.74,59664,864,430.74,59664,24486
432.43,690495.55,659193.85,432.43,690495.55,629464.38,432.43,690495.55,613027.41,432.43,690495.55,648474.09,432.43,140647.27,64839.93,432.43,140647.27,29834.41,432.43,140647.27,9411.17,432.43,140647.27,72158.98,432.43,64024,871,432.43,64024,829,432.43,64024,925,432.43,64024,25934
434.11,717220.57,685024.02,434.11,717220.57,654239.6,434.11,717220.57,636587.98,434.11,717220.57,674009.41,434.11,145914.24,67418.31,434.11,145914.24,31023.53,434.11,145914.24,9763.48,434.11,145914.24,73997.85,434.11,67240,917,434.11,67240,872,434.11,67240,972,434.11,67240,26858
435.79,745272.23,711257.95,435.79,745272.23,679317.71,435.79,745272.23,660236.53,435.79,745272.23,699505.05,435.79,150704.67,69736.76,435.79,150704.67,32060.59,435.79,150704.67,10075.63,435.79,150704.67,75490.56,435.79,70896,967,435.79,70896,920,435.79,70896,1027,435.79,70896,27908
437.47,754776.11,720713.86,437.47,754776.11,688003.3,437.47,754776.11,668944.66,437.47,754776.11,707737.77,437.47,152345.83,70439.47,437.47,152345.83,32471.23,437.47,152345.83,10183.41,437.47,152345.83,75400.29,437.47,73352,1006,437.47,73352,959,437.47,73352,1067,437.47,73352,28434
439.15,771134.87,736137.11,439.15,771134.87,702455.06,439.15,771134.87,683772.04,439.15,771134.87,723901.05,439.15,156534.3,72440.06,439.15,156534.3,33372.23,439.15,156534.3,10466.58,439.15,156534.3,76528.89,439.15,77464,1069,439.15,77464,1010,439.15,77464,1130,439.15,77464,29580
440.83,804083.55,767604.36,440.83,804083.55,732538.1,440.83,804083.55,711857.99,440.83,804083.55,754759.57,440.83,163116.58,75356.35,440.83,163116.58,34778.31,440.83,163116.58,10901.65,440.83,163116.58,78931.92,440.83,82512,1141,440.83,82512,1083,440.83,82512,1207,440.83,82512,31128
442.51,828785.29,790965.72,442.51,828785.29,754144.69,442.51,828785.29,734049.14,442.51,828785.29,777111.03,442.51,167645.54,77310.89,442.51,167645.54,35732.95,442.51,167645.54,11189.84,442.51,167645.54,80390.3,442.51,87000,1209,442.51,87000,1148,442.51,87000,1282,442.51,87000,32442
444.19,841993.76,803682.74,444.19,841993.76,766341.62,444.19,841993.76,745488.79,444.19,841993.76,789376.73,444.19,169581.31,78111.29,444.19,169581.31,36134.85,444.19,169581.31,11300.47,444.19,169581.31,80670.32,444.19,90680,1266,444.19,90680,1206,444.19,90680,1342,444.19,90680,33466
445.86,857517.46,818156.78,445.86,857517.46,779744.55,445.86,857517.46,758285.87,445.86,857517.46,803811.48,445.86,172176.08,79128.36,445.86,172176.08,36647.64,445.86,172176.08,11453.08,445.86,172176.08,81229.61,445.86,94656,1331,445.86,94656,1265,445.86,94656,1411,445.86,94656,34578
447.54,877118.26,837265.04,447.54,877118.26,798570.35,447.54,877118.26,776094.99,447.54,877118.26,822667.65,447.54,176196.91,80789.68,447.54,176196.91,37464.77,447.54,176196.91,11698.41,447.54,176196.91,82602.31,447.54,98696,1398,447.54,98696,1328,447.54,98696,1476,447.54,98696,35746
449.21,889773.56,848600.35,449.21,889773.56,809019.47,449.21,889773.56,786726.79,449.21,889773.56,833928.13,449.21,178153.22,81484.49,449.21,178153.22,37845.91,449.21,178153.22,11793.24,449.21,178153.22,82943.41,449.21,101368,1445,449.21,101368,1376,449.21,101368,1524,449.21,101368,36378
450.89,897962.57,856412.18,450.89,897962.57,816103.79,450.89,897962.57,793522.06,450.89,897962.57,841282.42,450.89,177608.83,81084.46,450.89,177608.83,37689.05,450.89,177608.83,11725.8,450.89,177608.83,82123.27,450.89,101848,1462,450.89,101848,1384,450.89,101848,1549,450.89,101848,36216
452.56,890037.87,848895.03,452.56,890037.87,808879.4,452.56,890037.87,786335.38,452.56,890037.87,833452.38,452.56,175998.9,80274.71,452.56,175998.9,37330.3,452.56,175998.9,11588.88,452.56,175998.9,80701.1,452.56,101096,1463,452.56,101096,1389,452.56,101096,1543,452.56,101096,35530
454.23,894749.96,853047.89,454.23,894749.96,812911.03,454.23,894749.96,789879.86,454.23,894749.96,837619.23,454.23,178452.58,81253.18,454.23,178452.58,37849.16,454.23,178452.58,11716.06,454.23,178452.58,81078.92,454.23,102448,1491,454.23,102448,1417,454.23,102448,1575,454.23,102448,35568
455.9,915667.54,872961.05,455.9,915667.54,831375.46,455.9,915667.54,808733.17,455.9,915667.54,857156.28,455.9,181301.56,82563.69,455.9,181301.56,38433.23,455.9,181301.56,11876.35,455.9,181301.56,81663.94,455.9,104184,1526,455.9,104184,1456,455.9,104184,1615,455.9,104184,35748
457.57,922009.04,878607.29,457.57,922009.04,837097.41,457.57,922009.04,813282.09,457.57,922009.04,862804.6,457.57,182420.22,82987.88,457.57,182420.22,38665.77,457.57,182420.22,11918.7,457.57,182420.22,81446.21,457.57,105168,1555,457.57,105168,1475,457.57,105168,1640,457.57,105168,35666
459.24,924467.43,881114.16,459.24,924467.43,839407.21,459.24,924467.43,815261.08,459.24,924467.43,864870.4,459.24,183919.39,83708.25,459.24,183919.39,38985.43,459.24,183919.39,11996.19,459.24,183919.39,81362.74,459.24,107136,1597,459.24,107136,1517,459.24,107136,1687,459.24,107136,35858
460.91,935934.87,892262.23,460.91,935934.87,849778.7,460.91,935934.87,825780.37,460.91,935934.87,875722.84,460.91,185802.66,84519.88,460.91,185802.66,39383.14,460.91,185802.66,12093.29,460.91,185802.66,81432.16,460.91,109912,1651,460.91,109912,1567,460.91,109912,1742,460.91,109912,36374
462.58,940122.2,896351.11,462.58,940122.2,853642.43,462.58,940122.2,828994.63,462.58,940122.2,879352.63,462.58,185967.67,84603.78,462.58,185967.67,39425.72,462.58,185967.67,12098.65,462.58,185967.67,80815.4,462.58,111816,1695,462.58,111816,1614,462.58,111816,1789,462.58,111816,36592
464.24,933654.25,889312.93,464.24,933654.25,847147.23,464.24,933654.25,823215.35,464.24,933654.25,873358.34,464.24,185120.71,84254.68,464.24,185120.71,39235.66,464.24,185120.71,12027.59,464.24,185120.71,79659.27,464.24,113848,1743,464.24,113848,1659,464.24,113848,1840,464.24,113848,36800
465.91,934078.98,889877.11,465.91,934078.98,847386.94,465.91,934078.98,823221.91,465.91,934078.98,873968.47,465.91,185448.78,84472.72,465.91,185448.78,39324.96,465.91,185448.78,12045.56,465.91,185448.78,79061.21,465.91,117280,1814,465.91,117280,1727,465.91,117280,1917,465.91,117280,37448
467.57,939797.16,895425.71,467.57,939797.16,852224.49,467.57,939797.16,828039.61,467.57,939797.16,878749.84,467.57,186772.56,85040.48,467.57,186772.56,39597.01,467.57,186772.56,12145.05,467.57,186772.56,78832.94,467.57,121896,1905,467.57,121896,1810,467.57,121896,2010,467.57,121896,38454
469.24,946548.76,901817.26,469.24,946548.76,858126.03,469.24,946548.76,833632.46,469.24,946548.76,885078.41,469.24,187315.42,85305.72,469.24,187315.42,39725.11,469.24,187315.42,12198.46,469.24,187315.42,78287.01,469.24,126432,2003,469.24,126432,1904,469.24,126432,2111,469.24,126432,39462
470.9,952918.94,907655.29,470.9,952918.94,863674.42,470.9,952918.94,839393.31,470.9,952918.94,890612.7,470.9,189398.88,86206.3,470.9,189398.88,40149.14,470.9,189398.88,12357.55,470.9,189398.88,78270.9,470.9,131624,2107,470.9,131624,2002,470.9,131624,2219,470.9,131624,40596
472.56,963526.53,917601.69,472.56,963526.53,873377.76,472.56,963526.53,848043,472.56,963526.53,900682.01,472.56,189893.57,86391.57,472.56,189893.57,40237.68,472.56,189893.57,12431.8,472.56,189893.57,77658.12,472.56,135520,2194,472.56,135520,2084,472.56,135520,2311,472.56,135520,41358
474.22,966555.32,920223.85,474.22,966555.32,875559.6,474.22,966555.32,850726.63,474.22,966555.32,903200.54,474.22,189772.04,86248.74,474.22,189772.04,40184.2,474.22,189772.04,12464.01,474.22,189772.04,76743.23,474.22,138168,2261,474.22,138168,2150,474.22,138168,2377,474.22,138168,41650
475.88,964257.09,918052.2,475.88,964257.09,873401.87,475.88,964257.09,848097.14,475.88,964257.09,901038.44,475.88,189489.24,86105.16,475.88,189489.24,40118.95,475.88,189489.24,12495.77,475.88,189489.24,75829.1,475.88,139768,2311,475.88,139768,2193,475.88,139768,2433,475.88,139768,41624
477.54,973834.12,927530.73,477.54,973834.12,882174.08,477.54,973834.12,856526.48,477.54,973834.12,909801.19,477.54,190447.51,86449.06,477.54,190447.51,40295.93,477.54,190447.51,12604.61,477.54,190447.51,75616.58,477.54,141008,2351,477.54,141008,2234,477.54,141008,2473,477.54,141008,41548
479.2,974398.08,927516.25,479.2,974398.08,882277.89,479.2,974398.08,856501.53,479.2,974398.08,910043.69,479.2,189832.36,86116.78,479.2,189832.36,40186.71,479.2,189832.36,12613.87,479.2,189832.36,74912.21,479.2,139576,2348,479.2,139576,2233,479.2,139576,2469,479.2,139576,40736
480.86,963657.66,916782.71,480.86,963657.66,872277.84,480.86,963657.66,846996.97,480.86,963657.66,899489.89,480.86,186677.58,84594.83,480.86,186677.58,39503.66,480.86,186677.58,12435.92,480.86,186677.58,73102.45,480.86,135384,2299,480.86,135384,2184,480.86,135384,2408,480.86,135384,39080
482.52,937043.93,891671.46,482.52,937043.93,848170.94,482.52,937043.93,823122.49,482.52,937043.93,874823.93,482.52,181268.75,82061.95,482.52,181268.75,38336.2,482.52,181268.75,12101.91,482.52,181268.75,70373.06,482.52,128944,2207,482.52,128944,2100,482.52,128944,2318,482.52,128944,36762
484.17,913176.03,868648.59,484.17,913176.03,826211.21,484.17,913176.03,801948.3,484.17,913176.03,852291.57,484.17,175226.67,79257.42,484.17,175226.67,37047.69,484.17,175226.67,11702.99,484.17,175226.67,67365.86,484.17,122248,2111,484.17,122248,2003,484.17,122248,2211,484.17,122248,34318
485.83,895498.66,851932.87,485.83,895498.66,810213.08,485.83,895498.66,786491.87,485.83,895498.66,835411.09,485.83,174034.61,78636.89,485.83,174034.61,36800.72,485.83,174034.61,11624.99,485.83,174034.61,66021.29,485.83,119416,2080,485.83,119416,1974,485.83,119416,2180,485.83,119416,32890
487.49,930521.19,885182.35,487.49,930521.19,841619.68,487.49,930521.19,817033.87,487.49,930521.19,868542.53,487.49,181994.2,82263.18,487.49,181994.2,38502.28,487.49,181994.2,12163.58,487.49,181994.2,68237.17,487.49,123000,2156,487.49,123000,2048,487.49,123000,2261,487.49,123000,33406
489.14,956950.53,910336.36,489.14,956950.53,865316.63,489.14,956950.53,840086.83,489.14,956950.53,892797.42,489.14,186713.4,84402.84,489.14,186713.4,39498.72,489.14,186713.4,12474.73,489.14,186713.4,69406.2,489.14,125344,2213,489.14,125344,2106,489.14,125344,2321,489.14,125344,33644
490.79,966575.29,919393.44,490.79,966575.29,873610.26,490.79,966575.29,848340.92,490.79,966575.29,901770.18,490.79,188143.44,84953.02,490.79,188143.44,39793.46,490.79,188143.44,12553.49,490.79,188143.44,69343.67,490.79,126656,2259,490.79,126656,2145,490.79,126656,2369,490.79,126656,33588
492.45,975990.42,928136.94,492.45,975990.42,882487.85,492.45,975990.42,856586.36,492.45,975990.42,910226.33,492.45,191054.07,86245.54,492.45,191054.07,40422.7,492.45,191054.07,12733.42,492.45,191054.07,69731.72,492.45,130496,2347,492.45,130496,2234,492.45,130496,2463,492.45,130496,34156
494.1,987684.47,939493.8,494.1,987684.47,892649.23,494.1,987684.47,866265.51,494.1,987684.47,921007.25,494.1,193427.37,87307.03,494.1,193427.37,40956.19,494.1,193427.37,12883.93,494.1,193427.37,70044.74,494.1,134800,2449,494.1,134800,2330,494.1,134800,2570,494.1,134800,34918
495.75,986449.19,938159.64,495.75,986449.19,891439.06,495.75,986449.19,864853.66,495.75,986449.19,920116.43,495.75,192553.63,86917.13,495.75,192553.63,40781.5,495.75,192553.63,12817.21,495.75,192553.63,69187.66,495.75,138248,2541,495.75,138248,2418,495.75,138248,2662,495.75,138248,35452
497.4,970348.52,922609.9,497.4,970348.52,876723.57,497.4,970348.52,850707.29,497.4,970348.52,904844.74,497.4,189407,85513.24,497.4,189407,40113.8,497.4,189407,12590.16,497.4,189407,67507.1,497.4,140760,2620,497.4,140760,2488,497.4,140760,2741,497.4,140760,35726
499.05,957567.41,910261.1,499.05,957567.41,865145.64,499.05,957567.41,839585.63,499.05,957567.41,892977.66,499.05,187182.58,84492.95,499.05,187182.58,39659.96,499.05,187182.58,12426.54,499.05,187182.58,66092.79,499.05,144096,2714,499.05,144096,2579,499.05,144096,2843,499.05,144096,36162
500.7,949979.12,903281.92,500.7,949979.12,858227.33,500.7,949979.12,832727.69,500.7,949979.12,885995.35,500.7,185744.64,83868.05,500.7,185744.64,39380.15,500.7,185744.64,12322.24,500.7,185744.64,64877.65,500.7,148672,2836,500.7,148672,2699,500.7,148672,2969,500.7,148672,36850
502.35,960468.4,913291.74,502.35,960468.4,867475.95,502.35,960468.4,841770.72,502.35,960468.4,895298.08,502.35,187907.16,84805.01,502.35,187907.16,39842.4,502.35,187907.16,12449.04,502.35,187907.16,64914.97,502.35,155504,3000,502.35,155504,2854,502.35,155504,3141,502.35,155504,38132
503.99,967744.05,919452.4,503.99,967744.05,873733.37,503.99,967744.05,847786.71,503.99,967744.05,902252.64,503.99,188961.7,85301.94,503.99,188961.7,40080.29,503.99,188961.7,12513.29,503.99,188961.7,64755.89,503.99,161112,3148,503.99,161112,2997,503.99,161112,3291,503.99,161112,39152
505.64,973467.62,925573.33,505.64,973467.62,879043.35,505.64,973467.62,852762.52,505.64,973467.62,907550.14,505.64,188771.02,85155.02,505.64,188771.02,40040.55,505.64,188771.02,12487.4,505.64,188771.02,64308.4,505.64,164800,3259,505.64,164800,3099,505.64,164800,3411,505.64,164800,39770
507.29,966665.09,918829.97,507.29,966665.09,872549.32,507.29,966665.09,846406.05,507.29,966665.09,901165.6,507.29,187204.74,84467.48,507.29,187204.74,39724.2,507.29,187204.74,12367.25,507.29,187204.74,63404.15,507.29,166064,3322,507.29,166064,3158,507.29,166064,3475,507.29,166064,39748
508.93,967107.04,919506.58,508.93,967107.04,873094.39,508.93,967107.04,847162.28,508.93,967107.04,901403.03,508.93,186778.02,84280.25,508.93,186778.02,39642.71,508.93,186778.02,12323.35,508.93,186778.02,62926.55,508.93,167352,3386,508.93,167352,3225,508.93,167352,3538,508.93,167352,39774
510.58,960502.03,912396.63,510.58,960502.03,866455.63,510.58,960502.03,840692.37,510.58,960502.03,895011.67,510.58,184566.99,83227.79,510.58,184566.99,39192.29,510.58,184566.99,12166.74,510.58,184566.99,61847.67,510.58,165656,3392,510.58,165656,3226,510.58,165656,3544,510.58,165656,39094
512.22,944845.11,897855.71,512.22,944845.11,852411.55,512.22,944845.11,826774.59,512.22,944845.11,879944.95,512.22,180291.06,81265.52,512.22,180291.06,38289.81,512.22,180291.06,11863.21,512.22,180291.06,60083.88,512.22,160616,3331,512.22,160616,3170,512.22,160616,3477,512.22,160616,37626
513.86,915159.5,869770.88,513.86,915159.5,825731.85,513.86,915159.5,800658.01,513.86,915159.5,852226.3,513.86,174736.73,78731.67,513.86,174736.73,37123.21,513.86,174736.73,11486.99,513.86,174736.73,57908.63,513.86,153680,3229,513.86,153680,3074,513.86,153680,3373,513.86,153680,35706
515.51,888072.94,843784.89,515.51,888072.94,800797.3,515.51,888072.94,776810.95,515.51,888072.94,827023.34,515.51,168454.69,75875.05,515.51,168454.69,35781.17,515.51,168454.69,11052.53,515.51,168454.69,55554.97,515.51,145416,3096,515.51,145416,2951,515.51,145416,3238,515.51,145416,33482
517.15,878581.83,834531.2,517.15,878581.83,792395.81,517.15,878581.83,768307.92,517.15,878581.83,818325.28,517.15,169016.43,76078.93,517.15,169016.43,35912.56,517.15,169016.43,11072.61,517.15,169016.43,55230.9,517.15,142936,3093,517.15,142936,2946,517.15,142936,3228,517.15,142936,32432
518.79,915768.56,869807.68,518.79,915768.56,825646.25,518.79,915768.56,800978.84,518.79,915768.56,852787.91,518.79,176427.1,79487.93,518.79,176427.1,37525.16,518.79,176427.1,11545.25,518.79,176427.1,57165.29,518.79,146576,3214,518.79,146576,3062,518.79,146576,3352,518.79,146576,32894
520.43,944577.65,897169.94,520.43,944577.65,851436.34,520.43,944577.65,825944.24,520.43,944577.65,879591.8,520.43,181146.07,81575.04,520.43,181146.07,38526.62,520.43,181146.07,11839.33,520.43,181146.07,58299.39,520.43,148048,3287,520.43,148048,3128,520.43,148048,3432,520.43,148048,32930
522.07,958973.53,910844.47,522.07,958973.53,864711.18,522.07,958973.53,838305.45,522.07,958973.53,892652.14,522.07,183668.69,82696.52,522.07,183668.69,39049.71,522.07,183668.69,11979.62,522.07,183668.69,58627.1,522.07,148512,3338,522.07,148512,3182,522.07,148512,3489,522.07,148512,32670
523.71,958130.21,910035.17,523.71,958130.21,863402.21,523.71,958130.21,837392.42,523.71,958130.21,891874.48,523.71,183595.75,82639.19,523.71,183595.75,39072.4,523.71,183595.75,11968.32,523.71,183595.75,58195.46,523.71,147864,3371,523.71,147864,3212,523.71,147864,3517,523.71,147864,32222
525.34,947754.81,899980.44,525.34,947754.81,854196.66,525.34,947754.81,828012.63,525.34,947754.81,882141.61,525.34,181464.38,81629.67,525.34,181464.38,38625.3,525.34,181464.38,11800.89,525.34,181464.38,57089.89,525.34,146448,3385,525.34,146448,3220,525.34,146448,3527,525.34,146448,31542
526.98,961241.81,913126.76,526.98,961241.81,866222.16,526.98,961241.81,840046.36,526.98,961241.81,894894.49,526.98,186351.71,83845.56,526.98,186351.71,39683,526.98,186351.71,12107.78,526.98,186351.71,57992.76,526.98,152096,3561,526.98,152096,3393,526.98,152096,3717,526.98,152096,32274
528.62,995653.72,945100.13,528.62,995653.72,897066.81,528.62,995653.72,869640.37,528.62,995653.72,926346.38,528.62,192301.58,86471.78,528.62,192301.58,40960.98,528.62,192301.58,12482.07,528.62,192301.58,59372.56,528.62,159816,3788,528.62,159816,3607,528.62,159816,3953,528.62,159816,33586
530.25,991596.02,941489.16,530.25,991596.02,893187.3,530.25,991596.02,866112.26,530.25,991596.02,922644.93,530.25,190961.9,85875.38,530.25,190961.9,40689.73,530.25,190961.9,12385.68,530.25,190961.9,58546.74,530.25,162768,3901,530.25,162768,3716,530.25,162768,4068,530.25,162768,33896
531.89,981383.47,932135.41,531.89,981383.47,884641.19,531.89,981383.47,857281.15,531.89,981383.47,913334.15,531.89,189126.35,85041.04,531.89,189126.35,40321.1,531.89,189126.35,12250.69,531.89,189126.35,57480.83,531.89,165856,4029,531.89,165856,3835,531.89,165856,4202,531.89,165856,34116
533.52,989525.46,939368.63,533.52,989525.46,891185.41,533.52,989525.46,864031.31,533.52,989525.46,920653.4,533.52,191479.94,86132.85,533.52,191479.94,40860.19,533.52,191479.94,12404.6,533.52,191479.94,57663.46,533.52,172880,4242,533.52,172880,4043,533.52,172880,4423,533.52,172880,35146
535.16,991968.73,941729.93,535.16,991968.73,893207.57,535.16,991968.73,865942.62,535.16,991968.73,923113.18,535.16,191288,86043.84,535.16,191288,40843.12,535.16,191288,12387.91,535.16,191288,57142.82,535.16,177816,4417,535.16,177816,4208,535.16,177816,4602,535.16,177816,35802
536.79,980136.76,930529.11,536.79,980136.76,882656.43,536.79,980136.76,855732.07,536.79,980136.76,911829.85,536.79,188432.2,84723.21,536.79,188432.2,40260.04,536.79,188432.2,12204.06,536.79,188432.2,55809.87,536.79,180152,4524,536.79,180152,4309,536.79,180152,4711,536.79,180152,35904
538.42,961563.31,912858.31,538.42,961563.31,865908.45,538.42,961563.31,839330.69,538.42,961563.31,894304.02,538.42,184375.72,82866.92,538.42,184375.72,39413.71,538.42,184375.72,11935.17,538.42,184375.72,54096.63,538.42,180736,4592,538.42,180736,4371,538.42,180736,4780,538.42,180736,35644
540.05,951345.38,903157.32,540.05,951345.38,856628.8,540.05,951345.38,830260.59,540.05,951345.38,884840.94,540.05,182827.21,82179.61,540.05,182827.21,39100.12,540.05,182827.21,11831.18,540.05,182827.21,53054.95,540.05,182960,4697,540.05,182960,4479,540.05,182960,4889,540.05,182960,35624
541.68,960338.38,911405.87,541.68,960338.38,864353.05,541.68,960338.38,837855.52,541.68,960338.38,893397.25,541.68,184449.62,82936.75,541.68,184449.62,39480.42,541.68,184449.62,11936.96,541.68,184449.62,53060.01,541.68,187112,4862,541.68,187112,4633,541.68,187112,5052,541.68,187112,36074
543.31,967379.36,918493.91,543.31,967379.36,871049.81,543.31,967379.36,844024.68,543.31,967379.36,899816.55,543.31,185275.02,83346.96,543.31,185275.02,39667.57,543.31,185275.02,11986.76,543.31,185275.02,52894.82,543.31,189712,4983,543.31,189712,4748,543.31,189712,5181,543.31,189712,36272
544.94,966860.59,917701.23,544.94,966860.59,870216.39,544.94,966860.59,843543.55,544.94,966860.59,899281.42,544.94,184300.5,82867.68,544.94,184300.5,39476.21,544.94,184300.5,11907.58,544.94,184300.5,52297.89,544.94,189464,5028,544.94,189464,4797,544.94,189464,5230,544.94,189464,35982
546.57,961362.61,912155.48,546.57,961362.61,865041,546.57,961362.61,838195.31,546.57,961362.61,893680.38,546.57,182837.93,82185.18,546.57,182837.93,39189.97,546.57,182837.93,11804.35,546.57,182837.93,51631.9,546.57,187824,5045,546.57,187824,4810,546.57,187824,5246,546.57,187824,35422
548.2,961854.88,912587.53,548.2,961854.88,865483.14,548.2,961854.88,838746.59,548.2,961854.88,894262.48,548.2,182790.95,82162.29,548.2,182790.95,39196.24,548.2,182790.95,11795.92,548.2,182790.95,51366.7,548.2,186848,5074,548.2,186848,4840,548.2,186848,5271,548.2,186848,34990
549.83,961624.42,912727.24,549.83,961624.42,865286.05,549.83,961624.42,838653.46,549.83,961624.42,894041.96,549.83,182225.39,81908.77,549.83,182225.39,39088.89,549.83,182225.39,11746.85,549.83,182225.39,50981.93,549.83,184200,5057,549.83,184200,4823,549.83,184200,5257,549.83,184200,34266
551.45,958969.04,910185.98,551.45,958969.04,862881.19,551.45,958969.04,836333.84,551.45,958969.04,891645.95,551.45,181610,81606.01,551.45,181610,38971.16,551.45,181610,11690.3,551.45,181610,50550.5,551.45,180568,5024,551.45,180568,4789,551.45,180568,5218,551.45,180568,33354
553.08,962002.04,912900.44,553.08,962002.04,865243,553.08,962002.04,838557.35,553.08,962002.04,894063.51,553.08,182010.6,81820.57,553.08,182010.6,39078.9,553.08,182010.6,11712.77,553.08,182010.6,50374.96,553.08,177392,4996,553.08,177392,4764,553.08,177392,5195,553.08,177392,32470
554.7,959030.13,910049.12,554.7,959030.13,862666.72,554.7,959030.13,836002.12,554.7,959030.13,891249.63,554.7,180791.16,81198.23,554.7,180791.16,38811.95,554.7,180791.16,11619.83,554.7,180791.16,49759.41,554.7,172720,4929,554.7,172720,4703,554.7,172720,5122,554.7,172720,31398
556.33,942655.93,894630.39,556.33,942655.93,848103.61,556.33,942655.93,821582.05,556.33,942655.93,875798.12,556.33,177614.15,79790.57,556.33,177614.15,38154.32,556.33,177614.15,11405.33,556.33,177614.15,48622.38,556.33,166216,4807,556.33,166216,4585,556.33,166216,4993,556.33,166216,29946
557.95,928931.17,881319.15,557.95,928931.17,835362.61,557.95,928931.17,809603.12,557.95,928931.17,863506.02,557.95,175885.67,78993.34,557.95,175885.67,37801.62,557.95,175885.67,11279.9,557.95,175885.67,47792.65,557.95,161544,4731,557.95,161544,4512,557.95,161544,4915,557.95,161544,28794
559.58,937253.98,888898.24,559.58,937253.98,842896.39,559.58,937253.98,816667.27,559.58,937253.98,870874.12,559.58,177822.94,79900.54,559.58,177822.94,38229.63,559.58,177822.94,11394.95,559.58,177822.94,47926.97,559.58,160984,4771,559.58,160984,4550,559.58,160984,4959,559.58,160984,28374
561.2,947083,898723.04,561.2,947083,851514.51,561.2,947083,825099.41,561.2,947083,880232.47,561.2,179672.56,80706.54,561.2,179672.56,38643.19,561.2,179672.56,11511.06,561.2,179672.56,48052.12,561.2,161072,4829,561.2,161072,4611,561.2,161072,5017,561.2,161072,28090
562.82,950437.94,901795.08,562.82,950437.94,854646.84,562.82,950437.94,827811.74,562.82,950437.94,882976.54,562.82,180218.6,80929.16,562.82,180218.6,38774.86,562.82,180218.6,11533.6,562.82,180218.6,47819.44,562.82,160880,4871,562.82,160880,4649,562.82,160880,5063,562.82,160880,27764
564.44,944327.17,895426.69,564.44,944327.17,848758.18,564.44,944327.17,822583.23,564.44,944327.17,877029.83,564.44,179375.97,80538.62,564.44,179375.97,38594.34,564.44,179375.97,11468.19,564.44,179375.97,47188.49,564.44,160400,4905,564.44,160400,4676,564.44,160400,5100,564.44,160400,27382
566.06,943974.66,895380.35,566.06,943974.66,848526.33,566.06,943974.66,821953.41,566.06,943974.66,876906.48,566.06,179795.01,80766.2,566.06,179795.01,38713.19,566.06,179795.01,11488.14,566.06,179795.01,46775.94,566.06,162216,4998,566.06,162216,4771,566.06,162216,5199,566.06,162216,27338
567.68,940658.53,892106.28,567.68,940658.53,845403.64,567.68,940658.53,819046.71,567.68,940658.53,873808.36,567.68,178714.37,80257.01,567.68,178714.37,38481.61,567.68,178714.37,11410.63,567.68,178714.37,45914.34,567.68,163336,5069,567.68,163336,4839,567.68,163336,5263,567.68,163336,27168
569.3,928426.59,880959.43,569.3,928426.59,834593.15,569.3,928426.59,808495.92,569.3,928426.59,863086.39,569.3,176954.35,79457.14,569.3,176954.35,38122.01,569.3,176954.35,11281.78,569.3,176954.35,44996.99,569.3,164672,5140,569.3,164672,4905,569.3,164672,5344,569.3,164672,27068
570.92,933903.8,885884.93,570.92,933903.8,839635.18,570.92,933903.8,813161.62,570.92,933903.8,867688.31,570.92,179061.69,80415.98,570.92,179061.69,38583.62,570.92,179061.69,11411.12,570.92,179061.69,45004.36,570.92,170632,5350,570.92,170632,5103,570.92,170632,5561,570.92,170632,27664
572.53,948267.65,899524.63,572.53,948267.65,852262.41,572.53,948267.65,825608,572.53,948267.65,881138.03,572.53,180772.67,81230.85,572.53,180772.67,38956.82,572.53,180772.67,11512.84,572.53,180772.67,44977.01,572.53,176504,5546,572.53,176504,5291,572.53,176504,5766,572.53,176504,28310
574.15,939138.67,891039.22,574.15,939138.67,844019.32,574.15,939138.67,817570.62,574.15,939138.67,872507.14,574.15,178840.19,80284.71,574.15,178840.19,38531.58,574.15,178840.19,11376.52,574.15,178840.19,44112,574.15,179296,5640,574.15,179296,5382,574.15,179296,5859,574.15,179296,28476
575.77,931998.03,884304.91,575.77,931998.03,837836.2,575.77,931998.03,811365.94,575.77,931998.03,865997.29,575.77,177756.97,79858.07,575.77,177756.97,38319.55,575.77,177756.97,11300.86,575.77,177756.97,43510.85,575.77,183248,5757,575.77,183248,5493,575.77,183248,5984,575.77,183248,28822
577.38,927398.29,879554.51,577.38,927398.29,833354.66,577.38,927398.29,807165.29,577.38,927398.29,861414.69,577.38,176789.52,79412.55,577.38,176789.52,38127.09,577.38,176789.52,11230.72,577.38,176789.52,43067.7,577.38,187384,5867,577.38,187384,5594,577.38,187384,6096,577.38,187384,29266
578.99,933951.52,885818.25,578.99,933951.52,839123.44,578.99,933951.52,812843.77,578.99,933951.52,867450.15,578.99,178510.12,80172.86,578.99,178510.12,38507.92,578.99,178510.12,11333.5,578.99,178510.12,43376.27,578.99,193808,6024,578.99,193808,5752,578.99,193808,6264,578.99,193808,30066
580.61,947963.57,899279.24,580.61,947963.57,851677.98,580.61,947963.57,824925.97,580.61,947963.57,880812.77,580.61,180832.46,81260.39,580.61,180832.46,39026.32,580.61,180832.46,11480.6,580.61,180832.46,43947.26,580.61,200511.99,6177,580.61,200511.99,5895,580.61,200511.99,6423,580.61,200511.99,30992
582.22,957764.69,908295.9,582.22,957764.69,860426.33,582.22,957764.69,833239.82,582.22,957764.69,889531.88,582.22,181797.79,81756.32,582.22,181797.79,39247.41,582.22,181797.79,11543.25,582.22,181797.79,44115.54,582.22,204711.99,6241,582.22,204711.99,5956,582.22,204711.99,6493,582.22,204711.99,31518
583.83,951232.33,901982.53,583.83,951232.33,854207.58,583.83,951232.33,827396.73,583.83,951232.33,883230.73,583.83,179497.42,80729.46,583.83,179497.42,38769.21,583.83,179497.42,11389.6,583.83,179497.42,43420.05,583.83,204455.99,6158,583.83,204455.99,5871,583.83,204455.99,6400,583.83,204455.99,31330
585.44,936129.93,887725.67,585.44,936129.93,840840.6,585.44,936129.93,814333.5,585.44,936129.93,869233.57,585.44,176366.92,79355.63,585.44,176366.92,38094.64,585.44,176366.92,11188,585.44,176366.92,42284.21,585.44,202023.99,5998,585.44,202023.99,5715,585.44,202023.99,6238,585.44,202023.99,30680
587.05,912396.75,865074.9,587.05,912396.75,819321.72,587.05,912396.75,793595.37,587.05,912396.75,846930.5,587.05,170022.96,76406.46,587.05,170022.96,36716.21,587.05,170022.96,10769.94,587.05,170022.96,40134.9,587.05,194936,5698,587.05,194936,5436,587.05,194936,5929,587.05,194936,29292
588.66,860217.5,815950.1,588.66,860217.5,772944.49,588.66,860217.5,748339.81,588.66,860217.5,798916.09,588.66,161584.57,72524.4,588.66,161584.57,34864.68,588.66,161584.57,10209.39,588.66,161584.57,37341.02,588.66,184424,5298,588.66,184424,5050,588.66,184424,5509,588.66,184424,27230
590.27,876081.84,830744.36,590.27,876081.84,786788.78,590.27,876081.84,762020.59,590.27,876081.84,813736.15,590.27,165860.13,74507.74,590.27,165860.13,35795.8,590.27,165860.13,10482.51,590.27,165860.13,37993.09,590.27,187256,5287,590.27,187256,5038,590.27,187256,5503,590.27,187256,27368
591.88,893351.36,847357.35,591.88,893351.36,802603.51,591.88,893351.36,776991.37,591.88,893351.36,829509.73,591.88,168002.49,75471.31,591.88,168002.49,36273.86,591.88,168002.49,10609.74,591.88,168002.49,38380.95,591.88,186752,5170,591.88,186752,4924,591.88,186752,5382,591.88,186752,27152
593.49,894091.79,847453.55,593.49,894091.79,802628.11,593.49,894091.79,777139.13,593.49,894091.79,829710.15,593.49,167432.61,75181.97,593.49,167432.61,36140.46,593.49,167432.61,10565.27,593.49,167432.61,38049.55,593.49,182528,4936,593.49,182528,4704,593.49,182528,5142,593.49,182528,26328
595.1,894558.01,848289.7,595.1,894558.01,803197.71,595.1,894558.01,777598.89,595.1,894558.01,830308.92,595.1,168256.08,75605.47,595.1,168256.08,36316.97,595.1,168256.08,10607.15,595.1,168256.08,38104.59,595.1,179552,4720,595.1,179552,4496,595.1,179552,4917,595.1,179552,25718
596.7,901388.6,854546.13,596.7,901388.6,809305.12,596.7,901388.6,783281.52,596.7,901388.6,836815.77,596.7,168947.81,75931.87,596.7,168947.81,36472.08,596.7,168947.81,10644.46,596.7,168947.81,38256.68,596.7,176272,4474,596.7,176272,4257,596.7,176272,4668,596.7,176272,25112
598.31,900441.22,853667.33,598.31,900441.22,808236.51,598.31,900441.22,782484.59,598.31,900441.22,835623.47,598.31,168897.4,75859.93,598.31,168897.4,36454.09,598.31,168897.4,10629.37,598.31,168897.4,38188.24,598.31,172352,4201,598.31,172352,3994,598.31,172352,4384,598.31,172352,24408
599.91,900754.94,853861.75,599.91,900754.94,808460.08,599.91,900754.94,782627.06,599.91,900754.94,835903.93,599.91,168762.34,75800.96,599.91,168762.34,36425.03,599.91,168762.34,10616.28,599.91,168762.34,38101.68,599.91,168440,3952,599.91,168440,3758,599.91,168440,4129,599.91,168440,23696
601.52,900155.58,852938.89,601.52,900155.58,807849.07,601.52,900155.58,781901.16,601.52,900155.58,835073.11,601.52,169358.09,76114.94,601.52,169358.09,36567.41,601.52,169358.09,10643.14,601.52,169358.09,38080.98,601.52,165768,3773,601.52,165768,3588,601.52,165768,3947,601.52,165768,23128
603.12,914741.13,867048.24,603.12,914741.13,820589.31,603.12,914741.13,794490.87,603.12,914741.13,848600.4,603.12,172242.12,77420.3,603.12,172242.12,37182.52,603.12,172242.12,10817.29,603.12,172242.12,38531.96,603.12,165896,3700,603.12,165896,3516,603.12,165896,3871,603.12,165896,22938
604.72,920356.98,872084.77,604.72,920356.98,825873.33,604.72,920356.98,799332.98,604.72,920356.98,853912.43,604.72,172961.18,77738.23,604.72,172961.18,37340.08,604.72,172961.18,10851.93,604.72,172961.18,38490.16,604.72,164264,3621,604.72,164264,3439,604.72,164264,3785,604.72,164264,22526
606.32,918548.81,870782,606.32,918548.81,824151,606.32,918548.81,797901.34,606.32,918548.81,852230.56,606.32,172608.87,77519.49,606.32,172608.87,37257,606.32,172608.87,10825.34,606.32,172608.87,38163.1,606.32,162224,3541,606.32,162224,3357,606.32,162224,3700,606.32,162224,22020
607.93,913189.05,865426.93,607.93,913189.05,819377.38,607.93,913189.05,792927.44,607.93,913189.05,847222.77,607.93,171752.25,77188.49,607.93,171752.25,37080.53,607.93,171752.25,10764.23,607.93,171752.25,37735.35,607.93,160256,3470,607.93,160256,3292,607.93,160256,3629,607.93,160256,21542
609.53,909078.44,861569.83,609.53,909078.44,815522.05,609.53,909078.44,789608.27,609.53,909078.44,843404.78,609.53,171349.51,77003.84,609.53,171349.51,36984.06,609.53,171349.51,10732.96,609.53,171349.51,37395.57,609.53,159448,3428,609.53,159448,3251,609.53,159448,3582,609.53,159448,21224
611.13,908150.31,860662.84,611.13,908150.31,814694.97,611.13,908150.31,788735.16,611.13,908150.31,842364.34,611.13,171410.25,77013.79,611.13,171410.25,36995.45,611.13,171410.25,10728.3,611.13,171410.25,37172.87,611.13,159720,3405,611.13,159720,3231,611.13,159720,3564,611.13,159720,21062
612.72,903532.15,856116.84,612.72,903532.15,810147.88,612.72,903532.15,784239.25,612.72,903532.15,837817.29,612.72,170534.65,76599.4,612.72,170534.65,36796.22,612.72,170534.65,10660.65,612.72,170534.65,36753.77,612.72,159728,3379,612.72,159728,3209,612.72,159728,3538,612.72,159728,20864
614.32,898391.45,851661.88,614.32,898391.45,806053.83,614.32,898391.45,780196.8,614.32,898391.45,833530.81,614.32,169571.05,76164.84,614.32,169571.05,36590.3,614.32,169571.05,10597.64,614.32,169571.05,36329.06,614.32,160344,3369,614.32,160344,3194,614.32,160344,3529,614.32,160344,20754
615.92,892265.21,845442.94,615.92,892265.21,800095.4,615.92,892265.21,774287.85,615.92,892265.21,827377.66,615.92,168850.3,75858,615.92,168850.3,36420.24,615.92,168850.3,10541.66,615.92,168850.3,35939.18,615.92,161704,3372,615.92,161704,3197,615.92,161704,3529,615.92,161704,20736
617.52,902464.91,855360.88,617.52,902464.91,809343.86,617.52,902464.91,783195.09,617.52,902464.91,837364.72,617.52,171323.83,77010.19,617.52,171323.83,36949.25,617.52,171323.83,10690.01,617.52,171323.83,36210.01,617.52,166944,3462,617.52,166944,3277,617.52,166944,3621,617.52,166944,21220
619.11,914247.48,866294.13,619.11,914247.48,819878.13,619.11,914247.48,793684.13,619.11,914247.48,847786.86,619.11,173317.4,77883.24,619.11,173317.4,37350.49,619.11,173317.4,10797.56,619.11,173317.4,36402.13,619.11,172216,3545,619.11,172216,3360,619.11,172216,3715,619.11,172216,21726
620.71,914851.88,866744.38,620.71,914851.88,820371.54,620.71,914851.88,794120.57,620.71,914851.88,848646.25,620.71,172820.27,77666.01,620.71,172820.27,37245.04,620.71,172820.27,10747.65,620.71,172820.27,36121.09,620.71,175576,3591,620.71,175576,3403,620.71,175576,3764,620.71,175576,21990
622.3,903634.75,856475.84,622.3,903634.75,810614.36,622.3,903634.75,784383.62,622.3,903634.75,838198.94,622.3,170639.32,76680.15,622.3,170639.32,36757.17,622.3,170639.32,10600.01,622.3,170639.32,35458.23,622.3,177584,3614,622.3,177584,3426,622.3,177584,3793,622.3,177584,22086
623.9,890938.44,843798.26,623.9,890938.44,798635.99,623.9,890938.44,772978.1,623.9,890938.44,825997.07,623.9,168181.49,75553.77,623.9,168181.49,36205.63,623.9,168181.49,10426.99,623.9,168181.49,34699.1,623.9,179648,3641,623.9,179648,3450,623.9,179648,3822,623.9,179648,22186
625.49,881647.85,835633.94,625.49,881647.85,790904.15,625.49,881647.85,765221.97,625.49,881647.85,817656.42,625.49,166524.9,74838.7,625.49,166524.9,35859.25,625.49,166524.9,10311.73,625.49,166524.9,34006.64,625.49,182616,3683,625.49,182616,3489,625.49,182616,3864,625.49,182616,22344
627.08,869953.9,824519.08,627.08,869953.9,780077.66,627.08,869953.9,755138.18,627.08,869953.9,807003.93,627.08,163630.41,73545.12,627.08,163630.41,35217.95,627.08,163630.41,10117.12,627.08,163630.41,32904.71,627.08,183656,3684,627.08,183656,3490,627.08,183656,3865,627.08,183656,22216
628.67,858593.75,814062.69,628.67,858593.75,770146.55,628.67,858593.75,745498.17,628.67,858593.75,796485.98,628.67,162009.31,72789.13,628.67,162009.31,34855.53,628.67,162009.31,10001.91,628.67,162009.31,32314.28,628.67,185472,3700,628.67,185472,3501,628.67,185472,3886,628.67,185472,22248
630.26,859015.49,814096.35,630.26,859015.49,770287.57,630.26,859015.49,745607.28,630.26,859015.49,796835.29,630.26,162042.06,72796.9,630.26,162042.06,34851.46,630.26,162042.06,9991.34,630.26,162042.06,32331.51,630.26,188320,3736,630.26,188320,3536,630.26,188320,3924,630.26,188320,22532
631.85,863689.22,818575.97,631.85,863689.22,774560.61,631.85,863689.22,749508.78,631.85,863689.22,801159.46,631.85,162950.88,73245.74,631.85,162950.88,35033.37,631.85,162950.88,10040.66,631.85,162950.88,32508.02,631.85,191456,3771,631.85,191456,3570,631.85,191456,3962,631.85,191456,22812
633.44,870441.52,824879.03,633.44,870441.52,780653.71,633.44,870441.52,755247.67,633.44,870441.52,807248.33,633.44,163884.09,73705.99,633.44,163884.09,35244.44,633.44,163884.09,10090.24,633.44,163884.09,32720.78,633.44,193888,3800,633.44,193888,3601,633.44,193888,3992,633.44,193888,23052
635.03,874961.2,828710.57,635.03,874961.2,784236.91,635.03,874961.2,758816.34,635.03,874961.2,811138.29,635.03,164440.66,73928.64,635.03,164440.66,35339.57,635.03,164440.66,10111.8,635.03,164440.66,32797.26,635.03,195072,3806,635.03,195072,3596,635.03,195072,3999,635.03,195072,23104
636.62,879738.62,833673.32,636.62,879738.62,788596.53,636.62,879738.62,763043.14,636.62,879738.62,815781,636.62,165371.9,74346.83,636.62,165371.9,35537.84,636.62,165371.9,10165.19,636.62,165371.9,32927.66,636.62,195864,3802,636.62,195864,3597,636.62,195864,3999,636.62,195864,23074
638.2,883380.95,836706.9,638.2,883380.95,791721.05,638.2,883380.95,766050.32,638.2,883380.95,818831.73,638.2,165096.36,74263.47,638.2,165096.36,35473.37,638.2,165096.36,10138.81,638.2,165096.36,32816.78,638.2,194688,3763,638.2,194688,3560,638.2,194688,3955,638.2,194688,22854
639.79,874763.91,828544.69,639.79,874763.91,783776.06,639.79,874763.91,758515.55,639.79,874763.91,810587.21,639.79,163438.43,73448.21,639.79,163438.43,35108.68,639.79,163438.43,10028.23,639.79,163438.43,32392.96,639.79,191080,3676,639.79,191080,3484,639.79,191080,3867,639.79,191080,22302
641.38,871555.91,825476.9,641.38,871555.91,781016.47,641.38,871555.91,755877.87,641.38,871555.91,807571.34,641.38,163033.52,73286.63,641.38,163033.52,35025.26,641.38,163033.52,9997.1,641.38,163033.52,32170.5,641.38,188472,3616,641.38,188472,3420,641.38,188472,3798,641.38,188472,21848
642.96,873403.33,827405.04,642.96,873403.33,782688.76,642.96,873403.33,757202.53,642.96,873403.33,809456.99,642.96,163086.94,73327.97,642.96,163086.94,35024.57,642.96,163086.94,9993.99,642.96,163086.94,32012.83,642.96,185920,3547,642.96,185920,3355,642.96,185920,3730,642.96,185920,21406
644.54,868572.15,822786.55,644.54,868572.15,778251.06,644.54,868572.15,753040.33,644.54,868572.15,804920.27,644.54,161615.28,72629.52,644.54,161615.28,34691.49,644.54,161615.28,9895,644.54,161615.28,31448.7,644.54,181264,3440,644.54,181264,3252,644.54,181264,3616,644.54,181264,20694
646.13,854840.01,809806.61,646.13,854840.01,766097.71,646.13,854840.01,741249.87,646.13,854840.01,792323.05,646.13,159044.62,71436.59,646.13,159044.62,34118.31,646.13,159044.62,9722.89,646.13,159044.62,30491.18,646.13,175160,3302,646.13,175160,3121,646.13,175160,3472,646.13,175160,19736
647.71,842889.36,798608.98,647.71,842889.36,755459.86,647.71,842889.36,731057.17,647.71,842889.36,781317.01,647.71,156992.69,70524.85,647.71,156992.69,33678.99,647.71,156992.69,9593.74,647.71,156992.69,29782.5,647.71,169968,3178,647.71,169968,3005,647.71,169968,3348,647.71,169968,18968
649.29,840468.06,796105.76,649.29,840468.06,753006.24,649.29,840468.06,728683.83,649.29,840468.06,778920.85,649.29,157171.31,70618.24,649.29,157171.31,33714.06,649.29,157171.31,9599.09,649.29,157171.31,29754.1,649.29,166848,3090,649.29,166848,2921,649.29,166848,3253,649.29,166848,18510
650.87,849264.38,804542.72,650.87,849264.38,760939.1,650.87,849264.38,736230.38,650.87,849264.38,787157.17,650.87,158663.46,71304.98,650.87,158663.46,34020.92,650.87,158663.46,9680.5,650.87,158663.46,29910.74,650.87,165336,3022,650.87,165336,2859,650.87,165336,3184,650.87,165336,18226
652.45,853745.93,808569.37,652.45,853745.93,765156.64,652.45,853745.93,740064.87,652.45,853745.93,791215.66,652.45,159336.62,71615.57,652.45,159336.62,34169.69,652.45,159336.62,9716.52,652.45,159336.62,29989.17,652.45,162960,2925,652.45,162960,2765,652.45,162960,3086,652.45,162960,17848
654.03,837584.71,793212.8,654.03,837584.71,750168.01,654.03,837584.71,725991.38,654.03,837584.71,776017.97,654.03,154620.21,69466.81,654.03,154620.21,33132.6,654.03,154620.21,9424.27,654.03,154620.21,29073.21,654.03,155752,2733,654.03,155752,2581,654.03,155752,2882,654.03,155752,16974
655.61,792632.23,750395.12,655.61,792632.23,709852.17,655.61,792632.23,686718.15,655.61,792632.23,734212.99,655.61,147400.95,66129.09,655.61,147400.95,31562.96,655.61,147400.95,8961.94,655.61,147400.95,27593.27,655.61,146640,2500,655.61,146640,2359,655.61,146640,2639,655.61,146640,15818
657.19,806729.71,764145.91,657.19,806729.71,722684.29,657.19,806729.71,699118.5,657.19,806729.71,747667.57,657.19,152820.77,68667.04,657.19,152820.77,32743.33,657.19,152820.77,9302.5,657.19,152820.77,28409.37,657.19,150264,2483,657.19,150264,2343,657.19,150264,2623,657.19,150264,16082
658.77,842022.28,797538.98,658.77,842022.28,754307.9,658.77,842022.28,729681.08,658.77,842022.28,780306.18,658.77,158634.58,71299.55,658.77,158634.58,33987.88,658.77,158634.58,9647.22,658.77,158634.58,29460.34,658.77,154392,2477,658.77,154392,2338,658.77,154392,2617,658.77,154392,16456
660.34,863606.02,817688.08,660.34,863606.02,773392.88,660.34,863606.02,748270.24,660.34,863606.02,800018.08,660.34,162301.34,72988.51,660.34,162301.34,34772.01,660.34,162301.34,9865.88,660.34,162301.34,30093.59,660.34,156592,2447,660.34,156592,2304,660.34,156592,2588,660.34,156592,16566
661.92,872609.42,826320.5,661.92,872609.42,781238.6,661.92,872609.42,755770.64,661.92,872609.42,808336.02,661.92,163529.32,73516.8,661.92,163529.32,35028.23,661.92,163529.32,9928.75,661.92,163529.32,30251.65,661.92,157032,2394,661.92,157032,2258,661.92,157032,2538,661.92,157032,16518
663.49,872840.6,826233.49,663.49,872840.6,781318.98,663.49,872840.6,756111.24,663.49,872840.6,808521.57,663.49,163735.83,73621.4,663.49,163735.83,35069.63,663.49,163735.83,9931.6,663.49,163735.83,30164.75,663.49,156848,2344,663.49,156848,2202,663.49,156848,2481,663.49,156848,16370
665.07,874870.09,828372.99,665.07,874870.09,783023.22,665.07,874870.09,757600.78,665.07,874870.09,810317.62,665.07,164034.93,73736.69,665.07,164034.93,35142.81,665.07,164034.93,9942.64,665.07,164034.93,30097.95,665.07,157192,2307,665.07,157192,2173,665.07,157192,2448,665.07,157192,16286
666.64,874133.24,827711.09,666.64,874133.24,782553.36,666.64,874133.24,756963.98,666.64,874133.24,809467.37,666.64,164163.5,73791.59,666.64,164163.5,35164.11,666.64,164163.5,9945.12,666.64,164163.5,29964.68,666.64,157560,2280,666.64,157560,2147,666.64,157560,2422,666.64,157560,16202
668.21,875207.72,828581.98,668.21,875207.72,783396.42,668.21,875207.72,757713.26,668.21,875207.72,810459.75,668.21,164440.98,73972.2,668.21,164440.98,35225.79,668.21,164440.98,9951.74,668.21,164440.98,29885.84,668.21,158248,2274,668.21,158248,2137,668.21,158248,2409,668.21,158248,16144
669.79,872363.78,826003.4,669.79,872363.78,781136.59,669.79,872363.78,755566.68,669.79,872363.78,808080.57,669.79,163778.6,73638.98,669.79,163778.6,35078,669.79,163778.6,9906.91,669.79,163778.6,29635.84,669.79,158352,2259,669.79,158352,2128,669.79,158352,2397,669.79,158352,16042
671.36,868607.87,822225.9,671.36,868607.87,777388.01,671.36,868607.87,752029.37,671.36,868607.87,804290.75,671.36,163296.76,73410.38,671.36,163296.76,34973.61,671.36,163296.76,9873.26,671.36,163296.76,29397.92,671.36,158816,2265,671.36,158816,2137,671.36,158816,2403,671.36,158816,15962
672.93,867949.77,821506.07,672.93,867949.77,776828.29,672.93,867949.77,751457.9,672.93,867949.77,803670.27,672.93,163417.4,73448.92,672.93,163417.4,34989.17,672.93,163417.4,9876.95,672.93,163417.4,29265.74,672.93,160240,2294,672.93,160240,2159,672.93,160240,2426,672.93,160240,15988
674.5,867515.54,821180.26,674.5,867515.54,776305.75,674.5,867515.54,750888.54,674.5,867515.54,803183.71,674.5,163293,73439.64,674.5,163293,34961.21,674.5,163293,9857.82,674.5,163293,29116.22,674.5,161352,2325,674.5,161352,2190,674.5,161352,2461,674.5,161352,15984
676.07,867393.65,821100.98,676.07,867393.65,776488.52,676.07,867393.65,751111.57,676.07,867393.65,803661.57,676.07,163371.27,73501.42,676.07,163371.27,34967.95,676.07,163371.27,9855.95,676.07,163371.27,28976.77,676.07,162744,2363,676.07,162744,2224,676.07,162744,2498,676.07,162744,15994
677.64,866596.23,820548.27,677.64,866596.23,775589.87,677.64,866596.23,750128.73,677.64,866596.23,802656.66,677.64,163246.14,73454.9,677.64,163246.14,34936.73,677.64,163246.14,9847.88,677.64,163246.14,28823.17,677.64,164280,2401,677.64,164280,2264,677.64,164280,2543,677.64,164280,16026
679.21,864363.5,818280.72,679.21,864363.5,773669.87,679.21,864363.5,748194.14,679.21,864363.5,800334.48,679.21,162899.89,73295.85,679.21,162899.89,34866.02,679.21,162899.89,9822.17,679.21,162899.89,28603.51,679.21,165968,2448,679.21,165968,2309,679.21,165968,2584,679.21,165968,16062
680.77,862369.19,816209.81,680.77,862369.19,771952.75,680.77,862369.19,746607.05,680.77,862369.19,798473.41,680.77,162543.06,73156.66,680.77,162543.06,34768.66,680.77,162543.06,9792.5,680.77,162543.06,28389.76,680.77,167384,2486,680.77,167384,2347,680.77,167384,2626,680.77,167384,16086
682.34,857615.06,811789.99,682.34,857615.06,767459.22,682.34,857615.06,742277.57,682.34,857615.06,793969.13,682.34,161417.76,72655.42,682.34,161417.76,34534.22,682.34,161417.76,9715.22,682.34,161417.76,28049.3,682.34,168024,2519,682.34,168024,2373,682.34,168024,2660,682.34,168024,16038
683.9,845441.27,800412.57,683.9,845441.27,756646.87,683.9,845441.27,731606.52,683.9,845441.27,782895.31,683.9,158099.82,71161.38,683.9,158099.82,33820.32,683.9,158099.82,9512.4,683.9,158099.82,27326.84,683.9,166152,2507,683.9,166152,2366,683.9,166152,2648,683.9,166152,15752
685.47,787916.47,745952.24,685.47,787916.47,705401.31,685.47,787916.47,682353.6,685.47,787916.47,729373.11,685.47,144329.23,64862.69,685.47,144329.23,30833.43,685.47,144329.23,8661.34,685.47,144329.23,24493.44,685.47,153152,2343,685.47,153152,2212,685.47,153152,2466,685.47,153152,14324
687.03,702640.36,665585.48,687.03,702640.36,628908.16,687.03,702640.36,608358.07,687.03,702640.36,650806.68,687.03,131629.69,59148.15,687.03,131629.69,28108.59,687.03,131629.69,7892.53,687.03,131629.69,21441.9,687.03,140872,2181,687.03,140872,2057,687.03,140872,2293,687.03,140872,12758
688.6,700351.28,663639.75,688.6,700351.28,627355.72,688.6,700351.28,606621.98,688.6,700351.28,649104.76,688.6,132633.62,59690.22,688.6,132633.62,28336.22,688.6,132633.62,7957.39,688.6,132633.62,21320.17,688.6,143176,2211,688.6,143176,2084,688.6,143176,2328,688.6,143176,12888
690.16,717866.37,679832.66,690.16,717866.37,642700.72,690.16,717866.37,621641.61,690.16,717866.37,665192.07,690.16,136830.86,61595.28,690.16,136830.86,29227.8,690.16,136830.86,8211.99,690.16,136830.86,21958.3,690.16,148576,2276,690.16,148576,2143,690.16,148576,2394,690.16,148576,13384
691.72,743261.27,704108.88,691.72,743261.27,665537.71,691.72,743261.27,643504.58,691.72,743261.27,688521.9,691.72,140939.4,63468.83,691.72,140939.4,30114.96,691.72,140939.4,8454.7,691.72,140939.4,22637.55,691.72,153680,2314,691.72,153680,2181,691.72,153680,2442,691.72,153680,13816
693.28,752062.41,712144.8,693.28,752062.41,673438.42,693.28,752062.41,651215.16,693.28,752062.41,696609.59,693.28,142418.27,64109.85,693.28,142418.27,30428.81,693.28,142418.27,8537.1,693.28,142418.27,22817.75,693.28,155872,2310,693.28,155872,2172,693.28,155872,2432,693.28,155872,13920
694.85,765963.55,725721.75,694.85,765963.55,686059.36,694.85,765963.55,663252.16,694.85,765963.55,709814.66,694.85,145486,65557.12,694.85,145486,31085.38,694.85,145486,8720.74,694.85,145486,23407.19,694.85,159376,2312,694.85,159376,2172,694.85,159376,2441,694.85,159376,14212
696.41,784243.7,742734.24,696.41,784243.7,702280.99,696.41,784243.7,679149.77,696.41,784243.7,726521.25,696.41,148182.71,66785.16,696.41,148182.71,31666.64,696.41,148182.71,8879.28,696.41,148182.71,24023.77,696.41,161952,2291,696.41,161952,2155,696.41,161952,2420,696.41,161952,14468
697.97,781257.42,739878.95,697.97,781257.42,699720.61,697.97,781257.42,676485,697.97,781257.42,723858.05,697.97,146893.37,66171.62,697.97,146893.37,31371.06,697.97,146893.37,8790.54,697.97,146893.37,23666.33,697.97,159792,2206,697.97,159792,2070,697.97,159792,2334,697.97,159792,14174
699.52,770444.41,729622.63,699.52,770444.41,689760.11,699.52,770444.41,667217.54,699.52,770444.41,713475.11,699.52,144990.74,65344.85,699.52,144990.74,30967.96,699.52,144990.74,8673.97,699.52,144990.74,23187.32,699.52,156760,2109,699.52,156760,1978,699.52,156760,2231,699.52,156760,13796
701.08,764653.81,724279.06,701.08,764653.81,684494.12,701.08,764653.81,662027.95,701.08,764653.81,708139.89,701.08,144332.01,65056.71,701.08,144332.01,30814.16,701.08,144332.01,8626.23,701.08,144332.01,22994.73,701.08,154872,2021,701.08,154872,1897,701.08,154872,2142,701.08,154872,13560
702.64,769502.78,729022.57,702.64,769502.78,689083.54,702.64,769502.78,666408.13,702.64,769502.78,712787.2,702.64,145668.45,65690.96,702.64,145668.45,31097.49,702.64,145668.45,8710.08,702.64,145668.45,23205.66,702.64,154888,1956,702.64,154888,1836,702.64,154888,2077,702.64,154888,13534
704.2,777233.44,735752.49,704.2,777233.44,695422.28,704.2,777233.44,672517.34,704.2,777233.44,719697.12,704.2,146952.79,66273.14,704.2,146952.79,31354.97,704.2,146952.79,8779.59,704.2,146952.79,23375.18,704.2,153848,1882,704.2,153848,1762,704.2,153848,1999,704.2,153848,13396
705.75,782158.3,740707.9,705.75,782158.3,700101.14,705.75,782158.3,676929.41,705.75,782158.3,724566.43,705.75,147668.41,66552.66,705.75,147668.41,31522.75,705.75,147668.41,8819.06,705.75,147668.41,23485.49,705.75,149872,1775,705.75,149872,1658,705.75,149872,1886,705.75,149872,12958
707.31,789251.75,747198.1,707.31,789251.75,706314.23,707.31,789251.75,682918.59,707.31,789251.75,730645.69,707.31,148250.74,66799.45,707.31,148250.74,31647.69,707.31,148250.74,8848.34,707.31,148250.74,23581.78,707.31,144304,1645,707.31,144304,1543,707.31,144304,1759,707.31,144304,12374
708.86,793023.22,750854.05,708.86,793023.22,709594.99,708.86,793023.22,686174.42,708.86,793023.22,734229.07,708.86,148501.79,66945.83,708.86,148501.79,31717.45,708.86,148501.79,8863.85,708.86,148501.79,23598.72,708.86,139976,1543,708.86,139976,1440,708.86,139976,1649,708.86,139976,11908
710.42,794089.24,751427.93,710.42,794089.24,710520.68,710.42,794089.24,686590.26,710.42,794089.24,734952.27,710.42,148473.76,66999.1,710.42,148473.76,31709.71,710.42,148473.76,8860.4,710.42,148473.76,23547.02,710.42,136440,1448,710.42,136440,1350,710.42,136440,1547,710.42,136440,11536
711.97,789352.51,747172.39,711.97,789352.51,706083.69,711.97,789352.51,682971.29,711.97,789352.51,730415.9,711.97,147928.05,66739.41,711.97,147928.05,31581.2,711.97,147928.05,8824.85,711.97,147928.05,23375.27,711.97,133248,1360,711.97,133248,1266,711.97,133248,1455,711.97,133248,11192
713.52,779106.65,737657.16,713.52,779106.65,697188.33,713.52,779106.65,674044.61,713.52,779106.65,721247.34,713.52,146054.37,65908.43,713.52,146054.37,31172.13,713.52,146054.37,8700.84,713.52,146054.37,22889.26,713.52,129256,1265,713.52,129256,1172,713.52,129256,1358,713.52,129256,10782
715.08,747222.98,707522.83,715.08,747222.98,668616.69,715.08,747222.98,646384.6,715.08,747222.98,691708.94,715.08,139043.24,62715.31,715.08,139043.24,29651.21,715.08,139043.24,8263.59,715.08,139043.24,21430.16,715.08,121288,1139,715.08,121288,1060,715.08,121288,1229,715.08,121288,10010
716.63,681639.85,645964.49,716.63,681639.85,610556.36,716.63,681639.85,590246.8,716.63,681639.85,631266.78,716.63,126664.13,57081.12,716.63,126664.13,26956.89,716.63,126664.13,7504.58,716.63,126664.13,18920.31,716.63,108976,989,716.63,108976,917,716.63,108976,1072,716.63,108976,8814
718.18,629290.24,596205.24,718.18,629290.24,563525.36,718.18,629290.24,545159.8,718.18,629290.24,582836.19,718.18,118643.42,53481.8,718.18,118643.42,25269.7,718.18,118643.42,7034.32,718.18,118643.42,17265.39,718.18,100960,883,718.18,100960,820,718.18,100960,958,718.18,100960,8018
719.73,627701.06,594603.35,719.73,627701.06,561981.38,719.73,627701.06,543563.56,719.73,627701.06,581554.56,719.73,120869.69,54545.03,719.73,120869.69,25766.05,719.73,120869.69,7174.59,719.73,120869.69,17432.64,719.73,101872,854,719.73,101872,784,719.73,101872,931,719.73,101872,8048
721.28,654191.02,619709.6,721.28,654191.02,585842.71,721.28,654191.02,566382.9,721.28,654191.02,605780.48,721.28,124704.99,56356.18,721.28,124704.99,26575.85,721.28,124704.99,7411.33,721.28,124704.99,18088.29,721.28,103928,834,721.28,103928,771,721.28,103928,907,721.28,103928,8278
722.83,639123.67,605703.63,722.83,639123.67,572352.65,722.83,639123.67,553225.89,722.83,639123.67,592169.9,722.83,120974.08,54638.11,722.83,120974.08,25787.31,722.83,120974.08,7176.01,722.83,120974.08,17273.92,722.83,99816,771,722.83,99816,710,722.83,99816,843,722.83,99816,7834
724.38,630935.09,597679.87,724.38,630935.09,565338.65,724.38,630935.09,546285.45,724.38,630935.09,584462.16,724.38,120289.1,54346.61,724.38,120289.1,25630.13,724.38,120289.1,7129.02,724.38,120289.1,16933.22,724.38,98184,733,724.38,98184,673,724.38,98184,801,724.38,98184,7596
725.92,635722.33,602308.35,725.92,635722.33,569465.55,725.92,635722.33,550473.85,725.92,635722.33,588957.04,725.92,120873.19,54590.94,725.92,120873.19,25748.71,725.92,120873.19,7163.95,725.92,120873.19,16909.33,725.92,97776,703,725.92,97776,640,725.92,97776,774,725.92,97776,7512
727.47,634009.83,600496.43,727.47,634009.83,567560.86,727.47,634009.83,548709.58,727.47,634009.83,587062.19,727.47,120471.54,54484.41,727.47,120471.54,25674.61,727.47,120471.54,7138.9,727.47,120471.54,16740.4,727.47,96728,667,727.47,96728,613,727.47,96728,739,727.47,96728,7380
729.02,637950.04,604247.56,729.02,637950.04,571126.17,729.02,637950.04,552531.7,729.02,637950.04,591028.06,729.02,121682.82,55042.17,729.02,121682.82,25934.15,729.02,121682.82,7207.78,729.02,121682.82,16777.32,729.02,97160,644,729.02,97160,588,729.02,97160,720,729.02,97160,7360
730.56,657455.03,622679.82,730.56,657455.03,588850.39,730.56,657455.03,568843.74,730.56,657455.03,609075.3,730.56,125873.69,56983.29,730.56,125873.69,26823.05,730.56,125873.69,7463.3,730.56,125873.69,17422.83,730.56,100336,636,730.56,100336,581,730.56,100336,717,730.56,100336,7562
732.11,689095.88,652697.92,732.11,689095.88,616735.01,732.11,689095.88,596360.86,732.11,689095.88,638341.76,732.11,131604.57,59603.56,732.11,131604.57,28069.86,732.11,131604.57,7800.29,732.11,131604.57,18511.05,732.11,105240,641,732.11,105240,580,732.11,105240,723,732.11,105240,7964
733.65,707761.39,670540.59,733.65,707761.39,633390.55,733.65,707761.39,612232.71,733.65,707761.39,655468.29,733.65,134286.54,60850.22,733.65,134286.54,28664.61,733.65,134286.54,7957.34,733.65,134286.54,19089.8,733.65,109872,651,733.65,109872,590,733.65,109872,736,733.65,109872,8272
735.2,711641.89,673824.5,735.2,711641.89,636489.31,735.2,711641.89,615479.65,735.2,711641.89,658807.76,735.2,135583.04,61375.71,735.2,135583.04,28917.01,735.2,135583.04,8026.13,735.2,135583.04,19359.54,735.2,113200,651,735.2,113200,595,735.2,113200,743,735.2,113200,8458
736.74,717079.44,679092.12,736.74,717079.44,641311.25,736.74,717079.44,620321.89,736.74,717079.44,663814.61,736.74,137463.57,62258.69,736.74,137463.57,29321.29,736.74,137463.57,8133.69,736.74,137463.57,19755.26,736.74,114104,644,736.74,114104,587,736.74,114104,737,736.74,114104,8478
738.29,721608.28,682905.86,738.29,721608.28,645458.66,738.29,721608.28,623910.83,738.29,721608.28,667773.57,738.29,138226.9,62596.64,738.29,138226.9,29470.81,738.29,138226.9,8174.53,738.29,138226.9,19923.71,738.29,113488,633,738.29,113488,573,738.29,113488,724,738.29,113488,8428
739.83,725953.87,687052.22,739.83,725953.87,649272.06,739.83,725953.87,627403.02,739.83,725953.87,671842.02,739.83,139128.65,62996.74,739.83,139128.65,29671.43,739.83,139128.65,8226.43,739.83,139128.65,20127.58,739.83,113648,629,739.83,113648,574,739.83,113648,719,739.83,113648,8424
741.37,731955.89,692762.78,741.37,731955.89,654131.58,741.37,731955.89,632638.59,741.37,731955.89,677169.83,741.37,140473.45,63589.32,741.37,140473.45,29949.9,741.37,140473.45,8300.11,741.37,140473.45,20352.45,741.37,114432,629,741.37,114432,571,741.37,114432,720,741.37,114432,8460
742.91,738744.8,699013.75,742.91,738744.8,660405.84,742.91,738744.8,638153.65,742.91,738744.8,683360,742.91,141690.96,64197.67,742.91,141690.96,30210.67,742.91,141690.96,8376.45,742.91,141690.96,20555.39,742.91,115400,631,742.91,115400,571,742.91,115400,721,742.91,115400,8500
744.45,742003.17,702035.13,744.45,742003.17,663399.36,744.45,742003.17,641311.76,744.45,742003.17,686538.75,744.45,142440.55,64530.79,744.45,142440.55,30361.58,744.45,142440.55,8412.85,744.45,142440.55,20651.63,744.45,116008,632,744.45,116008,571,744.45,116008,723,744.45,116008,8500
745.99,743820.17,703856.22,745.99,743820.17,665014.07,745.99,743820.17,642578.17,745.99,743820.17,688221.2,745.99,142807.03,64737.09,745.99,142807.03,30446.65,745.99,142807.03,8437.76,745.99,142807.03,20669.58,745.99,116176,630,745.99,116176,572,745.99,116176,722,745.99,116176,8476
747.53,742531.03,702422.59,747.53,742531.03,663854.1,747.53,742531.03,641734.96,747.53,742531.03,686953.2,747.53,142373.67,64526.14,747.53,142373.67,30354.79,747.53,142373.67,8410.83,747.53,142373.67,20575.48,747.53,116088,627,747.53,116088,568,747.53,116088,717,747.53,116088,8418
749.07,738751.93,699046.11,749.07,738751.93,660249.06,749.07,738751.93,638299.01,749.07,738751.93,683457.39,749.07,141822.95,64252.09,749.07,141822.95,30220.75,749.07,141822.95,8367.36,749.07,141822.95,20425.08,749.07,115648,624,749.07,115648,565,749.07,115648,714,749.07,115648,8340
750.61,736250.5,696604.1,750.61,736250.5,658144.29,750.61,736250.5,635878.09,750.61,736250.5,681108.5,750.61,141531.72,64163.55,750.61,141531.72,30159.59,750.61,141531.72,8352.13,750.61,141531.72,20316.19,750.61,115528,622,750.61,115528,565,750.61,115528,712,750.61,115528,8272
752.15,735527.75,695980.26,752.15,735527.75,657337.89,752.15,735527.75,635475.37,752.15,735527.75,680523.31,752.15,141436.37,64088.52,752.15,141436.37,30125.14,752.15,141436.37,8341.77,752.15,141436.37,20211.89,752.15,115792,621,752.15,115792,568,752.15,115792,710,752.15,115792,8248
753.69,733921.3,694416.88,753.69,733921.3,655953.88,753.69,733921.3,634084.12,753.69,733921.3,679073.33,753.69,141016,63897.06,753.69,141016,30016.66,753.69,141016,8311.71,753.69,141016,20071.7,753.69,115784,622,753.69,115784,562,753.69,115784,708,753.69,115784,8192
755.22,728502.36,689442.05,755.22,728502.36,651420.59,755.22,728502.36,629327.97,755.22,728502.36,674136.51,755.22,139612.71,63314.31,755.22,139612.71,29719.38,755.22,139612.71,8232.93,755.22,139612.71,19779.24,755.22,114928,616,755.22,114928,555,755.22,114928,698,755.22,114928,8086
756.76,696064.28,658633.3,756.76,696064.28,622307.29,756.76,696064.28,601381.86,756.76,696064.28,643785.22,756.76,129388.26,58646.64,756.76,129388.26,27536.45,756.76,129388.26,7621.33,756.76,129388.26,18328.37,756.76,106808,571,756.76,106808,518,756.76,106808,648,756.76,106808,7500
758.29,537857.69,509135.12,758.29,537857.69,480895.87,758.29,537857.69,464601.33,758.29,537857.69,496914.22,758.29,93829.76,42378.4,758.29,93829.76,19938.82,758.29,93829.76,5510.43,758.29,93829.76,13198.68,758.29,77256,420,758.29,77256,381,758.29,77256,475,758.29,77256,5336
759.83,370637.58,350788.17,759.83,370637.58,331492.05,759.83,370637.58,320426.18,759.83,370637.58,342696.25,759.83,68636.93,31022.4,759.83,68636.93,14601.67,759.83,68636.93,4029.39,759.83,68636.93,9017.54,759.83,56496,318,759.83,56496,284,759.83,56496,357,759.83,56496,3592
761.37,347514.6,329126.12,761.37,347514.6,311083.29,761.37,347514.6,300852.11,761.37,347514.6,321936.64,761.37,65411.96,29593.1,761.37,65411.96,13919.76,761.37,65411.96,3848.3,761.37,65411.96,8039.01,761.37,53840,307,761.37,53840,276,761.37,53840,343,761.37,53840,3354
762.9,347059.87,328909.79,762.9,347059.87,310759.71,762.9,347059.87,300407.96,762.9,347059.87,321525.54,762.9,68129.56,30832.13,762.9,68129.56,14484.67,762.9,68129.56,4005.79,762.9,68129.56,7980.45,762.9,56128,318,762.9,56128,289,762.9,56128,360,762.9,56128,3470
764.43,410204.5,388752.75,764.43,410204.5,367232.01,764.43,410204.5,354816.2,764.43,410204.5,380268.61,764.43,82748.88,37535.68,764.43,82748.88,17588.68,764.43,82748.88,4872.47,764.43,82748.88,9867.01,764.43,68152,377,764.43,68152,343,764.43,68152,432,764.43,68152,4342
765.97,505932.2,478911.37,765.97,505932.2,452305.19,765.97,505932.2,437308.97,765.97,505932.2,468545.33,765.97,101233.07,45902.32,765.97,101233.07,21510.85,765.97,101233.07,5960.48,765.97,101233.07,12676.27,765.97,83152,454,765.97,83152,411,765.97,83152,515,765.97,83152,5478
767.5,583664.18,552686.04,767.5,583664.18,522123.72,767.5,583664.18,504382.32,767.5,583664.18,540280.93,767.5,114719.5,52039.76,767.5,114719.5,24371.1,767.5,114719.5,6753.2,767.5,114719.5,14888.66,767.5,93888,511,767.5,93888,462,767.5,93888,579,767.5,93888,6280
769.03,632305.53,598192.84,769.03,632305.53,565126.55,769.03,632305.53,546082.05,769.03,632305.53,584938.42,769.03,123180.52,55864.97,769.03,123180.52,26163.37,769.03,123180.52,7240.73,769.03,123180.52,16342.58,769.03,100200,540,769.03,100200,488,769.03,100200,611,769.03,100200,6726
770.56,663203.59,627768.99,770.56,663203.59,592826.53,770.56,663203.59,572929.72,770.56,663203.59,613707.64,770.56,128367.62,58198.82,770.56,128367.62,27249.94,770.56,128367.62,7543.41,770.56,128367.62,17264.38,770.56,103712,557,770.56,103712,507,770.56,103712,629,770.56,103712,6952
772.1,681320.69,644544.25,772.1,681320.69,608759.86,772.1,681320.69,588281.26,772.1,681320.69,630230.49,772.1,131183.84,59453.51,772.1,131183.84,27852.17,772.1,131183.84,7707.68,772.1,131183.84,17804.59,772.1,105216,564,772.1,105216,509,772.1,105216,637,772.1,105216,7028
773.63,688122.34,651208.82,773.63,688122.34,615082.22,773.63,688122.34,594193.18,773.63,688122.34,636543.57,773.63,132271.8,59928.59,773.63,132271.8,28073,773.63,132271.8,7765.88,773.63,132271.8,17988.81,773.63,104976,563,773.63,104976,510,773.63,104976,640,773.63,104976,6998
775.16,692513.8,655145.08,775.16,692513.8,618354.61,775.16,692513.8,597827.12,775.16,692513.8,640255.42,775.16,132869.21,60220.67,775.16,132869.21,28191.65,775.16,132869.21,7800.12,775.16,132869.21,18083.1,775.16,104256,561,775.16,104256,510,775.16,104256,632,775.16,104256,6920
776.69,691291.92,653966.24,776.69,691291.92,617517.1,776.69,691291.92,596845.55,776.69,691291.92,639065.19,776.69,132654.16,60099.6,776.69,132654.16,28125.8,776.69,132654.16,7785.73,776.69,132654.16,18025.46,776.69,102744,556,776.69,102744,507,776.69,102744,624,776.69,102744,6808
778.22,690462.03,652953.81,778.22,690462.03,616925.2,778.22,690462.03,596062.64,778.22,690462.03,638157.66,778.22,132373.86,59995.01,778.22,132373.86,28070.57,778.22,132373.86,7763.67,778.22,132373.86,17966.06,778.22,101248,549,778.22,101248,499,778.22,101248,619,778.22,101248,6672
779.75,689366.28,652308.43,779.75,689366.28,615851.92,779.75,689366.28,595180.7,779.75,689366.28,637650.65,779.75,132254.03,59919.08,779.75,132254.03,28023.82,779.75,132254.03,7752.81,779.75,132254.03,17879.08,779.75,99504,545,779.75,99504,493,779.75,99504,609,779.75,99504,6542
781.28,688223.48,650968.56,781.28,688223.48,614706.1,781.28,688223.48,594017.4,781.28,688223.48,636005.53,781.28,131718.65,59662.09,781.28,131718.65,27907.77,781.28,131718.65,7724.88,781.28,131718.65,17780.23,781.28,97576,531,781.28,97576,487,781.28,97576,602,781.28,97576,6386
782.81,684561.14,647189.02,782.81,684561.14,611135,782.81,684561.14,590588.09,782.81,684561.14,632689.88,782.81,131064.85,59362.52,782.81,131064.85,27764.54,782.81,131064.85,7684.49,782.81,131064.85,17611.51,782.81,95568,529,782.81,95568,476,782.81,95568,588,782.81,95568,6218
784.33,681320.84,644579.86,784.33,681320.84,608389.61,784.33,681320.84,587855.58,784.33,681320.84,629789.07,784.33,130436.8,59081.04,784.33,130436.8,27612.15,784.33,130436.8,7640.36,784.33,130436.8,17421.03,784.33,93496,518,784.33,93496,469,784.33,93496,575,784.33,93496,6042
785.86,675147.83,638839.24,785.86,675147.83,602930.53,785.86,675147.83,582616.91,785.86,675147.83,624123.87,785.86,128930.32,58401.42,785.86,128930.32,27274.66,785.86,128930.32,7547.77,785.86,128930.32,17085.39,785.86,90832,507,785.86,90832,458,785.86,90832,563,785.86,90832,5828
787.39,665520.18,629482.36,787.39,665520.18,594583.42,787.39,665520.18,574652.8,787.39,665520.18,615246.19,787.39,126998.48,57563.4,787.39,126998.48,26872.2,787.39,126998.48,7430.63,787.39,126998.48,16696.48,787.39,87848,494,787.39,87848,445,787.39,87848,547,787.39,87848,5594
788.91,657208.27,621188.91,788.91,657208.27,587156.84,788.91,657208.27,567284.09,788.91,657208.27,607609.21,788.91,125512.53,56810.4,788.91,125512.53,26554.61,788.91,125512.53,7339.32,788.91,125512.53,16390.53,788.91,85248,479,788.91,85248,440,788.91,85248,535,788.91,85248,5390
790.44,651137.96,616091.59,790.44,651137.96,581634.94,790.44,651137.96,561752.86,790.44,651137.96,601938.24,790.44,124418.46,56330.74,790.44,124418.46,26311.88,790.44,124418.46,7272.63,790.44,124418.46,16225.28,790.44,82976,471,790.44,82976,428,790.44,82976,521,790.44,82976,5226
791.97,646797.49,611492.7,791.97,646797.49,577644.66,791.97,646797.49,557935.67,791.97,646797.49,597696.41,791.97,123848.04,56063.87,791.97,123848.04,26177.74,791.97,123848.04,7230.36,791.97,123848.04,16135.04,791.97,81064,461,791.97,81064,422,791.97,81064,514,791.97,81064,5098
793.49,644791.1,609928.1,793.49,644791.1,575936.68,793.49,644791.1,556587.72,793.49,644791.1,596331.53,793.49,123376.18,55888.81,793.49,123376.18,26080.11,793.49,123376.18,7204.16,793.49,123376.18,16032.91,793.49,79376,455,793.49,79376,413,793.49,79376,503,793.49,79376,4976
795.02,641659.31,607322.73,795.02,641659.31,573074.88,795.02,641659.31,553732.82,795.02,641659.31,593304.18,795.02,123078.98,55689.57,795.02,123078.98,25998.87,795.02,123078.98,7178.36,795.02,123078.98,15856.53,795.02,77704,450,795.02,77704,411,795.02,77704,496,795.02,77704,4820
796.54,644214.86,609700.13,796.54,644214.86,575908.21,796.54,644214.86,556301.67,796.54,644214.86,595785.81,796.54,123489.96,55894.15,796.54,123489.96,26076.33,796.54,123489.96,7204.62,796.54,123489.96,15885.78,796.54,76472,449,796.54,76472,405,796.54,76472,489,796.54,76472,4750
798.07,640930.57,606231.09,798.07,640930.57,572633.18,798.07,640930.57,553355.69,798.07,640930.57,592369.66,798.07,122522.74,55467.13,798.07,122522.74,25866.61,798.07,122522.74,7146.1,798.07,122522.74,15723.19,798.07,74640,438,798.07,74640,398,798.07,74640,484,798.07,74640,4614
799.59,635908.13,601554.91,799.59,635908.13,567948.49,799.59,635908.13,548811.5,799.59,635908.13,587645.58,799.59,121655.78,55087.25,799.59,121655.78,25671.83,799.59,121655.78,7095.27,799.59,121655.78,15507.6,799.59,72848,429,799.59,72848,391,799.59,72848,471,799.59,72848,4462
801.12,633363.82,598999.65,801.12,633363.82,565394.92,801.12,633363.82,546693.98,801.12,633363.82,585424.86,801.12,121137.58,54899.58,801.12,121137.58,25551.55,801.12,121137.58,7059.19,801.12,121137.58,15389.95,801.12,71232,423,801.12,71232,383,801.12,71232,462,801.12,71232,4344
802.64,632031.47,597578.08,802.64,632031.47,564379.3,802.64,632031.47,545077.68,802.64,632031.47,583680.91,802.64,121128.78,54822.5,802.64,121128.78,25541.79,802.64,121128.78,7053.11,802.64,121128.78,15385.91,802.64,69960,419,802.64,69960,381,802.64,69960,457,802.64,69960,4252
804.16,634339.08,600256.94,804.16,634339.08,566664.49,804.16,634339.08,547370.87,804.16,634339.08,586643.67,804.16,121714.52,55101.51,804.16,121714.52,25663.56,804.16,121714.52,7089.22,804.16,121714.52,15500.6,804.16,69272,418,804.16,69272,378,804.16,69272,454,804.16,69272,4206
805.68,635095.13,601010.07,805.68,635095.13,567123.75,805.68,635095.13,548044.07,805.68,635095.13,586998.42,805.68,121474.6,54961.18,805.68,121474.6,25598.57,805.68,121474.6,7076.71,805.68,121474.6,15461.66,805.68,68040,410,805.68,68040,376,805.68,68040,446,805.68,68040,4122
807.21,628247.48,594258.17,807.21,628247.48,560874.02,807.21,628247.48,542114.34,807.21,628247.48,580238.84,807.21,120131.44,54346.29,807.21,120131.44,25317.25,807.21,120131.44,6989.77,807.21,120131.44,15205.13,807.21,66152,400,807.21,66152,364,807.21,66152,437,807.21,66152,3982
808.73,620359.94,587155.56,808.73,620359.94,554359.86,808.73,620359.94,535765.4,808.73,620359.94,573669.48,808.73,118587.41,53699.66,808.73,118587.41,24999.61,808.73,118587.41,6901.82,808.73,118587.41,14904.3,808.73,64464,393,808.73,64464,359,808.73,64464,427,808.73,64464,3850
810.25,608025.67,575100.84,810.25,608025.67,543104.92,810.25,608025.67,524733.07,810.25,608025.67,562199.26,810.25,115667.14,52333.59,810.25,115667.14,24362.74,810.25,115667.14,6721.31,810.25,115667.14,14372.58,810.25,62184,381,810.25,62184,347,810.25,62184,410,810.25,62184,3680
811.77,581102.06,549860.02,811.77,581102.06,519138.67,811.77,581102.06,502163.83,811.77,581102.06,537050.78,811.77,109676.26,49604.35,811.77,109676.26,23069.64,811.77,109676.26,6365.36,811.77,109676.26,13406.04,811.77,58480,361,811.77,58480,331,811.77,58480,388,811.77,58480,3424
813.29,546435.51,517124.79,813.29,546435.51,488232.8,813.29,546435.51,471797.86,813.29,546435.51,505086.46,813.29,103166.86,46564.32,813.29,103166.86,21695.48,813.29,103166.86,5978.4,813.29,103166.86,12393.95,813.29,54632,336,813.29,54632,308,813.29,54632,364,813.29,54632,3150
814.81,519893,492452.75,814.81,519893,464697.08,814.81,519893,449242.23,814.81,519893,481098.16,814.81,98673.28,44679.78,814.81,98673.28,20760.47,814.81,98673.28,5723.38,814.81,98673.28,11699.13,814.81,52016,323,814.81,52016,296,814.81,52016,348,814.81,52016,2968
816.33,510246.43,482725.39,816.33,510246.43,455837.02,816.33,510246.43,440336.66,816.33,510246.43,471759.15,816.33,97499.55,44078.5,816.33,97499.55,20488.98,816.33,97499.55,5638.66,816.33,97499.55,11461.39,816.33,51144,316,816.33,51144,291,816.33,51144,341,816.33,51144,2906
817.85,514865.86,487400.72,817.85,514865.86,460463.75,817.85,514865.86,444724.1,817.85,514865.86,476520.29,817.85,99208.86,44871.21,817.85,99208.86,20852.4,817.85,99208.86,5742.2,817.85,99208.86,11709.99,817.85,51960,323,817.85,51960,291,817.85,51960,349,817.85,51960,2968
819.37,529334.06,501174.63,819.37,529334.06,473015.2,819.37,529334.06,456878.89,819.37,529334.06,489362.43,819.37,100866.52,45575.38,819.37,100866.52,21191.65,819.37,100866.52,5832.32,819.37,100866.52,12013.39,819.37,52808,327,819.37,52808,296,819.37,52808,351,819.37,52808,3038
820.89,504750.72,477691.7,820.89,504750.72,451053.84,820.89,504750.72,435787.07,820.89,504750.72,466425.88,820.89,95580.6,43187.66,820.89,95580.6,20055.52,820.89,95580.6,5519.47,820.89,95580.6,11239.95,820.89,50032,310,820.89,50032,279,820.89,50032,336,820.89,50032,2852
822.41,506713,479468.11,822.41,506713,452433.6,822.41,506713,437496.24,822.41,506713,468633.26,822.41,98637.2,44547.42,822.41,98637.2,20695.61,822.41,98637.2,5683.2,822.41,98637.2,11550.85,822.41,51696,317,822.41,51696,290,822.41,51696,344,822.41,51696,2926
823.93,536117.06,507452.75,823.93,536117.06,479208.43,823.93,536117.06,463038.82,823.93,536117.06,496113.02,823.93,103064.21,46618.04,823.93,103064.21,21605.48,823.93,103064.21,5941.92,823.93,103064.21,12276.96,823.93,54080,333,823.93,54080,299,823.93,54080,357,823.93,54080,3092
825.45,537385.06,508042.66,825.45,537385.06,479748.21,825.45,537385.06,463924.27,825.45,537385.06,496515.29,825.45,102335.77,46209.82,825.45,102335.77,21460.4,825.45,102335.77,5884.63,825.45,102335.77,12161.99,825.45,53760,324,825.45,53760,300,825.45,53760,355,825.45,53760,3068
826.97,528630.91,500208.77,826.97,528630.91,472309.1,826.97,528630.91,456321.65,826.97,528630.91,488819.02,826.97,101191.81,45798.65,826.97,101191.81,21215.79,826.97,101191.81,5824.94,826.97,101191.81,11993.13,826.97,53224,318,826.97,53224,290,826.97,53224,342,826.97,53224,3004
828.49,532290.93,503374.56,828.49,532290.93,475293.31,828.49,532290.93,458695.11,828.49,532290.93,492100.3,828.49,102041.98,46124.09,828.49,102041.98,21377.97,828.49,102041.98,5873.83,828.49,102041.98,12131.89,828.49,53656,320,828.49,53656,289,828.49,53656,346,828.49,53656,3032
830.01,535701.15,507090.19,830.01,535701.15,478687.31,830.01,535701.15,462249.02,830.01,535701.15,495229.65,830.01,102747.65,46372.69,830.01,102747.65,21509.78,830.01,102747.65,5894.49,830.01,102747.65,12237.69,830.01,54120,318,830.01,54120,293,830.01,54120,348,830.01,54120,3060
831.52,539925.43,510818.94,831.52,539925.43,482128.25,831.52,539925.43,466119.68,831.52,539925.43,499072.39,831.52,103640.27,46848.4,831.52,103640.27,21704.47,831.52,103640.27,5953.86,831.52,103640.27,12396.73,831.52,54696,321,831.52,54696,293,831.52,54696,348,831.52,54696,3078
833.04,550779.25,520912.11,833.04,550779.25,491563.48,833.04,550779.25,474970.62,833.04,550779.25,508882.28,833.04,106011.27,47884.48,833.04,106011.27,22176.74,833.04,106011.27,6081.38,833.04,106011.27,12721.35,833.04,55904,326,833.04,55904,300,833.04,55904,352,833.04,55904,3140
834.56,560683.92,530046.59,834.56,560683.92,500444.3,834.56,560683.92,483573.06,834.56,560683.92,518661.09,834.56,107777.3,48742.03,834.56,107777.3,22539.93,834.56,107777.3,6188.59,834.56,107777.3,13001.14,834.56,56832,332,834.56,56832,301,834.56,56832,358,834.56,56832,3204
836.08,568346.15,537910.13,836.08,568346.15,507370.58,836.08,568346.15,489978.57,836.08,568346.15,525383.74,836.08,109138.11,49298.18,836.08,109138.11,22837.74,836.08,109138.11,6270.38,836.08,109138.11,13197.59,836.08,57480,335,836.08,57480,307,836.08,57480,363,836.08,57480,3242
837.59,575399.51,543887.81,837.59,575399.51,513309.02,837.59,575399.51,495894.66,837.59,575399.51,531448.98,837.59,110314.36,49863.66,837.59,110314.36,23085.63,837.59,110314.36,6333.03,837.59,110314.36,13421.69,837.59,58104,337,837.59,58104,307,837.59,58104,368,837.59,58104,3272
839.11,580330.04,548607.82,839.11,580330.04,518440.61,839.11,580330.04,499884.14,839.11,580330.04,536478.73,839.11,111122.25,50267.64,839.11,111122.25,23268.42,839.11,111122.25,6385.72,839.11,111122.25,13565.06,839.11,58448,341,839.11,58448,313,839.11,58448,368,839.11,58448,3284
840.62,583105.4,551661.92,840.62,583105.4,520425.98,840.62,583105.4,502991.97,840.62,583105.4,539105.28,840.62,111672.25,50510.98,840.62,111672.25,23372.4,840.62,111672.25,6410.28,840.62,111672.25,13673.9,840.62,58520,341,840.62,58520,313,840.62,58520,365,840.62,58520,3292
842.14,584388.54,552609.1,842.14,584388.54,521348.93,842.14,584388.54,504005.25,842.14,584388.54,539627.3,842.14,111749.75,50526.47,842.14,111749.75,23390.06,842.14,111749.75,6420.56,842.14,111749.75,13707.87,842.14,58488,344,842.14,58488,312,842.14,58488,366,842.14,58488,3270
843.66,588171.39,555888.61,843.66,588171.39,524855.49,843.66,588171.39,506943.76,843.66,588171.39,543183.78,843.66,112437.71,50746.95,843.66,112437.71,23523.41,843.66,112437.71,6454.62,843.66,112437.71,13840.45,843.66,58648,341,843.66,58648,315,843.66,58648,368,843.66,58648,3278
845.17,588660.77,556474.1,845.17,588660.77,525227.95,845.17,588660.77,507149.07,845.17,588660.77,543620.33,845.17,112445.98,50795.42,845.17,112445.98,23524.99,845.17,112445.98,6471.65,845.17,112445.98,13858.95,845.17,58352,342,845.17,58352,315,845.17,58352,368,845.17,58352,3242
846.69,584859.94,552975.71,846.69,584859.94,521512.39,846.69,584859.94,503834.01,846.69,584859.94,540032.61,846.69,111087.06,50224.29,846.69,111087.06,23219.56,846.69,111087.06,6380.17,846.69,111087.06,13706.63,846.69,57272,338,846.69,57272,308,846.69,57272,360,846.69,57272,3194
848.2,570842.43,539877.17,848.2,570842.43,509654.23,848.2,570842.43,492050.69,848.2,570842.43,527257.77,848.2,108684.36,49129.9,848.2,108684.36,22749.06,848.2,108684.36,6246.32,848.2,108684.36,13392.19,848.2,55592,330,848.2,55592,300,848.2,55592,351,848.2,55592,3076
849.72,570850.04,539598.34,849.72,570850.04,509413.26,849.72,570850.04,492347.49,849.72,570850.04,527438.98,849.72,109113.22,49334.91,849.72,109113.22,22836.47,849.72,109113.22,6274.94,849.72,109113.22,13406.04,849.72,55344,328,849.72,55344,303,849.72,55344,350,849.72,55344,3056
851.23,563696.18,533266.65,851.23,563696.18,503158.57,851.23,563696.18,485693.74,851.23,563696.18,521051.99,851.23,106355.68,48072.29,851.23,106355.68,22246.22,851.23,106355.68,6111.32,851.23,106355.68,13143.17,851.23,53632,317,851.23,53632,296,851.23,53632,341,851.23,53632,2966
852.75,538548.31,508928.16,852.75,538548.31,480492.81,852.75,538548.31,463905.52,852.75,538548.31,497403.22,852.75,102892,46446.33,852.75,102892,21516.59,852.75,102892,5906.56,852.75,102892,12653.54,852.75,51576,310,852.75,51576,281,852.75,51576,329,852.75,51576,2832
854.26,553130.56,522918.46,854.26,553130.56,493247.79,854.26,553130.56,476788.15,854.26,553130.56,511223.45,854.26,106313.53,48082.71,854.26,106313.53,22250.77,854.26,106313.53,6109.58,854.26,106313.53,13017.37,854.26,53024,319,854.26,53024,290,854.26,53024,335,854.26,53024,2914
855.77,566362.2,535054.65,855.77,566362.2,505051.59,855.77,566362.2,487658.51,855.77,566362.2,523096.91,855.77,108232.66,48897.17,855.77,108232.66,22623.61,855.77,108232.66,6214.01,855.77,108232.66,13255.99,855.77,53728,325,855.77,53728,292,855.77,53728,341,855.77,53728,2952
857.29,567703.09,536315.4,857.29,567703.09,506235.53,857.29,567703.09,488470.97,857.29,567703.09,524109.08,857.29,108097.28,48931.35,857.29,108097.28,22567.33,857.29,108097.28,6196.78,857.29,108097.28,13231.97,857.29,53552,324,857.29,53552,299,857.29,53552,342,857.29,53552,2948
858.8,566623.75,535800.46,858.8,566623.75,505414.39,858.8,566623.75,488253.91,858.8,566623.75,523339.99,858.8,107946.05,48755.46,858.8,107946.05,22541.11,858.8,107946.05,6192.59,858.8,107946.05,13218.42,858.8,53272,324,858.8,53272,296,858.8,53272,341,858.8,53272,2930
860.31,567359.95,535754.6,860.31,567359.95,505575.88,860.31,567359.95,488017.35,860.31,567359.95,523353.89,860.31,108045.13,48854.58,860.31,108045.13,22567.16,860.31,108045.13,6183.6,860.31,108045.13,13227.06,860.31,52992,325,860.31,52992,297,860.31,52992,343,860.31,52992,2924
861.83,567955.6,537341.92,861.83,567955.6,506728.24,861.83,567955.6,488934.73,861.83,567955.6,524632.27,861.83,107813.12,48641.35,861.83,107813.12,22491.99,861.83,107813.12,6161.89,861.83,107813.12,13202.78,861.83,52520,324,861.83,52520,292,861.83,52520,337,861.83,52520,2882
863.34,556860.7,526308.07,863.34,556860.7,496870.5,863.34,556860.7,479587.08,863.34,556860.7,514153.93,863.34,104439.88,47247.04,863.34,104439.88,21793.28,863.34,104439.88,5977.3,863.34,104439.88,12847.41,863.34,50400,312,863.34,50400,286,863.34,50400,325,863.34,50400,2772
864.85,534148.47,504974.18,864.85,534148.47,476363.11,864.85,534148.47,459692.09,864.85,534148.47,493146.77,864.85,101419.17,45831.92,864.85,101419.17,21159.1,864.85,101419.17,5794.48,864.85,101419.17,12438.03,864.85,48400,299,864.85,48400,275,864.85,48400,317,864.85,48400,2638
866.37,544004.73,513820.35,866.37,544004.73,484664.99,866.37,544004.73,468772.46,866.37,544004.73,501929.54,866.37,103401.55,46724.08,866.37,103401.55,21565.67,866.37,103401.55,5900.08,866.37,103401.55,12657.11,866.37,48584,305,866.37,48584,277,866.37,48584,318,866.37,48584,2650
867.88,550196.37,520248.98,867.88,550196.37,490881.95,867.88,550196.37,473934.98,867.88,550196.37,507945.01,867.88,104308.23,47119.57,867.88,104308.23,21741.76,867.88,104308.23,5955.21,867.88,104308.23,12754.17,867.88,48200,301,867.88,48200,275,867.88,48200,316,867.88,48200,2632
869.39,550877.97,520785.02,869.39,550877.97,490928.1,869.39,550877.97,474052.45,869.39,550877.97,508275.8,869.39,104274.96,47091.92,869.39,104274.96,21731.08,869.39,104274.96,5962.51,869.39,104274.96,12723.18,869.39,47272,298,869.39,47272,273,869.39,47272,311,869.39,47272,2574
870.9,549659.94,519096.53,870.9,549659.94,489736.41,870.9,549659.94,472529.46,870.9,549659.94,506943.37,870.9,103757.65,46859.54,870.9,103757.65,21617.79,870.9,103757.65,5930.12,870.9,103757.65,12664.48,870.9,46152,293,870.9,46152,270,870.9,46152,298,870.9,46152,2518
872.41,546010.6,515799.48,872.41,546010.6,486693.66,872.41,546010.6,469991.58,872.41,546010.6,503764.16,872.41,103091.19,46609.11,872.41,103091.19,21495.5,872.41,103091.19,5880.66,872.41,103091.19,12564.24,872.41,44824,287,872.41,44824,259,872.41,44824,296,872.41,44824,2424
873.93,543436.36,513238.49,873.93,543436.36,484293.64,873.93,543436.36,467503.12,873.93,543436.36,501460.06,873.93,102646.78,46381.44,873.93,102646.78,21413.44,873.93,102646.78,5855.91,873.93,102646.78,12491.59,873.93,43688,278,873.93,43688,257,873.93,43688,287,873.93,43688,2366
875.44,543920.21,514151.52,875.44,543920.21,484639.45,875.44,543920.21,468471.97,875.44,543920.21,501961.75,875.44,102826.63,46486.68,875.44,102826.63,21423.08,875.44,102826.63,5870.47,875.44,102826.63,12482.54,875.44,42680,274,875.44,42680,252,875.44,42680,284,875.44,42680,2300
876.95,543926.81,513445.88,876.95,543926.81,484278.8,876.95,543926.81,467987.27,876.95,543926.81,501621.39,876.95,102513.21,46353.24,876.95,102513.21,21400.35,876.95,102513.21,5852.66,876.95,102513.21,12460.49,876.95,41560,270,876.95,41560,244,876.95,41560,277,876.95,41560,2242
878.46,538544.51,508782.48,878.46,538544.51,479693.81,878.46,538544.51,462860.08,878.46,538544.51,497066.21,878.46,101480.09,45893.1,878.46,101480.09,21145.32,878.46,101480.09,5796.68,878.46,101480.09,12297.47,878.46,40080,261,878.46,40080,238,878.46,40080,267,878.46,40080,2150
879.97,536885.03,507288.59,879.97,536885.03,478798.55,879.97,536885.03,462340.72,879.97,536885.03,495532.99,879.97,101293.31,45838.64,879.97,101293.31,21142.93,879.97,101293.31,5791.47,879.97,101293.31,12238.58,879.97,38984,253,879.97,38984,233,879.97,38984,262,879.97,38984,2090
881.48,537888.13,508186.18,881.48,537888.13,478908.54,881.48,537888.13,462784.63,881.48,537888.13,496729.71,881.48,101470.61,45949.39,881.48,101470.61,21162.72,881.48,101470.61,5792.57,881.48,101470.61,12235.15,881.48,38040,249,881.48,38040,228,881.48,38040,256,881.48,38040,2036
882.99,536864.84,506829.42,882.99,536864.84,478099.9,882.99,536864.84,461558.66,882.99,536864.84,495076.44,882.99,101131.87,45603.86,882.99,101131.87,21071.11,882.99,101131.87,5777.28,882.99,101131.87,12180.72,882.99,36888,242,882.99,36888,225,882.99,36888,251,882.99,36888,1968
884.5,530998.27,502186.73,884.5,530998.27,473076.61,884.5,530998.27,457252.66,884.5,530998.27,489796.27,884.5,99700.59,45044.86,884.5,99700.59,20787.14,884.5,99700.59,5700.38,884.5,99700.59,11977.18,884.5,35416,236,884.5,35416,217,884.5,35416,239,884.5,35416,1886
886.01,528806.95,499556.4,886.01,528806.95,471071.58,886.01,528806.95,455297.73,886.01,528806.95,487764.3,886.01,99830.25,45118.47,886.01,99830.25,20785.48,886.01,99830.25,5705.39,886.01,99830.25,11960.39,886.01,34432,230,886.01,34432,210,886.01,34432,233,886.01,34432,1824
887.52,529814.46,499934.75,887.52,529814.46,471627.66,887.52,529814.46,455901.49,887.52,529814.46,488611.91,887.52,99833.95,45157.48,887.52,99833.95,20782.7,887.52,99833.95,5702.41,887.52,99833.95,11911.57,887.52,33544,227,887.52,33544,206,887.52,33544,227,887.52,33544,1774
889.03,527165.78,498317.51,889.03,527165.78,470275.06,889.03,527165.78,453836.39,889.03,527165.78,486391.41,889.03,99030.19,44776.81,889.03,99030.19,20637.87,889.03,99030.19,5659.62,889.03,99030.19,11825.97,889.03,32456,219,889.03,32456,201,889.03,32456,221,889.03,32456,1716
890.54,518851.56,490319.67,890.54,518851.56,461952.71,890.54,518851.56,446449.83,890.54,518851.56,478445.13,890.54,97170.24,43959.25,890.54,97170.24,20268.6,890.54,97170.24,5565.92,890.54,97170.24,11524.09,890.54,30984,210,890.54,30984,193,890.54,30984,214,890.54,30984,1628
892.05,503955.68,476494.92,892.05,503955.68,449712.21,892.05,503955.68,434456.24,892.05,503955.68,465646.23,892.05,93954.8,42547.67,892.05,93954.8,19572.76,892.05,93954.8,5367.06,892.05,93954.8,11039.62,892.05,29152,199,892.05,29152,183,892.05,29152,202,892.05,29152,1512
893.56,480509.6,453504.89,893.56,480509.6,428590.87,893.56,480509.6,412910.71,893.56,480509.6,443225.68,893.56,88822.73,40147.65,893.56,88822.73,18492.81,893.56,88822.73,5075.69,893.56,88822.73,10272.99,893.56,26784,187,893.56,26784,170,893.56,26784,188,893.56,26784,1370
895.07,451485.35,426283.67,895.07,451485.35,402511.88,895.07,451485.35,388391.79,895.07,451485.35,415917.03,895.07,83449.52,37699.2,895.07,83449.52,17417.15,895.07,83449.52,4774.84,895.07,83449.52,9542.33,895.07,24544,173,895.07,24544,158,895.07,24544,173,895.07,24544,1244
896.58,428297.46,404564.48,896.58,428297.46,381935.36,896.58,428297.46,368689.05,896.58,428297.46,395365.65,896.58,78868.04,35618.8,896.58,78868.04,16406.97,896.58,78868.04,4508.9,896.58,78868.04,8927.32,896.58,22528,158,896.58,22528,145,896.58,22528,161,896.58,22528,1132
898.09,406973.54,385097.3,898.09,406973.54,363032.47,898.09,406973.54,350962.82,898.09,406973.54,375479.3,898.09,75855.34,34245.22,898.09,75855.34,15809.67,898.09,75855.34,4335.03,898.09,75855.34,8483.62,898.09,21048,149,898.09,21048,134,898.09,21048,149,898.09,21048,1046
899.59,399388.54,377512.2,899.59,399388.54,356023.04,899.59,399388.54,344600.88,899.59,399388.54,368993.97,899.59,74758.7,33743.48,899.59,74758.7,15580.05,899.59,74758.7,4273.75,899.59,74758.7,8260.45,899.59,20240,144,899.59,20240,133,899.59,20240,146,899.59,20240,1002
901.1,407418.76,384817.43,901.1,407418.76,362612.61,901.1,407418.76,349924.14,901.1,407418.76,376292.36,901.1,77392.7,35035.88,901.1,77392.7,16128.93,901.1,77392.7,4424.42,901.1,77392.7,8513.85,901.1,20456,147,901.1,20456,135,901.1,20456,142,901.1,20456,1026
902.61,430472.66,407018.07,902.61,430472.66,383967.87,902.61,430472.66,370623.01,902.61,430472.66,397110.53,902.61,81419.43,36740.89,902.61,81419.43,16947.03,902.61,81419.43,4667.97,902.61,81419.43,9076.37,902.61,21000,149,902.61,21000,136,902.61,21000,150,902.61,21000,1058
904.12,427154.17,404171.08,904.12,427154.17,380566.83,904.12,427154.17,368143.54,904.12,427154.17,394439.5,904.12,79055.23,35816.02,904.12,79055.23,16488.37,904.12,79055.23,4532.59,904.12,79055.23,8774.41,904.12,19944,142,904.12,19944,132,904.12,19944,142,904.12,19944,1010
905.63,401258.8,378578.03,905.63,401258.8,357593.02,905.63,401258.8,345510.74,905.63,401258.8,370099.24,905.63,74158.5,33548.73,905.63,74158.5,15457.01,905.63,74158.5,4224.33,905.63,74158.5,8079.8,905.63,18248,136,905.63,18248,122,905.63,18248,132,905.63,18248,904
907.13,382795.03,361998.02,907.13,382795.03,341634.28,907.13,382795.03,330152.59,907.13,382795.03,354415.77,907.13,71602.33,32497.55,907.13,71602.33,14929.12,907.13,71602.33,4111.57,907.13,71602.33,7738.37,907.13,17200,125,907.13,17200,117,907.13,17200,129,907.13,17200,844
908.64,380969.02,359951.57,908.64,380969.02,339819.06,908.64,380969.02,328093.53,908.64,380969.02,351544.59,908.64,71658.4,32284.85,908.64,71658.4,14912,908.64,71658.4,4072.34,908.64,71658.4,7685.56,908.64,16840,123,908.64,16840,116,908.64,16840,123,908.64,16840,822
910.15,386119.87,365631.88,910.15,386119.87,344468.45,910.15,386119.87,331860.46,910.15,386119.87,356851.31,910.15,72059.49,32471.71,910.15,72059.49,15028,910.15,72059.49,4129.19,910.15,72059.49,7799.58,910.15,16616,123,910.15,16616,115,910.15,16616,123,910.15,16616,820
911.65,374724.37,354977.87,911.65,374724.37,334772.14,911.65,374724.37,323291.61,911.65,374724.37,346023.06,911.65,70165.15,31545.64,911.65,70165.15,14597.03,911.65,70165.15,4000.56,911.65,70165.15,7475.36,911.65,15808,121,911.65,15808,111,911.65,15808,120,911.65,15808,768
913.16,372596.19,352936.59,913.16,372596.19,332340.82,913.16,372596.19,320638.68,913.16,372596.19,344511.05,913.16,69568.36,31504.86,913.16,69568.36,14483.65,913.16,69568.36,3986.91,913.16,69568.36,7378.46,913.16,15376,115,913.16,15376,106,913.16,15376,115,913.16,15376,746
914.66,368532.28,348058.26,914.66,368532.28,328536.53,914.66,368532.28,317585.31,914.66,368532.28,339963.89,914.66,68821.88,31214.08,914.66,68821.88,14366.02,914.66,68821.88,3951.4,914.66,68821.88,7267.4,914.66,15048,116,914.66,15048,105,914.66,15048,111,914.66,15048,730
916.17,367402.66,346332.11,916.17,367402.66,328410.03,916.17,367402.66,316542.7,916.17,367402.66,340277.35,916.17,69289.12,31388.42,916.17,69289.12,14470.63,916.17,69289.12,3958.95,916.17,69289.12,7311.16,916.17,14776,115,916.17,14776,103,916.17,14776,109,916.17,14776,714
917.68,382943.49,362296.98,917.68,382943.49,341404.69,917.68,382943.49,330589.85,917.68,382943.49,353448.48,917.68,73090.58,33047.15,917.68,73090.58,15175.76,917.68,73090.58,4161.76,917.68,73090.58,7788.51,917.68,15312,118,917.68,15312,107,917.68,15312,115,917.68,15312,748
919.18,396090.94,374113.64,919.18,396090.94,352885.56,919.18,396090.94,340648.2,919.18,396090.94,365122.93,919.18,74166.68,33621.12,919.18,74166.68,15496.58,919.18,74166.68,4254.78,919.18,74166.68,8009,919.18,15360,121,919.18,15360,109,919.18,15360,115,919.18,15360,758
920.68,394817.41,373558.01,920.68,394817.41,351539.35,920.68,394817.41,340656.56,920.68,394817.41,364699.93,920.68,74360.19,33634.08,920.68,74360.19,15436.85,920.68,74360.19,4252.04,920.68,74360.19,8047.55,920.68,15152,118,920.68,15152,107,920.68,15152,113,920.68,15152,744
922.19,389558.7,367987.89,922.19,389558.7,347957.84,922.19,389558.7,335888.45,922.19,389558.7,360284.02,922.19,73112.51,33006.06,922.19,73112.51,15222.81,922.19,73112.51,4190.31,922.19,73112.51,7864.22,922.19,14664,117,922.19,14664,105,922.19,14664,112,922.19,14664,718
923.69,389220.65,368913.49,923.69,389220.65,346783.89,923.69,389220.65,335328.56,923.69,389220.65,359540.95,923.69,73008.92,33201.78,923.69,73008.92,15266.69,923.69,73008.92,4188.5,923.69,73008.92,7852.07,923.69,14480,116,923.69,14480,108,923.69,14480,112,923.69,14480,708
925.2,389494.94,368690.27,925.2,389494.94,347095.56,925.2,389494.94,334718.1,925.2,389494.94,360263.07,925.2,72241.44,32692.24,925.2,72241.44,15074.26,925.2,72241.44,4141.83,925.2,72241.44,7763.85,925.2,14112,113,925.2,14112,104,925.2,14112,109,925.2,14112,684
926.7,364346.91,345128.61,926.7,364346.91,325643.39,926.7,364346.91,313631.95,926.7,364346.91,336053.3,926.7,66291.6,29916.44,926.7,66291.6,13792.06,926.7,66291.6,3806.83,926.7,66291.6,7019.37,926.7,12776,106,926.7,12776,94,926.7,12776,102,926.7,12776,614
928.2,329887.03,311814.72,928.2,329887.03,294551.63,928.2,329887.03,284031.92,928.2,329887.03,303722.65,928.2,59892.91,27141.11,928.2,59892.91,12430.17,928.2,59892.91,3426.85,928.2,59892.91,6283.51,928.2,11320,94,928.2,11320,85,928.2,11320,91,928.2,11320,540
929.71,291095.85,275731.7,929.71,291095.85,259818.83,929.71,291095.85,251039.31,929.71,291095.85,269147.06,929.71,51842.29,23610.88,929.71,51842.29,10835.13,929.71,51842.29,2980.24,929.71,51842.29,5452.22,929.71,9688,84,929.71,9688,77,929.71,9688,81,929.71,9688,446
931.21,249185.18,234985.81,931.21,249185.18,221621.68,931.21,249185.18,214382.78,931.21,249185.18,229974.26,931.21,44323.32,20112.71,931.21,44323.32,9232.06,931.21,44323.32,2543.53,931.21,44323.32,4616.03,931.21,8096,71,931.21,8096,66,931.21,8096,67,931.21,8096,376
932.71,215867.23,203669.74,932.71,215867.23,192890.56,932.71,215867.23,186082.65,932.71,215867.23,200549.45,932.71,39266.76,17739.56,932.71,39266.76,8210.54,932.71,39266.76,2247.41,932.71,39266.76,4099.28,932.71,7056,62,932.71,7056,57,932.71,7056,61,932.71,7056,318
934.21,204736.87,194097.46,934.21,204736.87,182882.94,934.21,204736.87,177131.9,934.21,204736.87,189209.08,934.21,37199.14,16646.86,934.21,37199.14,7786.43,934.21,37199.14,2135.78,934.21,37199.14,3771.17,934.21,6600,58,934.21,6600,48,934.21,6600,56,934.21,6600,302
935.71,187906.23,178031.72,935.71,187906.23,168157.2,935.71,187906.23,162929.52,935.71,187906.23,174837.02,935.71,34940.21,15742.84,935.71,34940.21,7266.87,935.71,34940.21,2017.21,935.71,34940.21,3454.54,935.71,6104,54,935.71,6104,49,935.71,6104,52,935.71,6104,272
937.21,198629.21,188345.15,937.21,198629.21,177473.43,937.21,198629.21,171303,937.21,198629.21,183350.04,937.21,38609.39,17708.44,937.21,38609.39,8018.68,937.21,38609.39,2201.08,937.21,38609.39,3703.81,937.21,6688,55,937.21,6688,51,937.21,6688,54,937.21,6688,304
938.71,215877.53,204113.08,938.71,215877.53,192642.75,938.71,215877.53,186172.31,938.71,215877.53,198819.09,938.71,40114.56,18129.18,938.71,40114.56,8338.42,938.71,40114.56,2284.93,938.71,40114.56,3781.09,938.71,6896,59,938.71,6896,52,938.71,6896,56,938.71,6896,318
940.21,204499.47,192940.81,940.21,204499.47,181974.89,940.21,204499.47,176343.75,940.21,204499.47,189087.92,940.21,37634.66,16928.04,940.21,37634.66,7846.85,940.21,37634.66,2160.09,940.21,37634.66,3526.68,940.21,6440,55,940.21,6440,51,940.21,6440,53,940.21,6440,310
941.71,189003.81,180003.63,941.71,189003.81,168003.39,941.71,189003.81,163503.3,941.71,189003.81,174603.52,941.71,34751.35,15763.5,941.71,34751.35,7254.79,941.71,34751.35,2015.22,941.71,34751.35,3301.12,941.71,5904,56,941.71,5904,50,941.71,5904,51,941.71,5904,272
943.21,178827.98,170283.29,943.21,178827.98,160823.11,943.21,178827.98,155635.27,943.21,178827.98,165705.79,943.21,33785.75,15177.6,943.21,33785.75,7030.03,943.21,33785.75,1929.69,943.21,33785.75,3105.69,943.21,5592,51,943.21,5592,45,943.21,5592,48,943.21,5592,262
944.71,177180.85,168875.5,944.71,177180.85,159339.72,944.71,177180.85,155033.24,944.71,177180.85,164876.62,944.71,33636.75,15375.3,944.71,33636.75,6979.23,944.71,33636.75,1921.91,944.71,33636.75,3096.05,944.71,5544,51,944.71,5544,45,944.71,5544,49,944.71,5544,256
946.21,183346.43,173712.97,946.21,183346.43,163768.76,946.21,183346.43,157864.38,946.21,183346.43,169362.38,946.21,34659.24,15739.75,946.21,34659.24,7286.92,946.21,34659.24,1993.97,946.21,34659.24,3206.24,946.21,5664,52,946.21,5664,48,946.21,5664,51,946.21,5664,256
947.71,188641.79,178614.32,947.71,188641.79,168273.49,947.71,188641.79,162319.68,947.71,188641.79,174854.02,947.71,35301.49,15963.34,947.71,35301.49,7352.24,947.71,35301.49,2028.9,947.71,35301.49,3254.27,947.71,5680,51,947.71,5680,48,947.71,5680,50,947.71,5680,266
949.2,193678.69,182602.29,949.2,193678.69,171842.36,949.2,193678.69,167095.34,949.2,193678.69,178488.2,949.2,36607.25,16516.59,949.2,36607.25,7662.61,949.2,36607.25,2105.19,949.2,36607.25,3384.55,949.2,5872,51,949.2,5872,47,949.2,5872,51,949.2,5872,270
950.7,193592.55,183386.68,950.7,193592.55,173180.81,950.7,193592.55,167121.08,950.7,193592.55,178283.74,950.7,36186.47,16508.03,950.7,36186.47,7502.41,950.7,36186.47,2063.5,950.7,36186.47,3334.4,950.7,5696,52,950.7,5696,46,950.7,5696,46,950.7,5696,264
952.2,197965.22,187325.39,952.2,197965.22,176685.57,952.2,197965.22,171526.87,952.2,197965.22,184101.2,952.2,37419.47,16913.38,952.2,37419.47,7821.06,952.2,37419.47,2162.54,952.2,37419.47,3440.71,952.2,5848,53,952.2,5848,47,952.2,5848,50,952.2,5848,266
953.69,198492.82,187719.36,953.69,198492.82,176292.97,953.69,198492.82,171722.41,953.69,198492.82,182495.87,953.69,37317.54,16865.74,953.69,37317.54,7732.46,953.69,37317.54,2115.22,953.69,37317.54,3474.01,953.69,5736,53,953.69,5736,49,953.69,5736,50,953.69,5736,266
955.19,202089.76,191488.33,955.19,202089.76,180886.9,955.19,202089.76,174923.59,955.19,202089.76,186187.61,955.19,38348.31,17327.75,955.19,38348.31,7996.33,955.19,38348.31,2187.27,955.19,38348.31,3593.38,955.19,5880,57,955.19,5880,52,955.19,5880,53,955.19,5880,272
956.68,214252.97,202182.38,956.68,214252.97,191452.96,956.68,214252.97,184747.08,956.68,214252.97,197823.55,956.68,39955.84,17983.02,956.68,39955.84,8225.35,956.68,39955.84,2269.56,956.68,39955.84,3787.42,956.68,5944,58,956.68,5944,49,956.68,5944,50,956.68,5944,286
958.17,207636.22,197441.31,958.17,207636.22,186906.58,958.17,207636.22,180449.81,958.17,207636.22,193703.18,958.17,39769.02,18013.03,958.17,39769.02,8290.09,958.17,39769.02,2266.25,958.17,39769.02,3713.72,958.17,5888,56,958.17,5888,51,958.17,5888,49,958.17,5888,274
959.67,224392.79,211619.66,959.67,224392.79,199882.19,959.67,224392.79,192287.36,959.67,224392.79,207131.8,959.67,42265.32,19087.56,959.67,42265.32,8773.16,959.67,42265.32,2415.58,959.67,42265.32,4045.73,959.67,6160,58,959.67,6160,54,959.67,6160,54,959.67,6160,290
961.16,230836.94,220344.35,961.16,230836.94,206004.48,961.16,230836.94,200758.19,961.16,230836.94,215098.06,961.16,44301.24,19950.63,961.16,44301.24,9131.48,961.16,44301.24,2546.57,961.16,44301.24,4219.17,961.16,6344,62,961.16,6344,55,961.16,6344,56,961.16,6344,302
962.65,243571.31,230079.02,962.65,243571.31,216941.79,962.65,243571.31,208775.4,962.65,243571.31,223332.87,962.65,45742.31,20725.07,962.65,45742.31,9550.09,962.65,45742.31,2636.62,962.65,45742.31,4445.47,962.65,6480,60,962.65,6480,56,962.65,6480,57,962.65,6480,304
964.14,250843.25,236045.3,964.14,250843.25,223051.98,964.14,250843.25,216194.39,964.14,250843.25,232075.12,964.14,47151.07,21296.05,964.14,47151.07,9789.31,964.14,47151.07,2685.43,964.14,47151.07,4590.2,964.14,6536,61,964.14,6536,55,964.14,6536,57,964.14,6536,310
965.63,264876.9,250588.93,965.63,264876.9,236300.97,965.63,264876.9,227508.37,965.63,264876.9,244360.84,965.63,51141.15,23344.28,965.63,51141.15,10670.31,965.63,51141.15,2949.84,965.63,51141.15,5072.77,965.63,6984,61,965.63,6984,62,965.63,6984,61,965.63,6984,326
967.12,295430.71,279017.89,967.12,295430.71,262978.09,967.12,295430.71,254398.66,967.12,295430.71,272676.57,967.12,56340.96,25421.35,967.12,56340.96,11675.71,967.12,56340.96,3218.1,967.12,56340.96,5724.66,967.12,7536,71,967.12,7536,66,967.12,7536,64,967.12,7536,360
968.61,313064.99,294470.82,968.61,313064.99,278153.5,968.61,313064.99,269046.15,968.61,313064.99,288019.79,968.61,59323,26850.77,968.61,59323,12350.69,968.61,59323,3405.95,968.61,59323,6100.94,968.61,7768,72,968.61,7768,66,968.61,7768,70,968.61,7768,374
970.1,324926.54,307047.8,970.1,324926.54,290723.74,970.1,324926.54,279841.04,970.1,324926.54,300051.78,970.1,60710.43,27693.66,970.1,60710.43,12617.12,970.1,60710.43,3512.24,970.1,60710.43,6333.83,970.1,7816,76,970.1,7816,68,970.1,7816,71,970.1,7816,378
971.58,323312.92,306610.41,971.58,323312.92,288714.86,971.58,323312.92,278375.21,971.58,323312.92,298656.83,971.58,59998.49,27404.15,971.58,59998.49,12491.03,971.58,59998.49,3425.52,971.58,59998.49,6314.72,971.58,7536,75,971.58,7536,66,971.58,7536,67,971.58,7536,372
973.07,317661.01,301391.56,973.07,317661.01,281868.22,973.07,317661.01,274953.7,973.07,317661.01,294477.04,973.07,59336.85,26701.58,973.07,59336.85,12379.5,973.07,59336.85,3417.17,973.07,59336.85,6180.92,973.07,7280,72,973.07,7280,65,973.07,7280,66,973.07,7280,342
974.55,318932.31,301883.77,974.55,318932.31,284835.24,974.55,318932.31,275271.43,974.55,318932.31,295230.69,974.55,60128.06,27231.91,974.55,60128.06,12562.99,974.55,60128.06,3449.38,974.55,60128.06,6317.8,974.55,7192,71,974.55,7192,69,974.55,7192,65,974.55,7192,342
976.04,330795.14,313340.06,976.04,330795.14,294607.77,976.04,330795.14,284815.9,976.04,330795.14,304825.38,976.04,61922.27,28072.42,976.04,61922.27,12832.58,976.04,61922.27,3583.12,976.04,61922.27,6518.13,976.04,7256,73,976.04,7256,64,976.04,7256,70,976.04,7256,344
977.52,336358.16,317623.19,977.52,336358.16,298016.82,977.52,336358.16,288867.18,977.52,336358.16,311087.73,977.52,62743.87,28367.83,977.52,62743.87,12986.08,977.52,62743.87,3622.03,977.52,62743.87,6616.63,977.52,7152,69,977.52,7152,64,977.52,7152,65,977.52,7152,348
979,344675.59,324902.8,979,344675.59,306478.16,979,344675.59,297041.15,979,344675.59,317712.7,979,64573.11,29394.06,979,64573.11,13446.22,979,64573.11,3723.12,979,64573.11,6938.09,979,7192,69,979,7192,64,979,7192,65,979,7192,338
980.49,357539.84,339593.82,980.49,357539.84,318426.73,980.49,357539.84,308303.33,980.49,357539.84,330390.74,980.49,67196.47,30169.84,980.49,67196.47,14016.07,980.49,67196.47,3861.98,980.49,67196.47,7300.46,980.49,7184,70,980.49,7184,65,980.49,7184,65,980.49,7184,346
981.97,363784.57,342051.99,981.97,363784.57,322681.64,981.97,363784.57,312287.8,981.97,363784.57,336855.07,981.97,68380.09,31089.38,981.97,68380.09,14180.39,981.97,68380.09,3896.51,981.97,68380.09,7420.94,981.97,7136,72,981.97,7136,68,981.97,7136,66,981.97,7136,346
983.45,371207.48,350880.61,983.45,371207.48,329585.78,983.45,371207.48,318938.37,983.45,371207.48,342169.09,983.45,70029.05,31854.68,983.45,70029.05,14539.57,983.45,70029.05,4013.86,983.45,70029.05,7707.47,983.45,7120,71,983.45,7120,67,983.45,7120,65,983.45,7120,348
984.92,380097.92,359037.08,984.92,380097.92,337976.25,984.92,380097.92,327445.83,984.92,380097.92,350512.46,984.92,70982.74,32113.33,984.92,70982.74,14784.41,984.92,70982.74,4090.94,984.92,70982.74,7896.72,984.92,7016,68,984.92,7016,66,984.92,7016,66,984.92,7016,344
986.4,383463.38,363335.43,986.4,383463.38,342175.27,986.4,383463.38,328240.53,986.4,383463.38,354561.7,986.4,72102.54,32418.9,986.4,72102.54,14983.52,986.4,72102.54,4154.52,986.4,72102.54,8127.43,986.4,6888,73,986.4,6888,67,986.4,6888,67,986.4,6888,340
987.88,390712.88,367729.77,987.88,390712.88,345815.64,987.88,390712.88,335660.31,987.88,390712.88,358108.93,987.88,72729.28,32845.48,987.88,72729.28,15062,987.88,72729.28,4176.07,987.88,72729.28,8164.45,987.88,6712,69,987.88,6712,64,987.88,6712,63,987.88,6712,330
989.35,392979.4,370476.39,989.35,392979.4,346875.67,989.35,392979.4,336996.3,989.35,392979.4,362243.58,989.35,73712.62,33127.09,989.35,73712.62,15328.54,989.35,73712.62,4237.75,989.35,73712.62,8330.2,989.35,6592,67,989.35,6592,63,989.35,6592,64,989.35,6592,326
990.83,398183.97,375365.4,990.83,398183.97,353117.3,990.83,398183.97,341708.02,990.83,398183.97,366237.97,990.83,73940.29,33609.22,990.83,73940.29,15525.45,990.83,73940.29,4251.32,990.83,73940.29,8477.55,990.83,6408,67,990.83,6408,67,990.83,6408,59,990.83,6408,318
992.3,400111.34,377719.25,992.3,400111.34,356505.69,992.3,400111.34,343541.84,992.3,400111.34,370058.8,992.3,74876.37,33486.37,992.3,74876.37,15651.24,992.3,74876.37,4341.79,992.3,74876.37,8605.58,992.3,6240,67,992.3,6240,60,992.3,6240,62,992.3,6240,316
993.77,403694.39,381063.04,993.77,403694.39,359655,993.77,403694.39,348033.5,993.77,403694.39,372499.83,993.77,75334.71,34595.77,993.77,75334.71,15627.37,993.77,75334.71,4311,993.77,75334.71,8675.89,993.77,6040,66,993.77,6040,60,993.77,6040,56,993.77,6040,302
995.24,407979.31,384648.19,995.24,407979.31,361947.64,995.24,407979.31,349966.79,995.24,407979.31,374559.05,995.24,76093.82,34354.12,995.24,76093.82,15946.13,995.24,76093.82,4392.18,995.24,76093.82,8868.29,995.24,5896,59,995.24,5896,58,995.24,5896,56,995.24,5896,288
996.71,405919.16,383694.92,996.71,405919.16,360163.38,996.71,405919.16,349051.26,996.71,405919.16,375851.07,996.71,75977.64,34230.41,996.71,75977.64,15756.4,996.71,75977.64,4322.17,996.71,75977.64,8904.53,996.71,5696,62,996.71,5696,57,996.71,5696,57,996.71,5696,286
998.18,408031.18,384986.23,998.18,408031.18,363296.86,998.18,408031.18,347707.63,998.18,408031.18,376174.92,998.18,76689.21,34377.92,998.18,76689.21,15926.83,998.18,76689.21,4447.49,998.18,76689.21,8894.99,998.18,5512,61,998.18,5512,55,998.18,5512,51,998.18,5512,272
999.64,409313.43,390259.18,999.64,409313.43,364853.52,999.64,409313.43,353562.12,999.64,409313.43,377556.35,999.64,75729.11,34558.42,999.64,75729.11,15813.29,999.64,75729.11,4350.99,999.64,75729.11,8857.94,999.64,5272,57,999.64,5272,53,999.64,5272,54,999.64,5272,270
1001.11,404461.31,384019.22,1001.11,404461.31,359926.76,1001.11,404461.31,351165.87,1001.11,404461.31,376718.48,1001.11,75572.86,34680.7,1001.11,75572.86,15884.54,1001.11,75572.86,4383.61,1001.11,75572.86,8993.69,1001.11,5072,55,1001.11,5072,52,1001.11,5072,49,1001.11,5072,254
1002.57,406766.5,383284.64,1002.57,406766.5,360560.25,1002.57,406766.5,348440.58,1002.57,406766.5,373437.4,1002.57,75316.78,33758.06,1002.57,75316.78,15668.58,1002.57,75316.78,4354.25,1002.57,75316.78,8843,1002.57,4840,55,1002.57,4840,53,1002.57,4840,49,1002.57,4840,240
1004.03,401396.97,378572.44,1004.03,401396.97,357322.01,1004.03,401396.97,347877.38,1004.03,401396.97,369127.8,1004.03,74902.8,33741.26,1004.03,74902.8,15575.58,1004.03,74902.8,4357.66,1004.03,74902.8,8890.33,1004.03,4648,51,1004.03,4648,48,1004.03,4648,49,1004.03,4648,236
1005.49,404410.86,379084.12,1005.49,404410.86,357025.34,1005.49,404410.86,343953.48,1005.49,404410.86,370097.21,1005.49,75318.22,34381.24,1005.49,75318.22,15697.37,1005.49,75318.22,4352.29,1005.49,75318.22,8959.52,1005.49,4480,52,1005.49,4480,46,1005.49,4480,48,1005.49,4480,228
1006.95,401412.38,380151.13,1006.95,401412.38,359740.33,1006.95,401412.38,346133.13,1006.95,401412.38,372497.08,1006.95,76340.28,34064.19,1006.95,76340.28,15701.46,1006.95,76340.28,4372.08,1006.95,76340.28,9048.3,1006.95,4320,46,1006.95,4320,45,1006.95,4320,44,1006.95,4320,224
1008.41,404870.98,379346.5,1008.41,404870.98,356462.49,1008.41,404870.98,345020.48,1008.41,404870.98,374065.58,1008.41,75213.15,34774.28,1008.41,75213.15,15616.96,1008.41,75213.15,4327.12,1008.41,75213.15,8968.93,1008.41,4152,44,1008.41,4152,43,1008.41,4152,42,1008.41,4152,210
1009.86,402092.73,381942.3,1009.86,402092.73,358128.15,1009.86,402092.73,348968.87,1009.86,402092.73,370035.23,1009.86,75612.06,34041.79,1009.86,75612.06,15793.43,1009.86,75612.06,4480.26,1009.86,75612.06,9001.44,1009.86,4016,45,1009.86,4016,41,1009.86,4016,40,1009.86,4016,206
1011.32,403376.22,380597.33,1011.32,403376.22,357818.44,1011.32,403376.22,346428.99,1011.32,403376.22,372055.24,1011.32,75623.02,34157.82,1011.32,75623.02,15804.36,1011.32,75623.02,4375.94,1011.32,75623.02,9049.27,1011.32,3864,45,1011.32,3864,40,1011.32,3864,41,1011.32,3864,198
1012.77,403297.98,381498.09,1012.77,403297.98,357716.39,1012.77,403297.98,347807.35,1012.77,403297.98,368616.33,1012.77,75684.45,34578.44,1012.77,75684.45,15701.44,1012.77,75684.45,4344.36,1012.77,75684.45,9129.77,1012.77,3704,43,1012.77,3704,39,1012.77,3704,37,1012.77,3704,194
1014.22,401178.14,384803.52,1014.22,401178.14,360241.59,1014.22,401178.14,342843.56,1014.22,401178.14,371499.14,1014.22,75638.18,33963.75,1014.22,75638.18,15788.55,1014.22,75638.18,4314.31,1014.22,75638.18,9179.39,1014.22,3584,39,1014.22,3584,38,1014.22,3584,38,1014.22,3584,180
1015.67,404033.21,380580.09,1015.67,404033.21,358193.03,1015.67,404033.21,347532.52,1015.67,404033.21,372051.69,1015.67,74980,34825.74,1015.67,74980,15604.98,1015.67,74980,4377.01,1015.67,74980,9039.47,1015.67,3440,39,1015.67,3440,37,1015.67,3440,37,1015.67,3440,176
1017.11,403884.82,382802.92,1017.11,403884.82,355063.58,1017.11,403884.82,348406.14,1017.11,403884.82,371707.19,1017.11,75554.26,34108.48,1017.11,75554.26,15864.41,1017.11,75554.26,4337.92,1017.11,75554.26,9171.61,1017.11,3328,36,1017.11,3328,38,1017.11,3328,35,1017.11,3328,174
1018.56,401288.7,379504.46,1018.56,401288.7,361159.83,1018.56,401288.7,340522.13,1018.56,401288.7,368039.07,1018.56,76134.33,33746.03,1018.56,76134.33,15586.96,1018.56,76134.33,4372.58,1018.56,76134.33,9208.14,1018.56,3184,38,1018.56,3184,34,1018.56,3184,34,1018.56,3184,160
1020,398815.39,372624.53,1020,398815.39,352386.14,1020,398815.39,346433.67,1020,398815.39,369053.05,1020,75367.69,33711.48,1020,75367.69,15782.12,1020,75367.69,4294.46,1020,75367.69,9286.76,1020,3048,33,1020,3048,34,1020,3048,30,1020,3048,164
1021.44,403522.9,378690.72,1021.44,403522.9,358824.98,1021.44,403522.9,343925.67,1021.44,403522.9,368757.85,1021.44,76445.22,34199.18,1021.44,76445.22,15646.68,1021.44,76445.22,4330.78,1021.44,76445.22,9164.49,1021.44,2912,37,1021.44,2912,30,1021.44,2912,33,1021.44,2912,148
1022.88,402341.34,379129.34,1022.88,402341.34,357206.9,1022.88,402341.34,339153.12,1022.88,402341.34,371392.01,1022.88,75873.72,34572.43,1022.88,75873.72,15836.03,1022.88,75873.72,4437.57,1022.88,75873.72,9281.19,1022.88,2832,35,1022.88,2832,31,1022.88,2832,30,1022.88,2832,150
1024.32,403000.28,381649.28,1024.32,403000.28,353626.08,1024.32,403000.28,345619.45,1024.32,403000.28,368304.9,1024.32,75423.55,34131.54,1024.32,75423.55,15633.68,1024.32,75423.55,4415.62,1024.32,75423.55,8890.91,1024.32,2720,33,1024.32,2720,29,1024.32,2720,28,1024.32,2720,142
1025.75,395854.27,377860.89,1025.75,395854.27,358483.41,1025.75,395854.27,339105.93,1025.75,395854.27,368172.15,1025.75,76047.53,34159.05,1025.75,76047.53,15708.18,1025.75,76047.53,4363.38,1025.75,76047.53,9100.77,1025.75,2632,30,1025.75,2632,30,1025.75,2632,27,1025.75,2632,132
1027.18,402999.75,375653.34,1027.18,402999.75,352624.78,1027.18,402999.75,346867.64,1027.18,402999.75,372774.77,1027.18,76149.27,34189.47,1027.18,76149.27,15734.92,1027.18,76149.27,4435.57,1027.18,76149.27,9324.4,1027.18,2496,32,1027.18,2496,25,1027.18,2496,29,1027.18,2496,132
1028.61,405784.36,372842.46,1028.61,405784.36,354874.15,1028.61,405784.36,344392.63,1028.61,405784.36,366853.02,1028.61,75593.48,34043.87,1028.61,75593.48,15480.58,1028.61,75593.48,4356.01,1028.61,75593.48,9315.15,1028.61,2440,28,1028.61,2440,26,1028.61,2440,25,1028.61,2440,126
1030.04,397519.8,377333.25,1030.04,397519.8,358699.51,1030.04,397519.8,343171.39,1030.04,397519.8,363357.94,1030.04,76458.22,33608.01,1030.04,76458.22,15613.72,1030.04,76458.22,4236.01,1030.04,76458.22,9172.19,1030.04,2352,27,1030.04,2352,29,1030.04,2352,24,1030.04,2352,130
1031.47,398741.86,382598.46,1031.47,398741.86,361612.05,1031.47,398741.86,340625.63,1031.47,398741.86,369683.75,1031.47,75859.63,34587.34,1031.47,75859.63,15767.76,1031.47,75859.63,4359.75,1031.47,75859.63,9082.81,1031.47,2264,29,1031.47,2264,29,1031.47,2264,21,1031.47,2264,116
1032.89,399564.89,377739.92,1032.89,399564.89,354236.1,1032.89,399564.89,342484.2,1032.89,399564.89,367666.86,1032.89,76426.87,34135.32,1032.89,76426.87,15632.77,1032.89,76426.87,4342.44,1032.89,76426.87,9591.12,1032.89,2160,23,1032.89,2160,25,1032.89,2160,22,1032.89,2160,118
1034.31,404793.73,373655.75,1034.31,404793.73,358086.76,1034.31,404793.73,342517.77,1034.31,404793.73,368466.09,1034.31,76142.08,33390.17,1034.31,76142.08,15914.94,1034.31,76142.08,4368.81,1034.31,76142.08,9283.72,1034.31,2088,28,1034.31,2088,23,1034.31,2088,23,1034.31,2088,118
1035.73,405983.55,377113.61,1035.73,405983.55,353656.78,1035.73,405983.55,344634.92,1035.73,405983.55,368091.75,1035.73,76204.33,34048.74,1035.73,76204.33,15727.28,1035.73,76204.33,4458.76,1035.73,76204.33,9322.87,1035.73,2024,25,1035.73,2024,25,1035.73,2024,24,1035.73,2024,110
1037.14,400795.86,374818.35,1037.14,400795.86,354407.45,1037.14,400795.86,339563.16,1037.14,400795.86,365540.67,1037.14,76997.58,34258.84,1037.14,76997.58,15857.43,1037.14,76997.58,4409.55,1037.14,76997.58,9497.5,1037.14,1960,24,1037.14,1960,23,1037.14,1960,21,1037.14,1960,98
1038.55,399023.22,370247.51,1038.55,399023.22,352982.08,1038.55,399023.22,339553.41,1038.55,399023.22,370247.51,1038.55,76051.91,34188.47,1038.55,76051.91,15698.79,1038.55,76051.91,4360.77,1038.55,76051.91,9419.27,1038.55,1888,24,1038.55,1888,22,1038.55,1888,21,1038.55,1888,100
1039.96,394402.82,376475.42,1039.96,394402.82,352572.22,1039.96,394402.82,344604.48,1039.96,394402.82,358548.02,1039.96,75053.81,32319.82,1039.96,75053.81,15890.58,1039.96,75053.81,4354.2,1039.96,75053.81,9606.17,1039.96,1800,21,1039.96,1800,18,1039.96,1800,20,1039.96,1800,102
1041.37,403298.79,378480.4,1041.37,403298.79,347457.42,1041.37,403298.79,341252.82,1041.37,403298.79,372275.81,1041.37,75897.39,34228.23,1041.37,75897.39,15811.96,1041.37,75897.39,4278.53,1041.37,75897.39,9208.14,1041.37,1776,24,1041.37,1776,23,1041.37,1776,19,1041.37,1776,104
1042.78,396530.79,379383.52,1042.78,396530.79,353662.6,1042.78,396530.79,342945.55,1042.78,396530.79,375096.7,1042.78,75939.22,34870.05,1042.78,75939.22,15594.66,1042.78,75939.22,4407.19,1042.78,75939.22,9782.99,1042.78,1696,20,1042.78,1696,19,1042.78,1696,21,1042.78,1696,92
1044.18,395255.07,373049.73,1044.18,395255.07,348623.85,1044.18,395255.07,339741.72,1044.18,395255.07,366388.12,1044.18,76141.26,35235.58,1044.18,76141.26,16200.27,1044.18,76141.26,4353.82,1044.18,76141.26,9618.91,1044.18,1640,22,1044.18,1640,17,1044.18,1640,16,1044.18,1640,88
1045.58,397930.11,375060.57,1045.58,397930.11,356764.93,1045.58,397930.11,336182.34,1045.58,397930.11,359051.88,1045.58,76719.26,34834.69,1045.58,76719.26,15551.2,1045.58,76719.26,4302.5,1045.58,76719.26,9538.07,1045.58,1600,20,1045.58,1600,19,1045.58,1600,20,1045.58,1600,86
1046.97,399781.28,380744.08,1046.97,399781.28,347428.97,1046.97,399781.28,342669.67,1046.97,399781.28,364086.52,1046.97,77555.24,34278.56,1046.97,77555.24,16068.07,1046.97,77555.24,4284.82,1046.97,77555.24,9640.84,1046.97,1536,20,1046.97,1536,18,1046.97,1536,17,1046.97,1536,84
1048.36,389247.47,374650.69,1048.36,389247.47,347889.92,1048.36,389247.47,335725.94,1048.36,389247.47,362486.7,1048.36,77874.67,34660.98,1048.36,77874.67,15980.06,1048.36,77874.67,4501.43,1048.36,77874.67,9453,1048.36,1480,19,1048.36,1480,20,1048.36,1480,14,1048.36,1480,86
1049.75,396595.75,371008.93,1049.75,396595.75,358215.52,1049.75,396595.75,340304.74,1049.75,396595.75,363332.88,1049.75,76143.17,34196.03,1049.75,76143.17,15844.16,1049.75,76143.17,4445.48,1049.75,76143.17,9574.89,1049.75,1432,18,1049.75,1432,17,1049.75,1432,15,1049.75,1432,80
1051.14,403259.77,376729.52,1051.14,403259.77,352852.3,1051.14,403259.77,342240.2,1051.14,403259.77,371423.47,1051.14,77071.77,35163.99,1051.14,77071.77,16257.33,1051.14,77071.77,4515.92,1051.14,77071.77,9995.24,1051.14,1392,18,1051.14,1392,16,1051.14,1392,18,1051.14,1392,74
1052.52,393443.75,374449.92,1052.52,393443.75,347315.86,1052.52,393443.75,336462.24,1052.52,393443.75,369023.11,1052.52,75383.31,34754.64,1052.52,75383.31,16031.19,1052.52,75383.31,4283.14,1052.52,75383.31,9422.91,1052.52,1352,20,1052.52,1352,13,1052.52,1352,16,1052.52,1352,78
1053.9,400581.76,378171.6,1053.9,400581.76,352960.16,1053.9,400581.76,341755.07,1053.9,400581.76,364165.24,1053.9,77350.32,35112.97,1053.9,77350.32,15902.61,1053.9,77350.32,4261.9,1053.9,77350.32,9796.01,1053.9,1304,17,1053.9,1304,16,1053.9,1304,16,1053.9,1304,72
1055.28,386827.86,372285.46,1055.28,386827.86,349017.62,1055.28,386827.86,340292.18,1055.28,386827.86,363560.02,1055.28,76305.25,35503.14,1055.28,76305.25,16029.4,1055.28,76305.25,4570.37,1055.28,76305.25,9803.1,1055.28,1256,15,1055.28,1256,14,1055.28,1256,16,1055.28,1256,68
1056.65,396379.48,369353.61,1056.65,396379.48,342327.73,1056.65,396379.48,327313.36,1056.65,396379.48,357342.11,1056.65,75452,34445.48,1056.65,75452,15855.86,1056.65,75452,4442.37,1056.65,75452,9978.25,1056.65,1184,17,1056.65,1184,13,1056.65,1184,14,1056.65,1184,66
1058.02,397105.05,368963.74,1058.02,397105.05,347076.06,1058.02,397105.05,343949.25,1058.02,397105.05,359583.31,1058.02,77499.57,34257.05,1058.02,77499.57,15724.55,1058.02,77499.57,4282.13,1058.02,77499.57,9406.65,1058.02,1200,12,1058.02,1200,14,1058.02,1200,15,1058.02,1200,78
1059.39,402363.51,363425.11,1059.39,402363.51,353690.51,1059.39,402363.51,337466.17,1059.39,402363.51,373159.71,1059.39,76778.4,33482.31,1059.39,76778.4,15730.91,1059.39,76778.4,4473.93,1059.39,76778.4,10102.42,1059.39,1128,15,1059.39,1128,16,1059.39,1128,11,1059.39,1128,62
1060.75,398266.3,375034.1,1060.75,398266.3,348483.02,1060.75,398266.3,338526.36,1060.75,398266.3,361758.56,1060.75,78962.91,36166.22,1060.75,78962.91,16274.8,1060.75,78962.91,4596.12,1060.75,78962.91,9795.02,1060.75,1128,12,1060.75,1128,14,1060.75,1128,11,1060.75,1128,68
1062.11,410722.95,389838.73,1062.11,410722.95,355031.7,1062.11,410722.95,351551,1062.11,410722.95,372435.21,1062.11,77271.34,33116.29,1062.11,77271.34,15484.93,1062.11,77271.34,4216.19,1062.11,77271.34,9965.55,1062.11,1080,15,1062.11,1080,14,1062.11,1080,14,1062.11,1080,66
1063.46,391645.58,374161.4,1063.46,391645.58,353180.39,1063.46,391645.58,349683.55,1063.46,391645.58,360174.06,1063.46,76442.73,34522.52,1063.46,76442.73,15720.08,1063.46,76442.73,4315.32,1063.46,76442.73,9247.1,1063.46,1072,10,1063.46,1072,13,1063.46,1072,14,1063.46,1072,68
1064.81,408577.15,369495.86,1064.81,408577.15,358837.33,1064.81,408577.15,348178.79,1064.81,408577.15,365943.02,1064.81,76988.58,36569.58,1064.81,76988.58,16199.68,1064.81,76988.58,4571.2,1064.81,76988.58,10265.14,1064.81,1072,14,1064.81,1072,14,1064.81,1072,12,1064.81,1072,60
1066.16,382275.42,368117.07,1066.16,382275.42,346879.55,1066.16,382275.42,343339.96,1066.16,382275.42,361037.9,1066.16,78059.32,31610.8,1066.16,78059.32,16611.8,1066.16,78059.32,4515.83,1066.16,78059.32,9676.78,1066.16,1032,13,1066.16,1032,11,1066.16,1032,8,1066.16,1032,58
1067.5,411127.87,370749.24,1067.5,411127.87,359736.88,1067.5,411127.87,341382.96,1067.5,411127.87,370749.24,1067.5,79130.47,34949.29,1067.5,79130.47,15826.09,1067.5,79130.47,4533.52,1067.5,79130.47,9726.45,1067.5,1032,13,1067.5,1032,11,1067.5,1032,12,1067.5,1032,60
1068.84,406888.96,384491.4,1068.84,406888.96,343429.21,1068.84,406888.96,347162.14,1068.84,406888.96,362093.85,1068.84,78141.58,34802.55,1068.84,78141.58,15595.48,1068.84,78141.58,4350.32,1068.84,78141.58,9685.62,1068.84,1008,14,1068.84,1008,12,1068.84,1008,10,1068.84,1008,60
1070.17,392773.61,377810.81,1070.17,392773.61,359107.3,1070.17,392773.61,336663.1,1070.17,392773.61,362848,1070.17,75123.39,35899.67,1070.17,75123.39,16121.61,1070.17,75123.39,4487.46,1070.17,75123.39,10138.33,1070.17,1008,12,1070.17,1008,11,1070.17,1008,18,1070.17,1008,64
1071.5,378266.81,366918.81,1071.5,378266.81,348005.47,1071.5,378266.81,336657.46,1071.5,378266.81,363136.14,1071.5,76273.09,34357.25,1071.5,76273.09,15460.76,1071.5,76273.09,4466.44,1071.5,76273.09,9104.67,1071.5,968,12,1071.5,968,10,1071.5,968,12,1071.5,968,56
1072.83,395883.38,368171.54,1072.83,395883.38,348377.38,1072.83,395883.38,336500.87,1072.83,395883.38,372130.38,1072.83,76685.73,33769.86,1072.83,76685.73,15829.62,1072.83,76685.73,4221.23,1072.83,76685.73,10025.43,1072.83,936,13,1072.83,936,11,1072.83,936,10,1072.83,936,60
1074.15,396417.22,368101.71,1074.15,396417.22,360011.56,1074.15,396417.22,343831.26,1074.15,396417.22,372146.78,1074.15,78280.18,35190.17,1074.15,78280.18,15799.67,1074.15,78280.18,4757.85,1074.15,78280.18,10413.42,1074.15,912,12,1074.15,912,9,1074.15,912,12,1074.15,912,54
1075.47,403923.06,370949.75,1075.47,403923.06,333854.77,1075.47,403923.06,333854.77,1075.47,403923.06,366828.08,1075.47,76278.02,35938.68,1075.47,76278.02,15769.01,1075.47,76278.02,4492.34,1075.47,76278.02,9718.11,1075.47,920,12,1075.47,920,12,1075.47,920,11,1075.47,920,60
1076.78,390727.93,378123.8,1076.78,390727.93,344512.79,1076.78,390727.93,323505.92,1076.78,390727.93,357116.92,1076.78,78372.7,35001.4,1076.78,78372.7,16169.13,1076.78,78372.7,4565.4,1076.78,78372.7,9891.7,1076.78,864,12,1076.78,864,11,1076.78,864,8,1076.78,864,48
1078.08,392090.91,370063.33,1078.08,392090.91,356846.78,1078.08,392090.91,348035.75,1078.08,392090.91,356846.78,1078.08,78430.11,34509.25,1078.08,78430.11,15882.1,1078.08,78430.11,4411.69,1078.08,78430.11,9803.76,1078.08,856,9,1078.08,856,9,1078.08,856,12,1078.08,856,48
1079.39,392910.67,375051.09,1079.39,392910.67,357191.51,1079.39,392910.67,321472.36,1079.39,392910.67,361656.41,1079.39,76876.4,34796.68,1079.39,76876.4,15577.59,1079.39,76876.4,4653.04,1079.39,76876.4,10317.62,1079.39,840,13,1079.39,840,8,1079.39,840,9,1079.39,840,50
1080.68,371989.77,367397.31,1080.68,371989.77,344434.98,1080.68,371989.77,335250.04,1080.68,371989.77,376582.24,1080.68,76436.59,35341.65,1080.68,76436.59,16437.98,1080.68,76436.59,4520.44,1080.68,76436.59,10068.26,1080.68,824,11,1080.68,824,9,1080.68,824,10,1080.68,824,48
1081.98,416029.04,382555.44,1081.98,416029.04,344299.89,1081.98,416029.04,339517.95,1081.98,416029.04,372991.55,1081.98,78483.32,34232.09,1081.98,78483.32,16072.38,1081.98,78483.32,4487.74,1081.98,78483.32,10019.15,1081.98,808,11,1081.98,808,10,1081.98,808,9,1081.98,808,52
1083.26,387840.46,373112.34,1083.26,387840.46,348565.48,1083.26,387840.46,328927.99,1083.26,387840.46,358384.22,1083.26,78008.96,35458.62,1083.26,78008.96,16177.99,1083.26,78008.96,4321.52,1083.26,78008.96,9751.12,1083.26,760,10,1083.26,760,9,1083.26,760,9,1083.26,760,42
1084.55,408565.27,383345.19,1084.55,408565.27,353081.1,1084.55,408565.27,342993.06,1084.55,408565.27,363169.13,1084.55,78636.12,36637.28,1084.55,78636.12,16308.06,1084.55,78636.12,4579.66,1084.55,78636.12,10723.11,1084.55,776,12,1084.55,776,7,1084.55,776,10,1084.55,776,46
1085.82,401048.21,375006.12,1085.82,401048.21,380214.54,1085.82,401048.21,354172.45,1085.82,401048.21,385422.96,1085.82,77440.56,35032.64,1085.82,77440.56,16363.93,1085.82,77440.56,4494.32,1085.82,77440.56,10832.46,1085.82,760,12,1085.82,760,7,1085.82,760,8,1085.82,760,46
1087.09,403934.91,377360.25,1087.09,403934.91,340155.72,1087.09,403934.91,334840.78,1087.09,403934.91,366730.38,1087.09,77328.82,36778.34,1087.09,77328.82,15324.31,1087.09,77328.82,4479.41,1087.09,77328.82,9901.86,1087.09,704,9,1087.09,704,12,1087.09,704,9,1087.09,704,52
1088.36,399612.05,361293.09,1088.36,399612.05,350344.81,1088.36,399612.05,328448.26,1088.36,399612.05,366767.22,1088.36,79145.82,31851.37,1088.36,79145.82,16408.28,1088.36,79145.82,4222.72,1088.36,79145.82,10617.12,1088.36,704,9,1088.36,704,9,1088.36,704,11,1088.36,704,40
1089.62,402263.67,373114.13,1089.62,402263.67,349794.5,1089.62,402263.67,355624.4,1089.62,402263.67,373114.13,1089.62,77459.38,36691.28,1089.62,77459.38,16052.44,1089.62,77459.38,4841.21,1089.62,77459.38,10192.02,1089.62,664,8,1089.62,664,5,1089.62,664,7,1089.62,664,44
